time,surface,frame,blob_id,x,y,area,major,minor,angle,vx,vy
1779369791.5844,plane,1,,,,,,,,,
1779369791.6946,plane,2,,,,,,,,,
1779369791.7901,plane,3,,,,,,,,,
1779369791.8883,plane,4,,,,,,,,,
1779369791.9841,plane,5,,,,,,,,,
1779369792.0972,plane,6,,,,,,,,,
1779369792.1926,plane,7,,,,,,,,,
1779369792.2862,plane,8,,,,,,,,,
1779369792.3838,plane,9,,,,,,,,,
1779369792.4939,plane,10,,,,,,,,,
1779369792.5901,plane,11,,,,,,,,,
1779369792.6892,plane,12,,,,,,,,,
1779369792.7828,plane,13,,,,,,,,,
1779369792.8941,plane,14,,,,,,,,,
1779369792.9918,plane,15,,,,,,,,,
1779369793.0863,plane,16,,,,,,,,,
1779369793.1827,plane,17,,,,,,,,,
1779369793.2941,plane,18,,,,,,,,,
1779369793.3904,plane,19,,,,,,,,,
1779369793.4989,plane,20,,,,,,,,,
1779369793.5949,plane,21,,,,,,,,,
1779369793.7058,plane,22,,,,,,,,,
1779369793.7926,plane,23,,,,,,,,,
1779369793.8901,plane,24,,,,,,,,,
1779369793.9857,plane,25,,,,,,,,,
1779369794.0949,plane,26,,,,,,,,,
1779369794.1921,plane,27,,,,,,,,,
1779369794.2890,plane,28,,,,,,,,,
1779369794.3826,plane,29,,,,,,,,,
1779369794.4985,plane,30,,,,,,,,,
1779369794.5951,plane,31,,,,,,,,,
1779369794.6883,plane,32,,,,,,,,,
1779369794.7843,plane,33,0,0.00638,0.48827,0.013407,0.33102,0.01533,0.00,0.00000,0.00000
1779369794.8983,plane,34,0,0.00638,0.48847,0.013433,0.32340,0.01487,0.00,0.00002,0.00169
1779369794.9935,plane,35,0,0.00639,0.48856,0.013429,0.33617,0.01742,0.00,0.00005,0.00102
1779369795.0867,plane,36,0,0.00640,0.48847,0.013450,0.34492,0.01821,0.00,0.00012,-0.00101
1779369795.1844,plane,37,0,0.00640,0.48918,0.013435,0.43174,0.03975,0.00,-0.00003,0.00728
1779369795.2937,plane,38,0,0.00642,0.48786,0.013497,0.39918,0.02235,0.00,0.00026,-0.01209
1779369795.3917,plane,39,0,0.00640,0.48831,0.013443,0.34088,0.01780,0.00,-0.00029,0.00468
1779369795.4896,plane,40,0,0.00639,0.48811,0.013433,0.33918,0.01754,0.00,-0.00006,-0.00205
1779369795.5858,plane,41,0,0.00631,0.48882,0.013277,0.38546,0.02662,0.00,-0.00080,0.00731
1779369795.6977,plane,42,0,0.00629,0.48903,0.013224,0.45511,0.03488,1.14,-0.00017,0.00193
1779369795.7935,plane,43,0,0.00630,0.48890,0.013243,0.38942,0.08846,0.00,0.00006,-0.00136
1779369795.8892,plane,44,0,0.00629,0.48846,0.013231,0.80134,0.01695,0.29,-0.00006,-0.00459
1779369795.9836,plane,45,0,0.00631,0.48849,0.013251,0.39532,0.02806,0.00,0.00013,0.00034
1779369796.0947,plane,46,0,0.00629,0.48922,0.013231,0.38697,0.02110,0.00,-0.00015,0.00653
1779369796.1929,plane,47,0,0.00631,0.48915,0.013275,0.38190,0.02780,0.00,0.00024,-0.00070
1779369796.2887,plane,48,0,0.00630,0.48788,0.013233,0.35373,0.01621,0.00,-0.00015,-0.01329
1779369796.3832,plane,49,0,0.00629,0.48874,0.013221,0.38352,0.02314,0.00,-0.00010,0.00916
1779369796.4951,plane,50,0,0.00632,0.48850,0.013280,0.35207,0.01743,0.00,0.00027,-0.00219
1779369796.5929,plane,51,0,0.00631,0.48947,0.013255,0.39735,0.05097,0.00,-0.00012,0.00998
1779369796.6887,plane,52,0,0.00632,0.48879,0.013275,0.36051,0.01793,0.00,0.00013,-0.00717
1779369796.7855,plane,53,0,0.00630,0.48819,0.013250,0.48817,0.03084,0.19,-0.00017,-0.00620
1779369796.8980,plane,54,0,0.00632,0.48835,0.013273,0.34651,0.01592,0.00,0.00011,0.00150
1779369796.9910,plane,55,0,0.00631,0.48855,0.013263,0.37974,0.02714,0.00,-0.00007,0.00216
1779369797.0877,plane,56,0,0.00631,0.48837,0.013253,0.38173,0.02026,0.00,-0.00003,-0.00193
1779369797.1824,plane,57,0,0.00633,0.48779,0.013297,0.85810,0.02890,0.29,0.00027,-0.00608
1779369797.2956,plane,58,0,0.00631,0.48863,0.013253,0.74137,0.02994,0.80,-0.00019,0.00739
1779369797.3927,plane,59,0,0.00633,0.48803,0.013307,0.35108,0.01743,0.00,0.00020,-0.00618
1779369797.4882,plane,60,0,0.00631,0.48901,0.013265,0.37707,0.02142,0.00,-0.00020,0.01025
1779369797.5850,plane,61,0,0.00630,0.48949,0.013250,0.39789,0.02783,0.00,-0.00008,0.00503
1779369797.6976,plane,62,0,0.00629,0.48827,0.013223,0.47380,0.03592,0.81,-0.00010,-0.01083
1779369797.7945,plane,63,0,0.00631,0.48858,0.013248,0.36377,0.01816,0.00,0.00018,0.00320
1779369797.8925,plane,64,0,0.00632,0.48839,0.013273,0.35293,0.01607,0.00,0.00010,-0.00193
1779369797.9916,plane,65,0,0.00630,0.48824,0.013243,0.40946,0.04836,0.00,-0.00015,-0.00155
1779369798.0985,plane,66,0,0.00629,0.48813,0.013218,0.39571,0.02387,0.00,-0.00010,-0.00106
1779369798.1918,plane,67,0,0.00632,0.48840,0.013265,0.35026,0.01826,0.00,0.00029,0.00297
1779369798.2874,plane,68,0,0.00632,0.48767,0.013284,0.43168,0.11723,179.03,0.00007,-0.00772
1779369798.3838,plane,69,0,0.00633,0.48777,0.013295,0.35190,0.01771,0.00,0.00005,0.00111
1779369798.4949,plane,70,0,0.00630,0.48891,0.013255,0.40467,0.02780,0.00,-0.00022,0.01027
1779369798.5935,plane,71,0,0.00632,0.48826,0.013287,0.39157,0.02310,0.00,0.00016,-0.00660
1779369798.6886,plane,72,0,0.00633,0.48891,0.013312,0.37253,0.02248,0.00,0.00013,0.00683
1779369798.7844,plane,73,0,0.00632,0.48857,0.013287,0.34666,0.01608,0.00,-0.00011,-0.00354
1779369798.8987,plane,74,0,0.00632,0.48845,0.013272,0.34630,0.01499,0.00,-0.00006,-0.00108
1779369798.9964,plane,75,0,0.00629,0.48827,0.013218,0.35218,0.01700,0.00,-0.00023,-0.00182
1779369799.0894,plane,76,,,,,,,,,
1779369799.1876,plane,77,,,,,,,,,
1779369799.2987,plane,78,,,,,,,,,
1779369799.3956,plane,79,,,,,,,,,
1779369799.4928,plane,80,,,,,,,,,
1779369799.5878,plane,81,,,,,,,,,
1779369799.6989,plane,82,,,,,,,,,
1779369799.7973,plane,83,,,,,,,,,
1779369799.8918,plane,84,,,,,,,,,
1779369799.9890,plane,85,,,,,,,,,
1779369800.0966,plane,86,,,,,,,,,
1779369800.1922,plane,87,,,,,,,,,
1779369800.2896,plane,88,,,,,,,,,
1779369800.3851,plane,89,,,,,,,,,
1779369800.4988,plane,90,,,,,,,,,
1779369800.5954,plane,91,,,,,,,,,
1779369800.6897,plane,92,,,,,,,,,
1779369800.7869,plane,93,,,,,,,,,
1779369800.9009,plane,94,,,,,,,,,
1779369800.9968,plane,95,1,0.49894,0.42323,0.071928,0.53133,0.16007,89.22,0.00000,0.00000
1779369800.9968,plane,95,2,0.00658,0.09045,0.002621,0.15786,0.01626,0.37,0.00000,0.00000
1779369801.0919,plane,96,1,0.49879,0.42350,0.071621,0.48009,0.16332,88.82,-0.00154,0.00283
1779369801.0919,plane,96,2,0.00656,0.09044,0.002613,0.15672,0.01627,0.37,-0.00024,-0.00012
1779369801.1872,plane,97,1,0.49893,0.42354,0.071515,0.49486,0.16113,88.51,0.00136,0.00037
1779369801.1872,plane,97,2,0.00658,0.09031,0.002623,0.15670,0.01642,0.35,0.00029,-0.00129
1779369801.3005,plane,98,1,0.49926,0.41857,0.075009,0.47230,0.16745,90.42,0.00294,-0.04386
1779369801.3005,plane,98,2,0.00684,0.09216,0.002747,0.13040,0.02003,0.00,0.00230,0.01628
1779369801.3005,plane,98,3,0.43643,0.92272,0.006765,0.10123,0.05595,91.00,0.00000,0.00000
1779369801.3960,plane,99,1,0.49925,0.41868,0.074849,0.52260,0.16608,90.73,-0.00005,0.00117
1779369801.3960,plane,99,2,0.00684,0.09224,0.002747,0.13054,0.01987,0.08,-0.00001,0.00089
1779369801.3960,plane,99,3,0.43669,0.92255,0.006717,0.09639,0.05977,90.89,0.00282,-0.00187
1779369801.4894,plane,100,1,0.49923,0.41897,0.074614,0.58399,0.16268,89.71,-0.00020,0.00302
1779369801.4894,plane,100,2,0.00685,0.09221,0.002748,0.13167,0.01963,0.10,0.00005,-0.00032
1779369801.4894,plane,100,3,0.43661,0.92253,0.006568,0.09509,0.05874,90.68,-0.00096,-0.00022
1779369801.5866,plane,101,1,0.49935,0.41738,0.076330,0.67031,0.16708,89.40,0.00117,-0.01626
1779369801.5866,plane,101,2,0.00729,0.09241,0.002914,0.11163,0.03698,1.08,0.00453,0.00201
1779369801.5866,plane,101,3,0.43863,0.91902,0.008806,0.11042,0.07951,91.68,0.02076,-0.03603
1779369801.6979,plane,102,1,0.49939,0.41730,0.076238,0.45853,0.17283,88.90,0.00035,-0.00078
1779369801.6979,plane,102,2,0.00729,0.09241,0.002914,0.11163,0.03698,1.08,0.00000,0.00000
1779369801.6979,plane,102,3,0.43855,0.91905,0.008784,0.12970,0.06803,90.92,-0.00065,0.00027
1779369801.7930,plane,103,1,0.49966,0.49933,0.974352,1.00000,0.56250,0.00,0.00283,0.86346
1779369801.8871,plane,104,1,0.49950,0.49919,0.975211,1.00000,0.56250,0.00,-0.00167,-0.00156
1779369801.9826,plane,105,1,0.49951,0.49916,0.974701,1.00000,0.56250,0.00,0.00015,-0.00028
1779369802.0948,plane,106,1,0.49950,0.49914,0.974770,1.00000,0.56250,0.00,-0.00011,-0.00021
1779369802.1907,plane,107,1,0.49952,0.49913,0.973255,1.00000,0.56250,0.00,0.00023,-0.00001
1779369802.2864,plane,108,1,0.49953,0.49914,0.973804,1.00000,0.56250,0.00,0.00004,0.00002
1779369802.3828,plane,109,1,0.49951,0.49914,0.974196,1.00000,0.56250,0.00,-0.00013,-0.00000
1779369802.4946,plane,110,1,0.49953,0.49914,0.972895,1.00000,0.56250,0.00,0.00015,-0.00001
1779369802.5907,plane,111,1,0.49952,0.49914,0.974055,1.00000,0.56250,0.00,-0.00011,0.00002
1779369802.6871,plane,112,1,0.49951,0.49915,0.976430,1.00000,0.56250,0.00,-0.00005,0.00014
1779369802.7829,plane,113,1,0.49949,0.49916,0.977780,1.00000,0.56250,0.00,-0.00030,0.00012
1779369802.8956,plane,114,1,0.49951,0.49913,1.000000,1.00000,0.56250,0.00,0.00023,-0.00026
1779369802.9903,plane,115,1,0.49951,0.49913,1.000000,1.00000,0.56250,0.00,0.00000,0.00000
1779369803.0859,plane,116,4,0.00872,0.46233,0.017629,0.55691,0.03692,1.21,0.00000,0.00000
1779369803.1820,plane,117,4,0.00872,0.46276,0.017634,0.52858,0.04680,1.15,-0.00007,0.00450
1779369803.2936,plane,118,4,0.00857,0.46664,0.017473,0.53242,0.03156,1.13,-0.00135,0.03475
1779369803.3900,plane,119,4,0.00691,0.48601,0.014594,0.40406,0.02459,0.00,-0.01713,0.20102
1779369803.4859,plane,120,4,0.00694,0.48569,0.014635,0.39960,0.02588,0.00,0.00023,-0.00332
1779369803.5825,plane,121,4,0.00691,0.48644,0.014589,0.45954,0.06064,0.04,-0.00024,0.00784
1779369803.6950,plane,122,4,0.00661,0.48779,0.013931,0.41824,0.03766,0.00,-0.00267,0.01195
1779369803.7897,plane,123,,,,,,,,,
1779369803.8862,plane,124,,,,,,,,,
1779369803.9829,plane,125,,,,,,,,,
1779369804.0942,plane,126,,,,,,,,,
1779369804.1898,plane,127,,,,,,,,,
1779369804.2866,plane,128,,,,,,,,,
1779369804.3829,plane,129,,,,,,,,,
1779369804.4935,plane,130,,,,,,,,,
1779369804.5899,plane,131,,,,,,,,,
1779369804.6862,plane,132,,,,,,,,,
1779369804.7830,plane,133,,,,,,,,,
1779369804.8941,plane,134,,,,,,,,,
1779369804.9899,plane,135,,,,,,,,,
1779369805.0862,plane,136,,,,,,,,,
1779369805.1820,plane,137,,,,,,,,,
1779369805.2942,plane,138,,,,,,,,,
1779369805.3898,plane,139,,,,,,,,,
1779369805.4863,plane,140,,,,,,,,,
1779369805.5828,plane,141,,,,,,,,,
1779369805.6942,plane,142,,,,,,,,,
1779369805.7902,plane,143,,,,,,,,,
1779369805.8861,plane,144,,,,,,,,,
1779369805.9823,plane,145,,,,,,,,,
1779369806.0940,plane,146,,,,,,,,,
1779369806.1901,plane,147,,,,,,,,,
1779369806.2853,plane,148,,,,,,,,,
1779369806.3826,plane,149,,,,,,,,,
1779369806.4939,plane,150,,,,,,,,,
1779369806.5907,plane,151,,,,,,,,,
1779369806.6858,plane,152,,,,,,,,,
1779369806.7824,plane,153,,,,,,,,,
1779369806.8939,plane,154,,,,,,,,,
1779369806.9900,plane,155,,,,,,,,,
1779369807.0859,plane,156,,,,,,,,,
1779369807.1818,plane,157,,,,,,,,,
1779369807.2941,plane,158,,,,,,,,,
1779369807.3903,plane,159,,,,,,,,,
1779369807.4861,plane,160,,,,,,,,,
1779369807.5825,plane,161,,,,,,,,,
1779369807.6946,plane,162,,,,,,,,,
1779369807.7900,plane,163,,,,,,,,,
1779369807.8854,plane,164,,,,,,,,,
1779369807.9818,plane,165,,,,,,,,,
1779369808.0941,plane,166,,,,,,,,,
1779369808.1896,plane,167,,,,,,,,,
1779369808.2854,plane,168,,,,,,,,,
1779369808.3813,plane,169,,,,,,,,,
1779369808.4935,plane,170,,,,,,,,,
1779369808.5897,plane,171,,,,,,,,,
1779369808.6856,plane,172,,,,,,,,,
1779369808.7821,plane,173,,,,,,,,,
1779369808.8933,plane,174,,,,,,,,,
1779369808.9892,plane,175,,,,,,,,,
1779369809.0855,plane,176,,,,,,,,,
1779369809.1810,plane,177,,,,,,,,,
1779369809.2935,plane,178,,,,,,,,,
1779369809.3910,plane,179,5,0.96936,0.06320,0.008643,0.57656,0.16833,0.00,0.00000,0.00000
1779369809.3910,plane,179,6,0.02513,0.04753,0.005519,0.27679,0.07998,43.05,0.00000,0.00000
1779369809.4865,plane,180,5,0.96779,0.06634,0.009525,3.79811,0.47607,109.19,-0.01648,0.03292
1779369809.4865,plane,180,6,0.02679,0.04986,0.006149,0.14480,0.06464,74.47,0.01729,0.02434
1779369809.5832,plane,181,5,0.96645,0.06582,0.009893,0.39013,0.07975,136.79,-0.01382,-0.00538
1779369809.5832,plane,181,6,0.02642,0.04983,0.006044,0.08833,0.03396,58.55,-0.00376,-0.00024
1779369809.6950,plane,182,5,0.92222,0.13501,0.046714,0.40196,0.16170,132.80,-0.39565,0.61894
1779369809.6950,plane,182,6,0.07946,0.11316,0.040015,0.30905,0.14249,50.26,0.47441,0.56652
1779369809.7910,plane,183,5,0.92337,0.13662,0.046561,0.40293,0.16233,132.62,0.01191,0.01673
1779369809.7910,plane,183,6,0.07721,0.11373,0.039096,0.29932,0.13731,51.76,-0.02344,0.00587
1779369809.8867,plane,184,5,0.92169,0.13728,0.047882,0.39131,0.16078,132.78,-0.01753,0.00691
1779369809.8867,plane,184,6,0.07996,0.11277,0.040136,0.29351,0.13482,52.54,0.02884,-0.00995
1779369809.9829,plane,185,7,0.51085,0.21780,0.368898,1.00306,0.79175,93.56,0.00000,0.00000
1779369810.0940,plane,186,7,0.50943,0.21569,0.361511,1.00321,0.80329,93.10,-0.01279,-0.01903
1779369810.1904,plane,187,7,0.51072,0.30433,0.576406,0.97779,0.76699,93.19,0.01342,0.91921
1779369810.2868,plane,188,7,0.50110,0.41395,0.814684,0.89726,0.38217,89.53,-0.09985,1.13739
1779369810.3823,plane,189,7,0.50127,0.40735,0.799710,0.92123,0.38036,88.77,0.00178,-0.06903
1779369810.4953,plane,190,7,0.50036,0.45307,0.904633,0.84403,0.76071,120.64,-0.00806,0.40469
1779369810.5905,plane,191,7,0.49951,0.49913,1.000000,1.00000,0.56250,0.00,-0.00893,0.48445
1779369810.6869,plane,192,7,0.49951,0.49913,1.000000,1.00000,0.56250,0.00,0.00000,0.00000
1779369810.7826,plane,193,7,0.49951,0.49913,1.000000,1.00000,0.56250,0.00,0.00000,0.00000
1779369810.8943,plane,194,7,0.49951,0.49913,1.000000,1.00000,0.56250,0.00,0.00000,0.00000
1779369810.9910,plane,195,7,0.49951,0.49913,1.000000,1.00000,0.56250,0.00,0.00000,0.00000
1779369811.0866,plane,196,7,0.49951,0.49913,1.000000,1.00000,0.56250,0.00,0.00000,0.00000
1779369811.1829,plane,197,7,0.49951,0.49913,1.000000,1.00000,0.56250,0.00,0.00000,0.00000
1779369811.2943,plane,198,7,0.49951,0.49913,1.000000,1.00000,0.56250,0.00,0.00000,0.00000
1779369811.3906,plane,199,7,0.49951,0.49913,1.000000,1.00000,0.56250,0.00,0.00000,0.00000
1779369811.4869,plane,200,7,0.49951,0.49913,1.000000,1.00000,0.56250,0.00,0.00000,0.00000
1779369811.5825,plane,201,7,0.49951,0.49913,1.000000,1.00000,0.56250,0.00,0.00000,0.00000
1779369811.6949,plane,202,7,0.49951,0.49913,1.000000,1.00000,0.56250,0.00,0.00000,0.00000
1779369811.7912,plane,203,7,0.49951,0.49913,1.000000,1.00000,0.56250,0.00,0.00000,0.00000
1779369811.8866,plane,204,7,0.49951,0.49913,1.000000,1.00000,0.56250,0.00,0.00000,0.00000
1779369811.9829,plane,205,7,0.49951,0.49913,1.000000,1.00000,0.56250,0.00,0.00000,0.00000
1779369812.0942,plane,206,7,0.49951,0.49913,1.000000,1.00000,0.56250,0.00,0.00000,0.00000
1779369812.1901,plane,207,7,0.49951,0.49913,1.000000,1.00000,0.56250,0.00,0.00000,0.00000
1779369812.2866,plane,208,7,0.49951,0.49913,1.000000,1.00000,0.56250,0.00,0.00000,0.00000
1779369812.3823,plane,209,7,0.49951,0.49913,1.000000,1.00000,0.56250,0.00,0.00000,0.00000
1779369812.4942,plane,210,7,0.49951,0.49913,1.000000,1.00000,0.56250,0.00,0.00000,0.00000
1779369812.5905,plane,211,7,0.49951,0.49913,1.000000,1.00000,0.56250,0.00,0.00000,0.00000
1779369812.6866,plane,212,7,0.49951,0.49913,1.000000,1.00000,0.56250,0.00,0.00000,0.00000
1779369812.7825,plane,213,7,0.49951,0.49913,1.000000,1.00000,0.56250,0.00,0.00000,0.00000
1779369812.8957,plane,214,7,0.49951,0.49913,1.000000,1.00000,0.56250,0.00,0.00000,0.00000
1779369812.9914,plane,215,7,0.49951,0.49913,1.000000,1.00000,0.56250,0.00,0.00000,0.00000
1779369813.0866,plane,216,7,0.49951,0.49913,1.000000,1.00000,0.56250,0.00,0.00000,0.00000
1779369813.1828,plane,217,7,0.49951,0.49913,1.000000,1.00000,0.56250,0.00,0.00000,0.00000
1779369813.2943,plane,218,7,0.49771,0.49561,0.976532,1.36071,0.91248,0.66,-0.01614,-0.03154
1779369813.3904,plane,219,7,0.49751,0.49545,0.975210,1.40744,0.91476,0.81,-0.00210,-0.00167
1779369813.4862,plane,220,7,0.49744,0.49517,0.974470,1.47827,0.92193,0.71,-0.00073,-0.00293
1779369813.5824,plane,221,8,0.49604,0.33530,0.621914,0.70341,0.54047,0.00,0.00000,0.00000
1779369813.6948,plane,222,8,0.49610,0.32503,0.602037,0.68848,0.48622,0.00,0.00052,-0.09136
1779369813.7906,plane,223,7,0.49717,0.44553,0.812203,0.99655,0.95088,26.43,-0.00285,-0.51731
1779369813.8865,plane,224,7,0.50182,0.43209,0.677838,0.87286,0.80259,71.01,0.04861,-0.14037
1779369813.9819,plane,225,7,0.50172,0.42371,0.677538,0.90592,0.80361,47.03,-0.00107,-0.08780
1779369814.0952,plane,226,7,0.49906,0.43786,0.642526,0.83255,0.60028,92.35,-0.02350,0.12512
1779369814.0952,plane,226,9,0.97956,0.04178,0.003786,0.61198,0.26788,0.00,0.00000,0.00000
1779369814.1903,plane,227,8,0.50316,0.21125,0.289324,0.62589,0.55547,88.91,0.07435,-1.19679
1779369814.2869,plane,228,8,0.50581,0.21232,0.290326,0.64873,0.54725,3.27,0.02740,0.01108
1779369814.3823,plane,229,7,0.42290,0.42725,0.003315,0.08868,0.08050,28.46,-0.79610,-0.11089
1779369814.4949,plane,230,7,0.39334,0.31359,0.003994,0.11231,0.08347,151.35,-0.26244,-1.00928
1779369814.4949,plane,230,10,0.51113,0.05438,0.050932,0.97858,0.06434,91.51,0.00000,0.00000
1779369814.5899,plane,231,10,0.51500,0.05477,0.051220,1.76310,0.07116,92.13,0.04070,0.00417
1779369814.6850,plane,232,,,,,,,,,
1779369814.7827,plane,233,7,0.43568,0.29806,0.002409,0.11304,0.08949,162.52,0.43445,-0.15935
1779369814.7827,plane,233,10,0.51465,0.02013,0.007989,0.22021,0.03462,92.33,-0.00356,-0.35548
1779369814.8956,plane,234,7,0.39308,0.40582,0.004191,0.07833,0.06631,108.85,-0.37667,0.95291
1779369814.8956,plane,234,10,0.51564,0.02119,0.008377,0.20336,0.03292,90.42,0.00878,0.00935
1779369814.9894,plane,235,,,,,,,,,
1779369815.0845,plane,236,,,,,,,,,
1779369815.1825,plane,237,7,0.44482,0.41512,0.003174,0.07807,0.07660,69.54,0.52689,0.09478
1779369815.2934,plane,238,7,0.39216,0.29478,0.003040,0.07860,0.07778,176.33,-0.47515,-1.08594
1779369815.3892,plane,239,,,,,,,,,
1779369815.4862,plane,240,7,0.38817,0.38537,0.006946,0.08468,0.06545,158.43,-0.04113,0.93336
1779369815.5819,plane,241,7,0.41120,0.29460,0.002528,0.11923,0.08667,111.30,0.24058,-0.94807
1779369815.6943,plane,242,7,0.45225,0.37108,0.005432,0.08494,0.06087,70.56,0.36502,0.68012
1779369815.7891,plane,243,,,,,,,,,
1779369815.8846,plane,244,,,,,,,,,
1779369815.9816,plane,245,7,0.44388,0.39114,0.002265,0.13317,0.09471,175.60,-0.08639,0.20700
1779369816.0957,plane,246,7,0.41354,0.31675,0.003153,0.09937,0.07985,67.98,-0.26621,-0.65274
1779369816.1899,plane,247,7,0.44172,0.32620,0.005800,0.08522,0.06190,103.48,0.29872,0.10015
1779369816.2851,plane,248,,,,,,,,,
1779369816.3820,plane,249,7,0.47233,0.24253,0.002887,0.10102,0.08109,109.79,0.31655,-0.86514
1779369816.4941,plane,250,7,0.45660,0.27136,0.007282,0.08813,0.06581,81.60,-0.14029,0.25717
1779369816.5894,plane,251,7,0.42342,0.24231,0.003872,0.07643,0.07119,102.36,-0.34733,-0.30410
1779369816.6851,plane,252,7,0.45339,0.20760,0.003075,0.12318,0.08249,151.01,0.31400,-0.36369
1779369816.7817,plane,253,7,0.44835,0.17121,0.003123,0.08357,0.07714,108.41,-0.05222,-0.37668
1779369816.8944,plane,254,7,0.43684,0.08285,0.003198,0.07780,0.07609,124.40,-0.10226,-0.78498
1779369816.9919,plane,255,,,,,,,,,
1779369817.0852,plane,256,,,,,,,,,
1779369817.1809,plane,257,,,,,,,,,
1779369817.2935,plane,258,7,0.44086,0.19837,0.003443,0.07549,0.06779,98.18,0.03573,1.02620
1779369817.3908,plane,259,7,0.39411,0.09132,0.002718,0.08119,0.06365,62.06,-0.48021,-1.09964
1779369817.4846,plane,260,,,,,,,,,
1779369817.5808,plane,261,,,,,,,,,
1779369817.6936,plane,262,7,0.43431,0.07527,0.003886,0.08223,0.06975,105.49,0.35658,-0.14233
1779369817.7896,plane,263,7,0.39616,0.18122,0.002901,0.09418,0.08183,5.59,-0.39896,1.10801
1779369817.8850,plane,264,,,,,,,,,
1779369817.9811,plane,265,,,,,,,,,
1779369818.0926,plane,266,,,,,,,,,
1779369818.1888,plane,267,,,,,,,,,
1779369818.2849,plane,268,,,,,,,,,
1779369818.3818,plane,269,,,,,,,,,
1779369818.4940,plane,270,,,,,,,,,
1779369818.5888,plane,271,,,,,,,,,
1779369818.6850,plane,272,,,,,,,,,
1779369818.7814,plane,273,,,,,,,,,
1779369818.8932,plane,274,,,,,,,,,
1779369818.9888,plane,275,,,,,,,,,
1779369819.0845,plane,276,,,,,,,,,
1779369819.1807,plane,277,,,,,,,,,
1779369819.2930,plane,278,,,,,,,,,
1779369819.3887,plane,279,,,,,,,,,
1779369819.4849,plane,280,,,,,,,,,
1779369819.5807,plane,281,,,,,,,,,
1779369819.6930,plane,282,,,,,,,,,
1779369819.7889,plane,283,,,,,,,,,
1779369819.8849,plane,284,,,,,,,,,
1779369819.9814,plane,285,,,,,,,,,
1779369820.0929,plane,286,,,,,,,,,
1779369820.1886,plane,287,,,,,,,,,
1779369820.2845,plane,288,,,,,,,,,
1779369820.3815,plane,289,,,,,,,,,
1779369820.4928,plane,290,,,,,,,,,
1779369820.5888,plane,291,,,,,,,,,
1779369820.6850,plane,292,,,,,,,,,
1779369820.7821,plane,293,,,,,,,,,
1779369820.8934,plane,294,,,,,,,,,
1779369820.9892,plane,295,,,,,,,,,
1779369821.0858,plane,296,,,,,,,,,
1779369821.1814,plane,297,,,,,,,,,
1779369821.2934,plane,298,,,,,,,,,
1779369821.3894,plane,299,,,,,,,,,
1779369821.4850,plane,300,,,,,,,,,
1779369821.5814,plane,301,,,,,,,,,
1779369821.6926,plane,302,,,,,,,,,
1779369821.7890,plane,303,,,,,,,,,
1779369821.8852,plane,304,,,,,,,,,
1779369821.9810,plane,305,,,,,,,,,
1779369822.0924,plane,306,,,,,,,,,
1779369822.1890,plane,307,,,,,,,,,
1779369822.2851,plane,308,,,,,,,,,
1779369822.3817,plane,309,,,,,,,,,
1779369822.4932,plane,310,,,,,,,,,
1779369822.5891,plane,311,,,,,,,,,
1779369822.6846,plane,312,,,,,,,,,
1779369822.7818,plane,313,,,,,,,,,
1779369822.8931,plane,314,,,,,,,,,
1779369822.9894,plane,315,,,,,,,,,
1779369823.0849,plane,316,,,,,,,,,
1779369823.1808,plane,317,,,,,,,,,
1779369823.2930,plane,318,,,,,,,,,
1779369823.3887,plane,319,,,,,,,,,
1779369823.4847,plane,320,,,,,,,,,
1779369823.5812,plane,321,,,,,,,,,
1779369823.6952,plane,322,,,,,,,,,
1779369823.7894,plane,323,,,,,,,,,
1779369823.8845,plane,324,,,,,,,,,
1779369823.9811,plane,325,,,,,,,,,
1779369824.0937,plane,326,,,,,,,,,
1779369824.1902,plane,327,,,,,,,,,
1779369824.2854,plane,328,,,,,,,,,
1779369824.3812,plane,329,,,,,,,,,
1779369824.4927,plane,330,,,,,,,,,
1779369824.5891,plane,331,,,,,,,,,
1779369824.6854,plane,332,,,,,,,,,
1779369824.7812,plane,333,,,,,,,,,
1779369824.8930,plane,334,,,,,,,,,
1779369824.9894,plane,335,,,,,,,,,
1779369825.0853,plane,336,,,,,,,,,
1779369825.1813,plane,337,,,,,,,,,
1779369825.2932,plane,338,,,,,,,,,
1779369825.3888,plane,339,,,,,,,,,
1779369825.4853,plane,340,,,,,,,,,
1779369825.5811,plane,341,,,,,,,,,
1779369825.6935,plane,342,,,,,,,,,
1779369825.7891,plane,343,,,,,,,,,
1779369825.8855,plane,344,,,,,,,,,
1779369825.9819,plane,345,,,,,,,,,
1779369826.0769,plane,346,,,,,,,,,
1779369826.1898,plane,347,11,0.37803,0.08258,0.004462,0.07906,0.06201,47.08,0.00000,0.00000
1779369826.2859,plane,348,11,0.39258,0.10756,0.007200,0.08807,0.06510,52.52,0.15136,0.25972
1779369826.3818,plane,349,11,0.40647,0.13528,0.007660,0.08799,0.06723,53.23,0.14465,0.28871
1779369826.4783,plane,350,11,0.42421,0.17933,0.006465,0.08761,0.06295,50.29,0.18419,0.45747
1779369826.5902,plane,351,11,0.44231,0.21581,0.006929,0.08760,0.06459,50.05,0.16167,0.32575
1779369826.6861,plane,352,11,0.45242,0.25639,0.005719,0.08384,0.06259,18.09,0.10549,0.42353
1779369826.7823,plane,353,11,0.47232,0.29240,0.006075,0.08429,0.06332,13.92,0.20689,0.37432
1779369826.8781,plane,354,11,0.49850,0.26775,0.005741,0.08533,0.06028,32.81,0.27257,-0.25667
1779369826.9900,plane,355,11,0.52198,0.30443,0.006058,0.08459,0.06202,22.53,0.21051,0.32881
1779369827.0861,plane,356,11,0.54351,0.31290,0.006541,0.08665,0.06401,45.55,0.22364,0.08800
1779369827.1820,plane,357,11,0.57429,0.32381,0.006536,0.08849,0.06105,55.93,0.32039,0.11355
1779369827.2776,plane,358,11,0.58668,0.36635,0.005615,0.08682,0.05933,66.08,0.12964,0.44503
1779369827.3896,plane,359,11,0.60820,0.39935,0.006687,0.08932,0.06192,59.40,0.19251,0.29529
1779369827.4859,plane,360,11,0.60810,0.43035,0.003684,0.07578,0.06653,54.21,-0.00105,0.32148
1779369827.5825,plane,361,11,0.63026,0.46764,0.003974,0.07811,0.06298,60.44,0.22904,0.38549
1779369827.6776,plane,362,11,0.64404,0.46867,0.007185,0.08890,0.06434,91.22,0.14518,0.01085
1779369827.7903,plane,363,11,0.67357,0.51658,0.006454,0.08707,0.06234,103.29,0.26186,0.42482
1779369827.8860,plane,364,11,0.64958,0.56156,0.005425,0.08235,0.06168,83.61,-0.25093,0.47041
1779369827.9822,plane,365,11,0.64954,0.60126,0.004852,0.08192,0.05968,39.97,-0.00036,0.41261
1779369828.0774,plane,366,,,,,,,,,
1779369828.1901,plane,367,11,0.70946,0.63159,0.002869,0.10677,0.08467,30.04,0.53195,0.26925
1779369828.2850,plane,368,,,,,,,,,
1779369828.3822,plane,369,11,0.70557,0.71180,0.006551,0.08566,0.06353,23.64,-0.03990,0.82319
1779369828.4775,plane,370,11,0.68164,0.66010,0.002358,0.10626,0.08363,83.59,-0.25172,-0.54387
1779369828.5911,plane,371,11,0.64344,0.70199,0.004510,0.08106,0.06082,107.71,-0.33521,0.36765
1779369828.6855,plane,372,,,,,,,,,
1779369828.7816,plane,373,11,0.69275,0.58528,0.002160,0.27187,0.13033,43.07,0.51308,-1.21441
1779369828.8775,plane,374,11,0.61328,0.66700,0.004283,0.07338,0.06734,21.03,-0.83020,0.85360
1779369828.9897,plane,375,11,0.66894,0.61906,0.004567,0.07874,0.05939,84.62,0.49575,-0.42692
1779369829.0860,plane,376,11,0.69243,0.69036,0.003176,0.07567,0.06570,45.23,0.24366,0.73960
1779369829.1814,plane,377,11,0.70104,0.73274,0.002648,0.10799,0.08368,109.12,0.09012,0.44391
1779369829.2780,plane,378,11,0.65244,0.62295,0.002640,0.08227,0.07898,27.79,-0.50370,-1.13786
1779369829.3892,plane,379,,,,,,,,,
1779369829.4850,plane,380,,,,,,,,,
1779369829.5812,plane,381,,,,,,,,,
1779369829.6773,plane,382,,,,,,,,,
1779369829.7901,plane,383,11,0.64028,0.65745,0.004077,0.07574,0.06229,58.16,-0.10777,0.30587
1779369829.8859,plane,384,11,0.67558,0.76043,0.004011,0.07703,0.06800,108.41,0.36792,1.07329
1779369829.9819,plane,385,11,0.70086,0.74337,0.003471,0.07656,0.07209,59.41,0.26372,-0.17801
1779369830.0779,plane,386,11,0.69984,0.62666,0.002131,0.11346,0.09015,13.99,-0.01062,-1.21683
1779369830.1902,plane,387,11,0.64308,0.67951,0.002150,0.06363,0.04644,56.68,-0.50530,0.47048
1779369830.2863,plane,388,11,0.71107,0.67470,0.002896,0.09610,0.07869,32.53,0.70701,-0.05004
1779369830.3816,plane,389,11,0.70534,0.74446,0.005076,0.08212,0.06152,26.20,-0.06009,0.73147
1779369830.4778,plane,390,11,0.69778,0.79856,0.002116,0.11259,0.09000,179.93,-0.07869,0.56295
1779369830.5902,plane,391,11,0.64319,0.72556,0.004681,0.07967,0.06278,158.08,-0.48581,-0.64971
1779369830.6866,plane,392,11,0.70948,0.74816,0.003218,0.08861,0.07717,172.45,0.68767,0.23443
1779369830.7822,plane,393,11,0.71773,0.68091,0.004959,0.07964,0.06270,165.63,0.08618,-0.70295
1779369830.8771,plane,394,,,,,,,,,
1779369830.9907,plane,395,11,0.67412,0.72875,0.003074,0.07842,0.07521,123.71,-0.38441,0.42173
1779369831.0863,plane,396,11,0.72990,0.64772,0.002055,0.14856,0.10079,41.79,0.58230,-0.84590
1779369831.1811,plane,397,,,,,,,,,
1779369831.2783,plane,398,11,0.71717,0.71836,0.005651,0.08586,0.05911,31.99,-0.13092,0.72679
1779369831.3897,plane,399,11,0.69980,0.63531,0.004461,0.07827,0.06397,153.64,-0.15565,-0.74429
1779369831.4856,plane,400,11,0.67898,0.70250,0.002614,0.08544,0.08038,171.16,-0.21739,0.70155
1779369831.5820,plane,401,,,,,,,,,
1779369831.6786,plane,402,11,0.69749,0.60158,0.002489,0.15732,0.09726,65.30,0.19128,-1.04301
1779369831.7901,plane,403,11,0.67834,0.71183,0.003769,0.07724,0.06864,78.42,-0.17215,0.99081
1779369831.8856,plane,404,11,0.67536,0.60949,0.002460,0.12268,0.09003,20.80,-0.03107,-1.06833
1779369831.9813,plane,405,,,,,,,,,
1779369832.0771,plane,406,,,,,,,,,
1779369832.1896,plane,407,11,0.69302,0.59223,0.003625,0.07640,0.06875,97.80,0.15702,-0.15342
1779369832.2853,plane,408,11,0.66550,0.69785,0.002635,0.10288,0.08420,159.25,-0.28813,1.10577
1779369832.3810,plane,409,,,,,,,,,
1779369832.4770,plane,410,,,,,,,,,
1779369832.5898,plane,411,11,0.70120,0.71661,0.003501,0.07747,0.07230,78.73,0.31670,0.16642
1779369832.6862,plane,412,11,0.65652,0.60538,0.002796,0.09074,0.08006,18.21,-0.46381,-1.15460
1779369832.7813,plane,413,,,,,,,,,
1779369832.8768,plane,414,,,,,,,,,
1779369832.9918,plane,415,11,0.70382,0.58876,0.003554,0.07727,0.07548,83.10,0.41288,-0.14504
1779369833.0869,plane,416,11,0.65293,0.70411,0.002438,0.10348,0.08559,173.19,-0.53411,1.21065
1779369833.1811,plane,417,,,,,,,,,
1779369833.2768,plane,418,,,,,,,,,
1779369833.3896,plane,419,11,0.70242,0.71663,0.003272,0.07778,0.07588,87.97,0.43913,0.11108
1779369833.4857,plane,420,11,0.65637,0.60007,0.002575,0.09674,0.08365,2.54,-0.47912,-1.21258
1779369833.5831,plane,421,11,0.71154,0.66501,0.002146,0.16109,0.10132,116.11,0.56689,0.66728
1779369833.6772,plane,422,,,,,,,,,
1779369833.7891,plane,423,11,0.69937,0.61107,0.004649,0.07915,0.06434,151.96,-0.10878,-0.48216
1779369833.8859,plane,424,11,0.67496,0.68180,0.006692,0.08871,0.06187,53.69,-0.25269,0.73207
1779369833.9841,plane,425,11,0.66663,0.66342,0.005324,0.08362,0.06152,37.37,-0.08479,-0.18724
1779369834.0785,plane,426,11,0.63910,0.63528,0.003098,0.07876,0.07735,44.84,-0.29160,-0.29803
1779369834.1900,plane,427,11,0.62800,0.63863,0.003637,0.07626,0.06757,78.77,-0.09962,0.03006
1779369834.2851,plane,428,,,,,,,,,
1779369834.3816,plane,429,11,0.61562,0.58456,0.003920,0.07765,0.06612,108.46,-0.12864,-0.56200
1779369834.4788,plane,430,11,0.62647,0.52067,0.003293,0.07460,0.07013,36.83,0.11158,-0.65683
1779369834.5889,plane,431,,,,,,,,,
1779369834.6855,plane,432,11,0.67656,0.57650,0.002043,0.12469,0.09223,18.05,0.52097,0.58070
1779369834.7823,plane,433,11,0.65020,0.47140,0.004327,0.07772,0.06556,93.34,-0.27143,-1.08248
1779369834.8774,plane,434,,,,,,,,,
1779369834.9895,plane,435,11,0.66273,0.60534,0.002353,0.11067,0.08855,159.19,0.11170,1.19436
1779369835.0853,plane,436,11,0.71145,0.47108,0.003316,0.08751,0.07898,27.02,0.50834,-1.40088
1779369835.1816,plane,437,11,0.65648,0.58008,0.002016,0.13699,0.09720,172.56,-0.57203,1.13413
1779369835.2768,plane,438,,,,,,,,,
1779369835.3896,plane,439,11,0.66596,0.45877,0.002014,0.11369,0.09059,19.32,0.08416,-1.07639
1779369835.4858,plane,440,11,0.71441,0.56115,0.006738,0.08352,0.06680,178.40,0.50367,1.06432
1779369835.5818,plane,441,11,0.67124,0.50181,0.004364,0.08038,0.06061,108.01,-0.44917,-0.61746
1779369835.6776,plane,442,11,0.64860,0.60142,0.003247,0.08033,0.07697,30.30,-0.23663,1.04074
1779369835.7900,plane,443,,,,,,,,,
1779369835.8866,plane,444,11,0.69089,0.49193,0.003404,0.07879,0.07705,68.53,0.43726,-1.13199
1779369835.9816,plane,445,11,0.65448,0.60595,0.002572,0.10870,0.08568,14.06,-0.38362,1.20136
1779369836.0778,plane,446,11,0.69623,0.54986,0.002475,0.11223,0.08468,69.67,0.43270,-0.58132
1779369836.1899,plane,447,,,,,,,,,
1779369836.2859,plane,448,11,0.68745,0.58179,0.003467,0.07201,0.06310,173.79,-0.09153,0.33284
1779369836.3834,plane,449,11,0.67550,0.52933,0.007648,0.08663,0.06830,111.32,-0.12231,-0.53700
1779369836.4779,plane,450,11,0.64668,0.55713,0.004457,0.07928,0.06324,103.65,-0.30567,0.29489
1779369836.5900,plane,451,11,0.65085,0.60306,0.002726,0.08950,0.08040,17.99,0.03709,0.40863
1779369836.6869,plane,452,11,0.65226,0.62717,0.004345,0.07862,0.06378,116.28,0.01460,0.24953
1779369836.7810,plane,453,,,,,,,,,
1779369836.8773,plane,454,,,,,,,,,
1779369836.9896,plane,455,11,0.66273,0.65541,0.007616,0.08565,0.06672,135.91,0.09333,0.25175
1779369837.0855,plane,456,11,0.63444,0.68942,0.002494,0.12675,0.08979,61.78,-0.29538,0.35514
1779369837.1823,plane,457,11,0.60262,0.70376,0.005708,0.08647,0.06036,66.83,-0.32789,0.14771
1779369837.2779,plane,458,11,0.62452,0.72785,0.002384,0.09457,0.07934,76.02,0.22983,0.25278
1779369837.3899,plane,459,,,,,,,,,
1779369837.4848,plane,460,,,,,,,,,
1779369837.5817,plane,461,11,0.63721,0.79773,0.006655,0.08486,0.06496,2.10,0.13121,0.72256
1779369837.6769,plane,462,,,,,,,,,
1779369837.7900,plane,463,11,0.59794,0.78940,0.002886,0.08859,0.07669,76.20,-0.34822,-0.07382
1779369837.8867,plane,464,11,0.57945,0.79244,0.004851,0.08123,0.06007,142.24,-0.19099,0.03138
1779369837.9822,plane,465,11,0.55425,0.79232,0.005586,0.08392,0.06233,97.40,-0.26431,-0.00125
1779369838.0779,plane,466,,,,,,,,,
1779369838.1895,plane,467,11,0.55620,0.90230,0.006805,0.08421,0.06492,17.68,0.01741,0.98369
1779369838.2849,plane,468,,,,,,,,,
1779369838.3812,plane,469,11,0.50142,0.90788,0.002494,0.11960,0.08949,161.48,-0.56984,0.05808
1779369838.4778,plane,470,11,0.50572,0.79787,0.002721,0.10627,0.08403,23.36,0.04444,-1.13790
1779369838.5902,plane,471,11,0.50068,0.82111,0.004713,0.07979,0.06218,155.79,-0.04491,0.20689
1779369838.6862,plane,472,11,0.50262,0.87782,0.002023,0.16495,0.10097,86.76,0.02028,0.59125
1779369838.7811,plane,473,,,,,,,,,
1779369838.8775,plane,474,11,0.47024,0.89906,0.003059,0.08439,0.07554,103.08,-0.33578,0.22024
1779369838.9898,plane,475,11,0.45135,0.86345,0.004664,0.07730,0.06293,15.05,-0.16848,-0.31759
1779369839.0857,plane,476,11,0.43271,0.89343,0.002701,0.10375,0.08458,153.00,-0.19438,0.31260
1779369839.1819,plane,477,11,0.41563,0.85259,0.002674,0.07610,0.07307,98.38,-0.17760,-0.42473
1779369839.2778,plane,478,11,0.40710,0.80126,0.004878,0.08036,0.06271,100.57,-0.08884,-0.53470
1779369839.3887,plane,479,,,,,,,,,
1779369839.4849,plane,480,,,,,,,,,
1779369839.5810,plane,481,,,,,,,,,
1779369839.6791,plane,482,11,0.40241,0.89043,0.005141,0.08128,0.06115,20.97,-0.04783,0.90807
1779369839.6791,plane,482,12,0.97411,0.31006,0.011241,0.33621,0.11666,41.80,0.00000,0.00000
1779369839.6791,plane,482,13,0.97984,0.65212,0.007199,3.47658,0.37866,53.97,0.00000,0.00000
1779369839.7919,plane,483,11,0.36302,0.83453,0.002007,0.18614,0.11053,47.73,-0.34968,-0.49627
1779369839.7919,plane,483,12,0.93251,0.32033,0.034693,0.38915,0.11180,43.90,-0.36935,0.09121
1779369839.7919,plane,483,13,0.94001,0.66324,0.027306,0.32788,0.10140,45.21,-0.35363,0.09877
1779369839.7919,plane,483,14,0.98532,0.85501,0.003554,0.19703,0.09462,62.43,0.00000,0.00000
1779369839.8884,plane,484,11,0.31752,0.88484,0.003279,0.08240,0.07425,80.87,-0.47159,0.52148
1779369839.8884,plane,484,12,0.90939,0.35743,0.046655,0.48542,0.11193,45.40,-0.23964,0.38454
1779369839.8884,plane,484,13,0.91886,0.68944,0.037891,0.43666,0.10317,45.26,-0.21927,0.27156
1779369839.8884,plane,484,14,0.96687,0.89954,0.010869,0.19641,0.08694,52.70,-0.19117,0.46157
1779369839.9835,plane,485,12,0.89990,0.38344,0.051158,0.52173,0.11140,46.05,-0.09988,0.27364
1779369839.9835,plane,485,13,0.91071,0.70395,0.042033,0.49232,0.10363,46.13,-0.08566,0.15259
1779369839.9835,plane,485,14,0.95916,0.91220,0.013823,0.23237,0.08647,51.72,-0.08111,0.13311
1779369840.0786,plane,486,12,0.89943,0.51855,0.105123,0.43121,0.20472,13.81,-0.00490,1.41815
1779369840.0786,plane,486,14,0.95300,0.89700,0.017563,1.04934,0.13309,49.62,-0.06472,-0.15947
1779369840.1909,plane,487,11,0.30076,0.89832,0.002106,0.19683,0.11295,47.45,-0.14941,0.12004
1779369840.1909,plane,487,12,0.89953,0.55778,0.141585,0.49554,0.24132,5.88,0.00089,0.34955
1779369840.2864,plane,488,12,0.89007,0.52580,0.160826,0.50810,0.25952,8.77,-0.09909,-0.33475
1779369840.3834,plane,489,11,0.31195,0.83405,0.005383,0.08349,0.06258,28.40,0.11544,-0.66292
1779369840.3834,plane,489,12,0.87927,0.51710,0.185886,0.48218,0.30178,10.40,-0.11139,-0.08976
1779369840.4789,plane,490,11,0.33348,0.91786,0.003723,0.07612,0.06423,122.57,0.22575,0.87859
1779369840.4789,plane,490,12,0.86943,0.53176,0.220308,0.54340,0.42602,38.21,-0.10313,0.15361
1779369840.5912,plane,491,11,0.34483,0.90396,0.004885,0.08168,0.05847,134.32,0.10088,-0.12357
1779369840.5912,plane,491,12,0.85036,0.51705,0.256344,0.67245,0.48761,54.14,-0.16952,-0.13071
1779369840.6869,plane,492,11,0.37182,0.88023,0.003623,0.07543,0.06666,99.50,0.28205,-0.24797
1779369840.6869,plane,492,12,0.82789,0.50749,0.293037,0.84273,0.48424,58.24,-0.23488,-0.09995
1779369840.7834,plane,493,11,0.36658,0.87301,0.002728,0.09985,0.08245,31.83,-0.05438,-0.07489
1779369840.7834,plane,493,12,0.81113,0.49763,0.315006,0.79504,0.45857,55.61,-0.17377,-0.10225
1779369840.8792,plane,494,11,0.37044,0.83934,0.002260,0.13324,0.09468,178.53,0.04034,-0.35192
1779369840.8792,plane,494,12,0.79961,0.48711,0.338625,0.52230,0.45719,43.45,-0.12042,-0.10993
1779369840.9918,plane,495,11,0.37042,0.81829,0.004634,0.08180,0.05792,112.06,-0.00018,-0.18664
1779369840.9918,plane,495,12,0.79218,0.48991,0.353495,0.50285,0.44342,20.79,-0.06592,0.02479
1779369841.0877,plane,496,11,0.34329,0.73096,0.002172,0.16338,0.10402,130.45,-0.28322,-0.91171
1779369841.0877,plane,496,12,0.78669,0.48985,0.361886,0.50057,0.44092,15.45,-0.05730,-0.00059
1779369841.1820,plane,497,12,0.78087,0.49168,0.372491,0.50911,0.45364,28.78,-0.06154,0.01926
1779369841.2786,plane,498,11,0.36227,0.79795,0.005430,0.08426,0.05760,152.66,0.19694,0.69484
1779369841.2786,plane,498,12,0.77289,0.49160,0.384833,0.52406,0.45586,39.95,-0.08271,-0.00080
1779369841.3911,plane,499,11,0.38108,0.75031,0.004076,0.07492,0.06265,162.39,0.16715,-0.42351
1779369841.3911,plane,499,12,0.76354,0.49022,0.399438,0.54992,0.46165,51.17,-0.08312,-0.01228
1779369841.4875,plane,500,11,0.41156,0.77427,0.005451,0.08400,0.06188,84.02,0.31609,0.24849
1779369841.4875,plane,500,12,0.75586,0.48849,0.410923,0.58277,0.46798,57.22,-0.07972,-0.01789
1779369841.5838,plane,501,12,0.74992,0.48833,0.419257,0.59730,0.46654,62.10,-0.06189,-0.00172
1779369841.6796,plane,502,11,0.39311,0.67819,0.006999,0.08552,0.06712,6.38,-0.19262,-1.00321
1779369841.6796,plane,502,12,0.75141,0.48741,0.418474,0.59642,0.47537,58.42,0.01559,-0.00958
1779369841.7901,plane,503,12,0.75361,0.48382,0.407316,0.55652,0.46473,60.28,0.01983,-0.03234
1779369841.8869,plane,504,12,0.75213,0.47886,0.407347,0.51487,0.47175,57.82,-0.01529,-0.05141
1779369841.9825,plane,505,12,0.75526,0.48046,0.404512,0.50304,0.47102,54.24,0.03266,0.01678
1779369842.0778,plane,506,12,0.77449,0.50112,0.376678,0.49700,0.44910,26.12,0.20171,0.21669
1779369842.1903,plane,507,12,0.80134,0.54963,0.332662,0.57060,0.43601,53.77,0.23832,0.43050
1779369842.2859,plane,508,12,0.81889,0.55581,0.295524,0.59340,0.51508,98.92,0.18389,0.06471
1779369842.3839,plane,509,12,0.82755,0.55250,0.272447,0.66938,0.48432,101.53,0.08852,-0.03381
1779369842.4783,plane,510,12,0.83031,0.55312,0.269199,0.69759,0.47519,100.64,0.02915,0.00655
1779369842.5910,plane,511,12,0.83066,0.55225,0.270036,0.66164,0.47808,97.84,0.00318,-0.00767
1779369842.6868,plane,512,12,0.83532,0.55053,0.260498,0.55025,0.48817,79.98,0.04850,-0.01798
1779369842.7818,plane,513,12,0.83627,0.55039,0.259518,0.58267,0.49197,83.81,0.00999,-0.00150
1779369842.8779,plane,514,12,0.83552,0.55050,0.262036,0.59105,0.49145,87.88,-0.00778,0.00115
1779369842.9902,plane,515,12,0.83469,0.54978,0.263255,0.58883,0.48152,87.47,-0.00743,-0.00636
1779369843.0860,plane,516,12,0.83241,0.54781,0.273353,0.53103,0.45661,55.38,-0.02373,-0.02058
1779369843.1819,plane,517,12,0.82768,0.54375,0.288171,0.53535,0.34683,29.31,-0.04937,-0.04228
1779369843.2779,plane,518,12,0.81722,0.54081,0.311595,0.53617,0.35850,31.44,-0.10914,-0.03074
1779369843.3899,plane,519,12,0.80322,0.53471,0.345115,0.52637,0.37276,31.67,-0.12486,-0.05432
1779369843.4864,plane,520,12,0.79544,0.53114,0.365005,0.52037,0.37570,30.32,-0.08080,-0.03713
1779369843.5821,plane,521,12,0.79354,0.53164,0.369224,0.52922,0.37063,31.13,-0.01979,0.00517
1779369843.6779,plane,522,12,0.78672,0.52897,0.385613,0.53583,0.37877,34.57,-0.07135,-0.02785
1779369843.7903,plane,523,12,0.77529,0.52280,0.412777,0.54377,0.40105,42.00,-0.10167,-0.05498
1779369843.8863,plane,524,12,0.76089,0.51665,0.444492,0.56668,0.42634,55.47,-0.14975,-0.06389
1779369843.9823,plane,525,12,0.73982,0.51512,0.485928,0.60084,0.44561,72.71,-0.21996,-0.01597
1779369844.0785,plane,526,12,0.72281,0.51524,0.519711,0.64628,0.45225,77.12,-0.17657,0.00126
1779369844.1911,plane,527,12,0.71009,0.51631,0.544644,0.69569,0.46106,80.90,-0.11313,0.00953
1779369844.2866,plane,528,12,0.69455,0.51744,0.575361,0.90533,0.52498,86.39,-0.16265,0.01177
1779369844.3826,plane,529,12,0.68266,0.51792,0.598448,1.72764,1.30960,31.17,-0.12402,0.00499
1779369844.4788,plane,530,12,0.67929,0.51763,0.603519,1.10997,0.70699,90.68,-0.03506,-0.00302
1779369844.5902,plane,531,12,0.67533,0.51728,0.610501,1.09986,0.67671,90.63,-0.03551,-0.00308
1779369844.6865,plane,532,12,0.66985,0.51634,0.619483,1.12752,0.66976,90.57,-0.05683,-0.00983
1779369844.7821,plane,533,12,0.66604,0.51435,0.622075,2.64881,2.03050,91.37,-0.03983,-0.02077
1779369844.8781,plane,534,12,0.66223,0.51202,0.628367,3.04849,2.93613,42.65,-0.03970,-0.02436
1779369844.9910,plane,535,12,0.67007,0.50899,0.618039,1.03849,0.68985,87.00,0.06933,-0.02677
1779369845.0870,plane,536,12,0.70821,0.50405,0.558331,1.25139,0.45485,96.25,0.39761,-0.05153
1779369845.0870,plane,536,15,0.22206,0.96881,0.003062,0.03696,0.02985,174.40,0.00000,0.00000
1779369845.1822,plane,537,12,0.74530,0.53187,0.472353,0.76537,0.41566,60.97,0.38942,0.29205
1779369845.2784,plane,538,12,0.77387,0.59416,0.364443,0.65254,0.36810,60.76,0.29778,0.64924
1779369845.3927,plane,539,12,0.78627,0.62749,0.317218,0.59835,0.35115,62.45,0.10819,0.29099
1779369845.3927,plane,539,15,0.24772,0.94074,0.002430,0.06863,0.05770,121.98,0.22409,-0.24505
1779369845.4871,plane,540,12,0.78656,0.63893,0.307802,0.75590,0.44653,74.32,0.00307,0.12111
1779369845.4871,plane,540,15,0.26593,0.93069,0.004540,0.07770,0.05478,96.62,0.19284,-0.10642
1779369845.5830,plane,541,12,0.77952,0.61890,0.318027,0.82191,0.45147,74.04,-0.07336,-0.20886
1779369845.5830,plane,541,15,0.25683,0.89391,0.003109,0.06769,0.05386,168.64,-0.09499,-0.38365
1779369845.6777,plane,542,12,0.78185,0.57571,0.320675,0.71816,0.45032,69.63,0.02464,-0.45680
1779369845.7905,plane,543,12,0.79514,0.50329,0.315487,0.64901,0.44255,51.64,0.11769,-0.64145
1779369845.7905,plane,543,15,0.28707,0.91874,0.002467,0.06771,0.06326,92.66,0.26790,0.21998
1779369845.8856,plane,544,12,0.80590,0.45500,0.288176,0.48276,0.45324,22.48,0.11318,-0.50815
1779369845.9818,plane,545,12,0.80143,0.42775,0.268161,0.50123,0.43711,3.28,-0.04638,-0.28282
1779369846.0794,plane,546,12,0.79100,0.44289,0.275513,0.61661,0.35750,43.00,-0.10712,0.15558
1779369846.0794,plane,546,15,0.25154,0.87840,0.006741,0.07430,0.06521,118.67,-0.36496,-0.41436
1779369846.0794,plane,546,16,0.62951,0.03874,0.011341,0.58491,0.13477,56.18,0.00000,0.00000
1779369846.1907,plane,547,12,0.76532,0.43989,0.334273,0.53572,0.46874,70.40,-0.23064,-0.02700
1779369846.1907,plane,547,15,0.28428,0.84803,0.002385,0.07151,0.06346,119.02,0.29398,-0.27283
1779369846.2871,plane,548,12,0.75046,0.46186,0.376609,0.65622,0.45985,53.65,-0.15406,0.22775
1779369846.2871,plane,548,15,0.30965,0.83270,0.005520,0.08319,0.05692,68.99,0.26301,-0.15887
1779369846.3834,plane,549,12,0.74160,0.51416,0.362505,0.67919,0.44475,58.26,-0.09188,0.54266
1779369846.4782,plane,550,12,0.73441,0.56898,0.336158,0.65746,0.41738,63.16,-0.07597,0.57880
1779369846.5907,plane,551,12,0.72027,0.59311,0.332530,0.66445,0.40176,64.26,-0.12547,0.21422
1779369846.6871,plane,552,12,0.70850,0.60920,0.327313,0.67994,0.38588,65.04,-0.12250,0.16747
1779369846.6871,plane,552,15,0.27950,0.74085,0.004768,0.07682,0.05324,164.77,-0.31369,-0.95585
1779369846.7833,plane,553,12,0.69691,0.61801,0.324744,0.70710,0.37272,65.71,-0.12030,0.09141
1779369846.7833,plane,553,15,0.31890,0.78093,0.003433,0.07606,0.04649,118.48,0.40890,0.41609
1779369846.8780,plane,554,12,0.68832,0.62497,0.325758,0.73107,0.36261,66.55,-0.09052,0.07338
1779369846.9898,plane,555,12,0.68508,0.63331,0.320163,0.74687,0.34941,67.22,-0.02899,0.07457
1779369847.0873,plane,556,12,0.68198,0.63976,0.316315,0.76545,0.33971,68.13,-0.03186,0.06631
1779369847.0873,plane,556,15,0.30328,0.78665,0.002430,0.06790,0.04004,122.46,-0.16054,0.05883
1779369847.1827,plane,557,12,0.67979,0.64422,0.315445,0.77679,0.33464,68.79,-0.02302,0.04683
1779369847.2793,plane,558,12,0.67919,0.65076,0.311071,0.80183,0.32329,69.69,-0.00616,0.06747
1779369847.2793,plane,558,15,0.30366,0.72586,0.002043,0.05423,0.03920,14.57,0.00393,-0.62679
1779369847.3906,plane,559,12,0.67750,0.65633,0.307944,0.80493,0.31751,70.14,-0.01517,0.05007
1779369847.4859,plane,560,12,0.67909,0.66084,0.305398,0.83303,0.30918,71.06,0.01674,0.04746
1779369847.5821,plane,561,12,0.68188,0.67364,0.297548,0.80802,0.30547,71.16,0.02899,0.13317
1779369847.6789,plane,562,12,0.69661,0.69456,0.275163,0.80271,0.29694,72.08,0.15203,0.21584
1779369847.7898,plane,563,12,0.71681,0.72268,0.246628,0.80489,0.27971,74.21,0.18195,0.25335
1779369847.8871,plane,564,12,0.74489,0.75080,0.211448,0.70060,0.27068,73.74,0.28857,0.28892
1779369847.8871,plane,564,17,0.36754,0.73603,0.002672,0.08306,0.07617,102.94,0.00000,0.00000
1779369847.9831,plane,565,12,0.76334,0.77281,0.186345,0.63696,0.25831,75.00,0.19285,0.23007
1779369847.9831,plane,565,17,0.40934,0.75127,0.005459,0.08314,0.05964,129.69,0.43679,0.15927
1779369848.0788,plane,566,12,0.77494,0.78491,0.172521,0.59802,0.25282,76.00,0.12104,0.12629
1779369848.1902,plane,567,12,0.78040,0.78834,0.166211,0.59344,0.24727,76.20,0.04898,0.03073
1779369848.2862,plane,568,12,0.78335,0.78934,0.163093,0.58460,0.24605,76.29,0.03068,0.01047
1779369848.3815,plane,569,12,0.78332,0.78764,0.164776,0.57791,0.24816,76.15,-0.00033,-0.01788
1779369848.4786,plane,570,12,0.78085,0.78285,0.167648,0.57649,0.25039,75.37,-0.02544,-0.04940
1779369848.4786,plane,570,17,0.42320,0.82280,0.005627,0.08365,0.05998,30.03,0.14294,0.73735
1779369848.5911,plane,571,12,0.77324,0.76801,0.176381,0.57712,0.25347,74.19,-0.06775,-0.13195
1779369848.5911,plane,571,17,0.35880,0.81682,0.002848,0.08321,0.07591,40.02,-0.57288,-0.05320
1779369848.6870,plane,572,12,0.75216,0.72289,0.202259,0.59287,0.27326,68.62,-0.21980,-0.47059
1779369848.6870,plane,572,17,0.35283,0.77745,0.004990,0.08146,0.05926,151.58,-0.06227,-0.41059
1779369848.7831,plane,573,12,0.72102,0.62714,0.234065,0.62448,0.29533,62.86,-0.32404,-0.99638
1779369848.7831,plane,573,17,0.36294,0.69622,0.002480,0.08761,0.08132,167.33,0.10521,-0.84529
1779369848.8780,plane,574,18,0.70130,0.47431,0.256578,0.64913,0.31301,62.17,0.00000,0.00000
1779369848.9933,plane,575,18,0.64967,0.36288,0.282313,0.68531,0.31970,66.82,-0.44929,-0.96965
1779369849.0860,plane,576,18,0.58765,0.29166,0.290968,0.69875,0.33167,72.97,-0.66753,-0.76658
1779369849.1835,plane,577,17,0.34579,0.77391,0.005059,0.08026,0.05905,6.06,-0.17575,0.79614
1779369849.1835,plane,577,18,0.55106,0.25755,0.324622,0.73212,0.40084,86.50,-0.37501,-0.34950
1779369849.2797,plane,578,17,0.38954,0.74618,0.004791,0.08035,0.06439,74.39,0.45510,-0.28848
1779369849.2797,plane,578,18,0.55048,0.32104,0.452376,0.88259,0.40849,92.77,-0.00600,0.66047
1779369849.3905,plane,579,18,0.43389,0.23109,0.307866,0.90742,0.38964,70.68,-1.05206,-0.81174
1779369849.4872,plane,580,17,0.41391,0.87959,0.002153,0.12858,0.09464,146.11,0.25212,1.38002
1779369849.4872,plane,580,18,0.36621,0.22048,0.273770,0.70984,0.35541,0.00,-0.70010,-0.10979
1779369849.5837,plane,581,17,0.37545,0.75125,0.005903,0.11447,0.09105,159.99,-0.39924,-1.33192
1779369849.5837,plane,581,18,0.38378,0.22117,0.315123,0.86678,0.38450,79.58,0.18236,0.00723
1779369849.6797,plane,582,17,0.41220,0.83350,0.002009,0.25124,0.12736,130.30,0.38135,0.85335
1779369849.6797,plane,582,18,0.32541,0.22262,0.285049,0.58459,0.39018,0.00,-0.60566,0.01506
1779369849.7904,plane,583,18,0.32374,0.23127,0.304509,1.53658,0.60463,98.91,-0.01513,0.07829
1779369849.8861,plane,584,18,0.37696,0.27411,0.444563,1.06244,0.27388,83.63,0.55508,0.44677
1779369849.9832,plane,585,17,0.37781,0.85632,0.003148,0.07744,0.07265,116.25,-0.35452,0.23534
1779369849.9832,plane,585,18,0.37594,0.27909,0.454369,1.10466,0.27882,84.25,-0.01054,0.05130
1779369850.0783,plane,586,18,0.37792,0.28764,0.472059,1.11895,0.26686,82.96,0.02083,0.09000
1779369850.1899,plane,587,18,0.45157,0.35391,0.661580,1.82510,0.45774,99.48,0.65923,0.59311
1779369850.2868,plane,588,18,0.45310,0.36729,0.690028,2.58932,0.50305,99.48,0.01581,0.13810
1779369850.3818,plane,589,18,0.44899,0.37334,0.699337,2.70175,0.53730,98.93,-0.04331,0.06360
1779369850.4793,plane,590,18,0.49486,0.47668,0.949805,2.24965,0.74976,168.57,0.47272,1.06498
1779369850.5902,plane,591,18,0.49481,0.48840,0.974606,1.80727,0.82975,8.04,-0.00045,0.10527
1779369850.6862,plane,592,18,0.50048,0.49496,0.988768,1.00000,0.56250,0.00,0.05929,0.06857
1779369850.7829,plane,593,18,0.50001,0.49484,0.988768,1.00000,0.56250,0.00,-0.00492,-0.00122
1779369850.8786,plane,594,18,0.50039,0.49455,0.988768,1.00000,0.56250,0.00,0.00405,-0.00309
1779369850.9905,plane,595,18,0.50001,0.49514,0.988768,1.00000,0.56250,0.00,-0.00347,0.00529
1779369851.0869,plane,596,18,0.50042,0.49465,0.988768,1.00000,0.56250,0.00,0.00427,-0.00513
1779369851.1826,plane,597,18,0.50013,0.49478,0.988768,1.00000,0.56250,0.00,-0.00300,0.00144
1779369851.2790,plane,598,18,0.50029,0.49508,0.988768,1.00000,0.56250,0.00,0.00173,0.00307
1779369851.3907,plane,599,18,0.50011,0.49447,0.988768,1.00000,0.56250,0.00,-0.00170,-0.00550
1779369851.4861,plane,600,18,0.50025,0.49504,0.988768,1.00000,0.56250,0.00,0.00150,0.00596
1779369851.5822,plane,601,18,0.50028,0.49478,0.988768,1.00000,0.56250,0.00,0.00035,-0.00267
1779369851.6784,plane,602,18,0.50012,0.49463,0.988768,1.00000,0.56250,0.00,-0.00173,-0.00164
1779369851.7905,plane,603,18,0.50029,0.49518,0.988768,1.00000,0.56250,0.00,0.00158,0.00492
1779369851.8865,plane,604,18,0.50014,0.49459,0.988768,1.00000,0.56250,0.00,-0.00162,-0.00616
1779369851.9823,plane,605,18,0.50042,0.49488,0.988768,1.00000,0.56250,0.00,0.00289,0.00309
1779369852.0779,plane,606,18,0.50002,0.49500,0.988768,1.00000,0.56250,0.00,-0.00418,0.00124
1779369852.1909,plane,607,18,0.50043,0.49443,0.988768,1.00000,0.56250,0.00,0.00363,-0.00506
1779369852.2860,plane,608,18,0.50002,0.49506,0.988768,1.00000,0.56250,0.00,-0.00431,0.00663
1779369852.3822,plane,609,18,0.50048,0.49476,0.988768,1.00000,0.56250,0.00,0.00486,-0.00308
1779369852.4782,plane,610,18,0.49996,0.49470,0.988768,1.00000,0.56250,0.00,-0.00543,-0.00062
1779369852.5914,plane,611,18,0.50050,0.49518,0.988768,1.00000,0.56250,0.00,0.00479,0.00417
1779369852.6864,plane,612,18,0.49996,0.49449,0.988768,1.00000,0.56250,0.00,-0.00573,-0.00727
1779369852.7821,plane,613,18,0.50049,0.49496,0.988768,1.00000,0.56250,0.00,0.00557,0.00495
1779369852.8778,plane,614,18,0.50001,0.49488,0.988768,1.00000,0.56250,0.00,-0.00509,-0.00082
1779369852.9898,plane,615,18,0.50049,0.49445,0.988768,1.00000,0.56250,0.00,0.00436,-0.00387
1779369853.0863,plane,616,18,0.50002,0.49514,0.988768,1.00000,0.56250,0.00,-0.00496,0.00717
1779369853.1824,plane,617,18,0.50040,0.49463,0.988768,1.00000,0.56250,0.00,0.00403,-0.00533
1779369853.2781,plane,618,18,0.50009,0.49468,0.988768,1.00000,0.56250,0.00,-0.00325,0.00062
1779369853.3908,plane,619,18,0.50040,0.49514,0.988768,1.00000,0.56250,0.00,0.00276,0.00403
1779369853.4862,plane,620,18,0.50014,0.49441,0.988768,1.00000,0.56250,0.00,-0.00279,-0.00766
1779369853.5832,plane,621,18,0.50026,0.49500,0.988768,1.00000,0.56250,0.00,0.00126,0.00609
1779369853.6785,plane,622,18,0.50027,0.49474,0.988768,1.00000,0.56250,0.00,0.00012,-0.00269
1779369853.7896,plane,623,18,0.50026,0.49441,0.988768,1.00000,0.56250,0.00,-0.00010,-0.00302
1779369853.8858,plane,624,18,0.50028,0.49514,0.988768,1.00000,0.56250,0.00,0.00023,0.00758
1779369853.9827,plane,625,18,0.50012,0.49451,0.988768,1.00000,0.56250,0.00,-0.00172,-0.00651
1779369854.0782,plane,626,18,0.50039,0.49476,0.988768,1.00000,0.56250,0.00,0.00290,0.00268
1779369854.1901,plane,627,18,0.50014,0.49512,0.988768,1.00000,0.56250,0.00,-0.00229,0.00318
1779369854.2860,plane,628,18,0.50039,0.49441,0.988768,1.00000,0.56250,0.00,0.00265,-0.00738
1779369854.3820,plane,629,18,0.50001,0.49504,0.988768,1.00000,0.56250,0.00,-0.00404,0.00657
1779369854.4787,plane,630,18,0.50048,0.49472,0.988768,1.00000,0.56250,0.00,0.00496,-0.00328
1779369854.5905,plane,631,18,0.50002,0.49443,0.988768,1.00000,0.56250,0.00,-0.00415,-0.00264
1779369854.6865,plane,632,18,0.50049,0.49514,0.988768,1.00000,0.56250,0.00,0.00498,0.00741
1779369854.7824,plane,633,18,0.49996,0.49447,0.988768,1.00000,0.56250,0.00,-0.00556,-0.00700
1779369854.8783,plane,634,18,0.50050,0.49484,0.988768,1.00000,0.56250,0.00,0.00566,0.00390
1779369854.9906,plane,635,18,0.49996,0.49506,0.988768,1.00000,0.56250,0.00,-0.00485,0.00193
1779369855.0862,plane,636,18,0.50049,0.49439,0.988768,1.00000,0.56250,0.00,0.00557,-0.00701
1779369855.1827,plane,637,18,0.50004,0.49510,0.988768,1.00000,0.56250,0.00,-0.00471,0.00735
1779369855.2784,plane,638,18,0.50044,0.49461,0.988768,1.00000,0.56250,0.00,0.00417,-0.00514
1779369855.3899,plane,639,18,0.50003,0.49449,0.988768,1.00000,0.56250,0.00,-0.00369,-0.00106
1779369855.4860,plane,640,18,0.50044,0.49514,0.988768,1.00000,0.56250,0.00,0.00426,0.00676
1779369855.5828,plane,641,18,0.50015,0.49443,0.988768,1.00000,0.56250,0.00,-0.00298,-0.00734
1779369855.6781,plane,642,18,0.50030,0.49500,0.988768,1.00000,0.56250,0.00,0.00163,0.00600
1779369855.7908,plane,643,18,0.50016,0.49500,0.988768,1.00000,0.56250,0.00,-0.00128,0.00000
1779369855.8867,plane,644,18,0.50029,0.49443,0.988768,1.00000,0.56250,0.00,0.00138,-0.00595
1779369855.9819,plane,645,18,0.50027,0.49512,0.988768,1.00000,0.56250,0.00,-0.00023,0.00725
1779369856.0780,plane,646,18,0.50019,0.49459,0.988768,1.00000,0.56250,0.00,-0.00081,-0.00554
1779369856.1901,plane,647,18,0.50032,0.49459,0.988768,1.00000,0.56250,0.00,0.00109,0.00000
1779369856.2862,plane,648,18,0.50015,0.49512,0.988768,1.00000,0.56250,0.00,-0.00173,0.00554
1779369856.3818,plane,649,18,0.50042,0.49443,0.988768,1.00000,0.56250,0.00,0.00279,-0.00723
1779369856.4785,plane,650,18,0.50006,0.49500,0.988768,1.00000,0.56250,0.00,-0.00368,0.00592
1779369856.5904,plane,651,18,0.50043,0.49498,0.988768,1.00000,0.56250,0.00,0.00327,-0.00018
1779369856.6861,plane,652,18,0.50005,0.49443,0.988768,1.00000,0.56250,0.00,-0.00394,-0.00577
1779369856.7807,plane,653,,,,,,,,,
1779369856.8770,plane,654,,,,,,,,,
1779369856.9886,plane,655,,,,,,,,,
1779369857.0850,plane,656,,,,,,,,,
1779369857.1812,plane,657,,,,,,,,,
1779369857.2771,plane,658,,,,,,,,,
1779369857.3886,plane,659,,,,,,,,,
1779369857.4850,plane,660,,,,,,,,,
1779369857.5812,plane,661,,,,,,,,,
1779369857.6768,plane,662,,,,,,,,,
1779369857.7890,plane,663,,,,,,,,,
1779369857.8851,plane,664,,,,,,,,,
1779369857.9805,plane,665,,,,,,,,,
1779369858.0768,plane,666,,,,,,,,,
1779369858.1890,plane,667,,,,,,,,,
1779369858.2849,plane,668,,,,,,,,,
1779369858.3808,plane,669,,,,,,,,,
1779369858.4766,plane,670,,,,,,,,,
1779369858.5890,plane,671,,,,,,,,,
1779369858.6849,plane,672,,,,,,,,,
1779369858.7808,plane,673,,,,,,,,,
1779369858.8767,plane,674,,,,,,,,,
1779369858.9885,plane,675,,,,,,,,,
1779369859.0849,plane,676,,,,,,,,,
1779369859.1812,plane,677,,,,,,,,,
1779369859.2773,plane,678,,,,,,,,,
1779369859.3890,plane,679,,,,,,,,,
1779369859.4850,plane,680,,,,,,,,,
1779369859.5813,plane,681,,,,,,,,,
1779369859.6773,plane,682,,,,,,,,,
1779369859.7897,plane,683,,,,,,,,,
1779369859.8851,plane,684,,,,,,,,,
1779369859.9812,plane,685,,,,,,,,,
1779369860.0785,plane,686,,,,,,,,,
1779369860.1893,plane,687,,,,,,,,,
1779369860.2849,plane,688,,,,,,,,,
1779369860.3811,plane,689,,,,,,,,,
1779369860.4770,plane,690,,,,,,,,,
1779369860.5895,plane,691,,,,,,,,,
1779369860.6846,plane,692,,,,,,,,,
1779369860.7812,plane,693,,,,,,,,,
1779369860.8765,plane,694,,,,,,,,,
1779369860.9892,plane,695,,,,,,,,,
1779369861.0848,plane,696,,,,,,,,,
1779369861.1809,plane,697,,,,,,,,,
1779369861.2773,plane,698,,,,,,,,,
1779369861.3896,plane,699,,,,,,,,,
1779369861.4848,plane,700,,,,,,,,,
1779369861.5809,plane,701,,,,,,,,,
1779369861.6770,plane,702,,,,,,,,,
1779369861.7888,plane,703,,,,,,,,,
1779369861.8847,plane,704,,,,,,,,,
1779369861.9820,plane,705,,,,,,,,,
1779369862.0771,plane,706,,,,,,,,,
1779369862.1887,plane,707,,,,,,,,,
1779369862.2850,plane,708,,,,,,,,,
1779369862.3811,plane,709,,,,,,,,,
1779369862.4772,plane,710,,,,,,,,,
1779369862.5888,plane,711,,,,,,,,,
1779369862.6851,plane,712,,,,,,,,,
1779369862.7813,plane,713,,,,,,,,,
1779369862.8772,plane,714,,,,,,,,,
1779369862.9887,plane,715,,,,,,,,,
1779369863.0843,plane,716,,,,,,,,,
1779369863.1807,plane,717,,,,,,,,,
1779369863.2767,plane,718,,,,,,,,,
1779369863.3889,plane,719,,,,,,,,,
1779369863.4854,plane,720,,,,,,,,,
1779369863.5820,plane,721,,,,,,,,,
1779369863.6769,plane,722,,,,,,,,,
1779369863.7886,plane,723,,,,,,,,,
1779369863.8848,plane,724,,,,,,,,,
1779369863.9809,plane,725,,,,,,,,,
1779369864.0768,plane,726,,,,,,,,,
1779369864.1890,plane,727,,,,,,,,,
1779369864.2856,plane,728,,,,,,,,,
1779369864.3809,plane,729,,,,,,,,,
1779369864.4769,plane,730,,,,,,,,,
1779369864.5892,plane,731,,,,,,,,,
1779369864.6849,plane,732,,,,,,,,,
1779369864.7815,plane,733,,,,,,,,,
1779369864.8767,plane,734,,,,,,,,,
1779369864.9913,plane,735,,,,,,,,,
1779369865.0863,plane,736,19,0.43119,0.94173,0.004171,0.07829,0.06890,104.04,0.00000,0.00000
1779369865.1820,plane,737,19,0.44001,0.90706,0.006855,0.08872,0.06480,89.64,0.09225,-0.36281
1779369865.2779,plane,738,19,0.43804,0.87407,0.006041,0.08695,0.06176,119.68,-0.02052,-0.34330
1779369865.3898,plane,739,19,0.43021,0.81127,0.005988,0.08569,0.06364,125.90,-0.07022,-0.56321
1779369865.4861,plane,740,19,0.46503,0.79843,0.006927,0.08752,0.06580,99.56,0.36015,-0.13282
1779369865.5824,plane,741,19,0.46800,0.77637,0.002323,0.10694,0.08793,173.59,0.03080,-0.22902
1779369865.6778,plane,742,19,0.47877,0.72960,0.003237,0.07706,0.07609,102.13,0.11298,-0.49066
1779369865.7897,plane,743,19,0.47546,0.70752,0.005527,0.08615,0.06067,68.77,-0.02960,-0.19743
1779369865.8855,plane,744,,,,,,,,,
1779369865.9819,plane,745,19,0.44021,0.65148,0.002709,0.11251,0.08737,32.61,-0.36524,-0.58047
1779369866.0775,plane,746,19,0.48649,0.69015,0.003235,0.09020,0.07865,24.04,0.48486,0.40500
1779369866.1894,plane,747,19,0.44484,0.59430,0.003928,0.07643,0.06576,152.87,-0.37172,-0.85541
1779369866.2862,plane,748,19,0.49144,0.63153,0.005090,0.07912,0.07260,113.86,0.48219,0.38523
1779369866.3817,plane,749,19,0.51745,0.55718,0.003036,0.08278,0.07641,83.07,0.27180,-0.77673
1779369866.4784,plane,750,,,,,,,,,
1779369866.5898,plane,751,19,0.46698,0.60889,0.004493,0.08760,0.06251,120.34,-0.45076,0.46187
1779369866.6845,plane,752,,,,,,,,,
1779369866.7810,plane,753,,,,,,,,,
1779369866.8772,plane,754,19,0.52518,0.61006,0.002650,0.11489,0.09010,117.32,0.60475,0.01210
1779369866.9897,plane,755,19,0.47182,0.49144,0.003489,0.08816,0.06640,47.38,-0.47413,-1.05393
1779369867.0856,plane,756,19,0.51929,0.58034,0.002560,0.40458,0.15242,151.77,0.49464,0.92615
1779369867.1814,plane,757,,,,,,,,,
1779369867.2787,plane,758,19,0.51819,0.51762,0.003747,0.07356,0.06544,173.92,-0.01142,-0.64668
1779369867.3896,plane,759,19,0.49685,0.59142,0.006758,0.09991,0.05924,80.35,-0.19196,0.66388
1779369867.4854,plane,760,19,0.47440,0.56501,0.003438,0.08672,0.07988,163.94,-0.23476,-0.27616
1779369867.5825,plane,761,19,0.47655,0.53227,0.004979,0.09116,0.07237,102.16,0.02218,-0.33653
1779369867.6772,plane,762,,,,,,,,,
1779369867.7882,plane,763,,,,,,,,,
1779369867.8866,plane,764,19,0.46060,0.50504,0.002875,0.49120,0.16797,157.55,-0.16218,-0.27675
1779369867.9810,plane,765,,,,,,,,,
1779369868.0764,plane,766,,,,,,,,,
1779369868.1900,plane,767,19,0.47674,0.53083,0.003555,0.07963,0.07177,100.91,0.14242,0.22751
1779369868.2853,plane,768,19,0.43109,0.40848,0.002933,0.10270,0.08283,171.09,-0.47755,-1.27984
1779369868.3808,plane,769,,,,,,,,,
1779369868.4770,plane,770,,,,,,,,,
1779369868.5893,plane,771,19,0.48285,0.39501,0.002667,0.09987,0.08583,3.43,0.46195,-0.12026
1779369868.6856,plane,772,19,0.43781,0.51465,0.003928,0.08550,0.07592,150.50,-0.46654,1.23911
1779369868.7811,plane,773,,,,,,,,,
1779369868.8767,plane,774,,,,,,,,,
1779369868.9898,plane,775,19,0.47349,0.52367,0.004010,0.08718,0.07857,56.58,0.31562,0.07981
1779369869.0867,plane,776,19,0.42890,0.40892,0.003348,0.09894,0.08914,11.15,-0.46070,-1.18557
1779369869.1818,plane,777,19,0.47685,0.48064,0.003279,0.09462,0.08186,41.63,0.50393,0.75389
1779369869.2775,plane,778,19,0.41275,0.49679,0.002616,0.16252,0.09740,76.36,-0.67095,0.16903
1779369869.3893,plane,779,19,0.46774,0.38745,0.003057,0.09437,0.09150,23.17,0.49092,-0.97612
1779369869.4854,plane,780,19,0.44106,0.50262,0.004662,0.09089,0.08000,125.78,-0.27794,1.19999
1779369869.5819,plane,781,19,0.47151,0.43576,0.003016,0.09461,0.08667,122.53,0.31504,-0.69172
1779369869.6775,plane,782,19,0.42785,0.43566,0.002645,0.13987,0.09463,85.75,-0.45753,-0.00107
1779369869.7895,plane,783,19,0.45356,0.52275,0.003442,0.09132,0.09019,140.34,0.22915,0.77627
1779369869.8859,plane,784,19,0.45513,0.40165,0.003845,0.09407,0.08586,39.37,0.01632,-1.25873
1779369869.9818,plane,785,19,0.44774,0.48994,0.003499,0.10161,0.08784,14.70,-0.07688,0.91863
1779369870.0767,plane,786,,,,,,,,,
1779369870.1894,plane,787,19,0.44123,0.38087,0.002201,0.09185,0.08882,48.66,-0.05784,-0.96879
1779369870.2858,plane,788,19,0.49879,0.46855,0.002636,0.12069,0.09201,87.46,0.59538,0.90706
1779369870.3819,plane,789,19,0.42421,0.40827,0.003225,0.09757,0.08080,156.93,-0.77761,-0.62864
1779369870.4780,plane,790,19,0.44509,0.50925,0.005573,0.08479,0.06430,120.97,0.21700,1.04966
1779369870.5889,plane,791,,,,,,,,,
1779369870.6861,plane,792,19,0.48143,0.39466,0.002784,0.10027,0.08402,8.01,0.37275,-1.17550
1779369870.7828,plane,793,19,0.42787,0.51579,0.003476,0.10244,0.08257,2.12,-0.55356,1.25208
1779369870.8770,plane,794,,,,,,,,,
1779369870.9901,plane,795,19,0.42061,0.43286,0.006207,0.08394,0.06776,13.88,-0.06411,-0.73206
1779369871.0861,plane,796,19,0.45513,0.52806,0.002424,0.12733,0.09104,49.01,0.36009,0.99326
1779369871.1822,plane,797,19,0.48601,0.42581,0.004849,0.08223,0.06270,107.39,0.32098,-1.06272
1779369871.2773,plane,798,,,,,,,,,
1779369871.3897,plane,799,19,0.44160,0.56165,0.002184,0.14971,0.10016,36.29,-0.39584,1.21086
1779369871.4858,plane,800,19,0.50534,0.47166,0.005169,0.08057,0.07203,0.58,0.66193,-0.93470
1779369871.5820,plane,801,19,0.47043,0.51920,0.008652,0.09638,0.07393,83.82,-0.36333,0.49484
1779369871.6772,plane,802,,,,,,,,,
1779369871.7886,plane,803,,,,,,,,,
1779369871.8859,plane,804,19,0.46049,0.50820,0.003937,0.08972,0.08318,84.02,-0.10232,-0.11325
1779369871.9817,plane,805,19,0.44933,0.39877,0.003881,0.09659,0.09024,12.56,-0.11631,-1.13962
1779369872.0775,plane,806,19,0.45432,0.47566,0.003201,0.09986,0.09031,179.53,0.05220,0.80400
1779369872.1901,plane,807,,,,,,,,,
1779369872.2858,plane,808,19,0.44283,0.36918,0.002209,0.12389,0.09536,10.61,-0.11995,-1.11167
1779369872.3812,plane,809,19,0.50223,0.45560,0.002024,0.15215,0.09918,78.79,0.62378,0.90758
1779369872.4777,plane,810,19,0.42215,0.40446,0.003233,0.08642,0.07926,148.69,-0.82842,-0.52910
1779369872.5901,plane,811,19,0.44587,0.49792,0.005410,0.08349,0.06413,124.71,0.21138,0.83296
1779369872.6862,plane,812,19,0.44176,0.51996,0.004223,0.07884,0.06814,80.30,-0.04264,0.22881
1779369872.7818,plane,813,19,0.49835,0.43352,0.005305,0.08340,0.06135,24.28,0.59226,-0.90467
1779369872.8779,plane,814,19,0.44374,0.47374,0.003111,0.08874,0.07944,174.17,-0.56842,0.41860
1779369872.9891,plane,815,19,0.42880,0.39128,0.005237,0.08446,0.05999,24.86,-0.13429,-0.74116
1779369873.0848,plane,816,,,,,,,,,
1779369873.1818,plane,817,19,0.47965,0.48649,0.003177,0.09207,0.08242,173.47,0.52464,0.98240
1779369873.2778,plane,818,19,0.41483,0.39179,0.002904,0.11028,0.09103,147.19,-0.67628,-0.98805
1779369873.3894,plane,819,,,,,,,,,
1779369873.4856,plane,820,19,0.42105,0.46452,0.005361,0.08201,0.06653,154.41,0.06462,0.75616
1779369873.5814,plane,821,19,0.43774,0.38331,0.002886,0.14270,0.09302,112.01,0.17418,-0.84769
1779369873.6775,plane,822,19,0.44871,0.43691,0.002599,0.09670,0.08065,86.63,0.11420,0.55797
1779369873.7893,plane,823,19,0.47376,0.40043,0.005303,0.08634,0.06049,66.96,0.22425,-0.32654
1779369873.8851,plane,824,,,,,,,,,
1779369873.9812,plane,825,19,0.52252,0.51493,0.002791,0.09994,0.08307,113.96,0.50716,1.19080
1779369874.0774,plane,826,19,0.48073,0.43774,0.002806,0.11494,0.09535,136.43,-0.43566,-0.80453
1779369874.1900,plane,827,19,0.49151,0.50993,0.002031,0.12064,0.09278,172.55,0.09562,0.64006
1779369874.2848,plane,828,,,,,,,,,
1779369874.3813,plane,829,,,,,,,,,
1779369874.4773,plane,830,19,0.50320,0.52086,0.002682,0.12733,0.09126,22.63,0.12190,0.11394
1779369874.5887,plane,831,,,,,,,,,
1779369874.6852,plane,832,,,,,,,,,
1779369874.7817,plane,833,19,0.48654,0.53992,0.002162,0.08769,0.08131,98.92,-0.17234,0.19722
1779369874.8776,plane,834,19,0.51801,0.40609,0.002357,0.11049,0.08920,178.66,0.32781,-1.39420
1779369874.9892,plane,835,,,,,,,,,
1779369875.0848,plane,836,,,,,,,,,
1779369875.1807,plane,837,,,,,,,,,
1779369875.2775,plane,838,19,0.53166,0.49514,0.006446,0.08608,0.06648,4.72,0.14099,0.91990
1779369875.3894,plane,839,19,0.49298,0.44248,0.002331,0.16438,0.10435,47.50,-0.34614,-0.47136
1779369875.4856,plane,840,19,0.45388,0.51147,0.003999,0.07664,0.06441,139.06,-0.40571,0.71578
1779369875.5810,plane,841,,,,,,,,,
1779369875.6781,plane,842,19,0.50877,0.42149,0.002485,0.12818,0.09332,34.54,0.56433,-0.92503
1779369875.7893,plane,843,19,0.45815,0.52564,0.002792,0.10504,0.08404,18.75,-0.45564,0.93734
1779369875.8849,plane,844,,,,,,,,,
1779369875.9816,plane,845,19,0.45016,0.44972,0.003933,0.07460,0.06481,1.89,-0.08257,-0.78444
1779369876.0776,plane,846,19,0.47431,0.52820,0.006090,0.08868,0.06123,107.47,0.25202,0.81893
1779369876.1893,plane,847,19,0.49398,0.49577,0.002574,0.13218,0.08945,26.59,0.17577,-0.28979
1779369876.2853,plane,848,19,0.51245,0.45809,0.004174,0.07928,0.07104,71.71,0.19248,-0.39267
1779369876.3820,plane,849,19,0.49809,0.46565,0.002040,0.16119,0.10111,20.54,-0.14842,0.07810
1779369876.4766,plane,850,,,,,,,,,
1779369876.5896,plane,851,19,0.51799,0.41604,0.005196,0.08417,0.06355,69.28,0.17616,-0.43926
1779369876.6853,plane,852,19,0.51910,0.34896,0.003630,0.07468,0.06671,162.60,0.01164,-0.70134
1779369876.7820,plane,853,19,0.48198,0.36294,0.002616,0.10337,0.08564,42.45,-0.38454,0.14485
1779369876.8777,plane,854,19,0.47044,0.40010,0.003694,0.07717,0.07037,83.14,-0.12027,0.38738
1779369876.9897,plane,855,19,0.52628,0.31476,0.005595,0.08499,0.06175,23.64,0.49917,-0.76291
1779369877.0859,plane,856,19,0.46761,0.34537,0.003452,0.07635,0.07303,85.35,-0.60928,0.31788
1779369877.1817,plane,857,19,0.45241,0.28294,0.004306,0.07750,0.06243,17.93,-0.15906,-0.65349
1779369877.2769,plane,858,,,,,,,,,
1779369877.3893,plane,859,19,0.50184,0.33766,0.004440,0.07896,0.06808,89.67,0.43998,0.48709
1779369877.4860,plane,860,19,0.46393,0.22730,0.002041,0.14240,0.09911,4.78,-0.39299,-1.14407
1779369877.5813,plane,861,,,,,,,,,
1779369877.6773,plane,862,19,0.44931,0.34765,0.002628,0.14028,0.09598,23.43,-0.15250,1.25486
1779369877.7910,plane,863,19,0.50113,0.22183,0.003337,0.08478,0.06823,103.09,0.45690,-1.10938
1779369877.8850,plane,864,,,,,,,,,
1779369877.9810,plane,865,,,,,,,,,
1779369878.0765,plane,866,,,,,,,,,
1779369878.1892,plane,867,19,0.50437,0.29905,0.002752,0.08301,0.07822,79.55,0.02873,0.68512
1779369878.2863,plane,868,19,0.48836,0.25441,0.008414,0.08681,0.07238,115.39,-0.16498,-0.46005
1779369878.3813,plane,869,19,0.45932,0.27995,0.005088,0.08164,0.06490,100.10,-0.30594,0.26908
1779369878.4776,plane,870,19,0.45173,0.32829,0.002370,0.09559,0.08482,171.11,-0.07877,0.50146
1779369878.5895,plane,871,19,0.46221,0.35574,0.004983,0.08177,0.06455,119.49,0.09385,0.24580
1779369878.6861,plane,872,19,0.47250,0.44087,0.002889,0.08280,0.07983,111.05,0.10639,0.87955
1779369878.7817,plane,873,19,0.44519,0.46645,0.002179,0.15997,0.10483,130.15,-0.28580,0.26771
1779369878.8772,plane,874,,,,,,,,,
1779369878.9888,plane,875,,,,,,,,,
1779369879.0856,plane,876,19,0.44963,0.40528,0.005902,0.08414,0.06451,7.24,0.04587,-0.63291
1779369879.1816,plane,877,19,0.41094,0.43400,0.002652,0.11850,0.08908,122.60,-0.40211,0.29855
1779369879.2784,plane,878,19,0.36379,0.38627,0.002908,0.09606,0.07967,106.47,-0.48800,-0.49393
1779369879.3893,plane,879,19,0.38398,0.34566,0.002226,0.12285,0.09316,34.22,0.18194,-0.36592
1779369879.4871,plane,880,19,0.40524,0.44517,0.002953,0.09395,0.08278,1.29,0.21826,1.02155
1779369879.5808,plane,881,,,,,,,,,
1779369879.6770,plane,882,,,,,,,,,
1779369879.7895,plane,883,19,0.34865,0.45926,0.003723,0.09109,0.08198,30.22,-0.50279,0.12512
1779369879.8853,plane,884,19,0.40280,0.34494,0.002436,0.11083,0.08817,7.04,0.56507,-1.19303
1779369879.9817,plane,885,19,0.33366,0.40484,0.002135,0.16723,0.10289,62.01,-0.71746,0.62163
1779369880.0765,plane,886,,,,,,,,,
1779369880.1894,plane,887,19,0.35185,0.35435,0.005810,0.08837,0.07426,72.89,0.16097,-0.44700
1779369880.2851,plane,888,19,0.37645,0.43569,0.005102,0.08276,0.06155,138.82,0.25705,0.85000
1779369880.3812,plane,889,19,0.37068,0.39588,0.002358,0.13749,0.09355,113.85,-0.06021,-0.41578
1779369880.4766,plane,890,,,,,,,,,
1779369880.5891,plane,891,19,0.37944,0.44482,0.003727,0.07535,0.07097,137.20,0.07799,0.43584
1779369880.6860,plane,892,19,0.39684,0.37487,0.007038,0.09303,0.06205,70.36,0.17929,-0.72043
1779369880.7814,plane,893,19,0.42203,0.39814,0.003893,0.07834,0.07027,75.72,0.26448,0.24439
1779369880.8773,plane,894,19,0.42281,0.43887,0.003301,0.08668,0.06783,108.15,0.00812,0.42371
1779369880.9914,plane,895,19,0.41698,0.46049,0.003031,0.07708,0.07216,60.01,-0.05133,0.19035
1779369881.0868,plane,896,19,0.42179,0.57054,0.002238,0.12211,0.09238,170.09,0.05019,1.14789
1779369881.1811,plane,897,,,,,,,,,
1779369881.2771,plane,898,,,,,,,,,
1779369881.3894,plane,899,19,0.44769,0.59229,0.002789,0.09292,0.08208,26.65,0.23009,0.19327
1779369881.4854,plane,900,19,0.39261,0.50960,0.004289,0.07854,0.06591,149.12,-0.57407,-0.86194
1779369881.5811,plane,901,19,0.45548,0.55373,0.002872,0.08835,0.08014,18.14,0.65649,0.46078
1779369881.6778,plane,902,19,0.45295,0.46324,0.004793,0.08088,0.06348,134.50,-0.02630,-0.93779
1779369881.7888,plane,903,,,,,,,,,
1779369881.8858,plane,904,19,0.40005,0.56160,0.002928,0.10291,0.08380,17.88,-0.54456,1.01255
1779369881.9820,plane,905,19,0.46014,0.44736,0.002324,0.09851,0.07117,158.31,0.62485,-1.18792
1779369882.0763,plane,906,,,,,,,,,
1779369882.1891,plane,907,19,0.46691,0.54166,0.006020,0.08508,0.06385,21.33,0.06000,0.83566
1779369882.2851,plane,908,,,,,,,,,
1779369882.3810,plane,909,19,0.42385,0.55095,0.002150,0.15550,0.10336,138.97,-0.44926,0.09689
1779369882.4771,plane,910,19,0.41065,0.47917,0.005180,0.08413,0.06184,124.28,-0.13725,-0.74637
1779369882.5901,plane,911,19,0.40098,0.48763,0.006105,0.08566,0.06281,158.00,-0.08562,0.07489
1779369882.6855,plane,912,19,0.37794,0.56324,0.003164,0.08388,0.06675,58.59,-0.24161,0.79307
1779369882.7821,plane,913,19,0.36182,0.53975,0.002992,0.08195,0.07505,86.39,-0.16737,-0.24400
1779369882.8778,plane,914,19,0.33088,0.55406,0.005914,0.08563,0.06552,78.88,-0.32235,0.14911
1779369882.9885,plane,915,,,,,,,,,
1779369883.0853,plane,916,19,0.29377,0.43107,0.003070,0.07737,0.07147,64.01,-0.38356,-1.27121
1779369883.1816,plane,917,19,0.30710,0.53708,0.002518,0.11354,0.08598,162.60,0.13841,1.10036
1779369883.2769,plane,918,19,0.29014,0.49558,0.002143,0.16299,0.10128,101.03,-0.17815,-0.43598
1779369883.3887,plane,919,,,,,,,,,
1779369883.4859,plane,920,19,0.30570,0.54113,0.002950,0.08493,0.08092,56.63,0.16050,0.46981
1779369883.5812,plane,921,,,,,,,,,
1779369883.6764,plane,922,,,,,,,,,
1779369883.7892,plane,923,,,,,,,,,
1779369883.8845,plane,924,,,,,,,,,
1779369883.9817,plane,925,19,0.27496,0.49712,0.007994,0.09130,0.06988,168.99,-0.31673,-0.45342
1779369884.0778,plane,926,19,0.30434,0.49591,0.002060,0.17468,0.10578,82.07,0.30562,-0.01263
1779369884.1892,plane,927,19,0.34189,0.52021,0.005534,0.08650,0.06089,69.45,0.33678,0.21794
1779369884.2850,plane,928,19,0.33340,0.52737,0.002704,0.10441,0.08640,26.97,-0.08861,0.07472
1779369884.3820,plane,929,19,0.29738,0.44041,0.007341,0.08763,0.06725,174.87,-0.37297,-0.90047
1779369884.4778,plane,930,19,0.33764,0.49210,0.005242,0.08856,0.07794,42.92,0.41852,0.53733
1779369884.5892,plane,931,19,0.37730,0.40113,0.002391,0.13533,0.09545,56.49,0.35584,-0.81624
1779369884.6845,plane,932,,,,,,,,,
1779369884.7814,plane,933,19,0.32253,0.48815,0.004200,0.08305,0.05980,139.48,-0.56541,0.89849
1779369884.8771,plane,934,,,,,,,,,
1779369884.9892,plane,935,19,0.32540,0.40579,0.005063,0.08168,0.06240,23.11,0.02559,-0.73491
1779369885.0856,plane,936,19,0.32720,0.48381,0.004544,0.08496,0.07228,100.81,0.01871,0.81113
1779369885.1813,plane,937,,,,,,,,,
1779369885.2778,plane,938,19,0.35577,0.46274,0.003167,0.09962,0.07445,90.80,0.29540,-0.21785
1779369885.3894,plane,939,19,0.37270,0.44461,0.005595,0.08246,0.06598,158.57,0.15184,-0.16267
1779369885.4853,plane,940,19,0.38959,0.45565,0.004857,0.08405,0.06549,105.34,0.17596,0.11503
1779369885.5815,plane,941,19,0.40679,0.42591,0.003942,0.07623,0.06319,159.97,0.17867,-0.30891
1779369885.6776,plane,942,19,0.41194,0.35211,0.005970,0.08739,0.07146,86.93,0.05371,-0.76937
1779369885.7891,plane,943,,,,,,,,,
1779369885.8867,plane,944,19,0.42105,0.45940,0.007304,0.09259,0.06554,161.48,0.09345,1.10017
1779369885.9813,plane,945,19,0.44778,0.42233,0.003752,0.07385,0.06680,172.03,0.28304,-0.39259
1779369886.0775,plane,946,19,0.49106,0.46359,0.003440,0.08043,0.07835,131.43,0.44940,0.42840
1779369886.1896,plane,947,19,0.47358,0.41944,0.002453,0.14837,0.09531,102.35,-0.15602,-0.39396
1779369886.2844,plane,948,,,,,,,,,
1779369886.3816,plane,949,19,0.52276,0.48077,0.002516,0.09084,0.08540,22.60,0.50684,0.63202
1779369886.4777,plane,950,19,0.47428,0.35210,0.002591,0.12019,0.09131,178.16,-0.50401,-1.33774
1779369886.5900,plane,951,19,0.53372,0.44419,0.002065,0.12250,0.09287,158.01,0.52997,0.82106
1779369886.6850,plane,952,,,,,,,,,
1779369886.7812,plane,953,19,0.52738,0.37886,0.005837,0.08794,0.06515,145.90,-0.06594,-0.67938
1779369886.8773,plane,954,19,0.50163,0.45221,0.003896,0.08245,0.06034,73.14,-0.26794,0.76310
1779369886.9892,plane,955,19,0.49024,0.43665,0.004466,0.08003,0.06717,33.58,-0.10169,-0.13895
1779369887.0851,plane,956,19,0.46114,0.42680,0.004985,0.08424,0.06735,84.05,-0.30344,-0.10272
1779369887.1811,plane,957,19,0.43781,0.42857,0.003381,0.08091,0.07873,10.81,-0.24357,0.01846
1779369887.2768,plane,958,,,,,,,,,
1779369887.3894,plane,959,19,0.43688,0.37927,0.004815,0.08516,0.07316,78.54,-0.00824,-0.43875
1779369887.4853,plane,960,19,0.44027,0.31180,0.003135,0.10475,0.08196,107.75,0.03525,-0.70185
1779369887.5804,plane,961,,,,,,,,,
1779369887.6776,plane,962,19,0.47606,0.36845,0.004761,0.08847,0.07727,118.88,0.36954,0.58486
1779369887.7893,plane,963,19,0.46033,0.25967,0.003160,0.10839,0.08870,168.16,-0.14050,-0.97155
1779369887.8845,plane,964,,,,,,,,,
1779369887.9809,plane,965,,,,,,,,,
1779369888.0776,plane,966,19,0.49334,0.23327,0.002211,0.10405,0.09079,5.84,0.34088,-0.27262
1779369888.1894,plane,967,19,0.44945,0.35688,0.003465,0.09534,0.08016,17.05,-0.39297,1.10667
1779369888.2844,plane,968,,,,,,,,,
1779369888.3807,plane,969,,,,,,,,,
1779369888.4776,plane,970,19,0.50001,0.37767,0.002752,0.09530,0.08463,177.52,0.52208,0.21466
1779369888.5891,plane,971,19,0.44980,0.24931,0.003203,0.09367,0.08125,8.75,-0.45025,-1.15089
1779369888.6845,plane,972,,,,,,,,,
1779369888.7806,plane,973,,,,,,,,,
1779369888.8782,plane,974,19,0.50457,0.23950,0.002584,0.10725,0.09288,28.26,0.56202,-0.10071
1779369888.9894,plane,975,19,0.45480,0.35633,0.004284,0.09431,0.08195,159.07,-0.44696,1.04918
1779369889.0851,plane,976,19,0.50143,0.28155,0.002446,0.09394,0.08849,150.48,0.48720,-0.78136
1779369889.1806,plane,977,,,,,,,,,
1779369889.2777,plane,978,19,0.49618,0.36793,0.002998,0.09546,0.08676,99.98,-0.05400,0.88932
1779369889.3895,plane,979,19,0.47205,0.25458,0.003938,0.10523,0.08709,20.84,-0.21592,-1.01419
1779369889.4856,plane,980,19,0.48559,0.33738,0.003372,0.09727,0.08813,28.57,0.14097,0.86231
1779369889.5810,plane,981,,,,,,,,,
1779369889.6774,plane,982,19,0.48245,0.24438,0.002463,0.11075,0.09418,36.36,-0.03252,-0.96426
1779369889.7892,plane,983,19,0.48373,0.36822,0.004552,0.09111,0.08127,139.21,0.01147,1.10913
1779369889.8857,plane,984,19,0.46935,0.27549,0.002731,0.10592,0.08991,170.71,-0.14912,-0.96119
1779369889.9809,plane,985,,,,,,,,,
1779369890.0775,plane,986,19,0.47377,0.38577,0.002267,0.09901,0.08855,130.77,0.04576,1.14130
1779369890.1898,plane,987,19,0.51870,0.30894,0.003150,0.11076,0.09086,100.84,0.40046,-0.68479
1779369890.2862,plane,988,19,0.45183,0.35199,0.004983,0.08051,0.07227,89.42,-0.69457,0.44713
1779369890.3818,plane,989,19,0.46349,0.25570,0.003801,0.07710,0.06677,39.54,0.12167,-1.00459
1779369890.4763,plane,990,,,,,,,,,
1779369890.5892,plane,991,19,0.50336,0.34863,0.004055,0.07851,0.07485,95.73,0.35322,0.82332
1779369890.6848,plane,992,19,0.45168,0.23553,0.002411,0.09951,0.08615,176.49,-0.54023,-1.18240
1779369890.7808,plane,993,,,,,,,,,
1779369890.8765,plane,994,,,,,,,,,
1779369890.9897,plane,995,19,0.49932,0.21997,0.003454,0.07986,0.07943,47.15,0.42122,-0.13756
1779369891.0865,plane,996,19,0.45737,0.33381,0.003711,0.07843,0.07430,122.70,-0.43344,1.17610
1779369891.1806,plane,997,,,,,,,,,
1779369891.2766,plane,998,,,,,,,,,
1779369891.3891,plane,999,19,0.48487,0.34711,0.003940,0.07862,0.07452,74.95,0.24435,0.11819
1779369891.4853,plane,1000,19,0.46428,0.22767,0.002987,0.09394,0.08269,174.76,-0.21401,-1.24172
1779369891.5820,plane,1001,19,0.49483,0.30556,0.002358,0.11437,0.09269,143.47,0.31648,0.80693
1779369891.6769,plane,1002,,,,,,,,,
1779369891.7901,plane,1003,19,0.45655,0.20611,0.002250,0.12375,0.09340,171.19,-0.33868,-0.87973
1779369891.8845,plane,1004,,,,,,,,,
1779369891.9817,plane,1005,19,0.44218,0.26346,0.005088,0.08293,0.06424,29.50,-0.14801,0.59087
1779369892.0778,plane,1006,19,0.46244,0.29323,0.002821,0.11249,0.08455,104.29,0.21093,0.31003
1779369892.1888,plane,1007,,,,,,,,,
1779369892.2846,plane,1008,,,,,,,,,
1779369892.3814,plane,1009,19,0.47154,0.35268,0.006733,0.08943,0.06356,171.33,0.09395,0.61374
1779369892.4773,plane,1010,19,0.50451,0.32268,0.003969,0.07726,0.07167,43.30,0.34402,-0.31305
1779369892.5887,plane,1011,,,,,,,,,
1779369892.6850,plane,1012,,,,,,,,,
1779369892.7814,plane,1013,19,0.51803,0.33604,0.007540,0.08706,0.06794,9.50,0.14044,0.13878
1779369892.8778,plane,1014,19,0.55179,0.35324,0.003957,0.07610,0.06987,31.21,0.35034,0.17842
1779369892.9905,plane,1015,19,0.57655,0.35659,0.006458,0.08751,0.06252,32.60,0.21934,0.02972
1779369893.0864,plane,1016,19,0.59842,0.36919,0.006492,0.08750,0.06317,21.39,0.22829,0.13154
1779369893.1824,plane,1017,19,0.62137,0.40403,0.005917,0.08517,0.06358,17.83,0.23882,0.36243
1779369893.2774,plane,1018,19,0.65172,0.39344,0.006037,0.08618,0.06382,40.81,0.31953,-0.11143
1779369893.3896,plane,1019,19,0.67583,0.41774,0.006088,0.08697,0.06266,23.87,0.21475,0.21644
1779369893.4853,plane,1020,19,0.69621,0.44657,0.005697,0.08635,0.06037,26.17,0.21357,0.30224
1779369893.5815,plane,1021,19,0.72923,0.44211,0.005781,0.08607,0.06372,39.80,0.34351,-0.04642
1779369893.6776,plane,1022,19,0.74541,0.50557,0.005647,0.08758,0.06024,150.53,0.16773,0.65797
1779369893.7896,plane,1023,19,0.77350,0.51798,0.005497,0.08532,0.06137,155.69,0.25107,0.11089
1779369893.8856,plane,1024,19,0.79428,0.43938,0.004211,0.07851,0.06981,40.05,0.21641,-0.81846
1779369893.9815,plane,1025,19,0.81833,0.46187,0.003201,0.09555,0.07889,105.29,0.25097,0.23470
1779369894.0773,plane,1026,19,0.85422,0.46147,0.005285,0.08329,0.06680,89.11,0.37408,-0.00414
1779369894.1898,plane,1027,19,0.87374,0.45777,0.002830,0.11264,0.08762,162.24,0.17396,-0.03294
1779369894.2848,plane,1028,,,,,,,,,
1779369894.3811,plane,1029,19,0.91782,0.51137,0.006734,0.09063,0.06437,128.22,0.45825,0.55721
1779369894.4779,plane,1030,19,0.90475,0.54901,0.004405,0.08033,0.06345,120.29,-0.13523,0.38947
1779369894.5900,plane,1031,19,0.89869,0.57533,0.006605,0.08847,0.06337,102.55,-0.05394,0.23442
1779369894.6859,plane,1032,19,0.89532,0.60818,0.007019,0.08971,0.06777,135.52,-0.03522,0.34275
1779369894.7816,plane,1033,19,0.90510,0.66819,0.007818,0.08821,0.06788,139.20,0.10203,0.62587
1779369894.8776,plane,1034,19,0.87707,0.67723,0.007980,0.09197,0.07055,138.01,-0.29276,0.09449
1779369894.9896,plane,1035,19,0.87129,0.72809,0.008316,0.08806,0.07213,139.48,-0.05155,0.45318
1779369895.0854,plane,1036,19,0.85360,0.76211,0.007843,0.08793,0.06703,134.60,-0.18458,0.35517
1779369895.1824,plane,1037,19,0.83577,0.79572,0.007760,0.08684,0.06938,146.27,-0.18433,0.34732
1779369895.2783,plane,1038,19,0.81646,0.82537,0.007599,0.08610,0.07047,153.98,-0.20095,0.30856
1779369895.3902,plane,1039,19,0.79395,0.85210,0.007841,0.08544,0.07172,157.76,-0.20144,0.23925
1779369895.4860,plane,1040,19,0.77250,0.87429,0.007567,0.08563,0.06871,162.74,-0.22360,0.23131
1779369895.5821,plane,1041,19,0.74919,0.89572,0.007370,0.08522,0.07046,173.52,-0.24286,0.22330
1779369895.6791,plane,1042,19,0.72813,0.90960,0.006214,0.08406,0.06730,165.04,-0.21677,0.14278
1779369895.7903,plane,1043,19,0.70063,0.91956,0.007063,0.08551,0.06855,2.89,-0.24774,0.08975
1779369895.8860,plane,1044,19,0.68271,0.92375,0.006414,0.08049,0.07204,176.45,-0.18685,0.04367
1779369895.9824,plane,1045,19,0.65478,0.92289,0.006044,0.08396,0.06485,7.71,-0.29118,-0.00898
1779369896.0779,plane,1046,19,0.63169,0.93980,0.006465,0.08994,0.06383,54.65,-0.24093,0.17652
1779369896.1900,plane,1047,19,0.60371,0.92891,0.006890,0.08918,0.06429,48.46,-0.24919,-0.09702
1779369896.2856,plane,1048,19,0.59261,0.88494,0.007148,0.09513,0.06624,56.38,-0.11625,-0.46060
1779369896.3818,plane,1049,19,0.56945,0.86586,0.006593,0.08826,0.06498,42.38,-0.24042,-0.19807
1779369896.4773,plane,1050,19,0.57121,0.79351,0.002601,0.18081,0.10345,66.60,0.01843,-0.75940
1779369896.5899,plane,1051,19,0.54311,0.77882,0.003252,0.09484,0.07970,67.86,-0.24916,-0.13027
1779369896.6847,plane,1052,,,,,,,,,
1779369896.7822,plane,1053,19,0.51927,0.84015,0.003301,0.09169,0.07997,107.59,-0.24496,0.63011
1779369896.8781,plane,1054,19,0.51405,0.85050,0.007082,0.09456,0.07262,104.08,-0.05422,0.10761
1779369896.9886,plane,1055,,,,,,,,,
1779369897.0878,plane,1056,,,,,,,,,
1779369897.1818,plane,1057,19,0.46456,0.84567,0.002730,0.10910,0.08821,11.90,-0.52440,-0.05111
1779369897.2771,plane,1058,19,0.51764,0.72540,0.002652,0.10434,0.08520,13.78,0.55710,-1.26244
1779369897.3887,plane,1059,,,,,,,,,
1779369897.4859,plane,1060,,,,,,,,,
1779369897.5818,plane,1061,19,0.45546,0.71839,0.002370,0.14178,0.09814,159.91,-0.64805,-0.07298
1779369897.6778,plane,1062,19,0.52630,0.82336,0.003016,0.10973,0.09012,150.77,0.73867,1.09462
1779369897.7891,plane,1063,,,,,,,,,
1779369897.8851,plane,1064,19,0.51940,0.74762,0.006280,0.08698,0.06337,150.72,-0.07172,-0.78801
1779369897.9813,plane,1065,,,,,,,,,
1779369898.0778,plane,1066,19,0.46857,0.75819,0.003059,0.10101,0.08561,6.91,-0.52467,0.10910
1779369898.1900,plane,1067,19,0.47878,0.85309,0.004618,0.08211,0.06318,47.54,0.09118,0.84746
1779369898.2860,plane,1068,19,0.48526,0.84904,0.002909,0.09472,0.08034,102.42,0.06735,-0.04204
1779369898.3817,plane,1069,19,0.41651,0.77459,0.003564,0.09553,0.08358,79.84,-0.71946,-0.77915
1779369898.4778,plane,1070,19,0.45525,0.86475,0.004015,0.09367,0.08370,67.77,0.40226,0.93617
1779369898.5899,plane,1071,19,0.41701,0.82548,0.003206,0.09901,0.08578,70.67,-0.34183,-0.35098
1779369898.6851,plane,1072,,,,,,,,,
1779369898.7813,plane,1073,19,0.42714,0.88187,0.003398,0.09707,0.08323,81.97,0.10519,0.58574
1779369898.8782,plane,1074,19,0.43912,0.77945,0.002750,0.09452,0.09004,156.42,0.12366,-1.05681
1779369898.9897,plane,1075,19,0.44099,0.85519,0.003179,0.10196,0.09295,10.59,0.01671,0.67869
1779369899.0848,plane,1076,,,,,,,,,
1779369899.1807,plane,1077,,,,,,,,,
1779369899.2779,plane,1078,,,,,,,,,
1779369899.3908,plane,1079,19,0.44696,0.79971,0.002472,0.10255,0.09053,173.51,0.05269,-0.48914
1779369899.4850,plane,1080,,,,,,,,,
1779369899.5812,plane,1081,,,,,,,,,
1779369899.6786,plane,1082,19,0.39668,0.77888,0.002452,0.13700,0.09715,136.26,-0.51377,-0.21284
1779369899.7888,plane,1083,,,,,,,,,
1779369899.8862,plane,1084,19,0.40934,0.86671,0.007102,0.08888,0.06674,149.25,0.13010,0.90232
1779369899.9812,plane,1085,,,,,,,,,
1779369900.0775,plane,1086,19,0.44293,0.83136,0.003532,0.07625,0.07002,136.10,0.34849,-0.36683
1779369900.1893,plane,1087,19,0.45154,0.78447,0.005234,0.08035,0.06512,20.32,0.07729,-0.42098
1779369900.2852,plane,1088,19,0.46745,0.77549,0.005710,0.08165,0.06471,3.98,0.16530,-0.09328
1779369900.3816,plane,1089,19,0.48785,0.78468,0.003538,0.07965,0.07418,76.79,0.21187,0.09539
1779369900.4779,plane,1090,19,0.50980,0.77236,0.004471,0.08038,0.06464,27.94,0.22763,-0.12774
1779369900.5907,plane,1091,19,0.52622,0.84231,0.006678,0.08902,0.06436,131.51,0.14595,0.62177
1779369900.6858,plane,1092,19,0.54592,0.83624,0.006307,0.08568,0.06872,135.28,0.20658,-0.06361
1779369900.7821,plane,1093,19,0.56418,0.80201,0.003664,0.07892,0.07309,90.15,0.18996,-0.35610
1779369900.8784,plane,1094,19,0.57395,0.77611,0.004306,0.07731,0.06616,153.86,0.10148,-0.26893
1779369900.9895,plane,1095,19,0.57888,0.69907,0.004369,0.07968,0.06770,65.59,0.04436,-0.69343
1779369901.0849,plane,1096,,,,,,,,,
1779369901.1830,plane,1097,19,0.59048,0.77971,0.003655,0.07281,0.06830,173.54,0.11816,0.82151
1779369901.2781,plane,1098,19,0.61483,0.77995,0.003564,0.07476,0.07052,155.31,0.25636,0.00253
1779369901.3895,plane,1099,19,0.65767,0.81695,0.003554,0.07797,0.07440,79.58,0.38402,0.33159
1779369901.4859,plane,1100,19,0.65626,0.74301,0.002570,0.11700,0.09045,130.61,-0.01467,-0.76773
1779369901.5811,plane,1101,,,,,,,,,
1779369901.6768,plane,1102,,,,,,,,,
1779369901.7892,plane,1103,19,0.65306,0.71203,0.002884,0.09997,0.08356,18.09,-0.02841,-0.27534
1779369901.8861,plane,1104,19,0.71212,0.80125,0.002375,0.13636,0.09649,148.61,0.61083,0.92282
1779369901.9811,plane,1105,,,,,,,,,
1779369902.0773,plane,1106,19,0.70307,0.72843,0.007329,0.08844,0.06603,140.81,-0.09393,-0.75615
1779369902.1894,plane,1107,19,0.68244,0.77149,0.002104,0.12258,0.08886,70.71,-0.18492,0.38586
1779369902.2861,plane,1108,19,0.65580,0.76420,0.004996,0.08204,0.06449,102.26,-0.27411,-0.07504
1779369902.3816,plane,1109,19,0.66839,0.81348,0.003799,0.07639,0.06822,36.78,0.13199,0.51652
1779369902.4776,plane,1110,19,0.66019,0.86766,0.007046,0.08695,0.06591,22.95,-0.08542,0.56410
1779369902.5895,plane,1111,19,0.63913,0.79929,0.002792,0.12646,0.08656,71.51,-0.18849,-0.61205
1779369902.6865,plane,1112,19,0.62590,0.83208,0.003016,0.07911,0.07477,75.29,-0.13609,0.33741
1779369902.7829,plane,1113,19,0.60618,0.80938,0.005485,0.08606,0.06113,112.75,-0.20527,-0.23622
1779369902.8776,plane,1114,19,0.60224,0.81112,0.002599,0.13045,0.08840,69.30,-0.04140,0.01826
1779369902.9901,plane,1115,19,0.57007,0.93393,0.003160,0.08829,0.07985,19.21,-0.28651,1.09369
1779369903.0866,plane,1116,19,0.58629,0.83224,0.002772,0.09059,0.07864,64.46,0.16770,-1.05104
1779369903.1807,plane,1117,,,,,,,,,
1779369903.2772,plane,1118,,,,,,,,,
1779369903.3904,plane,1119,19,0.59103,0.80338,0.002743,0.09717,0.08369,173.42,0.04172,-0.25443
1779369903.4860,plane,1120,19,0.56784,0.91816,0.003038,0.09564,0.08598,0.79,-0.24250,1.20022
1779369903.5811,plane,1121,,,,,,,,,
1779369903.6774,plane,1122,,,,,,,,,
1779369903.7894,plane,1123,19,0.59665,0.93912,0.003064,0.10037,0.08691,172.40,0.25750,0.18724
1779369903.8849,plane,1124,,,,,,,,,
1779369903.9806,plane,1125,,,,,,,,,
1779369904.0769,plane,1126,,,,,,,,,
1779369904.1893,plane,1127,19,0.61181,0.84665,0.007246,0.09228,0.06898,0.76,0.13479,-0.82247
1779369904.2849,plane,1128,,,,,,,,,
1779369904.3821,plane,1129,19,0.57634,0.85670,0.002613,0.08877,0.07942,92.39,-0.36362,0.10300
1779369904.4777,plane,1130,19,0.54976,0.88860,0.005591,0.08572,0.06345,61.80,-0.27800,0.33363
1779369904.5896,plane,1131,19,0.53449,0.90424,0.003228,0.08959,0.08108,178.75,-0.13647,0.13983
1779369904.6857,plane,1132,19,0.49261,0.83239,0.003769,0.07903,0.07276,135.19,-0.43615,-0.74828
1779369904.7815,plane,1133,19,0.52950,0.84404,0.005778,0.08543,0.06289,95.51,0.38444,0.12139
1779369904.8767,plane,1134,,,,,,,,,
1779369904.9899,plane,1135,19,0.55375,0.74904,0.003883,0.07585,0.06632,27.68,0.21455,-0.84062
1779369905.0858,plane,1136,19,0.52756,0.80519,0.007014,0.08845,0.06630,70.44,-0.27257,0.58442
1779369905.1814,plane,1137,19,0.50844,0.77136,0.003972,0.07760,0.07312,75.50,-0.19992,-0.35362
1779369905.2780,plane,1138,19,0.49335,0.72691,0.003935,0.09534,0.08133,60.00,-0.15672,-0.46158
1779369905.3891,plane,1139,,,,,,,,,
1779369905.4854,plane,1140,,,,,,,,,
1779369905.5821,plane,1141,19,0.49933,0.70361,0.002389,0.12431,0.08956,160.33,0.06175,-0.24063
1779369905.6770,plane,1142,,,,,,,,,
1779369905.7893,plane,1143,,,,,,,,,
1779369905.8860,plane,1144,19,0.51485,0.72924,0.002636,0.10122,0.08489,17.76,0.16053,0.26507
1779369905.9809,plane,1145,,,,,,,,,
1779369906.0767,plane,1146,,,,,,,,,
1779369906.1890,plane,1147,,,,,,,,,
1779369906.2872,plane,1148,19,0.53847,0.64183,0.005912,0.08323,0.06535,8.13,0.24045,-0.88968
1779369906.3816,plane,1149,19,0.48766,0.71252,0.003091,0.09991,0.07750,133.79,-0.53663,0.74659
1779369906.4776,plane,1150,19,0.46987,0.61419,0.004890,0.08438,0.05872,67.63,-0.18556,-1.02553
1779369906.5890,plane,1151,,,,,,,,,
1779369906.6854,plane,1152,19,0.51674,0.73375,0.002701,0.10353,0.08481,155.53,0.48626,1.24024
1779369906.7815,plane,1153,19,0.45655,0.61583,0.003308,0.08762,0.05735,38.71,-0.62784,-1.22999
1779369906.8777,plane,1154,19,0.52486,0.67419,0.002336,0.12511,0.09156,116.79,0.70866,0.60541
1779369906.9887,plane,1155,,,,,,,,,
1779369907.0858,plane,1156,19,0.51602,0.63540,0.004349,0.07715,0.06336,164.11,-0.09089,-0.39862
1779369907.1812,plane,1157,19,0.48715,0.69861,0.006609,0.09725,0.05838,75.40,-0.30253,0.66240
1779369907.2777,plane,1158,19,0.46771,0.67774,0.004364,0.07998,0.06400,67.53,-0.20170,-0.21652
1779369907.3923,plane,1159,19,0.45002,0.63311,0.004332,0.08729,0.07073,98.32,-0.15501,-0.39107
1779369907.4854,plane,1160,19,0.44936,0.63292,0.003265,0.07938,0.07741,178.04,-0.00701,-0.00201
1779369907.5813,plane,1161,19,0.46528,0.59829,0.003026,0.08167,0.07827,20.61,0.16610,-0.36122
1779369907.6777,plane,1162,19,0.45913,0.57929,0.005732,0.09154,0.06158,53.21,-0.06398,-0.19763
1779369907.7887,plane,1163,,,,,,,,,
1779369907.8854,plane,1164,,,,,,,,,
1779369907.9814,plane,1165,19,0.46545,0.57525,0.003231,0.19140,0.10390,15.44,0.06594,-0.04217
1779369908.0770,plane,1166,,,,,,,,,
1779369908.1888,plane,1167,,,,,,,,,
1779369908.2848,plane,1168,,,,,,,,,
1779369908.3819,plane,1169,19,0.48119,0.43723,0.002109,0.13978,0.09623,7.18,0.16230,-1.42359
1779369908.4774,plane,1170,19,0.42571,0.55406,0.002421,0.09127,0.07566,143.50,-0.57985,1.22100
1779369908.5886,plane,1171,,,,,,,,,
1779369908.6856,plane,1172,19,0.41811,0.47731,0.006424,0.08485,0.06636,12.82,-0.07847,-0.79209
1779369908.7812,plane,1173,,,,,,,,,
1779369908.8773,plane,1174,19,0.45767,0.47250,0.002479,0.10656,0.08735,120.11,0.41189,-0.05005
1779369908.9893,plane,1175,19,0.47517,0.53658,0.006558,0.08835,0.06368,132.78,0.15654,0.57326
1779369909.0859,plane,1176,19,0.47747,0.56463,0.002335,0.12977,0.09326,32.68,0.02370,0.28981
1779369909.1814,plane,1177,19,0.54079,0.47434,0.004489,0.07869,0.06316,23.49,0.66380,-0.94654
1779369909.2774,plane,1178,19,0.50552,0.51768,0.008131,0.09661,0.06997,86.95,-0.36685,0.45077
1779369909.3894,plane,1179,19,0.49593,0.48764,0.004890,0.08387,0.06101,72.12,-0.08565,-0.26831
1779369909.4853,plane,1180,19,0.47839,0.44339,0.004057,0.08178,0.07405,109.02,-0.18275,-0.46115
1779369909.5818,plane,1181,19,0.47988,0.43608,0.004137,0.07755,0.06769,71.45,0.01540,-0.07574
1779369909.6774,plane,1182,19,0.48704,0.39959,0.003474,0.07665,0.07286,79.64,0.07498,-0.38206
1779369909.7895,plane,1183,19,0.48173,0.36992,0.005792,0.09027,0.06930,54.54,-0.04742,-0.26503
1779369909.8852,plane,1184,,,,,,,,,
1779369909.9812,plane,1185,19,0.47087,0.33026,0.002033,0.15086,0.09925,156.12,-0.11312,-0.41285
1779369910.0774,plane,1186,19,0.48073,0.33633,0.007160,0.09043,0.06918,106.57,0.10254,0.06316
1779369910.1883,plane,1187,,,,,,,,,
1779369910.2847,plane,1188,,,,,,,,,
1779369910.3813,plane,1189,,,,,,,,,
1779369910.4785,plane,1190,19,0.49993,0.19222,0.002463,0.10834,0.08740,11.18,0.19848,-1.49016
1779369910.5895,plane,1191,19,0.44617,0.31108,0.002999,0.08516,0.08014,170.64,-0.48194,1.06567
1779369910.6849,plane,1192,,,,,,,,,
1779369910.7810,plane,1193,,,,,,,,,
1779369910.8777,plane,1194,19,0.49808,0.32936,0.003072,0.08793,0.08200,157.67,0.53709,0.18917
1779369910.9899,plane,1195,19,0.44973,0.21074,0.002636,0.11273,0.08855,173.94,-0.43048,-1.05613
1779369911.0849,plane,1196,,,,,,,,,
1779369911.1811,plane,1197,19,0.43808,0.29845,0.004905,0.07834,0.06568,171.30,-0.12109,0.91136
1779369911.2777,plane,1198,19,0.47039,0.20882,0.004903,0.08354,0.06265,64.07,0.33499,-0.92910
1779369911.3898,plane,1199,19,0.46954,0.27872,0.002813,0.09891,0.08078,105.02,-0.00763,0.62302
1779369911.4857,plane,1200,19,0.50158,0.26385,0.005378,0.08385,0.06496,76.96,0.33460,-0.15527
1779369911.5812,plane,1201,,,,,,,,,
1779369911.6772,plane,1202,19,0.53386,0.35402,0.003621,0.07547,0.07215,133.44,0.33617,0.93899
1779369911.7894,plane,1203,19,0.51621,0.31906,0.007746,0.09005,0.06775,101.01,-0.15758,-0.31202
1779369911.8862,plane,1204,19,0.48636,0.34655,0.004154,0.08056,0.07497,46.46,-0.30788,0.28350
1779369911.9813,plane,1205,19,0.50261,0.39294,0.003048,0.10336,0.08655,30.81,0.17131,0.48892
1779369912.0776,plane,1206,19,0.50231,0.41752,0.004025,0.07742,0.06328,142.12,-0.00315,0.25464
1779369912.1895,plane,1207,19,0.49416,0.51884,0.002057,0.11811,0.09229,7.95,-0.07296,0.90723
1779369912.2852,plane,1208,,,,,,,,,
1779369912.3811,plane,1209,,,,,,,,,
1779369912.4773,plane,1210,19,0.46335,0.54717,0.002172,0.09609,0.09023,5.32,-0.32010,0.29438
1779369912.5893,plane,1211,19,0.51264,0.47902,0.006102,0.09345,0.06748,29.88,0.44088,-0.60966
1779369912.6862,plane,1212,19,0.45534,0.50225,0.004327,0.07985,0.07252,60.93,-0.59076,0.23956
1779369912.7812,plane,1213,19,0.44249,0.43216,0.003423,0.07736,0.07470,73.01,-0.13532,-0.73792
1779369912.8767,plane,1214,,,,,,,,,
1779369912.9899,plane,1215,19,0.49280,0.48722,0.003688,0.07760,0.07106,69.91,0.44514,0.48726
1779369913.0862,plane,1216,,,,,,,,,
1779369913.1813,plane,1217,,,,,,,,,
1779369913.2778,plane,1218,19,0.42989,0.49303,0.002180,0.11758,0.09113,58.88,-0.65148,0.06013
1779369913.3897,plane,1219,19,0.48827,0.36571,0.003096,0.08407,0.07947,13.09,0.52235,-1.13922
1779369913.4862,plane,1220,19,0.44953,0.47056,0.002850,0.09632,0.08420,15.24,-0.40173,1.08728
1779369913.5810,plane,1221,,,,,,,,,
1779369913.6773,plane,1222,,,,,,,,,
1779369913.7894,plane,1223,19,0.47224,0.48838,0.003847,0.07873,0.06929,71.11,0.20258,0.15898
1779369913.8855,plane,1224,19,0.45129,0.39963,0.002862,0.10968,0.09084,169.11,-0.21854,-0.92569
1779369913.9812,plane,1225,,,,,,,,,
1779369914.0766,plane,1226,,,,,,,,,
1779369914.1899,plane,1227,19,0.45963,0.35920,0.003016,0.08261,0.07943,7.15,0.07362,-0.35708
1779369914.2867,plane,1228,19,0.46952,0.46358,0.003852,0.10285,0.08747,167.92,0.10216,1.07789
1779369914.3812,plane,1229,,,,,,,,,
1779369914.4770,plane,1230,,,,,,,,,
1779369914.5897,plane,1231,19,0.45030,0.49036,0.003991,0.08699,0.08020,33.83,-0.17084,0.23809
1779369914.6856,plane,1232,19,0.48521,0.37755,0.002752,0.12466,0.09213,178.63,0.36327,-1.17380
1779369914.7810,plane,1233,,,,,,,,,
1779369914.8772,plane,1234,,,,,,,,,
1779369914.9899,plane,1235,19,0.44136,0.35459,0.002791,0.08791,0.08332,177.20,-0.38868,-0.20360
1779369915.0857,plane,1236,19,0.49361,0.48023,0.003362,0.07676,0.07237,76.24,0.54604,1.31300
1779369915.1806,plane,1237,,,,,,,,,
1779369915.2765,plane,1238,,,,,,,,,
1779369915.3894,plane,1239,19,0.44623,0.49871,0.003147,0.08760,0.08199,2.02,-0.42055,0.16397
1779369915.4853,plane,1240,19,0.48670,0.37388,0.002647,0.10554,0.08607,13.94,0.42113,-1.29879
1779369915.5819,plane,1241,19,0.43210,0.46152,0.002307,0.13855,0.09704,33.98,-0.56730,0.91067
1779369915.6771,plane,1242,,,,,,,,,
1779369915.7896,plane,1243,19,0.43571,0.39805,0.004508,0.07798,0.06327,15.31,0.03204,-0.56423
1779369915.8859,plane,1244,19,0.46469,0.46329,0.006236,0.08773,0.06202,118.25,0.30189,0.67953
1779369915.9816,plane,1245,19,0.47372,0.43511,0.004150,0.07689,0.06961,134.13,0.09408,-0.29348
1779369916.0778,plane,1246,19,0.50090,0.41366,0.003950,0.07811,0.07282,80.15,0.28275,-0.22309
1779369916.1907,plane,1247,19,0.51978,0.41399,0.003742,0.07794,0.07016,64.49,0.16726,0.00290
1779369916.2850,plane,1248,,,,,,,,,
1779369916.3820,plane,1249,19,0.52484,0.36446,0.005280,0.08477,0.06252,52.75,0.05238,-0.51226
1779369916.4779,plane,1250,19,0.51244,0.32165,0.003779,0.07661,0.06976,32.97,-0.12889,-0.44496
1779369916.5898,plane,1251,19,0.48787,0.33200,0.003218,0.08006,0.07703,33.82,-0.21985,0.09263
1779369916.6859,plane,1252,19,0.47666,0.31898,0.003813,0.07926,0.06070,66.44,-0.11651,-0.13540
1779369916.7814,plane,1253,19,0.49681,0.21476,0.004506,0.07962,0.06642,108.05,0.21103,-1.09113
1779369916.8764,plane,1254,,,,,,,,,
1779369916.9894,plane,1255,19,0.47995,0.35532,0.002497,0.10020,0.08509,12.65,-0.14933,1.24422
1779369917.0866,plane,1256,19,0.41653,0.25888,0.004503,0.07823,0.06302,160.89,-0.65470,-0.99553
1779369917.1819,plane,1257,19,0.48369,0.32193,0.003308,0.07823,0.07805,134.97,0.70223,0.65915
1779369917.2783,plane,1258,19,0.47989,0.22484,0.005186,0.08338,0.06187,127.79,-0.03951,-1.00896
1779369917.3890,plane,1259,,,,,,,,,
1779369917.4858,plane,1260,19,0.43535,0.33433,0.003591,0.09094,0.08207,23.21,-0.46089,1.13280
1779369917.5821,plane,1261,19,0.48671,0.21082,0.003120,0.09471,0.07403,159.68,0.53423,-1.28463
1779369917.6771,plane,1262,,,,,,,,,
1779369917.7900,plane,1263,19,0.49384,0.30677,0.005530,0.08382,0.06267,21.71,0.06348,0.85364
1779369917.8865,plane,1264,19,0.46998,0.20946,0.003038,0.17220,0.09229,67.82,-0.24620,-1.00380
1779369917.9813,plane,1265,19,0.43289,0.31672,0.004890,0.08106,0.06602,103.11,-0.39117,1.13145
1779369918.0779,plane,1266,19,0.40150,0.25894,0.002029,0.14404,0.09644,101.74,-0.32563,-0.59946
1779369918.1896,plane,1267,,,,,,,,,
1779369918.2859,plane,1268,19,0.41657,0.28749,0.003259,0.08870,0.07866,77.47,0.15658,0.29667
1779369918.3814,plane,1269,19,0.43414,0.21088,0.005786,0.08866,0.06071,68.28,0.18414,-0.80288
1779369918.4777,plane,1270,19,0.45771,0.23189,0.003426,0.07756,0.07584,72.99,0.24428,0.21774
1779369918.5894,plane,1271,19,0.46196,0.27600,0.003966,0.08749,0.07194,103.39,0.03805,0.39493
1779369918.6854,plane,1272,19,0.46795,0.28375,0.003623,0.07622,0.07029,83.66,0.06245,0.08079
1779369918.7823,plane,1273,19,0.44367,0.32099,0.003062,0.09198,0.08105,159.36,-0.25100,0.38483
1779369918.8779,plane,1274,19,0.46657,0.33067,0.003669,0.11941,0.08080,171.06,0.23904,0.10111
1779369918.9891,plane,1275,19,0.47669,0.43148,0.002936,0.09380,0.08178,114.34,0.09108,0.90707
1779369919.0847,plane,1276,,,,,,,,,
1779369919.1826,plane,1277,19,0.44168,0.33406,0.002377,0.11892,0.08770,16.05,-0.35859,-0.99769
1779369919.2785,plane,1278,19,0.48237,0.44776,0.002175,0.17042,0.10437,8.69,0.42391,1.18445
1779369919.3887,plane,1279,,,,,,,,,
1779369919.4853,plane,1280,,,,,,,,,
1779369919.5815,plane,1281,19,0.43329,0.46514,0.003347,0.08241,0.07998,39.61,-0.51020,0.18068
1779369919.6770,plane,1282,,,,,,,,,
1779369919.7891,plane,1283,,,,,,,,,
1779369919.8849,plane,1284,,,,,,,,,
1779369919.9816,plane,1285,19,0.42714,0.37609,0.005630,0.08330,0.06445,14.20,-0.06351,-0.91937
1779369920.0774,plane,1286,19,0.46833,0.43735,0.004549,0.08160,0.06390,106.78,0.43038,0.64007
1779369920.1884,plane,1287,,,,,,,,,
1779369920.2845,plane,1288,,,,,,,,,
1779369920.3816,plane,1289,19,0.46463,0.45293,0.003103,0.09902,0.08223,32.61,-0.03806,0.16054
1779369920.4778,plane,1290,19,0.51001,0.35497,0.002463,0.11596,0.08883,59.54,0.47258,-1.02017
1779369920.5891,plane,1291,,,,,,,,,
1779369920.6851,plane,1292,,,,,,,,,
1779369920.7822,plane,1293,19,0.48120,0.31487,0.002474,0.12322,0.09149,157.30,-0.29756,-0.41413
1779369920.8781,plane,1294,19,0.48460,0.43201,0.003053,0.09338,0.08262,160.16,0.03539,1.21833
1779369920.9888,plane,1295,,,,,,,,,
1779369921.0849,plane,1296,,,,,,,,,
1779369921.1818,plane,1297,19,0.49632,0.45669,0.002699,0.09616,0.08281,22.85,0.12092,0.25473
1779369921.2777,plane,1298,19,0.44826,0.39635,0.003637,0.07852,0.07491,122.31,-0.50126,-0.62936
1779369921.3897,plane,1299,19,0.50208,0.42053,0.002826,0.16507,0.09403,9.91,0.48132,0.21625
1779369921.4857,plane,1300,19,0.51034,0.33459,0.003699,0.07708,0.07508,105.24,0.08587,-0.89374
1779369921.5808,plane,1301,,,,,,,,,
1779369921.6777,plane,1302,19,0.46418,0.41586,0.002753,0.08374,0.07133,126.60,-0.47749,0.84072
1779369921.7891,plane,1303,,,,,,,,,
1779369921.8849,plane,1304,,,,,,,,,
1779369921.9821,plane,1305,19,0.51772,0.42917,0.002511,0.10862,0.09070,153.12,0.55298,0.13751
1779369922.0779,plane,1306,19,0.45300,0.34725,0.006149,0.08531,0.06418,163.60,-0.67264,-0.85149
1779369922.1892,plane,1307,19,0.50205,0.38546,0.005091,0.08677,0.06633,78.22,0.44135,0.34379
1779369922.2858,plane,1308,19,0.53122,0.30694,0.003265,0.08497,0.07659,73.04,0.30146,-0.81145
1779369922.3806,plane,1309,,,,,,,,,
1779369922.4777,plane,1310,19,0.47960,0.38088,0.004223,0.08969,0.07642,121.99,-0.53165,0.76140
1779369922.5884,plane,1311,,,,,,,,,
1779369922.6853,plane,1312,,,,,,,,,
1779369922.7822,plane,1313,19,0.51230,0.38837,0.002594,0.11528,0.09275,133.13,0.33740,0.07736
1779369922.8780,plane,1314,19,0.48157,0.26447,0.002725,0.08555,0.07700,48.13,-0.32122,-1.29506
1779369922.9899,plane,1315,19,0.49226,0.37151,0.004018,0.09294,0.06318,41.54,0.09570,0.95811
1779369923.0852,plane,1316,,,,,,,,,
1779369923.1811,plane,1317,,,,,,,,,
1779369923.2773,plane,1318,19,0.49640,0.38591,0.002652,0.11577,0.08834,27.65,0.04308,0.15006
1779369923.3893,plane,1319,19,0.48594,0.26806,0.002701,0.12817,0.08723,3.10,-0.09329,-1.05146
1779369923.4847,plane,1320,,,,,,,,,
1779369923.5807,plane,1321,,,,,,,,,
1779369923.6763,plane,1322,,,,,,,,,
1779369923.7894,plane,1323,19,0.47231,0.36969,0.002872,0.08406,0.07985,10.42,-0.12052,0.89898
1779369923.8845,plane,1324,,,,,,,,,
1779369923.9804,plane,1325,,,,,,,,,
1779369924.0781,plane,1326,19,0.52607,0.39032,0.002499,0.10374,0.09069,157.14,0.55136,0.21153
1779369924.1899,plane,1327,19,0.47601,0.26128,0.003655,0.09034,0.07478,38.02,-0.44728,-1.15285
1779369924.2853,plane,1328,19,0.52990,0.36053,0.002158,0.25244,0.11460,167.23,0.56505,1.04050
1779369924.3808,plane,1329,,,,,,,,,
1779369924.4779,plane,1330,19,0.52728,0.28081,0.006020,0.08658,0.06851,144.85,-0.02702,-0.82024
1779369924.5899,plane,1331,19,0.49972,0.36221,0.004698,0.08810,0.06158,78.27,-0.24649,0.72816
1779369924.6859,plane,1332,19,0.46533,0.28136,0.003096,0.09225,0.08164,158.76,-0.35759,-0.84060
1779369924.7817,plane,1333,19,0.43228,0.29419,0.002031,0.18062,0.10707,95.25,-0.34504,0.13397
1779369924.8775,plane,1334,19,0.50226,0.39311,0.002608,0.10289,0.08652,122.68,0.73146,1.03393
1779369924.9897,plane,1335,19,0.47413,0.27273,0.004239,0.09182,0.08144,50.77,-0.25090,-1.07354
1779369925.0858,plane,1336,19,0.48757,0.36755,0.002497,0.38543,0.14197,158.87,0.13984,0.98652
1779369925.1812,plane,1337,,,,,,,,,
1779369925.2774,plane,1338,,,,,,,,,
1779369925.3896,plane,1339,19,0.48659,0.38738,0.003947,0.08591,0.07838,77.18,-0.00873,0.17678
1779369925.4859,plane,1340,19,0.45962,0.28218,0.003245,0.10988,0.08648,164.48,-0.28017,-1.09296
1779369925.5812,plane,1341,,,,,,,,,
1779369925.6772,plane,1342,,,,,,,,,
1779369925.7898,plane,1343,19,0.49590,0.26602,0.003442,0.09310,0.08285,27.04,0.32203,-0.14342
1779369925.8855,plane,1344,19,0.45719,0.37562,0.002614,0.09297,0.08179,17.00,-0.40389,1.14348
1779369925.9809,plane,1345,,,,,,,,,
1779369926.0768,plane,1346,,,,,,,,,
1779369926.1905,plane,1347,19,0.49584,0.39231,0.003347,0.08379,0.07689,42.03,0.33901,0.14638
1779369926.2853,plane,1348,19,0.45459,0.27637,0.003257,0.09182,0.07937,16.71,-0.43524,-1.22316
1779369926.3809,plane,1349,,,,,,,,,
1779369926.4768,plane,1350,,,,,,,,,
1779369926.5890,plane,1351,19,0.49868,0.26244,0.002672,0.09668,0.08861,161.04,0.39293,-0.12415
1779369926.6863,plane,1352,19,0.45929,0.37775,0.004010,0.09593,0.08225,158.30,-0.40534,1.18684
1779369926.7821,plane,1353,19,0.50990,0.31081,0.002962,0.09368,0.08925,117.10,0.52746,-0.69780
1779369926.8769,plane,1354,,,,,,,,,
1779369926.9897,plane,1355,19,0.49377,0.39547,0.003927,0.09075,0.08938,79.85,-0.14259,0.74855
1779369927.0862,plane,1356,19,0.47291,0.28013,0.004181,0.09978,0.08774,23.25,-0.21661,-1.19781
1779369927.1822,plane,1357,19,0.49548,0.35410,0.003420,0.09499,0.08319,54.17,0.23467,0.76905
1779369927.2777,plane,1358,19,0.45051,0.37785,0.002036,0.14914,0.09758,75.94,-0.47169,0.24913
1779369927.3899,plane,1359,19,0.48623,0.26400,0.002986,0.09776,0.09175,43.76,0.31858,-1.01567
1779369927.4856,plane,1360,19,0.48624,0.38315,0.004659,0.09179,0.08215,139.32,0.00019,1.24472
1779369927.5849,plane,1361,19,0.47894,0.29744,0.002747,0.09612,0.08861,152.85,-0.07350,-0.86291
1779369927.6765,plane,1362,,,,,,,,,
1779369927.7895,plane,1363,19,0.46828,0.39947,0.003645,0.08806,0.08553,135.19,-0.09449,0.90386
1779369927.8864,plane,1364,19,0.50036,0.26862,0.003667,0.09624,0.08164,26.44,0.33169,-1.35295
1779369927.9822,plane,1365,19,0.46001,0.37495,0.003201,0.10785,0.08572,8.55,-0.42071,1.10875
1779369928.0771,plane,1366,,,,,,,,,
1779369928.1893,plane,1367,19,0.46007,0.25360,0.002140,0.10135,0.08957,5.98,0.00049,-1.08022
1779369928.2860,plane,1368,19,0.52249,0.34928,0.005035,0.08292,0.07009,164.42,0.64593,0.99006
1779369928.3818,plane,1369,19,0.45703,0.28464,0.003999,0.07789,0.07296,61.09,-0.68226,-0.67375
1779369928.4776,plane,1370,19,0.45799,0.38554,0.005164,0.08267,0.06319,129.16,0.01004,1.05546
1779369928.5887,plane,1371,,,,,,,,,
1779369928.6855,plane,1372,19,0.50207,0.28145,0.003284,0.10156,0.08554,174.93,0.45649,-1.07799
1779369928.7817,plane,1373,19,0.45512,0.39647,0.004006,0.10431,0.08453,174.02,-0.48677,1.19253
1779369928.8775,plane,1374,19,0.52009,0.34851,0.002001,0.09400,0.08842,110.93,0.67966,-0.50182
1779369928.9887,plane,1375,,,,,,,,,
1779369929.0859,plane,1376,19,0.50960,0.38295,0.005173,0.08737,0.06611,43.47,-0.10790,0.35430
1779369929.1843,plane,1377,19,0.48009,0.31670,0.007068,0.09399,0.06680,103.40,-0.30100,-0.67579
1779369929.2770,plane,1378,,,,,,,,,
1779369929.3900,plane,1379,19,0.42562,0.44496,0.002306,0.14154,0.09831,42.05,-0.48284,1.13689
1779369929.4861,plane,1380,19,0.45983,0.31525,0.003708,0.09038,0.08695,108.80,0.35562,-1.34833
1779369929.5814,plane,1381,19,0.45280,0.42703,0.004447,0.09208,0.08178,138.33,-0.07390,1.17509
1779369929.6775,plane,1382,19,0.46247,0.36303,0.002511,0.09410,0.08455,131.27,0.10062,-0.66641
1779369929.7887,plane,1383,,,,,,,,,
1779369929.8854,plane,1384,19,0.44228,0.44833,0.003713,0.08814,0.08520,45.74,-0.20909,0.88365
1779369929.9816,plane,1385,19,0.46817,0.32510,0.003606,0.10142,0.08537,15.85,0.26858,-1.27844
1779369930.0778,plane,1386,19,0.44386,0.41250,0.002640,0.10935,0.09203,176.44,-0.25385,0.91275
1779369930.1885,plane,1387,,,,,,,,,
1779369930.2859,plane,1388,19,0.43414,0.30625,0.002374,0.11108,0.09116,174.76,-0.09991,-1.09107
1779369930.3822,plane,1389,19,0.49597,0.38682,0.004545,0.08464,0.07575,143.64,0.64429,0.83956
1779369930.4774,plane,1390,19,0.42772,0.34497,0.003567,0.08006,0.07664,143.54,-0.71458,-0.43812
1779369930.5896,plane,1391,19,0.43109,0.43195,0.004752,0.08125,0.06262,153.06,0.03018,0.77818
1779369930.6860,plane,1392,19,0.42552,0.47933,0.002189,0.12272,0.09256,10.63,-0.05754,0.48920
1779369930.7818,plane,1393,19,0.49037,0.39493,0.006660,0.09183,0.06599,12.33,0.68050,-0.88565
1779369930.8782,plane,1394,19,0.43501,0.44056,0.004679,0.07897,0.07460,82.28,-0.57110,0.47070
1779369930.9914,plane,1395,19,0.41408,0.35752,0.004205,0.07747,0.06967,26.71,-0.18487,-0.73374
1779369931.0852,plane,1396,,,,,,,,,
1779369931.1815,plane,1397,19,0.46586,0.43891,0.003774,0.09163,0.08562,23.16,0.53751,0.84499
1779369931.2776,plane,1398,19,0.41165,0.35388,0.003487,0.09441,0.09128,177.18,-0.56477,-0.88590
1779369931.3893,plane,1399,,,,,,,,,
1779369931.4856,plane,1400,19,0.41672,0.44971,0.003267,0.09722,0.08539,61.35,0.05264,0.99598
1779369931.5819,plane,1401,19,0.45215,0.32603,0.002862,0.10285,0.09171,4.17,0.36743,-1.28243
1779369931.6775,plane,1402,19,0.42050,0.40671,0.004196,0.09448,0.08344,127.82,-0.33132,0.84443
1779369931.7885,plane,1403,,,,,,,,,
1779369931.8854,plane,1404,,,,,,,,,
1779369931.9819,plane,1405,19,0.42838,0.44818,0.003521,0.08688,0.08030,57.57,0.08162,0.42960
1779369932.0780,plane,1406,19,0.43458,0.34693,0.003409,0.09558,0.08564,38.08,0.06464,-1.05594
1779369932.1894,plane,1407,,,,,,,,,
1779369932.2861,plane,1408,,,,,,,,,
1779369932.3807,plane,1409,,,,,,,,,
1779369932.4778,plane,1410,19,0.44736,0.43119,0.003477,0.11632,0.08981,6.77,0.13194,0.86961
1779369932.5892,plane,1411,,,,,,,,,
1779369932.6853,plane,1412,,,,,,,,,
1779369932.7811,plane,1413,19,0.41166,0.45316,0.002708,0.10166,0.08539,16.57,-0.37334,0.22970
1779369932.8775,plane,1414,19,0.47582,0.37280,0.006665,0.09397,0.06517,24.28,0.66424,-0.83193
1779369932.9889,plane,1415,19,0.42116,0.40743,0.004647,0.08034,0.06420,74.21,-0.49072,0.31093
1779369933.0857,plane,1416,19,0.39937,0.33974,0.004169,0.07635,0.06901,17.47,-0.22639,-0.70349
1779369933.1807,plane,1417,,,,,,,,,
1779369933.2782,plane,1418,19,0.45374,0.39938,0.003298,0.08145,0.07981,167.03,0.55670,0.61067
1779369933.3899,plane,1419,19,0.40283,0.30488,0.002238,0.11309,0.09485,166.50,-0.45633,-0.84696
1779369933.4850,plane,1420,,,,,,,,,
1779369933.5817,plane,1421,19,0.40599,0.38088,0.004666,0.08066,0.06329,151.72,0.03269,0.78474
1779369933.6778,plane,1422,19,0.42732,0.29627,0.006348,0.09028,0.06142,57.17,0.22220,-0.88179
1779369933.7899,plane,1423,19,0.44321,0.32964,0.003727,0.07940,0.07381,83.11,0.14149,0.29716
1779369933.8856,plane,1424,19,0.46538,0.35586,0.003866,0.07846,0.07242,84.01,0.23214,0.27450
1779369933.9818,plane,1425,19,0.46703,0.35997,0.002335,0.14417,0.09711,161.43,0.01714,0.04262
1779369934.0776,plane,1426,,,,,,,,,
1779369934.1898,plane,1427,19,0.48636,0.41424,0.004822,0.08292,0.06175,110.94,0.17187,0.48270
1779369934.2858,plane,1428,19,0.48668,0.49136,0.002703,0.09406,0.08002,102.01,0.00334,0.80345
1779369934.3816,plane,1429,19,0.44050,0.48302,0.002457,0.12507,0.09058,115.13,-0.48339,-0.08730
1779369934.4775,plane,1430,19,0.44033,0.43706,0.003543,0.08005,0.07364,90.50,-0.00170,-0.47800
1779369934.5896,plane,1431,19,0.49491,0.50576,0.004193,0.07778,0.06815,151.62,0.48749,0.61365
1779369934.6855,plane,1432,19,0.42939,0.49420,0.002728,0.10019,0.08369,166.88,-0.68222,-0.12037
1779369934.7817,plane,1433,19,0.42799,0.55983,0.004272,0.07635,0.06852,171.33,-0.01462,0.68385
1779369934.8772,plane,1434,,,,,,,,,
1779369934.9896,plane,1435,19,0.47343,0.51599,0.002087,0.12118,0.09275,166.95,0.40389,-0.38963
1779369935.0851,plane,1436,,,,,,,,,
1779369935.1810,plane,1437,,,,,,,,,
1779369935.2777,plane,1438,19,0.42095,0.50444,0.002189,0.14920,0.10047,143.19,-0.54406,-0.11976
1779369935.3898,plane,1439,19,0.48346,0.61743,0.003377,0.07848,0.07444,50.84,0.55685,1.00657
1779369935.4846,plane,1440,,,,,,,,,
1779369935.5814,plane,1441,,,,,,,,,
1779369935.6779,plane,1442,19,0.42832,0.63300,0.003140,0.08434,0.07633,86.10,-0.57170,0.16145
1779369935.7893,plane,1443,19,0.45049,0.50361,0.003742,0.07742,0.07111,72.74,0.19928,-1.16285
1779369935.8857,plane,1444,19,0.43171,0.59605,0.002119,0.15261,0.10129,27.67,-0.19458,0.95749
1779369935.9807,plane,1445,,,,,,,,,
1779369936.0775,plane,1446,19,0.42955,0.53758,0.003352,0.07547,0.06793,165.11,-0.02228,-0.60510
1779369936.1896,plane,1447,19,0.44701,0.59705,0.007378,0.08890,0.06620,102.48,0.15549,0.52962
1779369936.2856,plane,1448,19,0.47291,0.56827,0.004310,0.08305,0.06466,80.46,0.26986,-0.29985
1779369936.3818,plane,1449,19,0.46400,0.53179,0.003627,0.07728,0.06982,88.30,-0.09266,-0.37916
1779369936.4780,plane,1450,19,0.46159,0.50793,0.003259,0.07601,0.07150,148.17,-0.02505,-0.24851
1779369936.5891,plane,1451,,,,,,,,,
1779369936.6850,plane,1452,,,,,,,,,
1779369936.7820,plane,1453,19,0.45096,0.47830,0.007485,0.09168,0.06305,145.00,-0.10980,-0.30602
1779369936.8782,plane,1454,19,0.48713,0.45984,0.002719,0.09776,0.08293,42.83,0.37641,-0.19212
1779369936.9896,plane,1455,19,0.51453,0.43696,0.005949,0.08741,0.06125,59.02,0.24581,-0.20521
1779369937.0855,plane,1456,,,,,,,,,
1779369937.1809,plane,1457,,,,,,,,,
1779369937.2777,plane,1458,,,,,,,,,
1779369937.3903,plane,1459,19,0.48435,0.30926,0.003111,0.07990,0.07788,9.01,-0.26838,-1.13567
1779369937.4861,plane,1460,19,0.53541,0.42277,0.003118,0.08422,0.07982,2.98,0.53207,1.18293
1779369937.5813,plane,1461,,,,,,,,,
1779369937.6776,plane,1462,19,0.54346,0.34127,0.005374,0.08132,0.06360,171.28,0.08366,-0.84770
1779369937.7898,plane,1463,19,0.50950,0.43788,0.002547,0.10025,0.08519,128.43,-0.30213,0.85977
1779369937.8872,plane,1464,19,0.48231,0.33483,0.006504,0.08718,0.06332,71.67,-0.28039,-1.06242
1779369937.9821,plane,1465,19,0.45137,0.38989,0.002016,0.13637,0.09426,78.10,-0.32480,0.57807
1779369938.0775,plane,1466,,,,,,,,,
1779369938.1897,plane,1467,19,0.47074,0.36220,0.002894,0.13296,0.09058,107.15,0.17301,-0.24735
1779369938.2859,plane,1468,19,0.49371,0.43797,0.007039,0.08866,0.06399,114.82,0.23826,0.78607
1779369938.3819,plane,1469,19,0.50890,0.42110,0.005398,0.08479,0.06181,107.66,0.15868,-0.17617
1779369938.4779,plane,1470,19,0.52362,0.37924,0.003279,0.07955,0.07775,95.93,0.15297,-0.43505
1779369938.5896,plane,1471,19,0.52766,0.36487,0.004084,0.07736,0.07210,101.70,0.03618,-0.12864
1779369938.6852,plane,1472,,,,,,,,,
1779369938.7813,plane,1473,,,,,,,,,
1779369938.8777,plane,1474,19,0.51487,0.33607,0.007280,0.08898,0.06529,135.84,-0.13276,-0.29887
1779369938.9895,plane,1475,19,0.55279,0.30890,0.002602,0.13389,0.09240,28.33,0.33918,-0.24298
1779369939.0863,plane,1476,19,0.57632,0.28205,0.005758,0.08739,0.06129,60.55,0.24322,-0.27761
1779369939.1811,plane,1477,,,,,,,,,
1779369939.2773,plane,1478,,,,,,,,,
1779369939.3897,plane,1479,19,0.60029,0.28817,0.003164,0.08789,0.08117,4.11,0.21291,0.05436
1779369939.4860,plane,1480,19,0.53400,0.20391,0.004832,0.08122,0.06328,155.80,-0.68931,-0.87619
1779369939.5821,plane,1481,19,0.59788,0.25344,0.004866,0.08881,0.06380,53.37,0.66379,0.51473
1779369939.6773,plane,1482,19,0.60507,0.15987,0.005063,0.08148,0.06546,149.53,0.07554,-0.98277
1779369939.7897,plane,1483,19,0.61389,0.11865,0.002119,0.15666,0.10006,26.75,0.07848,-0.36661
1779369939.8858,plane,1484,19,0.54078,0.20589,0.005049,0.08055,0.06516,18.65,-0.76084,0.90786
1779369939.9823,plane,1485,19,0.59752,0.15508,0.005553,0.08242,0.07782,31.76,0.58829,-0.52689
1779369940.0780,plane,1486,19,0.61824,0.25027,0.002916,0.08512,0.08110,119.68,0.21661,0.99479
1779369940.1899,plane,1487,19,0.62865,0.27643,0.002226,0.15051,0.09941,118.84,0.09305,0.23387
1779369940.2854,plane,1488,19,0.58920,0.15459,0.005588,0.09394,0.06919,71.75,-0.41276,-1.27481
1779369940.3814,plane,1489,19,0.61017,0.21016,0.005374,0.08417,0.06322,146.12,0.21843,0.57879
1779369940.4776,plane,1490,19,0.58867,0.22513,0.005497,0.08865,0.06191,100.26,-0.22370,0.15579
1779369940.5889,plane,1491,,,,,,,,,
1779369940.6858,plane,1492,19,0.57714,0.36257,0.002557,0.10772,0.08615,20.68,-0.11902,1.41917
1779369940.7813,plane,1493,19,0.58933,0.25494,0.003515,0.08069,0.06218,152.65,0.12746,-1.12534
1779369940.8770,plane,1494,,,,,,,,,
1779369940.9890,plane,1495,,,,,,,,,
1779369941.0862,plane,1496,19,0.60089,0.22198,0.002387,0.10807,0.08846,8.33,0.11879,-0.33900
1779369941.1816,plane,1497,19,0.53952,0.28593,0.002887,0.11761,0.08752,109.53,-0.64230,0.66944
1779369941.2775,plane,1498,19,0.60542,0.25847,0.003513,0.12041,0.08271,4.21,0.68802,-0.28672
1779369941.3894,plane,1499,19,0.60115,0.33917,0.004666,0.08037,0.06590,27.30,-0.03811,0.72044
1779369941.4853,plane,1500,19,0.60481,0.38819,0.002830,0.09774,0.08331,164.63,0.03823,0.51173
1779369941.5820,plane,1501,19,0.53643,0.31978,0.004503,0.07935,0.06568,154.38,-0.70623,-0.70645
1779369941.6777,plane,1502,19,0.60480,0.35169,0.003888,0.10488,0.07808,176.46,0.71593,0.33406
1779369941.7896,plane,1503,19,0.60454,0.27055,0.005402,0.08290,0.06564,159.50,-0.00236,-0.72381
1779369941.8858,plane,1504,19,0.60892,0.21987,0.002580,0.13157,0.09197,22.20,0.04557,-0.52736
1779369941.9819,plane,1505,19,0.53994,0.29769,0.005715,0.08449,0.06301,22.76,-0.71667,0.80855
1779369942.0776,plane,1506,19,0.59860,0.26139,0.005102,0.09034,0.07735,172.89,0.61334,-0.37959
1779369942.1896,plane,1507,19,0.61966,0.33865,0.004003,0.07783,0.07179,37.97,0.18823,0.69085
1779369942.2858,plane,1508,19,0.62046,0.39586,0.002440,0.12923,0.09435,147.21,0.00835,0.59350
1779369942.3813,plane,1509,19,0.58176,0.26823,0.004225,0.09468,0.07660,54.60,-0.40537,-1.33681
1779369942.4773,plane,1510,19,0.62009,0.34884,0.003206,0.09047,0.07965,104.93,0.39901,0.83901
1779369942.5889,plane,1511,,,,,,,,,
1779369942.6860,plane,1512,19,0.61233,0.29415,0.004439,0.07758,0.06875,168.22,-0.07978,-0.56180
1779369942.7821,plane,1513,19,0.59848,0.36924,0.007417,0.09994,0.06119,70.11,-0.14405,0.78143
1779369942.8778,plane,1514,19,0.57080,0.34043,0.003501,0.08179,0.07947,151.01,-0.28984,-0.30153
1779369942.9898,plane,1515,19,0.56240,0.30126,0.004820,0.08879,0.06731,105.09,-0.07488,-0.34927
1779369943.0858,plane,1516,19,0.56115,0.30488,0.002260,0.13613,0.09600,170.07,-0.01300,0.03772
1779369943.1817,plane,1517,19,0.59435,0.25845,0.002265,0.12073,0.09245,152.38,0.34593,-0.48389
1779369943.2776,plane,1518,19,0.56812,0.26296,0.004737,0.08767,0.07272,32.94,-0.27360,0.04712
1779369943.3894,plane,1519,19,0.57032,0.14727,0.002625,0.10826,0.08717,164.19,0.01960,-1.03384
1779369943.4848,plane,1520,,,,,,,,,
1779369943.5815,plane,1521,19,0.58458,0.27367,0.002380,0.14345,0.09826,3.43,0.14763,1.30783
1779369943.6776,plane,1522,19,0.54627,0.14400,0.002904,0.09571,0.08283,1.41,-0.39857,-1.34871
1779369943.7890,plane,1523,,,,,,,,,
1779369943.8852,plane,1524,,,,,,,,,
1779369943.9821,plane,1525,19,0.60360,0.14297,0.003360,0.08999,0.08429,33.49,0.59066,-0.01059
1779369944.0779,plane,1526,19,0.54783,0.26864,0.002691,0.13138,0.09227,172.36,-0.58141,1.31001
1779369944.1892,plane,1527,19,0.58103,0.16616,0.002357,0.17342,0.10316,174.34,0.29807,-0.91995
1779369944.2845,plane,1528,,,,,,,,,
1779369944.3814,plane,1529,19,0.60113,0.27714,0.003040,0.10061,0.09019,125.90,0.20732,1.14490
1779369944.4779,plane,1530,19,0.54802,0.16889,0.003342,0.09551,0.08738,41.58,-0.55142,-1.12407
1779369944.5895,plane,1531,19,0.58850,0.25064,0.002641,0.09687,0.08608,33.63,0.36208,0.73119
1779369944.6844,plane,1532,,,,,,,,,
1779369944.7814,plane,1533,19,0.59663,0.15799,0.003372,0.10514,0.08622,69.66,0.08388,-0.95634
1779369944.8782,plane,1534,19,0.56268,0.27054,0.003847,0.09210,0.08417,131.00,-0.35051,1.16186
1779369944.9914,plane,1535,19,0.58035,0.18381,0.003423,0.09684,0.08880,147.74,0.15637,-0.76725
1779369945.0852,plane,1536,,,,,,,,,
1779369945.1813,plane,1537,19,0.58428,0.27744,0.002962,0.12425,0.09188,123.71,0.04089,0.97523
1779369945.2793,plane,1538,19,0.58169,0.15478,0.003481,0.09939,0.08627,26.43,-0.02640,-1.25056
1779369945.3896,plane,1539,19,0.56494,0.25436,0.003596,0.09958,0.08631,23.89,-0.15210,0.90398
1779369945.4851,plane,1540,,,,,,,,,
1779369945.5816,plane,1541,19,0.57579,0.14983,0.002104,0.15126,0.09959,51.04,0.11271,-1.08492
1779369945.6780,plane,1542,19,0.59531,0.28470,0.002908,0.10330,0.08775,165.24,0.20199,1.39617
1779369945.7896,plane,1543,19,0.55429,0.16908,0.003462,0.11708,0.08777,1.84,-0.36756,-1.03616
1779369945.8846,plane,1544,,,,,,,,,
1779369945.9815,plane,1545,,,,,,,,,
1779369946.0776,plane,1546,19,0.60533,0.14701,0.002923,0.13327,0.09217,19.57,0.53126,-0.22977
1779369946.1898,plane,1547,19,0.55165,0.27158,0.003320,0.09128,0.07976,168.21,-0.47879,1.11113
1779369946.2852,plane,1548,,,,,,,,,
1779369946.3807,plane,1549,,,,,,,,,
1779369946.4778,plane,1550,19,0.60789,0.27557,0.003301,0.09073,0.08656,89.88,0.58055,0.04121
1779369946.5894,plane,1551,19,0.56291,0.16309,0.003915,0.10412,0.08257,24.32,-0.40225,-1.00593
1779369946.6855,plane,1552,19,0.60728,0.23313,0.002335,0.09285,0.08472,48.06,0.46238,0.72985
1779369946.7810,plane,1553,,,,,,,,,
1779369946.8773,plane,1554,19,0.60311,0.18939,0.005564,0.08406,0.06980,147.20,-0.04334,-0.45434
1779369946.9898,plane,1555,19,0.57678,0.25032,0.008574,0.09537,0.07312,70.64,-0.23420,0.54205
1779369947.0853,plane,1556,,,,,,,,,
1779369947.1814,plane,1557,,,,,,,,,
1779369947.2784,plane,1558,19,0.56964,0.23654,0.003450,0.10175,0.08333,101.80,-0.07371,-0.14217
1779369947.3895,plane,1559,19,0.56735,0.12276,0.004461,0.10619,0.08308,27.85,-0.02058,-1.02545
1779369947.4856,plane,1560,19,0.55126,0.21395,0.003308,0.11996,0.09448,172.84,-0.16721,0.94726
1779369947.5811,plane,1561,,,,,,,,,
1779369947.6786,plane,1562,19,0.55795,0.11453,0.002474,0.11461,0.09020,58.09,0.06876,-1.02188
1779369947.7898,plane,1563,19,0.57391,0.23611,0.004042,0.09634,0.08377,161.32,0.14338,1.09192
1779369947.8866,plane,1564,19,0.54340,0.14426,0.002811,0.11404,0.09210,10.47,-0.31511,-0.94845
1779369947.9806,plane,1565,,,,,,,,,
1779369948.0770,plane,1566,,,,,,,,,
1779369948.1894,plane,1567,19,0.58169,0.11726,0.003974,0.08333,0.07792,44.63,0.34114,-0.24053
1779369948.2853,plane,1568,19,0.53103,0.22740,0.002635,0.10245,0.08546,175.96,-0.52700,1.14583
1779369948.3809,plane,1569,,,,,,,,,
1779369948.4774,plane,1570,,,,,,,,,
1779369948.5904,plane,1571,19,0.57773,0.24218,0.003776,0.08022,0.07192,63.02,0.41267,0.13057
1779369948.6861,plane,1572,19,0.53502,0.12803,0.002826,0.11194,0.08767,5.34,-0.44772,-1.19663
1779369948.7813,plane,1573,,,,,,,,,
1779369948.8770,plane,1574,,,,,,,,,
1779369948.9899,plane,1575,19,0.57233,0.11222,0.003476,0.08849,0.08120,26.85,0.33046,-0.13995
1779369949.0864,plane,1576,19,0.54731,0.23012,0.003270,0.08712,0.08096,170.05,-0.26025,1.22632
1779369949.1825,plane,1577,19,0.57411,0.16134,0.002297,0.11823,0.09583,45.19,0.27825,-0.71405
1779369949.2769,plane,1578,,,,,,,,,
1779369949.3911,plane,1579,19,0.55269,0.24651,0.002672,0.11465,0.08888,163.36,-0.18854,0.74987
1779369949.4879,plane,1580,19,0.56136,0.12390,0.003884,0.07726,0.07412,98.92,0.08910,-1.26016
1779369949.5816,plane,1581,19,0.56178,0.19898,0.002570,0.09141,0.06839,57.51,0.00443,0.80077
1779369949.6766,plane,1582,,,,,,,,,
1779369949.7893,plane,1583,19,0.53660,0.11599,0.003523,0.08538,0.07619,91.25,-0.22344,-0.73642
1779369949.8855,plane,1584,19,0.56417,0.24470,0.003277,0.08325,0.07970,9.52,0.28722,1.34085
1779369949.9818,plane,1585,19,0.54362,0.15464,0.002350,0.10754,0.09450,5.40,-0.21327,-0.93457
1779369950.0767,plane,1586,,,,,,,,,
1779369950.1892,plane,1587,19,0.53260,0.25306,0.003296,0.08078,0.07358,79.03,-0.09793,0.87454
1779369950.2854,plane,1588,19,0.57611,0.12301,0.003594,0.09256,0.07985,25.86,0.45295,-1.35381
1779369950.3821,plane,1589,19,0.52526,0.22773,0.002163,0.13564,0.09637,176.43,-0.52680,1.08485
1779369950.4771,plane,1590,,,,,,,,,
1779369950.5892,plane,1591,19,0.52881,0.10814,0.002779,0.09565,0.08338,19.30,0.03166,-1.06706
1779369950.6855,plane,1592,19,0.57483,0.24293,0.003630,0.07893,0.07333,69.89,0.47876,1.40225
1779369950.7820,plane,1593,19,0.52483,0.13547,0.002372,0.11894,0.09118,175.03,-0.51724,-1.11170
1779369950.8768,plane,1594,,,,,,,,,
1779369950.9898,plane,1595,19,0.53314,0.25865,0.002558,0.09414,0.08503,178.31,0.07340,1.08815
1779369951.0860,plane,1596,19,0.57771,0.15790,0.005522,0.08182,0.06595,12.89,0.46351,-1.04784
1779369951.1830,plane,1597,19,0.54127,0.20457,0.007126,0.08944,0.06568,67.38,-0.37724,0.48319
1779369951.2768,plane,1598,,,,,,,,,
1779369951.3898,plane,1599,20,0.50870,0.05675,0.002073,0.15030,0.10007,160.97,0.00000,0.00000
1779369951.4853,plane,1600,19,0.53616,0.19626,0.003772,0.07844,0.07468,64.69,-0.05348,-0.08687
1779369951.5812,plane,1601,19,0.52872,0.07934,0.002926,0.09285,0.08174,168.23,-0.07755,-1.21962
1779369951.6770,plane,1602,,,,,,,,,
1779369951.7894,plane,1603,,,,,,,,,
1779369951.8860,plane,1604,19,0.51936,0.06238,0.003832,0.07718,0.07101,101.21,-0.09705,-0.17579
1779369951.9820,plane,1605,19,0.54393,0.18442,0.002977,0.09126,0.08141,9.73,0.25627,1.27268
1779369952.0770,plane,1606,,,,,,,,,
1779369952.1894,plane,1607,,,,,,,,,
1779369952.2851,plane,1608,19,0.51152,0.19682,0.003799,0.07785,0.06722,77.65,-0.33864,0.12952
1779369952.3809,plane,1609,19,0.55573,0.07105,0.002653,0.09963,0.08453,11.70,0.46135,-1.31240
1779369952.4766,plane,1610,,,,,,,,,
1779369952.5887,plane,1611,,,,,,,,,
1779369952.6857,plane,1612,19,0.50924,0.05318,0.002799,0.08813,0.08375,21.82,-0.47922,-0.18421
1779369952.7813,plane,1613,19,0.55744,0.17768,0.004298,0.07904,0.06529,69.22,0.50397,1.30186
1779369952.8765,plane,1614,,,,,,,,,
1779369952.9892,plane,1615,,,,,,,,,
1779369953.0853,plane,1616,19,0.50752,0.18603,0.002687,0.10713,0.08799,12.08,-0.51810,0.08668
1779369953.1810,plane,1617,19,0.55868,0.05716,0.003520,0.08018,0.07810,31.00,0.53414,-1.34563
1779369953.2765,plane,1618,,,,,,,,,
1779369953.3891,plane,1619,19,0.56086,0.14805,0.005615,0.08498,0.06356,23.02,0.01943,0.80721
1779369953.4862,plane,1620,19,0.54724,0.06791,0.003160,0.11402,0.08112,70.22,-0.14089,-0.82860
1779369953.5821,plane,1621,19,0.53132,0.13456,0.002625,0.09740,0.08189,94.80,-0.16540,0.69260
1779369953.6774,plane,1622,19,0.50700,0.07811,0.006702,0.08863,0.06408,113.69,-0.25514,-0.59224
1779369953.7883,plane,1623,,,,,,,,,
1779369953.8850,plane,1624,19,0.46741,0.21988,0.002209,0.13609,0.09567,22.88,-0.40979,1.46730
1779369953.9807,plane,1625,,,,,,,,,
1779369954.0774,plane,1626,19,0.49596,0.16700,0.005142,0.08437,0.06389,54.08,0.29616,-0.54856
1779369954.1896,plane,1627,19,0.48161,0.12534,0.003252,0.08674,0.07827,101.87,-0.12769,-0.37057
1779369954.2846,plane,1628,,,,,,,,,
1779369954.3818,plane,1629,19,0.45510,0.06830,0.002891,0.09354,0.08309,63.13,-0.27258,-0.58666
1779369954.4781,plane,1630,19,0.45866,0.06969,0.005870,0.08531,0.06576,92.88,0.03684,0.01442
1779369954.5888,plane,1631,,,,,,,,,
1779369954.6850,plane,1632,,,,,,,,,
1779369954.7818,plane,1633,19,0.40425,0.07100,0.002775,0.09265,0.08464,169.18,-0.56060,0.01349
1779369954.8773,plane,1634,19,0.45697,0.18576,0.004016,0.07768,0.06947,82.17,0.55214,1.20191
1779369954.9890,plane,1635,,,,,,,,,
1779369955.0854,plane,1636,,,,,,,,,
1779369955.1814,plane,1637,19,0.40458,0.19275,0.003248,0.10833,0.08640,21.90,-0.54566,0.07280
1779369955.2780,plane,1638,19,0.46372,0.07099,0.002499,0.13045,0.09272,20.86,0.61491,-1.26595
1779369955.3889,plane,1639,,,,,,,,,
1779369955.4855,plane,1640,19,0.46716,0.16240,0.005463,0.08348,0.06352,25.29,0.03552,0.94576
1779369955.5813,plane,1641,19,0.45268,0.07082,0.002328,0.58672,0.16497,0.00,-0.15175,-0.95996
1779369955.6769,plane,1642,,,,,,,,,
1779369955.7891,plane,1643,19,0.42549,0.08771,0.003425,0.08643,0.07758,84.87,-0.24245,0.15071
1779369955.8853,plane,1644,19,0.40664,0.13117,0.004862,0.08200,0.06300,27.22,-0.19649,0.45298
1779369955.9820,plane,1645,19,0.39268,0.13801,0.005346,0.08421,0.06254,24.21,-0.14407,0.07057
1779369956.0775,plane,1646,19,0.37073,0.09618,0.003930,0.07554,0.07134,15.64,-0.23012,-0.43854
1779369956.1901,plane,1647,19,0.35910,0.12652,0.003350,0.09489,0.06757,93.56,-0.10307,0.26882
1779369956.2854,plane,1648,19,0.33496,0.07498,0.002723,0.10470,0.08340,75.48,-0.25422,-0.54275
1779369956.3820,plane,1649,19,0.33353,0.03925,0.003216,0.09218,0.08155,85.29,-0.01480,-0.36929
1779369956.4778,plane,1650,19,0.27060,0.05787,0.002316,0.13834,0.09539,154.74,-0.65604,0.19406
1779369956.5899,plane,1651,19,0.29263,0.07165,0.004105,0.08859,0.07257,65.27,0.19687,0.12319
1779369956.6850,plane,1652,,,,,,,,,
1779369956.7823,plane,1653,19,0.27964,0.16139,0.002441,0.13501,0.09321,69.49,-0.13375,0.92383
1779369956.8777,plane,1654,19,0.26177,0.05921,0.003172,0.08901,0.08073,3.07,-0.18688,-1.06895
1779369956.9890,plane,1655,,,,,,,,,
1779369957.0855,plane,1656,19,0.25934,0.15078,0.008414,0.08635,0.07307,148.18,-0.02532,0.95088
1779369957.1822,plane,1657,19,0.28825,0.08711,0.003048,0.09534,0.07959,103.00,0.29870,-0.65781
1779369957.2778,plane,1658,19,0.33685,0.13386,0.002036,0.21487,0.11897,135.37,0.50740,0.48801
1779369957.3892,plane,1659,19,0.31070,0.07607,0.002989,0.08363,0.07712,94.05,-0.23484,-0.51903
1779369957.4848,plane,1660,,,,,,,,,
1779369957.5806,plane,1661,,,,,,,,,
1779369957.6776,plane,1662,19,0.28664,0.04526,0.003560,0.07839,0.07118,66.86,-0.24850,-0.31813
1779369957.7898,plane,1663,19,0.32494,0.13573,0.002019,0.08787,0.08078,102.80,0.34172,0.80713
1779369957.8876,plane,1664,19,0.28490,0.08912,0.002211,0.10602,0.09268,95.69,-0.40844,-0.47543
1779369957.9808,plane,1665,,,,,,,,,
1779369958.0783,plane,1666,19,0.29319,0.13120,0.004566,0.07813,0.06511,161.85,0.08502,0.43117
1779369958.1900,plane,1667,19,0.31597,0.07731,0.006936,0.09488,0.06268,76.10,0.20355,-0.48174
1779369958.2858,plane,1668,19,0.33026,0.09474,0.004615,0.08106,0.06604,66.56,0.14941,0.18227
1779369958.3817,plane,1669,19,0.32944,0.13238,0.004198,0.09002,0.05855,93.72,-0.00856,0.39280
1779369958.4783,plane,1670,19,0.34009,0.14550,0.003686,0.07712,0.07262,54.30,0.11026,0.13588
1779369958.5897,plane,1671,19,0.33307,0.24702,0.004211,0.07910,0.07039,111.39,-0.06287,0.90972
1779369958.6847,plane,1672,,,,,,,,,
1779369958.7812,plane,1673,,,,,,,,,
1779369958.8778,plane,1674,19,0.36457,0.26425,0.002582,0.09950,0.08537,37.13,0.32578,0.17814
1779369958.9898,plane,1675,19,0.33542,0.14708,0.003994,0.07844,0.07476,66.97,-0.26063,-1.04756
1779369959.0852,plane,1676,,,,,,,,,
1779369959.1814,plane,1677,,,,,,,,,
1779369959.2768,plane,1678,,,,,,,,,
1779369959.3902,plane,1679,19,0.32996,0.22552,0.007587,0.08841,0.06768,172.24,-0.04825,0.69307
1779369959.4855,plane,1680,19,0.36159,0.18717,0.002689,0.16068,0.09398,109.60,0.33102,-0.40146
1779369959.5822,plane,1681,19,0.40312,0.23719,0.003852,0.07873,0.07122,75.01,0.43000,0.51795
1779369959.6768,plane,1682,,,,,,,,,
1779369959.7903,plane,1683,19,0.36215,0.13212,0.003847,0.07866,0.07622,69.80,-0.35999,-0.92315
1779369959.8851,plane,1684,19,0.40786,0.24177,0.003381,0.10895,0.07320,31.80,0.48249,1.15730
1779369959.9804,plane,1685,,,,,,,,,
1779369960.0765,plane,1686,,,,,,,,,
1779369960.1902,plane,1687,19,0.38528,0.24918,0.004512,0.08714,0.06480,119.59,-0.19836,0.06512
1779369960.2868,plane,1688,19,0.40721,0.14172,0.002301,0.12564,0.09298,8.26,0.22737,-1.11439
1779369960.3819,plane,1689,19,0.37859,0.20539,0.002377,0.09368,0.07186,137.92,-0.30040,0.66836
1779369960.4771,plane,1690,,,,,,,,,
1779369960.5895,plane,1691,19,0.39471,0.12400,0.003554,0.07776,0.07083,71.08,0.14355,-0.72463
1779369960.6863,plane,1692,19,0.40027,0.23173,0.002184,0.11092,0.09114,153.27,0.05739,1.11284
1779369960.7808,plane,1693,,,,,,,,,
1779369960.8772,plane,1694,,,,,,,,,
1779369960.9895,plane,1695,19,0.39664,0.25238,0.003206,0.08976,0.08062,22.83,-0.03222,0.18319
1779369961.0855,plane,1696,19,0.37999,0.14249,0.002377,0.11283,0.08982,5.29,-0.17365,-1.14633
1779369961.1811,plane,1697,,,,,,,,,
1779369961.2792,plane,1698,,,,,,,,,
1779369961.3901,plane,1699,19,0.41189,0.12508,0.003379,0.07986,0.07819,82.82,0.28792,-0.15712
1779369961.4859,plane,1700,19,0.36651,0.24061,0.002680,0.09656,0.08426,7.30,-0.47432,1.20747
1779369961.5812,plane,1701,,,,,,,,,
1779369961.6767,plane,1702,,,,,,,,,
1779369961.7899,plane,1703,19,0.41512,0.26113,0.003057,0.08450,0.08022,69.46,0.42997,0.18152
1779369961.8862,plane,1704,19,0.36851,0.14130,0.004500,0.08339,0.06347,63.64,-0.48425,-1.24492
1779369961.9813,plane,1705,,,,,,,,,
1779369962.0776,plane,1706,19,0.35508,0.23835,0.005875,0.08330,0.06726,167.41,-0.13935,1.00743
1779369962.1889,plane,1707,,,,,,,,,
1779369962.2854,plane,1708,19,0.40120,0.25375,0.004256,0.08036,0.06803,105.47,0.47819,0.15971
1779369962.3816,plane,1709,19,0.39810,0.15970,0.005573,0.08624,0.06212,41.89,-0.03222,-0.97809
1779369962.4786,plane,1710,19,0.40663,0.15943,0.006709,0.08853,0.06315,34.93,0.08786,-0.00270
1779369962.5897,plane,1711,19,0.43032,0.19471,0.003250,0.09315,0.08817,75.69,0.21320,0.31742
1779369962.6858,plane,1712,19,0.45795,0.18834,0.005208,0.08284,0.06476,78.61,0.28761,-0.06630
1779369962.7821,plane,1713,19,0.43720,0.29720,0.002706,0.11394,0.08893,31.06,-0.21595,1.13266
1779369962.8780,plane,1714,19,0.44166,0.28327,0.002487,0.09557,0.08203,97.03,0.04635,-0.14484
1779369962.9896,plane,1715,19,0.46556,0.18643,0.003040,0.08518,0.07399,118.07,0.21467,-0.86962
1779369963.0852,plane,1716,,,,,,,,,
1779369963.1825,plane,1717,19,0.44718,0.23512,0.005361,0.08366,0.06787,45.84,-0.18840,0.49896
1779369963.2780,plane,1718,19,0.45894,0.28117,0.003060,0.08571,0.07868,103.52,0.12313,0.48196
1779369963.3893,plane,1719,19,0.48545,0.29260,0.006059,0.08664,0.06232,103.66,0.23821,0.10269
1779369963.4857,plane,1720,19,0.50064,0.30152,0.006451,0.08805,0.06381,76.98,0.15815,0.09281
1779369963.5817,plane,1721,19,0.47293,0.44333,0.002348,0.10663,0.08777,2.62,-0.28818,1.47462
1779369963.6765,plane,1722,,,,,,,,,
1779369963.7897,plane,1723,19,0.47420,0.31726,0.002151,0.12605,0.09392,177.01,0.01128,-1.11705
1779369963.8858,plane,1724,19,0.53969,0.42499,0.005608,0.08215,0.06352,177.06,0.67902,1.11697
1779369963.9820,plane,1725,19,0.48108,0.35478,0.002708,0.09908,0.08369,15.99,-0.61055,-0.73130
1779369964.0782,plane,1726,19,0.47154,0.45103,0.005374,0.08360,0.06350,123.86,-0.09881,0.99771
1779369964.1885,plane,1727,,,,,,,,,
1779369964.2857,plane,1728,19,0.51390,0.34114,0.003330,0.08789,0.08629,81.12,0.43745,-1.13504
1779369964.3818,plane,1729,19,0.46645,0.46267,0.003715,0.08990,0.06969,153.83,-0.49161,1.25914
1779369964.4767,plane,1730,,,,,,,,,
1779369964.5896,plane,1731,19,0.46223,0.37135,0.005300,0.08257,0.06403,21.84,-0.03746,-0.81130
1779369964.6858,plane,1732,19,0.48415,0.46271,0.005286,0.08481,0.06985,105.07,0.22708,0.94623
1779369964.7821,plane,1733,19,0.49238,0.41059,0.002070,0.21148,0.11362,71.37,0.08580,-0.54388
1779369964.8777,plane,1734,19,0.52877,0.42299,0.005737,0.08514,0.06404,86.17,0.37853,0.12894
1779369964.9889,plane,1735,,,,,,,,,
1779369965.0863,plane,1736,19,0.54181,0.28602,0.002463,0.11295,0.08782,32.35,0.13461,-1.41464
1779369965.1822,plane,1737,19,0.53282,0.41148,0.003915,0.11403,0.08742,7.28,-0.09313,1.30052
1779369965.2785,plane,1738,19,0.52817,0.31952,0.003098,0.09732,0.08944,170.53,-0.04842,-0.95687
1779369965.3890,plane,1739,,,,,,,,,
1779369965.4858,plane,1740,19,0.52743,0.42139,0.002764,0.11175,0.08806,155.83,-0.00760,1.05248
1779369965.5819,plane,1741,19,0.54973,0.28762,0.002950,0.10569,0.08836,15.23,0.23239,-1.39448
1779369965.6780,plane,1742,19,0.51941,0.38291,0.002375,0.11977,0.09523,155.06,-0.31493,0.98993
1779369965.7891,plane,1743,,,,,,,,,
1779369965.8854,plane,1744,,,,,,,,,
1779369965.9816,plane,1745,19,0.55518,0.40994,0.002867,0.08056,0.07694,106.42,0.37068,0.28005
1779369966.0779,plane,1746,19,0.50319,0.29358,0.002445,0.11983,0.09008,176.15,-0.54133,-1.21167
1779369966.1892,plane,1747,,,,,,,,,
1779369966.2849,plane,1748,,,,,,,,,
1779369966.3818,plane,1749,19,0.55748,0.28282,0.003440,0.10747,0.08912,9.93,0.56028,-0.11098
1779369966.4774,plane,1750,19,0.50502,0.39155,0.003555,0.10847,0.08739,177.45,-0.54952,1.13895
1779369966.5885,plane,1751,,,,,,,,,
1779369966.6849,plane,1752,,,,,,,,,
1779369966.7815,plane,1753,19,0.54813,0.40158,0.004055,0.09067,0.08105,66.57,0.44690,0.10389
1779369966.8782,plane,1754,19,0.50856,0.30307,0.003920,0.09686,0.08801,26.98,-0.40854,-1.01673
1779369966.9896,plane,1755,19,0.54985,0.35823,0.002499,0.09393,0.08396,52.25,0.37129,0.49589
1779369967.0848,plane,1756,,,,,,,,,
1779369967.1826,plane,1757,19,0.53891,0.28314,0.003710,0.09143,0.08317,98.45,-0.11185,-0.76777
1779369967.2774,plane,1758,19,0.52393,0.38917,0.003983,0.09535,0.08907,155.64,-0.15801,1.11832
1779369967.3896,plane,1759,19,0.53650,0.32482,0.002399,0.09405,0.08359,123.79,0.11221,-0.57441
1779369967.4848,plane,1760,,,,,,,,,
1779369967.5818,plane,1761,19,0.52340,0.40835,0.003340,0.09275,0.08883,127.92,-0.13507,0.86088
1779369967.6783,plane,1762,19,0.54216,0.28628,0.003411,0.10308,0.08620,19.44,0.19454,-1.26563
1779369967.7896,plane,1763,19,0.51390,0.37875,0.002404,0.10442,0.08895,15.47,-0.25398,0.83108
1779369967.8855,plane,1764,,,,,,,,,
1779369967.9821,plane,1765,19,0.51269,0.26783,0.002123,0.10384,0.09074,19.36,-0.01253,-1.14585
1779369968.0787,plane,1766,19,0.56745,0.35301,0.005395,0.08637,0.06913,159.95,0.56794,0.88344
1779369968.1899,plane,1767,19,0.50516,0.30279,0.003655,0.07797,0.07482,133.70,-0.56044,-0.45185
1779369968.2859,plane,1768,19,0.49882,0.39637,0.003915,0.07673,0.07244,141.87,-0.06594,0.97247
1779369968.3807,plane,1769,,,,,,,,,
1779369968.4788,plane,1770,19,0.54812,0.30893,0.003496,0.10436,0.08559,5.17,0.50193,-0.89023
1779369968.5895,plane,1771,19,0.50480,0.42432,0.002984,0.11465,0.08795,174.31,-0.39191,1.04398
1779369968.6850,plane,1772,,,,,,,,,
1779369968.7806,plane,1773,,,,,,,,,
1779369968.8774,plane,1774,19,0.54836,0.43184,0.003957,0.09049,0.08504,53.39,0.44946,0.07756
1779369968.9902,plane,1775,19,0.51384,0.33043,0.003243,0.10979,0.08655,20.67,-0.30645,-0.90003
1779369969.0850,plane,1776,,,,,,,,,
1779369969.1815,plane,1777,19,0.49967,0.44414,0.002462,0.10715,0.08907,54.64,-0.14688,1.17856
1779369969.2774,plane,1778,19,0.54054,0.32299,0.003776,0.09188,0.08644,108.97,0.42688,-1.26531
1779369969.3899,plane,1779,19,0.52521,0.42267,0.004020,0.10419,0.08557,155.34,-0.13620,0.88561
1779369969.4850,plane,1780,,,,,,,,,
1779369969.5807,plane,1781,,,,,,,,,
1779369969.6779,plane,1782,19,0.52464,0.43686,0.003616,0.09146,0.08834,98.13,-0.00580,0.14605
1779369969.7899,plane,1783,19,0.53863,0.32762,0.003908,0.11172,0.08600,23.83,0.12506,-0.97691
1779369969.8859,plane,1784,19,0.52635,0.39277,0.002012,0.09213,0.08882,40.13,-0.12774,0.67789
1779369969.9813,plane,1785,,,,,,,,,
1779369970.0775,plane,1786,19,0.51468,0.30958,0.002470,0.10797,0.09347,15.08,-0.12090,-0.86229
1779369970.1901,plane,1787,19,0.54717,0.42845,0.003542,0.10273,0.08343,164.44,0.28870,1.05659
1779369970.2856,plane,1788,,,,,,,,,
1779369970.3805,plane,1789,,,,,,,,,
1779369970.4778,plane,1790,19,0.49489,0.45122,0.002533,0.10645,0.08730,13.72,-0.53717,0.23398
1779369970.5897,plane,1791,19,0.56161,0.36275,0.005783,0.08529,0.06179,18.80,0.59699,-0.79159
1779369970.6862,plane,1792,19,0.50656,0.40202,0.004144,0.07829,0.06827,66.04,-0.56974,0.40634
1779369970.7825,plane,1793,19,0.48559,0.32918,0.003701,0.07767,0.07353,55.80,-0.21783,-0.75681
1779369970.8771,plane,1794,,,,,,,,,
1779369970.9897,plane,1795,19,0.53529,0.39901,0.003518,0.07898,0.07498,63.58,0.44079,0.61934
1779369971.0858,plane,1796,19,0.49307,0.30751,0.002196,0.10563,0.09202,170.09,-0.44034,-0.95418
1779369971.1809,plane,1797,,,,,,,,,
1779369971.2772,plane,1798,19,0.49338,0.40834,0.002870,0.09015,0.07902,81.35,0.00329,1.04643
1779369971.3899,plane,1799,19,0.52591,0.27817,0.003477,0.07932,0.07803,84.73,0.28902,-1.15672
1779369971.4853,plane,1800,19,0.50889,0.37801,0.002689,0.12835,0.09404,10.23,-0.17816,1.04560
1779369971.5808,plane,1801,,,,,,,,,
1779369971.6767,plane,1802,,,,,,,,,
1779369971.7906,plane,1803,19,0.51204,0.39831,0.003974,0.07789,0.06551,72.92,0.02768,0.17855
1779369971.8863,plane,1804,19,0.52849,0.29293,0.002870,0.11772,0.08963,2.18,0.17140,-1.09815
1779369971.9805,plane,1805,,,,,,,,,
1779369972.0765,plane,1806,,,,,,,,,
1779369972.1896,plane,1807,19,0.50515,0.27420,0.003969,0.08482,0.07624,107.15,-0.20599,-0.16537
1779369972.2854,plane,1808,19,0.54238,0.38658,0.003142,0.08203,0.07914,12.45,0.38916,1.17487
1779369972.3812,plane,1809,,,,,,,,,
1779369972.4769,plane,1810,,,,,,,,,
1779369972.5909,plane,1811,19,0.49646,0.40302,0.003798,0.07955,0.07485,69.28,-0.40288,0.14421
1779369972.6859,plane,1812,19,0.54872,0.28699,0.003827,0.07693,0.06732,104.87,0.55050,-1.22224
1779369972.7812,plane,1813,,,,,,,,,
1779369972.8771,plane,1814,19,0.55424,0.38184,0.005919,0.08496,0.06425,21.00,0.05750,0.98903
1779369972.9890,plane,1815,,,,,,,,,
1779369973.0853,plane,1816,19,0.50890,0.38737,0.003835,0.09144,0.08178,166.24,-0.47054,0.05745
1779369973.1817,plane,1817,19,0.50339,0.31470,0.007382,0.08669,0.06689,149.16,-0.05726,-0.75452
1779369973.2777,plane,1818,19,0.49258,0.30908,0.007707,0.08645,0.06979,149.61,-0.11257,-0.05858
1779369973.3900,plane,1819,19,0.46382,0.37305,0.003940,0.07509,0.06643,18.60,-0.25682,0.57114
1779369973.4857,plane,1820,19,0.44335,0.35895,0.005512,0.08075,0.06540,171.02,-0.21300,-0.14680
1779369973.5819,plane,1821,19,0.42206,0.38145,0.005773,0.08582,0.06290,36.26,-0.22199,0.23453
1779369973.6782,plane,1822,19,0.39501,0.38414,0.005627,0.08558,0.06128,31.65,-0.28058,0.02795
1779369973.7907,plane,1823,19,0.38137,0.34549,0.005027,0.08225,0.06512,51.32,-0.12116,-0.34326
1779369973.8868,plane,1824,19,0.34743,0.34842,0.005925,0.08703,0.06218,62.06,-0.35323,0.03054
1779369973.9813,plane,1825,19,0.35690,0.26425,0.003913,0.07741,0.06845,147.05,0.10007,-0.88997
1779369974.0774,plane,1826,19,0.32879,0.25134,0.003408,0.08788,0.07705,78.19,-0.29307,-0.13458
1779369974.1894,plane,1827,,,,,,,,,
1779369974.2858,plane,1828,19,0.28874,0.31631,0.002143,0.13204,0.09611,140.38,-0.41559,0.67403
1779369974.3818,plane,1829,19,0.28836,0.31149,0.006527,0.08858,0.06538,88.33,-0.00394,-0.05023
1779369974.4771,plane,1830,,,,,,,,,
1779369974.5896,plane,1831,19,0.26368,0.16554,0.002453,0.12074,0.09077,151.11,-0.21947,-1.29783
1779369974.6860,plane,1832,19,0.22196,0.29311,0.003469,0.09462,0.08252,23.38,-0.43357,1.32557
1779369974.7815,plane,1833,,,,,,,,,
1779369974.8778,plane,1834,19,0.22051,0.20657,0.007697,0.08836,0.06981,20.73,-0.01503,-0.89884
1779369974.9896,plane,1835,19,0.24821,0.25180,0.003733,0.07478,0.06887,156.59,0.24780,0.40461
1779369975.0853,plane,1836,19,0.28780,0.20331,0.002309,0.11952,0.09167,24.92,0.41343,-0.50641
1779369975.1817,plane,1837,19,0.26531,0.25301,0.002779,0.09669,0.08052,78.60,-0.23393,0.51689
1779369975.2774,plane,1838,19,0.23478,0.26080,0.003521,0.08237,0.07619,102.05,-0.31817,0.08117
1779369975.3898,plane,1839,,,,,,,,,
1779369975.4858,plane,1840,19,0.25812,0.30006,0.006322,0.08881,0.06287,134.53,0.24245,0.40798
1779369975.5814,plane,1841,19,0.27441,0.21656,0.005442,0.08540,0.06020,27.96,0.17048,-0.87351
1779369975.6775,plane,1842,19,0.28307,0.21941,0.006553,0.08696,0.06339,26.60,0.09029,0.02976
1779369975.7915,plane,1843,19,0.30367,0.24195,0.004088,0.08034,0.06747,70.53,0.18061,0.19756
1779369975.8856,plane,1844,19,0.33363,0.24271,0.005719,0.08654,0.06353,97.66,0.31874,0.00806
1779369975.9817,plane,1845,19,0.32696,0.27815,0.003555,0.07836,0.07267,113.87,-0.06926,0.36810
1779369976.0780,plane,1846,19,0.31256,0.31955,0.004939,0.08161,0.06665,66.66,-0.14978,0.43046
1779369976.1898,plane,1847,19,0.29238,0.34726,0.002813,0.09243,0.08145,106.84,-0.18034,0.24762
1779369976.2848,plane,1848,,,,,,,,,
1779369976.3816,plane,1849,19,0.31199,0.36304,0.005576,0.08391,0.06507,34.74,0.20266,0.16301
1779369976.4777,plane,1850,19,0.32760,0.40147,0.005063,0.08144,0.06460,24.39,0.16221,0.39930
1779369976.5896,plane,1851,19,0.35042,0.40796,0.006705,0.08848,0.06366,77.60,0.20437,0.05812
1779369976.6872,plane,1852,19,0.36621,0.42846,0.005832,0.08576,0.06424,52.33,0.16144,0.20960
1779369976.7815,plane,1853,19,0.34263,0.54757,0.002279,0.13338,0.09657,47.87,-0.25006,1.26320
1779369976.8770,plane,1854,,,,,,,,,
1779369976.9897,plane,1855,19,0.35837,0.48704,0.006292,0.08567,0.06414,13.86,0.13978,-0.53750
1779369977.0862,plane,1856,19,0.38279,0.50249,0.005398,0.08178,0.06253,17.90,0.25339,0.16027
1779369977.1815,plane,1857,19,0.41455,0.47284,0.003376,0.07773,0.07538,103.83,0.33268,-0.31063
1779369977.2787,plane,1858,19,0.41500,0.52969,0.003330,0.07580,0.07457,91.09,0.00462,0.58630
1779369977.3899,plane,1859,19,0.38330,0.56705,0.002536,0.10403,0.08545,92.29,-0.28456,0.33533
1779369977.4855,plane,1860,19,0.48809,0.51515,0.003593,0.07407,0.06533,11.28,1.09617,-0.54292
1779369977.5823,plane,1861,19,0.43120,0.60717,0.003818,0.07747,0.07251,78.17,-0.58958,0.95375
1779369977.6778,plane,1862,19,0.42854,0.48693,0.004535,0.08142,0.06122,69.17,-0.02781,-1.25468
1779369977.7890,plane,1863,,,,,,,,,
1779369977.8856,plane,1864,,,,,,,,,
1779369977.9815,plane,1865,19,0.41811,0.48626,0.002986,0.10869,0.08569,151.36,-0.10877,-0.00692
1779369978.0779,plane,1866,19,0.45545,0.59295,0.002818,0.10048,0.08371,152.12,0.38764,1.10735
1779369978.1888,plane,1867,,,,,,,,,
1779369978.2850,plane,1868,,,,,,,,,
1779369978.3815,plane,1869,19,0.43444,0.61438,0.003252,0.08064,0.07778,52.72,-0.21767,0.22194
1779369978.4778,plane,1870,19,0.44292,0.50136,0.002180,0.17381,0.10513,24.63,0.08823,-1.17617
1779369978.5890,plane,1871,,,,,,,,,
1779369978.6853,plane,1872,,,,,,,,,
1779369978.7807,plane,1873,,,,,,,,,
1779369978.8777,plane,1874,19,0.42398,0.59967,0.002814,0.09080,0.08188,172.18,-0.19583,1.01633
1779369978.9893,plane,1875,,,,,,,,,
1779369979.0847,plane,1876,,,,,,,,,
1779369979.1818,plane,1877,19,0.45794,0.61739,0.002475,0.11341,0.08949,16.34,0.35061,0.18293
1779369979.2776,plane,1878,19,0.40252,0.54210,0.005941,0.08498,0.06169,158.67,-0.57724,-0.78419
1779369979.3899,plane,1879,19,0.46041,0.57353,0.002799,0.10037,0.08336,16.73,0.51664,0.28054
1779369979.4853,plane,1880,19,0.47548,0.49330,0.003937,0.07643,0.06786,149.59,0.15750,-0.83876
1779369979.5811,plane,1881,,,,,,,,,
1779369979.6782,plane,1882,19,0.41203,0.56716,0.002986,0.09725,0.08390,35.68,-0.65631,0.76400
1779369979.7889,plane,1883,,,,,,,,,
1779369979.8862,plane,1884,19,0.41925,0.48083,0.006860,0.08706,0.06283,33.03,0.07425,-0.88789
1779369979.9817,plane,1885,,,,,,,,,
1779369980.0782,plane,1886,19,0.45502,0.51205,0.002524,0.09110,0.08206,109.10,0.37027,0.32312
1779369980.1899,plane,1887,19,0.46389,0.57414,0.005693,0.08657,0.05913,150.95,0.07947,0.55635
1779369980.2856,plane,1888,19,0.47623,0.57814,0.005805,0.08299,0.06367,161.50,0.12880,0.04184
1779369980.3811,plane,1889,19,0.48864,0.53086,0.002250,0.13112,0.09062,83.44,0.12993,-0.49488
1779369980.4775,plane,1890,19,0.51342,0.57918,0.002672,0.12110,0.08585,69.84,0.25725,0.50169
1779369980.5898,plane,1891,19,0.53240,0.50449,0.005736,0.08695,0.06247,69.50,0.16893,-0.66474
1779369980.6855,plane,1892,19,0.53314,0.55376,0.002033,0.14812,0.09743,78.94,0.00769,0.51567
1779369980.7817,plane,1893,,,,,,,,,
1779369980.8782,plane,1894,19,0.56540,0.50356,0.002002,0.14728,0.10050,150.67,0.33575,-0.52239
1779369980.9897,plane,1895,19,0.55920,0.61096,0.002628,0.10506,0.08582,163.02,-0.05538,0.95970
1779369981.0852,plane,1896,,,,,,,,,
1779369981.1805,plane,1897,,,,,,,,,
1779369981.2774,plane,1898,19,0.58764,0.63697,0.002675,0.09485,0.08401,4.20,0.29416,0.26911
1779369981.3899,plane,1899,19,0.54852,0.51914,0.002143,0.13292,0.09479,12.66,-0.34695,-1.04520
1779369981.4850,plane,1900,,,,,,,,,
1779369981.5810,plane,1901,,,,,,,,,
1779369981.6777,plane,1902,19,0.60168,0.49879,0.002257,0.11735,0.09220,27.35,0.54880,-0.21002
1779369981.7892,plane,1903,19,0.54001,0.61915,0.002779,0.09101,0.08179,14.24,-0.55307,1.07946
1779369981.8848,plane,1904,,,,,,,,,
1779369981.9806,plane,1905,,,,,,,,,
1779369982.0774,plane,1906,19,0.60522,0.62862,0.002791,0.09296,0.08238,116.70,0.67398,0.09787
1779369982.1903,plane,1907,19,0.54616,0.51656,0.002609,0.09706,0.08415,173.17,-0.52441,-0.99500
1779369982.2857,plane,1908,19,0.60132,0.59095,0.002106,0.15555,0.10317,133.55,0.57665,0.77771
1779369982.3808,plane,1909,,,,,,,,,
1779369982.4781,plane,1910,19,0.59549,0.53366,0.004303,0.07664,0.06503,160.63,-0.05992,-0.58836
1779369982.5911,plane,1911,19,0.57091,0.60442,0.006622,0.09354,0.06012,68.48,-0.21797,0.62749
1779369982.6858,plane,1912,19,0.55513,0.58125,0.004364,0.08028,0.06471,69.29,-0.16601,-0.24372
1779369982.7819,plane,1913,19,0.55027,0.54727,0.005188,0.09243,0.06469,90.95,-0.05059,-0.35414
1779369982.8778,plane,1914,19,0.53967,0.54540,0.002741,0.13333,0.09206,152.95,-0.11081,-0.01952
1779369982.9896,plane,1915,19,0.55427,0.50424,0.002024,0.13943,0.09697,160.55,0.13016,-0.36696
1779369983.0861,plane,1916,19,0.53553,0.49310,0.004269,0.08243,0.07447,12.18,-0.19448,-0.11563
1779369983.1808,plane,1917,,,,,,,,,
1779369983.2776,plane,1918,,,,,,,,,
1779369983.3896,plane,1919,19,0.55482,0.49126,0.004425,0.07957,0.06876,75.39,0.17244,-0.01647
1779369983.4860,plane,1920,19,0.50612,0.37194,0.002809,0.09805,0.08380,6.84,-0.50388,-1.23462
1779369983.5810,plane,1921,,,,,,,,,
1779369983.6774,plane,1922,,,,,,,,,
1779369983.7898,plane,1923,19,0.55456,0.36227,0.002928,0.08214,0.08020,139.18,0.43043,-0.08596
1779369983.8858,plane,1924,19,0.50235,0.46464,0.002852,0.09660,0.08285,9.00,-0.54497,1.06861
1779369983.9812,plane,1925,,,,,,,,,
1779369984.0771,plane,1926,,,,,,,,,
1779369984.1899,plane,1927,19,0.55144,0.47538,0.004235,0.08601,0.07029,77.97,0.43513,0.09521
1779369984.2859,plane,1928,19,0.52040,0.36136,0.003601,0.07653,0.06736,104.09,-0.32388,-1.18971
1779369984.3813,plane,1929,,,,,,,,,
1779369984.4779,plane,1930,19,0.48760,0.48121,0.002055,0.21385,0.11646,54.46,-0.33967,1.24119
1779369984.5898,plane,1931,19,0.52857,0.34536,0.002928,0.08416,0.07977,175.20,0.36604,-1.21388
1779369984.6860,plane,1932,19,0.50740,0.46095,0.002962,0.14475,0.09363,21.24,-0.21995,1.20098
1779369984.7827,plane,1933,19,0.56295,0.41963,0.002057,0.10975,0.08865,73.28,0.57876,-0.43046
1779369984.8776,plane,1934,,,,,,,,,
1779369984.9901,plane,1935,19,0.55339,0.44333,0.003252,0.07611,0.07360,52.29,-0.08493,0.21052
1779369985.0865,plane,1936,19,0.53775,0.39137,0.008640,0.09598,0.07192,91.02,-0.16254,-0.53998
1779369985.1816,plane,1937,19,0.50723,0.41913,0.004530,0.07980,0.06497,99.17,-0.32035,0.29139
1779369985.2779,plane,1938,19,0.50960,0.46681,0.003311,0.08935,0.06604,67.43,0.02463,0.49642
1779369985.3896,plane,1939,19,0.51554,0.49103,0.003999,0.07666,0.06497,128.85,0.05306,0.21624
1779369985.4845,plane,1940,,,,,,,,,
1779369985.5812,plane,1941,,,,,,,,,
1779369985.6783,plane,1942,19,0.52226,0.50951,0.007573,0.08843,0.06651,138.14,0.06913,0.19002
1779369985.7894,plane,1943,19,0.49097,0.54612,0.002096,0.23559,0.12326,47.40,-0.28200,0.32992
1779369985.8861,plane,1944,19,0.45999,0.57055,0.006163,0.09108,0.05992,60.27,-0.32052,0.25280
1779369985.9818,plane,1945,,,,,,,,,
1779369986.0770,plane,1946,,,,,,,,,
1779369986.1900,plane,1947,19,0.43576,0.56382,0.002243,0.10287,0.08950,172.86,-0.21478,-0.05966
1779369986.2857,plane,1948,19,0.49970,0.65412,0.005637,0.08340,0.06262,161.49,0.66641,0.94112
1779369986.3820,plane,1949,19,0.44679,0.60128,0.005032,0.08717,0.07242,54.82,-0.55056,-0.54976
1779369986.4778,plane,1950,19,0.42695,0.70378,0.003950,0.07825,0.06429,116.18,-0.20696,1.06890
1779369986.5907,plane,1951,19,0.41945,0.74106,0.002297,0.16226,0.10140,24.58,-0.06665,0.33145
1779369986.6858,plane,1952,19,0.48350,0.65678,0.005235,0.08160,0.06333,23.57,0.66985,-0.88145
1779369986.7817,plane,1953,19,0.43626,0.69361,0.006215,0.08531,0.06658,76.07,-0.49221,0.38380
1779369986.8775,plane,1954,,,,,,,,,
1779369986.9888,plane,1955,,,,,,,,,
1779369987.0859,plane,1956,19,0.44335,0.68948,0.003716,0.08478,0.05977,54.03,0.07307,-0.04266
1779369987.1818,plane,1957,19,0.41102,0.60012,0.002677,0.13026,0.09325,118.75,-0.33771,-0.93349
1779369987.2781,plane,1958,19,0.44346,0.64987,0.002197,0.08967,0.06238,40.06,0.33606,0.51544
1779369987.3897,plane,1959,19,0.42014,0.69056,0.002387,0.13739,0.09808,45.57,-0.20921,0.36499
1779369987.4865,plane,1960,19,0.43989,0.56274,0.002306,0.12289,0.09146,18.76,0.20406,-1.32076
1779369987.5814,plane,1961,19,0.42805,0.65543,0.002891,0.08552,0.07962,60.77,-0.12489,0.97839
1779369987.6765,plane,1962,,,,,,,,,
1779369987.7886,plane,1963,,,,,,,,,
1779369987.8851,plane,1964,19,0.42620,0.68462,0.003311,0.07790,0.07661,86.07,-0.01924,0.30249
1779369987.9806,plane,1965,,,,,,,,,
1779369988.0772,plane,1966,,,,,,,,,
1779369988.1884,plane,1967,,,,,,,,,
1779369988.2857,plane,1968,19,0.41607,0.58804,0.006846,0.08715,0.06654,13.15,-0.10416,-0.99336
1779369988.3805,plane,1969,,,,,,,,,
1779369988.4772,plane,1970,19,0.45214,0.61513,0.002718,0.07961,0.07547,69.20,0.37386,0.28069
1779369988.5898,plane,1971,19,0.47482,0.63650,0.005610,0.08513,0.06290,137.65,0.20094,0.18943
1779369988.6858,plane,1972,19,0.50058,0.65670,0.003357,0.08081,0.07880,157.51,0.26908,0.21089
1779369988.7815,plane,1973,19,0.53734,0.59856,0.004188,0.07866,0.06483,42.75,0.38373,-0.60689
1779369988.8772,plane,1974,19,0.49193,0.59531,0.005764,0.08306,0.07966,115.60,-0.47396,-0.03390
1779369988.9908,plane,1975,19,0.47311,0.54907,0.002319,0.10683,0.08555,87.29,-0.16566,-0.40694
1779369989.0859,plane,1976,19,0.47968,0.49498,0.004957,0.08132,0.06652,28.01,0.06924,-0.56978
1779369989.1821,plane,1977,19,0.50844,0.57090,0.006265,0.09106,0.06644,91.94,0.29911,0.78947
1779369989.2775,plane,1978,19,0.52385,0.54851,0.004079,0.07869,0.06938,107.00,0.16110,-0.23406
1779369989.3892,plane,1979,19,0.55461,0.51126,0.005169,0.08753,0.06606,62.90,0.27593,-0.33410
1779369989.4857,plane,1980,19,0.56391,0.51040,0.002962,0.09469,0.08578,143.89,0.09617,-0.00893
1779369989.5810,plane,1981,,,,,,,,,
1779369989.6779,plane,1982,19,0.55697,0.46871,0.005271,0.08469,0.06708,70.90,-0.07143,-0.42932
1779369989.7900,plane,1983,19,0.54291,0.42785,0.004844,0.08083,0.06460,29.87,-0.12552,-0.36471
1779369989.8867,plane,1984,19,0.52207,0.41450,0.007033,0.09234,0.06683,86.11,-0.21521,-0.13790
1779369989.9817,plane,1985,19,0.50583,0.39959,0.006120,0.08715,0.06320,64.40,-0.17121,-0.15720
1779369990.0773,plane,1986,,,,,,,,,
1779369990.1888,plane,1987,,,,,,,,,
1779369990.2856,plane,1988,19,0.51183,0.34861,0.008603,0.09093,0.06957,46.70,0.06196,-0.52693
1779369990.3811,plane,1989,19,0.47909,0.31310,0.005068,0.08323,0.06438,64.18,-0.34337,-0.37253
1779369990.4775,plane,1990,19,0.46067,0.28982,0.005824,0.08514,0.06486,96.79,-0.19085,-0.24122
1779369990.5895,plane,1991,19,0.46562,0.24087,0.004981,0.08103,0.06310,19.74,0.04417,-0.43744
1779369990.6859,plane,1992,19,0.48770,0.21236,0.002489,0.10669,0.08663,115.76,0.22862,-0.29511
1779369990.7814,plane,1993,19,0.39604,0.26295,0.002521,0.12701,0.09453,39.11,-0.96336,0.53166
1779369990.8777,plane,1994,19,0.43986,0.14056,0.005775,0.08532,0.06264,71.48,0.45315,-1.26560
1779369990.9888,plane,1995,,,,,,,,,
1779369991.0854,plane,1996,,,,,,,,,
1779369991.1818,plane,1997,19,0.42416,0.13999,0.002518,0.12602,0.09231,164.38,-0.16235,-0.00590
1779369991.2779,plane,1998,19,0.46535,0.22508,0.003950,0.08259,0.06399,173.29,0.42891,0.88592
1779369991.3893,plane,1999,19,0.44059,0.19982,0.007787,0.08826,0.06901,100.75,-0.22218,-0.22668
1779369991.4844,plane,2000,,,,,,,,,
1779369991.5818,plane,2001,19,0.40127,0.31487,0.004535,0.07694,0.06439,10.37,-0.40402,1.18200
1779369991.6778,plane,2002,19,0.41827,0.24528,0.006931,0.09873,0.06289,74.97,0.17707,-0.72491
1779369991.7915,plane,2003,19,0.45920,0.28366,0.002948,0.10783,0.08538,13.21,0.35990,0.33743
1779369991.8861,plane,2004,19,0.43912,0.31575,0.003153,0.08970,0.08207,170.15,-0.21267,0.33973
1779369991.9821,plane,2005,19,0.42903,0.34029,0.003276,0.07780,0.07512,55.49,-0.10508,0.25559
1779369992.0768,plane,2006,,,,,,,,,
1779369992.1897,plane,2007,19,0.44080,0.38928,0.002068,0.09354,0.08674,32.00,0.10436,0.43434
1779369992.2854,plane,2008,,,,,,,,,
1779369992.3805,plane,2009,,,,,,,,,
1779369992.4778,plane,2010,19,0.42299,0.33065,0.002268,0.12050,0.09120,169.68,-0.18338,-0.60363
1779369992.5901,plane,2011,19,0.47249,0.44826,0.003170,0.11376,0.08789,177.76,0.44058,1.04671
1779369992.6847,plane,2012,,,,,,,,,
1779369992.7810,plane,2013,,,,,,,,,
1779369992.8788,plane,2014,19,0.41995,0.46909,0.003047,0.10249,0.08486,17.03,-0.53604,0.21261
1779369992.9900,plane,2015,19,0.47244,0.34858,0.002652,0.10480,0.08611,176.01,0.47270,-1.08530
1779369993.0853,plane,2016,,,,,,,,,
1779369993.1805,plane,2017,,,,,,,,,
1779369993.2787,plane,2018,19,0.42197,0.33608,0.002538,0.12163,0.09290,145.82,-0.51421,-0.12733
1779369993.3903,plane,2019,19,0.46286,0.45373,0.003588,0.07732,0.07081,78.62,0.36744,1.05704
1779369993.4853,plane,2020,,,,,,,,,
1779369993.5811,plane,2021,,,,,,,,,
1779369993.6777,plane,2022,19,0.43480,0.47064,0.002589,0.10850,0.08844,33.04,-0.29091,0.17526
1779369993.7894,plane,2023,19,0.44925,0.34593,0.002821,0.08734,0.08079,6.84,0.12930,-1.11590
1779369993.8851,plane,2024,,,,,,,,,
1779369993.9810,plane,2025,,,,,,,,,
1779369994.0768,plane,2026,,,,,,,,,
1779369994.1897,plane,2027,19,0.43202,0.46345,0.003198,0.08367,0.07884,18.91,-0.15300,1.04385
1779369994.2864,plane,2028,19,0.45722,0.36076,0.002257,0.13261,0.09452,163.64,0.25988,-1.05886
1779369994.3808,plane,2029,,,,,,,,,
1779369994.4769,plane,2030,,,,,,,,,
1779369994.5896,plane,2031,19,0.42774,0.35168,0.003571,0.08014,0.07711,103.58,-0.26166,-0.08054
1779369994.6856,plane,2032,19,0.46883,0.46106,0.002531,0.11216,0.08847,9.72,0.42831,1.14013
1779369994.7808,plane,2033,,,,,,,,,
1779369994.8778,plane,2034,,,,,,,,,
1779369994.9897,plane,2035,19,0.42843,0.47246,0.004176,0.07874,0.06820,84.35,-0.36028,0.10161
1779369995.0858,plane,2036,19,0.47217,0.36073,0.002396,0.10794,0.08783,11.07,0.45505,-1.16241
1779369995.1805,plane,2037,,,,,,,,,
1779369995.2782,plane,2038,19,0.47899,0.45013,0.005452,0.08352,0.06201,22.58,0.06986,0.91540
1779369995.3886,plane,2039,,,,,,,,,
1779369995.4856,plane,2040,19,0.43601,0.46582,0.002582,0.11062,0.08882,146.10,-0.44329,0.16178
1779369995.5819,plane,2041,19,0.42465,0.39644,0.005971,0.08805,0.06096,144.98,-0.11768,-0.71933
1779369995.6780,plane,2042,19,0.41720,0.40271,0.006554,0.08519,0.06527,168.22,-0.07756,0.06533
1779369995.7894,plane,2043,19,0.38536,0.48420,0.004242,0.07909,0.06666,57.54,-0.28627,0.73246
1779369995.8852,plane,2044,19,0.34633,0.38884,0.004194,0.07920,0.07127,85.11,-0.40673,-0.99399
1779369995.9814,plane,2045,19,0.31872,0.42779,0.002819,0.07703,0.07447,110.57,-0.28761,0.40579
1779369996.0775,plane,2046,,,,,,,,,
1779369996.1900,plane,2047,19,0.33377,0.42372,0.002691,0.11313,0.08516,84.74,0.13374,-0.03623
1779369996.2856,plane,2048,19,0.34014,0.46884,0.008399,0.08925,0.07046,112.40,0.06654,0.47118
1779369996.3814,plane,2049,19,0.37591,0.44429,0.005337,0.08348,0.06450,88.32,0.37401,-0.25678
1779369996.4782,plane,2050,19,0.35934,0.39864,0.002879,0.09080,0.08174,14.73,-0.17078,-0.47076
1779369996.5903,plane,2051,19,0.35479,0.35698,0.005502,0.08446,0.06114,158.20,-0.04073,-0.37224
1779369996.6863,plane,2052,19,0.35319,0.29101,0.004869,0.08242,0.06311,70.52,-0.01657,-0.68585
1779369996.7812,plane,2053,,,,,,,,,
1779369996.8782,plane,2054,19,0.35942,0.38902,0.006655,0.08684,0.06448,157.43,0.06430,1.01154
1779369996.9899,plane,2055,19,0.38389,0.35049,0.003072,0.07827,0.07345,120.75,0.21908,-0.34502
1779369997.0857,plane,2056,19,0.42295,0.38003,0.004822,0.08219,0.06399,70.25,0.40671,0.30748
1779369997.1807,plane,2057,,,,,,,,,
1779369997.2771,plane,2058,,,,,,,,,
1779369997.3894,plane,2059,19,0.44487,0.39661,0.002940,0.08862,0.08200,175.63,0.19542,0.14783
1779369997.4854,plane,2060,19,0.39438,0.26328,0.003192,0.08256,0.07897,169.38,-0.52593,-1.38889
1779369997.5820,plane,2061,19,0.44098,0.36707,0.002484,0.11395,0.08909,168.47,0.48198,1.07360
1779369997.6766,plane,2062,,,,,,,,,
1779369997.7903,plane,2063,19,0.42892,0.25025,0.002733,0.08329,0.07556,97.40,-0.10621,-1.02874
1779369997.8860,plane,2064,19,0.39105,0.34933,0.004647,0.07769,0.06315,12.00,-0.39604,1.03618
1779369997.9811,plane,2065,19,0.42475,0.31027,0.006561,0.08837,0.06258,73.28,0.35357,-0.40989
1779369998.0770,plane,2066,,,,,,,,,
1779369998.1894,plane,2067,21,0.44707,0.46022,0.002446,0.11028,0.08784,169.98,0.00000,0.00000
1779369998.2851,plane,2068,19,0.43487,0.31770,0.002962,0.10280,0.08398,155.84,0.10591,0.07780
1779369998.3814,plane,2069,19,0.44230,0.42973,0.002703,0.11794,0.08812,162.44,0.07734,1.16647
1779369998.4770,plane,2070,,,,,,,,,
1779369998.5886,plane,2071,,,,,,,,,
1779369998.6854,plane,2072,19,0.45230,0.44902,0.003947,0.07713,0.06612,95.48,0.10375,0.20006
1779369998.7809,plane,2073,,,,,,,,,
1779369998.8775,plane,2074,,,,,,,,,
1779369998.9906,plane,2075,19,0.41332,0.45965,0.002033,0.14172,0.09910,13.39,-0.34434,0.09394
1779369999.0860,plane,2076,19,0.48448,0.35140,0.004035,0.07470,0.06772,178.55,0.74374,-1.13150
1779369999.1816,plane,2077,19,0.42010,0.43412,0.002999,0.08256,0.07835,146.22,-0.67365,0.86556
1779369999.2779,plane,2078,19,0.42008,0.34271,0.005959,0.08638,0.06346,45.52,-0.00022,-0.95234
1779369999.3885,plane,2079,,,,,,,,,
1779369999.4853,plane,2080,19,0.46414,0.45171,0.003696,0.07870,0.07463,84.26,0.45571,1.12736
1779369999.5817,plane,2081,19,0.41087,0.32203,0.002760,0.08744,0.07313,28.24,-0.55335,-1.34698
1779369999.6768,plane,2082,,,,,,,,,
1779369999.7895,plane,2083,19,0.40975,0.41548,0.006763,0.08777,0.06421,153.30,-0.00993,0.82981
1779369999.8851,plane,2084,,,,,,,,,
1779369999.9813,plane,2085,19,0.45062,0.40608,0.002881,0.08690,0.08047,51.81,0.42406,-0.09745
1779370000.0777,plane,2086,19,0.45746,0.33992,0.005846,0.08639,0.06058,34.14,0.07108,-0.68740
1779370000.1899,plane,2087,19,0.47228,0.33606,0.006777,0.08858,0.06281,33.58,0.13193,-0.03437
1779370000.2856,plane,2088,19,0.48783,0.38213,0.003109,0.10615,0.07384,89.74,0.16267,0.48210
1779370000.3813,plane,2089,19,0.51032,0.38269,0.004284,0.07826,0.06734,33.53,0.23489,0.00589
1779370000.4782,plane,2090,19,0.52444,0.44118,0.005258,0.08468,0.06284,124.97,0.14584,0.60413
1779370000.5892,plane,2091,19,0.55104,0.43988,0.004942,0.08107,0.06340,137.55,0.23921,-0.01164
1779370000.6859,plane,2092,19,0.55256,0.39910,0.004201,0.08982,0.06024,98.23,0.01584,-0.42333
1779370000.7824,plane,2093,19,0.58254,0.40222,0.003893,0.07848,0.05893,113.97,0.30953,0.03227
1779370000.8777,plane,2094,19,0.58453,0.29488,0.003611,0.07771,0.07051,67.85,0.02090,-1.12690
1779370000.9893,plane,2095,19,0.60380,0.35248,0.003538,0.08707,0.07703,66.36,0.17280,0.51632
1779370001.0850,plane,2096,19,0.59783,0.41417,0.004705,0.08450,0.06251,99.66,-0.06235,0.64374
1779370001.1817,plane,2097,19,0.67487,0.31776,0.004196,0.07734,0.06912,26.80,0.79822,-0.99895
1779370001.2781,plane,2098,19,0.63133,0.36311,0.002621,0.08912,0.08608,90.58,-0.45119,0.46997
1779370001.3898,plane,2099,19,0.61550,0.27877,0.004111,0.07945,0.07097,48.81,-0.14192,-0.75604
1779370001.4848,plane,2100,,,,,,,,,
1779370001.5816,plane,2101,19,0.66439,0.38710,0.002384,0.09237,0.08715,155.34,0.50493,1.11869
1779370001.6778,plane,2102,19,0.61902,0.26645,0.002675,0.29724,0.11986,0.00,-0.47338,-1.25875
1779370001.7896,plane,2103,,,,,,,,,
1779370001.8848,plane,2104,,,,,,,,,
1779370001.9813,plane,2105,19,0.66707,0.26606,0.003657,0.10228,0.08844,48.58,0.49649,-0.00404
1779370002.0774,plane,2106,19,0.60550,0.37203,0.002167,0.15335,0.09962,23.03,-0.64095,1.10321
1779370002.1895,plane,2107,19,0.66676,0.31103,0.002265,0.09496,0.07991,125.34,0.54658,-0.54428
1779370002.2849,plane,2108,,,,,,,,,
1779370002.3818,plane,2109,19,0.66361,0.35678,0.005434,0.08117,0.06491,15.81,-0.03251,0.47165
1779370002.4782,plane,2110,19,0.63798,0.29870,0.007562,0.09451,0.06758,104.98,-0.26554,-0.60168
1779370002.5907,plane,2111,19,0.62214,0.32196,0.004793,0.08179,0.06299,113.16,-0.14081,0.20678
1779370002.6856,plane,2112,19,0.60641,0.35444,0.003849,0.08434,0.07000,60.08,-0.16564,0.34215
1779370002.7814,plane,2113,19,0.60666,0.36997,0.003782,0.07837,0.07285,88.51,0.00258,0.16209
1779370002.8775,plane,2114,19,0.60268,0.40356,0.002843,0.08693,0.08080,179.93,-0.04133,0.34942
1779370002.9895,plane,2115,19,0.60053,0.42658,0.004567,0.08230,0.07569,179.25,-0.01926,0.20611
1779370003.0848,plane,2116,,,,,,,,,
1779370003.1812,plane,2117,,,,,,,,,
1779370003.2777,plane,2118,19,0.60931,0.46140,0.007248,0.08877,0.07026,145.93,0.09118,0.36152
1779370003.3897,plane,2119,19,0.58526,0.50478,0.003689,0.07596,0.06590,130.75,-0.21437,0.38667
1779370003.4855,plane,2120,19,0.56665,0.52285,0.006217,0.08620,0.06427,92.96,-0.19488,0.18919
1779370003.5826,plane,2121,19,0.56466,0.55767,0.005683,0.08441,0.06241,152.91,-0.02040,0.35769
1779370003.6778,plane,2122,19,0.57698,0.67076,0.002002,0.12997,0.09564,147.47,0.12929,1.18693
1779370003.7886,plane,2123,,,,,,,,,
1779370003.8857,plane,2124,19,0.56596,0.59123,0.006409,0.08793,0.06212,155.66,-0.11346,-0.81907
1779370003.9817,plane,2125,19,0.54223,0.62594,0.002891,0.09037,0.07757,77.89,-0.24757,0.36213
1779370004.0781,plane,2126,19,0.49773,0.60063,0.002314,0.13277,0.09407,153.92,-0.46096,-0.26219
1779370004.1894,plane,2127,19,0.48176,0.63750,0.004935,0.08179,0.06394,45.04,-0.14356,0.33124
1779370004.2862,plane,2128,19,0.52946,0.65101,0.003962,0.07859,0.07490,21.71,0.49265,0.13955
1779370004.3817,plane,2129,19,0.54344,0.69451,0.003620,0.07572,0.07274,133.22,0.14644,0.45555
1779370004.4774,plane,2130,19,0.53829,0.74453,0.004739,0.07744,0.06455,177.82,-0.05382,0.52224
1779370004.5893,plane,2131,19,0.50090,0.69920,0.004684,0.08407,0.07357,59.47,-0.33411,-0.40504
1779370004.6848,plane,2132,,,,,,,,,
1779370004.7821,plane,2133,19,0.45386,0.81198,0.002550,0.11656,0.08627,68.10,-0.48384,1.15996
1779370004.8780,plane,2134,19,0.51316,0.70972,0.002497,0.09119,0.08406,62.95,0.61745,-1.06481
1779370004.9896,plane,2135,19,0.47990,0.80690,0.002884,0.10073,0.08312,25.68,-0.29840,0.87175
1779370005.0846,plane,2136,,,,,,,,,
1779370005.1806,plane,2137,,,,,,,,,
1779370005.2775,plane,2138,19,0.49792,0.82611,0.002363,0.12018,0.09161,143.17,0.18661,0.19891
1779370005.3894,plane,2139,19,0.49059,0.72049,0.002204,0.14800,0.09952,156.69,-0.06537,-0.94167
1779370005.4849,plane,2140,,,,,,,,,
1779370005.5811,plane,2141,,,,,,,,,
1779370005.6770,plane,2142,,,,,,,,,
1779370005.7899,plane,2143,19,0.50938,0.81507,0.002777,0.08645,0.08059,11.21,0.16616,0.83630
1779370005.8854,plane,2144,,,,,,,,,
1779370005.9810,plane,2145,,,,,,,,,
1779370006.0769,plane,2146,,,,,,,,,
1779370006.1894,plane,2147,19,0.51979,0.71056,0.002291,0.11791,0.09030,10.63,0.09256,-0.92934
1779370006.2849,plane,2148,,,,,,,,,
1779370006.3806,plane,2149,,,,,,,,,
1779370006.4770,plane,2150,,,,,,,,,
1779370006.5907,plane,2151,19,0.52624,0.78033,0.005454,0.08163,0.06292,1.25,0.05665,0.61272
1779370006.6861,plane,2152,19,0.48574,0.73924,0.004435,0.08716,0.06954,71.57,-0.42550,-0.43171
1779370006.7814,plane,2153,,,,,,,,,
1779370006.8786,plane,2154,19,0.43262,0.84186,0.002285,0.12677,0.08930,74.93,-0.54664,1.05602
1779370006.9895,plane,2155,19,0.48861,0.74443,0.002780,0.08423,0.07176,154.40,0.50529,-0.87930
1779370007.0859,plane,2156,19,0.44829,0.83746,0.002579,0.12200,0.09020,39.35,-0.41777,0.96395
1779370007.1810,plane,2157,,,,,,,,,
1779370007.2780,plane,2158,19,0.44317,0.76179,0.002106,0.14896,0.09692,105.54,-0.05290,-0.78137
1779370007.3894,plane,2159,19,0.47725,0.86031,0.002643,0.12279,0.09168,151.66,0.30561,0.88354
1779370007.4861,plane,2160,19,0.46132,0.76875,0.002018,0.16777,0.10582,147.30,-0.16502,-0.94839
1779370007.5815,plane,2161,,,,,,,,,
1779370007.6774,plane,2162,,,,,,,,,
1779370007.7895,plane,2163,19,0.45584,0.74820,0.002475,0.11571,0.08922,12.86,-0.04892,-0.18330
1779370007.8856,plane,2164,19,0.47883,0.85655,0.002487,0.13215,0.09305,17.91,0.23964,1.12896
1779370007.9808,plane,2165,,,,,,,,,
1779370008.0774,plane,2166,,,,,,,,,
1779370008.1899,plane,2167,19,0.44317,0.88021,0.003025,0.07987,0.07944,62.00,-0.31743,0.21056
1779370008.2864,plane,2168,,,,,,,,,
1779370008.3809,plane,2169,,,,,,,,,
1779370008.4770,plane,2170,,,,,,,,,
1779370008.5896,plane,2171,19,0.43382,0.78323,0.006778,0.08697,0.06619,15.24,-0.08304,-0.86197
1779370008.6851,plane,2172,,,,,,,,,
1779370008.7814,plane,2173,19,0.46818,0.81871,0.002309,0.12344,0.08992,81.15,0.35651,0.36813
1779370008.8779,plane,2174,19,0.49323,0.83788,0.004957,0.08190,0.06482,113.36,0.25958,0.19873
1779370008.9903,plane,2175,19,0.51452,0.85185,0.003430,0.08141,0.07806,12.97,0.18950,0.12434
1779370009.0855,plane,2176,19,0.54745,0.78992,0.003487,0.08467,0.07849,95.77,0.34628,-0.65135
1779370009.1838,plane,2177,19,0.51660,0.79057,0.006271,0.08428,0.07128,84.31,-0.31365,0.00663
1779370009.2781,plane,2178,,,,,,,,,
1779370009.3933,plane,2179,19,0.49944,0.69359,0.003184,0.08105,0.07585,93.39,-0.14879,-0.84082
1779370009.4855,plane,2180,19,0.51935,0.75097,0.008574,0.09844,0.07279,83.72,0.21619,0.62304
1779370009.5832,plane,2181,19,0.54829,0.71343,0.004715,0.07937,0.06502,93.64,0.29688,-0.38513
1779370009.6779,plane,2182,19,0.55429,0.66350,0.003716,0.09038,0.07361,70.56,0.06306,-0.52517
1779370009.7897,plane,2183,19,0.53132,0.64117,0.003101,0.09255,0.08169,64.93,-0.20574,-0.20003
1779370009.8848,plane,2184,,,,,,,,,
1779370009.9814,plane,2185,19,0.57006,0.64439,0.003021,0.12701,0.09379,6.29,0.40133,0.03336
1779370010.0772,plane,2186,,,,,,,,,
1779370010.1888,plane,2187,,,,,,,,,
1779370010.2851,plane,2188,19,0.54350,0.66741,0.002267,0.13274,0.09624,164.57,-0.27587,0.23904
1779370010.3815,plane,2189,19,0.59275,0.54907,0.002414,0.12669,0.08928,18.84,0.51183,-1.22986
1779370010.4769,plane,2190,,,,,,,,,
1779370010.5896,plane,2191,19,0.59064,0.63944,0.007926,0.08668,0.06965,34.30,-0.01871,0.80149
1779370010.6857,plane,2192,19,0.56536,0.57201,0.002135,0.14860,0.09987,81.77,-0.26346,-0.70272
1779370010.7817,plane,2193,19,0.52458,0.61355,0.004662,0.08131,0.06473,106.27,-0.42408,0.43202
1779370010.8765,plane,2194,,,,,,,,,
1779370010.9898,plane,2195,,,,,,,,,
1779370011.0857,plane,2196,19,0.50884,0.62179,0.003794,0.08996,0.08438,153.23,-0.16361,0.08572
1779370011.1818,plane,2197,19,0.55702,0.51617,0.003867,0.09206,0.08696,144.47,0.50116,-1.09886
1779370011.2775,plane,2198,19,0.50367,0.57176,0.003435,0.09236,0.08647,128.83,-0.55839,0.58181
1779370011.3900,plane,2199,19,0.56157,0.62116,0.002072,0.16741,0.10564,134.87,0.51385,0.43837
1779370011.4855,plane,2200,19,0.51640,0.49377,0.003091,0.09348,0.08911,78.12,-0.47325,-1.33462
1779370011.5820,plane,2201,19,0.53993,0.59931,0.004567,0.09292,0.08468,49.45,0.24401,1.09431
1779370011.6777,plane,2202,19,0.51574,0.54325,0.003043,0.09582,0.08554,61.25,-0.25301,-0.58642
1779370011.7891,plane,2203,,,,,,,,,
1779370011.8858,plane,2204,19,0.53163,0.62204,0.003332,0.09716,0.09042,40.98,0.16467,0.81683
1779370011.9822,plane,2205,19,0.52779,0.50487,0.003572,0.09600,0.08892,168.34,-0.03979,-1.21359
1779370012.0775,plane,2206,19,0.53839,0.58913,0.003116,0.09966,0.09039,166.09,0.11118,0.88349
1779370012.1889,plane,2207,,,,,,,,,
1779370012.2848,plane,2208,,,,,,,,,
1779370012.3817,plane,2209,19,0.51096,0.61806,0.003377,0.09033,0.08153,21.80,-0.28319,0.29863
1779370012.4773,plane,2210,19,0.56245,0.50390,0.002041,0.15047,0.09823,16.56,0.53938,-1.19592
1779370012.5890,plane,2211,,,,,,,,,
1779370012.6857,plane,2212,19,0.56228,0.59339,0.007440,0.08655,0.06674,35.69,-0.00175,0.92588
1779370012.7809,plane,2213,,,,,,,,,
1779370012.8772,plane,2214,19,0.52550,0.55667,0.003021,0.08550,0.07685,93.01,-0.38188,-0.38116
1779370012.9895,plane,2215,19,0.50926,0.53258,0.005147,0.08323,0.06165,156.19,-0.14491,-0.21499
1779370013.0848,plane,2216,,,,,,,,,
1779370013.1814,plane,2217,19,0.46412,0.60603,0.002380,0.13191,0.09517,158.16,-0.46712,0.76010
1779370013.2776,plane,2218,19,0.49486,0.52224,0.004206,0.08879,0.08745,101.77,0.32012,-0.87247
1779370013.3889,plane,2219,,,,,,,,,
1779370013.4852,plane,2220,19,0.48329,0.59406,0.005247,0.08115,0.07200,43.90,-0.12020,0.74582
1779370013.5820,plane,2221,19,0.46390,0.50144,0.005359,0.08356,0.06859,118.24,-0.20064,-0.95858
1779370013.6777,plane,2222,19,0.44912,0.53554,0.002509,0.14718,0.09734,60.59,-0.15404,0.35556
1779370013.7895,plane,2223,19,0.40928,0.55724,0.006237,0.09290,0.06972,58.98,-0.35685,0.19433
1779370013.8860,plane,2224,19,0.38902,0.56393,0.002313,0.14429,0.09696,121.19,-0.20956,0.06916
1779370013.9808,plane,2225,,,,,,,,,
1779370014.0774,plane,2226,19,0.40440,0.59713,0.003728,0.08939,0.07813,131.11,0.15951,0.34435
1779370014.1898,plane,2227,19,0.42068,0.63062,0.004868,0.08150,0.06300,26.00,0.14459,0.29739
1779370014.2856,plane,2228,19,0.44736,0.63512,0.007000,0.09472,0.06714,89.46,0.27898,0.04709
1779370014.3818,plane,2229,19,0.45881,0.65584,0.005568,0.08483,0.06179,43.85,0.11889,0.21502
1779370014.4772,plane,2230,19,0.44194,0.77705,0.002842,0.11077,0.08784,35.78,-0.17683,1.27026
1779370014.5884,plane,2231,,,,,,,,,
1779370014.6854,plane,2232,19,0.45099,0.70274,0.004706,0.08025,0.06279,23.70,0.09335,-0.76601
1779370014.7814,plane,2233,19,0.47363,0.71276,0.003947,0.07551,0.06545,19.26,0.23623,0.10462
1779370014.8778,plane,2234,19,0.51904,0.67722,0.002636,0.12157,0.09223,26.93,0.47035,-0.36819
1779370014.9896,plane,2235,19,0.50728,0.74825,0.002850,0.10804,0.08534,59.30,-0.10535,0.63627
1779370015.0848,plane,2236,,,,,,,,,
1779370015.1812,plane,2237,19,0.56177,0.66578,0.002062,0.13219,0.09760,30.05,0.56576,-0.85620
1779370015.2773,plane,2238,19,0.48874,0.75524,0.005217,0.08087,0.06414,17.49,-0.76138,0.93256
1779370015.3912,plane,2239,19,0.53870,0.71072,0.004976,0.08122,0.07410,89.73,0.43879,-0.39091
1779370015.4862,plane,2240,19,0.56557,0.79562,0.002942,0.10031,0.08107,111.06,0.28281,0.89386
1779370015.5819,plane,2241,19,0.57330,0.83561,0.002184,0.15883,0.10272,123.92,0.08061,0.41706
1779370015.6773,plane,2242,19,0.50190,0.74341,0.003640,0.09668,0.08630,76.26,-0.74836,-0.96646
1779370015.7899,plane,2243,19,0.54847,0.82285,0.003043,0.08260,0.07873,129.16,0.41359,0.70550
1779370015.8849,plane,2244,,,,,,,,,
1779370015.9818,plane,2245,19,0.56630,0.73477,0.002584,0.18640,0.10280,75.81,0.18449,-0.91145
1779370016.0774,plane,2246,19,0.51729,0.82522,0.003954,0.09410,0.08491,99.90,-0.51171,0.94438
1779370016.1897,plane,2247,19,0.54340,0.74836,0.003501,0.09522,0.08832,145.93,0.23298,-0.68599
1779370016.2852,plane,2248,,,,,,,,,
1779370016.3821,plane,2249,19,0.55192,0.83389,0.002353,0.20437,0.10773,115.07,0.08816,0.88448
1779370016.4779,plane,2250,19,0.53126,0.72608,0.002587,0.09266,0.08431,62.56,-0.21578,-1.12602
1779370016.5900,plane,2251,19,0.52491,0.82026,0.003847,0.10007,0.08676,13.97,-0.05652,0.83841
1779370016.6851,plane,2252,,,,,,,,,
1779370016.7810,plane,2253,,,,,,,,,
1779370016.8781,plane,2254,19,0.55513,0.84961,0.002665,0.10368,0.08909,171.56,0.31170,0.30281
1779370016.9897,plane,2255,19,0.51189,0.72411,0.002780,0.12397,0.09081,1.32,-0.38772,-1.12538
1779370017.0853,plane,2256,,,,,,,,,
1779370017.1806,plane,2257,,,,,,,,,
1779370017.2767,plane,2258,,,,,,,,,
1779370017.3894,plane,2259,19,0.49935,0.78482,0.007341,0.09497,0.06754,3.54,-0.11117,0.53839
1779370017.4858,plane,2260,19,0.54327,0.75210,0.003577,0.08685,0.07943,150.78,0.45575,-0.33962
1779370017.5822,plane,2261,19,0.58245,0.82799,0.002694,0.11138,0.08565,115.96,0.40729,0.78876
1779370017.6770,plane,2262,,,,,,,,,
1779370017.7903,plane,2263,19,0.53584,0.75710,0.003657,0.10822,0.08728,8.24,-0.41138,-0.62564
1779370017.8860,plane,2264,19,0.58565,0.83335,0.002965,0.09168,0.08990,43.17,0.52096,0.79747
1779370017.9822,plane,2265,19,0.51417,0.85810,0.002079,0.13151,0.09040,72.26,-0.74173,0.25689
1779370018.0776,plane,2266,19,0.58820,0.76707,0.002765,0.11250,0.08689,81.53,0.77775,-0.95650
1779370018.1894,plane,2267,19,0.54331,0.86155,0.003615,0.09491,0.08900,12.46,-0.40062,0.84335
1779370018.2854,plane,2268,19,0.57876,0.80071,0.003520,0.09405,0.08746,118.02,0.36998,-0.63508
1779370018.3811,plane,2269,,,,,,,,,
1779370018.4789,plane,2270,19,0.58009,0.86818,0.003338,0.11654,0.08549,102.00,0.01363,0.69101
1779370018.5897,plane,2271,19,0.56041,0.76819,0.003486,0.10139,0.08960,12.96,-0.17749,-0.90199
1779370018.6853,plane,2272,19,0.56578,0.84170,0.003596,0.09346,0.08494,51.13,0.05612,0.76803
1779370018.7806,plane,2273,,,,,,,,,
1779370018.8768,plane,2274,,,,,,,,,
1779370018.9895,plane,2275,19,0.57826,0.87841,0.003582,0.09789,0.08503,165.64,0.11047,0.32513
1779370019.0861,plane,2276,19,0.55003,0.78269,0.002485,0.10191,0.09053,179.54,-0.29280,-0.99290
1779370019.1807,plane,2277,,,,,,,,,
1779370019.2768,plane,2278,,,,,,,,,
1779370019.3892,plane,2279,19,0.58989,0.75081,0.002762,0.11307,0.08787,16.11,0.35484,-0.28379
1779370019.4853,plane,2280,19,0.53336,0.86862,0.002692,0.09227,0.08156,13.88,-0.58914,1.22771
1779370019.5820,plane,2281,,,,,,,,,
1779370019.6765,plane,2282,,,,,,,,,
1779370019.7892,plane,2283,19,0.58715,0.88458,0.003299,0.08489,0.08146,172.92,0.47800,0.14182
1779370019.8859,plane,2284,19,0.53396,0.77355,0.002940,0.12799,0.09355,168.74,-0.55014,-1.14824
1779370019.9816,plane,2285,19,0.59898,0.83050,0.002252,0.13308,0.09392,115.60,0.67800,0.59384
1779370020.0777,plane,2286,19,0.51449,0.86882,0.002311,0.14933,0.09283,74.71,-0.88294,0.40051
1779370020.1902,plane,2287,19,0.57601,0.75396,0.003016,0.09552,0.08340,21.53,0.54515,-1.01793
1779370020.2851,plane,2288,19,0.54252,0.87312,0.003114,0.08309,0.07441,89.77,-0.35254,1.25452
1779370020.3813,plane,2289,19,0.59156,0.84143,0.002950,0.09693,0.08317,116.87,0.51005,-0.32960
1779370020.4767,plane,2290,,,,,,,,,
1779370020.5894,plane,2291,19,0.56394,0.89149,0.003508,0.08150,0.06504,85.26,-0.24481,0.44383
1779370020.6852,plane,2292,19,0.55069,0.78747,0.002860,0.09741,0.08778,6.20,-0.13840,-1.08605
1779370020.7820,plane,2293,19,0.56957,0.85255,0.002382,0.08469,0.06420,77.38,0.19582,0.67497
1779370020.8772,plane,2294,,,,,,,,,
1779370020.9894,plane,2295,,,,,,,,,
1779370021.0860,plane,2296,19,0.57770,0.88064,0.003089,0.07895,0.07809,130.50,0.08421,0.29105
1779370021.1817,plane,2297,19,0.56021,0.80080,0.002213,0.09268,0.08490,139.92,-0.18281,-0.83478
1779370021.2765,plane,2298,,,,,,,,,
1779370021.3897,plane,2299,19,0.54287,0.89345,0.002853,0.08414,0.08270,108.34,-0.15332,0.81926
1779370021.4859,plane,2300,19,0.60484,0.80578,0.004283,0.07830,0.06660,29.86,0.64353,-0.91036
1779370021.5810,plane,2301,19,0.53295,0.85900,0.003547,0.07858,0.07641,49.73,-0.75625,0.55980
1779370021.6782,plane,2302,19,0.54397,0.76530,0.004737,0.08148,0.06480,52.95,0.11358,-0.96583
1779370021.7893,plane,2303,,,,,,,,,
1779370021.8857,plane,2304,19,0.59233,0.86855,0.003489,0.07816,0.07502,72.05,0.50358,1.07505
1779370021.9816,plane,2305,19,0.53196,0.76117,0.002201,0.12001,0.09160,156.39,-0.62754,-1.11621
1779370022.0767,plane,2306,,,,,,,,,
1779370022.1898,plane,2307,19,0.53474,0.84982,0.005505,0.08284,0.06510,154.23,0.02468,0.78648
1779370022.2864,plane,2308,19,0.55476,0.75640,0.002402,0.12826,0.09034,113.83,0.20687,-0.96539
1779370022.3820,plane,2309,19,0.56428,0.81719,0.002141,0.16559,0.10347,84.85,0.09954,0.63610
1779370022.4775,plane,2310,19,0.59332,0.77991,0.005663,0.08677,0.06076,69.74,0.30376,-0.38993
1779370022.5888,plane,2311,,,,,,,,,
1779370022.6861,plane,2312,19,0.62654,0.91322,0.003443,0.08049,0.07789,128.65,0.34258,1.37517
1779370022.7817,plane,2313,19,0.60285,0.80519,0.002291,0.10220,0.08704,134.78,-0.24701,-1.12658
1779370022.8774,plane,2314,19,0.63622,0.85525,0.002391,0.12907,0.09146,114.89,0.34891,0.52342
1779370022.9891,plane,2315,,,,,,,,,
1779370023.0857,plane,2316,19,0.62961,0.80569,0.003237,0.08984,0.07316,132.56,-0.06853,-0.51368
1779370023.1821,plane,2317,19,0.62767,0.90095,0.002548,0.11031,0.08728,17.04,-0.02008,0.99002
1779370023.2768,plane,2318,,,,,,,,,
1779370023.3886,plane,2319,,,,,,,,,
1779370023.4856,plane,2320,19,0.60998,0.91751,0.002608,0.08278,0.07111,84.24,-0.18240,0.17077
1779370023.5817,plane,2321,19,0.64817,0.79083,0.002151,0.13023,0.09445,16.97,0.39836,-1.32136
1779370023.6767,plane,2322,,,,,,,,,
1779370023.7885,plane,2323,,,,,,,,,
1779370023.8846,plane,2324,,,,,,,,,
1779370023.9813,plane,2325,19,0.65328,0.86856,0.006916,0.08652,0.06636,12.88,0.05289,0.80450
1779370024.0765,plane,2326,,,,,,,,,
1779370024.1907,plane,2327,19,0.61558,0.84299,0.003301,0.07927,0.07501,86.95,-0.33144,-0.22475
1779370024.2857,plane,2328,19,0.59820,0.84763,0.005103,0.08138,0.06375,153.30,-0.18215,0.04870
1779370024.3816,plane,2329,19,0.57387,0.83276,0.004686,0.08135,0.06243,106.92,-0.25397,-0.15529
1779370024.4774,plane,2330,,,,,,,,,
1779370024.5900,plane,2331,19,0.57365,0.93960,0.006822,0.09768,0.06366,24.94,-0.00197,0.94643
1779370024.6850,plane,2332,,,,,,,,,
1779370024.7819,plane,2333,19,0.51609,0.93239,0.003555,0.08021,0.07769,21.50,-0.59511,-0.07455
1779370024.8771,plane,2334,,,,,,,,,
1779370024.9894,plane,2335,19,0.53252,0.85547,0.004384,0.07747,0.06559,25.01,0.14622,-0.68480
1779370025.0854,plane,2336,19,0.52559,0.92653,0.002850,0.08627,0.08081,135.72,-0.07210,0.73992
1779370025.1808,plane,2337,,,,,,,,,
1779370025.2773,plane,2338,19,0.50657,0.88780,0.002808,0.08333,0.07793,99.76,-0.19753,-0.40210
1779370025.3919,plane,2339,19,0.49724,0.85315,0.005029,0.08326,0.06124,24.81,-0.08137,-0.30228
1779370025.4857,plane,2340,19,0.47380,0.85399,0.004768,0.08005,0.06637,85.87,-0.25011,0.00889
1779370025.5822,plane,2341,19,0.46237,0.83204,0.003779,0.07712,0.07318,48.86,-0.11840,-0.22731
1779370025.6777,plane,2342,19,0.46960,0.73452,0.003301,0.07792,0.07652,56.22,0.07556,-1.01940
1779370025.7895,plane,2343,,,,,,,,,
1779370025.8853,plane,2344,,,,,,,,,
1779370025.9803,plane,2345,,,,,,,,,
1779370026.0785,plane,2346,19,0.47573,0.81529,0.005812,0.08319,0.06424,5.43,0.06243,0.82275
1779370026.1884,plane,2347,,,,,,,,,
1779370026.2855,plane,2348,19,0.43323,0.79604,0.003028,0.09894,0.07997,67.78,-0.43814,-0.19839
1779370026.3818,plane,2349,19,0.41421,0.81299,0.004010,0.07812,0.06293,125.22,-0.19785,0.17633
1779370026.4777,plane,2350,19,0.38454,0.81776,0.005491,0.08374,0.06293,83.19,-0.30884,0.04967
1779370026.5884,plane,2351,,,,,,,,,
1779370026.6855,plane,2352,19,0.39702,0.93049,0.005987,0.08680,0.06329,13.98,0.12900,1.16464
1779370026.7807,plane,2353,,,,,,,,,
1779370026.8774,plane,2354,19,0.33203,0.95708,0.002743,0.09192,0.08242,174.19,-0.67330,0.27542
1779370026.9892,plane,2355,19,0.33552,0.84441,0.003174,0.09108,0.08197,17.09,0.03119,-1.00770
1779370027.0847,plane,2356,,,,,,,,,
1779370027.1814,plane,2357,19,0.29302,0.94941,0.003532,0.09395,0.07798,72.73,-0.43910,1.08498
1779370027.2767,plane,2358,,,,,,,,,
1779370027.3894,plane,2359,19,0.29603,0.89254,0.003606,0.07398,0.06991,8.12,0.02659,-0.50349
1779370027.4849,plane,2360,,,,,,,,,
1779370027.5820,plane,2361,19,0.32096,0.91859,0.002930,0.09403,0.08017,64.85,0.25745,0.26894
1779370027.6778,plane,2362,19,0.31936,0.94891,0.004620,0.07993,0.07043,90.14,-0.01675,0.31563
1779370027.7892,plane,2363,19,0.36190,0.89824,0.004479,0.08156,0.06366,60.57,0.38254,-0.45568
1779370027.8859,plane,2364,19,0.31496,0.88489,0.003057,0.09653,0.08218,177.50,-0.48481,-0.13784
1779370027.9823,plane,2365,19,0.30274,0.83602,0.004888,0.07946,0.06387,165.29,-0.12684,-0.50731
1779370028.0775,plane,2366,,,,,,,,,
1779370028.1896,plane,2367,19,0.34223,0.85198,0.002894,0.12204,0.08855,21.34,0.35196,0.14223
1779370028.2847,plane,2368,,,,,,,,,
1779370028.3831,plane,2369,,,,,,,,,
1779370028.4779,plane,2370,19,0.28635,0.86367,0.003215,0.09112,0.08124,55.21,-0.58772,0.12301
1779370028.5884,plane,2371,,,,,,,,,
1779370028.6862,plane,2372,19,0.29249,0.77760,0.007048,0.08937,0.06544,25.72,0.06292,-0.88129
1779370028.7809,plane,2373,,,,,,,,,
1779370028.8779,plane,2374,19,0.32490,0.80885,0.003335,0.08020,0.07566,85.33,0.33394,0.32203
1779370028.9896,plane,2375,19,0.33129,0.85650,0.005196,0.08212,0.06154,157.00,0.05743,0.42779
1779370029.0858,plane,2376,19,0.34741,0.86956,0.006146,0.08619,0.06345,161.44,0.16705,0.13542
1779370029.1815,plane,2377,19,0.37081,0.86512,0.004551,0.08132,0.06258,116.98,0.24505,-0.04657
1779370029.2777,plane,2378,19,0.38510,0.85890,0.004220,0.07796,0.06209,155.47,0.14820,-0.06445
1779370029.3892,plane,2379,19,0.39236,0.78143,0.006592,0.09133,0.06275,49.63,0.06510,-0.69462
1779370029.4856,plane,2380,19,0.41830,0.79864,0.003462,0.08077,0.07815,87.85,0.26950,0.17882
1779370029.5825,plane,2381,19,0.43163,0.83257,0.004003,0.08430,0.07167,91.45,0.13733,0.34948
1779370029.6782,plane,2382,19,0.42796,0.84649,0.003321,0.07744,0.07312,67.67,-0.03841,0.14581
1779370029.7901,plane,2383,19,0.42682,0.95708,0.003789,0.07725,0.07113,88.92,-0.01019,0.98657
1779370029.8849,plane,2384,,,,,,,,,
1779370029.9807,plane,2385,,,,,,,,,
1779370030.0779,plane,2386,,,,,,,,,
1779370030.1903,plane,2387,19,0.42023,0.83942,0.002401,0.10182,0.08668,1.73,-0.05862,-1.04720
1779370030.2846,plane,2388,,,,,,,,,
1779370030.3812,plane,2389,,,,,,,,,
1779370030.4771,plane,2390,,,,,,,,,
1779370030.5896,plane,2391,19,0.40658,0.91947,0.007009,0.08723,0.06593,175.74,-0.12145,0.71218
1779370030.6851,plane,2392,,,,,,,,,
1779370030.7824,plane,2393,19,0.44501,0.91514,0.002816,0.08717,0.07773,86.25,0.39508,-0.04451
1779370030.8778,plane,2394,19,0.46069,0.90747,0.004491,0.07833,0.06268,25.16,0.16406,-0.08028
1779370030.9902,plane,2395,19,0.48294,0.91607,0.006268,0.08491,0.06378,171.04,0.19822,0.07665
1779370031.0860,plane,2396,19,0.50503,0.92753,0.005897,0.08281,0.06852,149.10,0.23016,0.11937
1779370031.1817,plane,2397,19,0.53221,0.91118,0.005630,0.08225,0.06317,163.40,0.28462,-0.17116
1779370031.2775,plane,2398,19,0.55854,0.91811,0.006148,0.08724,0.06242,121.42,0.27423,0.07227
1779370031.3899,plane,2399,19,0.58110,0.90464,0.006071,0.08774,0.06116,141.78,0.20084,-0.11989
1779370031.4865,plane,2400,19,0.59250,0.83416,0.005942,0.08724,0.06221,29.45,0.11799,-0.72944
1779370031.5819,plane,2401,19,0.61913,0.83286,0.004264,0.07847,0.06292,28.30,0.27905,-0.01363
1779370031.6773,plane,2402,19,0.64037,0.83809,0.003045,0.08382,0.08205,109.20,0.22261,0.05477
1779370031.7891,plane,2403,19,0.65623,0.86037,0.003944,0.07440,0.06756,179.06,0.14195,0.19940
1779370031.8856,plane,2404,19,0.67806,0.91641,0.006717,0.09071,0.06330,106.85,0.22644,0.58134
1779370031.9821,plane,2405,19,0.71875,0.89904,0.004320,0.07890,0.06954,80.94,0.42084,-0.17957
1779370032.0774,plane,2406,19,0.71243,0.85920,0.003092,0.08507,0.06992,52.68,-0.06639,-0.41823
1779370032.1900,plane,2407,19,0.70931,0.82732,0.004567,0.08104,0.06878,150.14,-0.02775,-0.28382
1779370032.2862,plane,2408,19,0.72565,0.73969,0.002819,0.09905,0.08496,16.07,0.16930,-0.90835
1779370032.3807,plane,2409,,,,,,,,,
1779370032.4771,plane,2410,,,,,,,,,
1779370032.5911,plane,2411,19,0.78435,0.72914,0.002962,0.10753,0.08610,33.41,0.51434,-0.09247
1779370032.6861,plane,2412,19,0.70926,0.78720,0.004066,0.07902,0.07147,39.81,-0.79031,0.61109
1779370032.7818,plane,2413,19,0.77771,0.76485,0.004318,0.08514,0.07370,145.40,0.71806,-0.23451
1779370032.8776,plane,2414,19,0.77805,0.84558,0.005632,0.08614,0.06117,29.81,0.00355,0.83928
1779370032.9898,plane,2415,19,0.79184,0.88301,0.002967,0.09466,0.08336,132.51,0.12324,0.33452
1779370033.0856,plane,2416,,,,,,,,,
1779370033.1813,plane,2417,19,0.79048,0.82293,0.005581,0.08660,0.06601,13.20,-0.01425,-0.62842
1779370033.2777,plane,2418,19,0.76531,0.79977,0.004527,0.08097,0.06364,131.59,-0.26087,-0.24005
1779370033.3888,plane,2419,,,,,,,,,
1779370033.4858,plane,2420,19,0.73099,0.89479,0.003138,0.10430,0.08754,8.69,-0.35270,0.97645
1779370033.5821,plane,2421,19,0.76685,0.81492,0.004478,0.08930,0.08201,114.97,0.37245,-0.82956
1779370033.6771,plane,2422,,,,,,,,,
1779370033.7895,plane,2423,19,0.76534,0.87055,0.005446,0.07955,0.06621,2.59,-0.01346,0.49396
1779370033.8854,plane,2424,19,0.75381,0.79558,0.007763,0.09623,0.07001,101.20,-0.12034,-0.78293
1779370033.9814,plane,2425,19,0.72822,0.83109,0.002572,0.09427,0.08281,39.36,-0.26662,0.36993
1779370034.0774,plane,2426,19,0.71186,0.86791,0.004296,0.09509,0.08657,72.97,-0.17044,0.38362
1779370034.1894,plane,2427,19,0.74186,0.92807,0.002962,0.11455,0.08662,112.03,0.26768,0.53670
1779370034.2859,plane,2428,19,0.73355,0.96255,0.002421,0.12333,0.09273,10.20,-0.08614,0.35734
1779370034.3821,plane,2429,19,0.72383,0.86252,0.003991,0.09027,0.08887,155.47,-0.10121,-1.04145
1779370034.4781,plane,2430,,,,,,,,,
1779370034.5895,plane,2431,19,0.72741,0.95951,0.002202,10.75138,0.78966,0.00,0.03222,0.87189
1779370034.6863,plane,2432,19,0.76022,0.82811,0.002696,0.14368,0.09533,27.04,0.33863,-1.35618
1779370034.7820,plane,2433,19,0.68659,0.88414,0.004327,0.07963,0.06857,36.65,-0.77055,0.58631
1779370034.8772,plane,2434,,,,,,,,,
1779370034.9893,plane,2435,,,,,,,,,
1779370035.0851,plane,2436,,,,,,,,,
1779370035.1824,plane,2437,19,0.74132,0.93142,0.003099,0.07082,0.05856,8.18,0.56326,0.48655
1779370035.2780,plane,2438,19,0.76297,0.94287,0.004054,0.07770,0.07303,115.30,0.22615,0.11964
1779370035.3903,plane,2439,19,0.78937,0.93920,0.005666,0.08994,0.06162,158.35,0.23541,-0.03270
1779370035.4856,plane,2440,19,0.81681,0.92822,0.005810,0.08834,0.06868,131.73,0.28761,-0.11503
1779370035.5817,plane,2441,19,0.84541,0.92208,0.004939,0.08124,0.06512,145.88,0.29743,-0.06385
1779370035.6784,plane,2442,19,0.86648,0.85916,0.005102,0.08349,0.06288,34.40,0.21829,-0.65179
1779370035.7898,plane,2443,19,0.89415,0.85958,0.004737,0.08219,0.06199,28.03,0.24808,0.00381
1779370035.8859,plane,2444,19,0.90771,0.90263,0.002258,0.17322,0.10143,99.45,0.14115,0.44836
1779370035.9820,plane,2445,19,0.97605,0.86346,0.002586,0.12447,0.08118,0.00,0.71070,-0.40736
1779370036.0779,plane,2446,19,0.98079,0.92833,0.004693,0.08917,0.05918,24.25,0.04946,0.67801
1779370036.1888,plane,2447,,,,,,,,,
1779370036.2861,plane,2448,19,0.97716,0.88342,0.005641,0.08082,0.07406,9.77,-0.03729,-0.46159
1779370036.3814,plane,2449,19,0.96842,0.94503,0.005427,0.09412,0.06743,83.98,-0.09167,0.64667
1779370036.4774,plane,2450,19,0.94451,0.91550,0.003610,0.07888,0.07012,89.08,-0.24907,-0.30755
1779370036.5897,plane,2451,19,0.96528,0.88715,0.003264,0.08622,0.06445,135.08,0.18541,-0.25295
1779370036.6854,plane,2452,19,0.97467,0.83918,0.005508,0.08225,0.06779,28.39,0.09778,-0.49987
1779370036.7813,plane,2453,,,,,,,,,
1779370036.8781,plane,2454,19,0.95925,0.82798,0.003699,0.08271,0.07627,91.07,-0.15984,-0.11606
1779370036.9893,plane,2455,,,,,,,,,
1779370037.0859,plane,2456,19,0.95687,0.77317,0.002911,0.09985,0.08070,82.00,-0.02462,-0.56793
1779370037.1810,plane,2457,,,,,,,,,
1779370037.2781,plane,2458,19,0.94713,0.77753,0.003098,0.12451,0.09168,30.41,-0.10027,0.04487
1779370037.3890,plane,2459,,,,,,,,,
1779370037.4852,plane,2460,,,,,,,,,
1779370037.5823,plane,2461,19,0.98315,0.76974,0.003172,0.14947,0.08261,24.82,0.36959,-0.07992
1779370037.6779,plane,2462,19,0.94874,0.87649,0.002770,0.14129,0.09559,160.14,-0.36003,1.11684
1779370037.7900,plane,2463,19,0.98446,0.81974,0.003186,0.09879,0.07691,9.27,0.31877,-0.50631
1779370037.8848,plane,2464,,,,,,,,,
1779370037.9821,plane,2465,19,0.97312,0.86249,0.005953,0.08611,0.06417,28.18,-0.11679,0.44010
1779370038.0785,plane,2466,19,0.96547,0.78662,0.005839,0.08533,0.06501,141.01,-0.07916,-0.78578
1779370038.1899,plane,2467,19,0.95252,0.80352,0.005376,0.08452,0.06158,137.31,-0.11628,0.15177
1779370038.2866,plane,2468,19,0.94190,0.83099,0.004437,0.08180,0.06458,104.16,-0.10965,0.28351
1779370038.3821,plane,2469,19,0.94080,0.84949,0.005039,0.08318,0.06104,143.79,-0.01156,0.19370
1779370038.4779,plane,2470,19,0.95207,0.95051,0.002857,0.10318,0.08665,142.76,0.11785,1.05650
1779370038.5897,plane,2471,19,0.92582,0.95369,0.005341,0.08266,0.07231,81.80,-0.23463,0.02839
1779370038.6862,plane,2472,19,0.95282,0.89865,0.004744,0.08665,0.07238,89.88,0.28006,-0.57081
1779370038.7829,plane,2473,19,0.94586,0.86236,0.005420,0.08142,0.06438,7.95,-0.07182,-0.37462
1779370038.8777,plane,2474,19,0.95477,0.79388,0.003167,0.09097,0.08098,41.61,0.09422,-0.72393
1779370038.9901,plane,2475,19,0.89371,0.81865,0.002608,0.11936,0.09047,151.17,-0.54258,0.22017
1779370039.0869,plane,2476,19,0.95987,0.84858,0.004366,0.08088,0.06258,113.28,0.68456,0.30969
1779370039.1817,plane,2477,19,0.95297,0.89334,0.005124,0.08112,0.06512,17.13,-0.07257,0.47102
1779370039.2775,plane,2478,19,0.95009,0.95843,0.003282,0.08055,0.07926,173.36,-0.03008,0.67972
1779370039.3897,plane,2479,19,0.93413,0.86144,0.003437,0.09461,0.08295,56.13,-0.14234,-0.86475
1779370039.4856,plane,2480,19,0.98362,0.88203,0.002872,0.24986,0.13139,113.70,0.51565,0.21453
1779370039.5811,plane,2481,,,,,,,,,
1779370039.6781,plane,2482,19,0.96737,0.84852,0.007502,0.09416,0.06824,141.28,-0.16754,-0.34542
1779370039.7895,plane,2483,19,0.95779,0.92268,0.005520,0.08387,0.06254,21.83,-0.08573,0.66404
1779370039.8846,plane,2484,,,,,,,,,
1779370039.9812,plane,2485,,,,,,,,,
1779370040.0777,plane,2486,19,0.95906,0.92554,0.007972,0.08553,0.07715,31.40,0.01309,0.02961
1779370040.1894,plane,2487,19,0.93785,0.88070,0.007265,0.09258,0.06894,166.18,-0.19010,-0.40200
1779370040.2855,plane,2488,19,0.91998,0.92822,0.006632,0.08519,0.06661,14.41,-0.18570,0.49370
1779370040.3819,plane,2489,19,0.91128,0.92327,0.005997,0.08291,0.06580,7.79,-0.09049,-0.05142
1779370040.4783,plane,2490,19,0.89075,0.92467,0.006526,0.08725,0.06809,4.85,-0.21244,0.01444
1779370040.5897,plane,2491,19,0.87578,0.93354,0.006326,0.08802,0.06669,56.79,-0.13455,0.07981
1779370040.6864,plane,2492,19,0.85875,0.92881,0.006658,0.08591,0.07272,24.62,-0.17572,-0.04889
1779370040.7809,plane,2493,19,0.86125,0.87883,0.005212,0.08411,0.06324,39.86,0.02642,-0.52919
1779370040.8777,plane,2494,19,0.83908,0.87438,0.005132,0.08192,0.06428,26.86,-0.22920,-0.04600
1779370040.9893,plane,2495,19,0.85285,0.79751,0.003440,0.09372,0.08034,64.31,0.12324,-0.68777
1779370041.0865,plane,2496,,,,,,,,,
1779370041.1817,plane,2497,19,0.83664,0.84832,0.006824,0.08520,0.06888,1.33,-0.16995,0.53271
1779370041.2779,plane,2498,19,0.81339,0.84527,0.006146,0.08382,0.06537,3.23,-0.24159,-0.03166
1779370041.3898,plane,2499,19,0.80115,0.88307,0.002570,0.11932,0.09101,146.71,-0.10961,0.33851
1779370041.4854,plane,2500,19,0.78546,0.85221,0.002636,0.09735,0.08172,97.77,-0.16374,-0.32189
1779370041.5845,plane,2501,19,0.80256,0.84504,0.003784,0.07973,0.07049,78.12,0.17334,-0.07266
1779370041.6774,plane,2502,,,,,,,,,
1779370041.7899,plane,2503,19,0.79076,0.78716,0.008357,0.09380,0.06981,161.32,-0.10484,-0.51436
1779370041.8855,plane,2504,19,0.76769,0.83650,0.003689,0.07459,0.06543,22.45,-0.24154,0.51651
1779370041.9821,plane,2505,19,0.73890,0.79982,0.004432,0.07860,0.06775,92.83,-0.29798,-0.37964
1779370042.0768,plane,2506,,,,,,,,,
1779370042.1903,plane,2507,19,0.76344,0.88587,0.007243,0.08503,0.07044,4.34,0.21629,0.75859
1779370042.2858,plane,2508,19,0.72708,0.84148,0.005754,0.08719,0.06231,111.32,-0.38056,-0.46463
1779370042.3812,plane,2509,,,,,,,,,
1779370042.4774,plane,2510,,,,,,,,,
1779370042.5899,plane,2511,19,0.73315,0.84397,0.003913,0.08278,0.06143,109.76,0.05394,0.02210
1779370042.6856,plane,2512,19,0.71177,0.94512,0.002601,0.10858,0.08797,8.64,-0.22359,1.05780
1779370042.7813,plane,2513,19,0.73487,0.90948,0.003059,0.09444,0.08618,63.17,0.24130,-0.37217
1779370042.8772,plane,2514,,,,,,,,,
1779370042.9896,plane,2515,19,0.71380,0.95774,0.003740,0.08167,0.07876,140.94,-0.18712,0.42852
1779370043.0857,plane,2516,19,0.73090,0.84408,0.002397,0.11510,0.09011,10.12,0.17823,-1.18460
1779370043.1819,plane,2517,19,0.72218,0.90787,0.002384,0.17162,0.09779,110.13,-0.09056,0.66235
1779370043.2766,plane,2518,,,,,,,,,
1779370043.3910,plane,2519,19,0.70410,0.83113,0.003081,0.08275,0.07754,66.47,-0.15849,-0.67270
1779370043.4860,plane,2520,19,0.74387,0.94790,0.003036,0.09622,0.08318,158.42,0.41754,1.22595
1779370043.5812,plane,2521,,,,,,,,,
1779370043.6774,plane,2522,19,0.74255,0.86306,0.008623,0.08658,0.07353,137.81,-0.01368,-0.88315
1779370043.7901,plane,2523,19,0.71453,0.93480,0.002826,0.07494,0.07267,97.92,-0.24828,0.63560
1779370043.8857,plane,2524,,,,,,,,,
1779370043.9824,plane,2525,19,0.67857,0.95704,0.004381,0.07991,0.06557,73.06,-0.37218,0.23012
1779370044.0773,plane,2526,,,,,,,,,
1779370044.1889,plane,2527,,,,,,,,,
1779370044.2853,plane,2528,19,0.71953,0.94769,0.003738,0.07973,0.07233,71.60,0.42561,-0.09715
1779370044.3810,plane,2529,,,,,,,,,
1779370044.4774,plane,2530,19,0.71491,0.86388,0.006317,0.08620,0.06334,158.63,-0.04787,-0.86892
1779370044.5898,plane,2531,19,0.69847,0.94490,0.004047,0.07822,0.07371,77.89,-0.14651,0.72210
1779370044.6867,plane,2532,19,0.68696,0.92561,0.003742,0.10841,0.07657,113.63,-0.11882,-0.19919
1779370044.7821,plane,2533,19,0.66107,0.93022,0.005807,0.08762,0.06144,73.37,-0.27125,0.04831
1779370044.8775,plane,2534,,,,,,,,,
1779370044.9891,plane,2535,,,,,,,,,
1779370045.0858,plane,2536,19,0.66247,0.91618,0.003691,0.07876,0.06935,71.72,0.01441,-0.14513
1779370045.1822,plane,2537,,,,,,,,,
1779370045.2784,plane,2538,19,0.66737,0.85720,0.002157,0.13609,0.09399,107.02,0.05081,-0.61178
1779370045.3892,plane,2539,,,,,,,,,
1779370045.4863,plane,2540,19,0.63341,0.79422,0.002992,0.08796,0.08017,20.76,-0.35011,-0.64933
1779370045.5815,plane,2541,,,,,,,,,
1779370045.6773,plane,2542,,,,,,,,,
1779370045.7889,plane,2543,,,,,,,,,
1779370045.8868,plane,2544,19,0.63385,0.93348,0.002592,0.09987,0.08502,168.00,0.00453,1.42379
1779370045.9826,plane,2545,19,0.69100,0.82283,0.002199,0.12363,0.09531,31.19,0.59619,-1.15445
1779370046.0777,plane,2546,,,,,,,,,
1779370046.1903,plane,2547,19,0.68160,0.90464,0.008175,0.08786,0.06976,43.99,-0.08305,0.72348
1779370046.2860,plane,2548,19,0.66041,0.83650,0.002516,0.09263,0.07983,90.68,-0.22150,-0.71214
1779370046.3822,plane,2549,19,0.62531,0.86657,0.004272,0.07900,0.06536,106.82,-0.36572,0.31340
1779370046.4773,plane,2550,,,,,,,,,
1779370046.5891,plane,2551,,,,,,,,,
1779370046.6859,plane,2552,19,0.60540,0.87201,0.002533,0.11150,0.08964,18.81,-0.20586,0.05617
1779370046.7819,plane,2553,19,0.65700,0.76429,0.003240,0.07740,0.07461,114.75,0.53720,-1.12139
1779370046.8778,plane,2554,,,,,,,,,
1779370046.9906,plane,2555,19,0.64277,0.82771,0.002967,0.09656,0.08033,99.93,-0.12595,0.56132
1779370047.0868,plane,2556,19,0.64634,0.75014,0.004295,0.07857,0.06553,148.09,0.03713,-0.80774
1779370047.1817,plane,2557,,,,,,,,,
1779370047.2781,plane,2558,19,0.62407,0.79063,0.002513,0.11678,0.08198,81.50,-0.23128,0.42054
1779370047.3911,plane,2559,19,0.60838,0.80950,0.005161,0.07994,0.06534,162.29,-0.13904,0.16732
1779370047.4859,plane,2560,19,0.60178,0.80007,0.002969,0.08570,0.07815,72.40,-0.06952,-0.09923
1779370047.5817,plane,2561,19,0.57743,0.83928,0.002741,0.08857,0.07835,95.03,-0.25459,0.40999
1779370047.6774,plane,2562,19,0.56260,0.87213,0.005278,0.08517,0.06476,82.21,-0.15465,0.34263
1779370047.7896,plane,2563,19,0.55320,0.82118,0.002784,0.07821,0.07519,92.61,-0.08390,-0.45477
1779370047.8858,plane,2564,,,,,,,,,
1779370047.9813,plane,2565,19,0.50924,0.87688,0.002809,0.09094,0.08281,174.76,-0.46026,0.58331
1779370048.0773,plane,2566,,,,,,,,,
1779370048.1890,plane,2567,,,,,,,,,
1779370048.2850,plane,2568,,,,,,,,,
1779370048.3817,plane,2569,19,0.49310,0.78881,0.006456,0.08595,0.06534,6.78,-0.16693,-0.91075
1779370048.4769,plane,2570,,,,,,,,,
1779370048.5897,plane,2571,19,0.53000,0.80892,0.002109,0.11766,0.08879,76.03,0.32748,0.17848
1779370048.6856,plane,2572,19,0.55325,0.82121,0.004696,0.08160,0.06082,121.81,0.24201,0.12790
1779370048.7815,plane,2573,19,0.57696,0.83120,0.003952,0.07645,0.06921,99.23,0.24764,0.10425
1779370048.8774,plane,2574,19,0.60843,0.78066,0.004006,0.07909,0.06511,63.23,0.32788,-0.52644
1779370048.9895,plane,2575,19,0.57074,0.75623,0.005993,0.08359,0.06963,112.09,-0.33672,-0.21826
1779370049.0865,plane,2576,19,0.56314,0.73204,0.003409,0.08822,0.07841,72.23,-0.07829,-0.24920
1779370049.1819,plane,2577,19,0.57269,0.65605,0.002197,0.16595,0.10284,97.99,0.10020,-0.79706
1779370049.2781,plane,2578,19,0.61624,0.71649,0.005168,0.09904,0.05682,62.54,0.45213,0.62742
1779370049.3889,plane,2579,,,,,,,,,
1779370049.4859,plane,2580,19,0.65460,0.60541,0.002292,0.13941,0.09271,74.72,0.39677,-1.14907
1779370049.5818,plane,2581,19,0.61732,0.71594,0.002260,0.09796,0.08603,23.53,-0.38746,1.14880
1779370049.6779,plane,2582,19,0.63318,0.60767,0.003771,0.09249,0.09003,99.90,0.16549,-1.12926
1779370049.7892,plane,2583,,,,,,,,,
1779370049.8847,plane,2584,,,,,,,,,
1779370049.9808,plane,2585,,,,,,,,,
1779370050.0767,plane,2586,,,,,,,,,
1779370050.1893,plane,2587,19,0.65897,0.65715,0.008814,0.09870,0.07299,22.22,0.22892,0.43935
1779370050.2855,plane,2588,19,0.62144,0.65295,0.002803,0.10785,0.08779,136.79,-0.39010,-0.04369
1779370050.3813,plane,2589,19,0.58089,0.63263,0.002796,0.12029,0.08671,67.80,-0.42415,-0.21256
1779370050.4776,plane,2590,,,,,,,,,
1779370050.5896,plane,2591,19,0.63727,0.63097,0.002797,0.14177,0.09612,164.01,0.50307,-0.01479
1779370050.6848,plane,2592,,,,,,,,,
1779370050.7833,plane,2593,19,0.64063,0.55748,0.006382,0.08420,0.06646,163.28,0.03416,-0.74764
1779370050.8777,plane,2594,19,0.62136,0.61310,0.002226,0.27101,0.12350,101.25,-0.20357,0.58778
1779370050.9899,plane,2595,19,0.57904,0.55589,0.005268,0.08467,0.06117,68.89,-0.37833,-0.51145
1779370051.0857,plane,2596,,,,,,,,,
1779370051.1818,plane,2597,19,0.63077,0.65595,0.002536,0.09811,0.08255,92.20,0.53737,1.03944
1779370051.2779,plane,2598,19,0.56693,0.57588,0.003226,0.09262,0.08762,55.44,-0.66662,-0.83615
1779370051.3899,plane,2599,19,0.59985,0.67463,0.003988,0.09361,0.07991,44.72,0.29310,0.87937
1779370051.4846,plane,2600,,,,,,,,,
1779370051.5818,plane,2601,19,0.62008,0.59900,0.002643,0.09191,0.07797,78.20,0.20861,-0.77966
1779370051.6779,plane,2602,19,0.57269,0.67765,0.002740,0.10309,0.08799,76.18,-0.49259,0.81755
1779370051.7914,plane,2603,19,0.58958,0.58658,0.004076,0.09422,0.08356,144.14,0.14923,-0.80490
1779370051.8858,plane,2604,19,0.59735,0.66149,0.002316,0.10012,0.09176,172.45,0.08197,0.78990
1779370051.9805,plane,2605,,,,,,,,,
1779370052.0765,plane,2606,,,,,,,,,
1779370052.1892,plane,2607,19,0.57466,0.68120,0.004149,0.08940,0.07730,37.51,-0.20133,0.17492
1779370052.2848,plane,2608,,,,,,,,,
1779370052.3806,plane,2609,,,,,,,,,
1779370052.4766,plane,2610,,,,,,,,,
1779370052.5895,plane,2611,19,0.56870,0.56909,0.003282,0.08318,0.07767,175.66,-0.05282,-0.99273
1779370052.6852,plane,2612,19,0.61825,0.67358,0.002633,0.10942,0.08783,173.47,0.51804,1.09246
1779370052.7811,plane,2613,,,,,,,,,
1779370052.8773,plane,2614,19,0.62207,0.59446,0.007180,0.08824,0.06796,157.66,0.03965,-0.82062
1779370052.9905,plane,2615,,,,,,,,,
1779370053.0854,plane,2616,19,0.58241,0.60640,0.002989,0.09485,0.08441,61.01,-0.41763,0.12569
1779370053.1818,plane,2617,19,0.56941,0.66636,0.006807,0.08854,0.06266,39.12,-0.13478,0.62129
1779370053.2771,plane,2618,19,0.55746,0.66828,0.007206,0.08649,0.06693,21.44,-0.12560,0.02023
1779370053.3905,plane,2619,19,0.53916,0.60581,0.003286,0.08322,0.07615,66.98,-0.16112,-0.55010
1779370053.4851,plane,2620,19,0.51492,0.64849,0.004298,0.08152,0.07115,41.30,-0.25617,0.45103
1779370053.5820,plane,2621,19,0.50165,0.60618,0.005842,0.08443,0.06363,137.37,-0.13754,-0.43859
1779370053.6780,plane,2622,19,0.48071,0.60115,0.005408,0.08435,0.06008,155.36,-0.21719,-0.05220
1779370053.7903,plane,2623,19,0.46701,0.69387,0.003374,0.09238,0.07830,107.07,-0.12236,0.82811
1779370053.8860,plane,2624,19,0.44706,0.69220,0.004573,0.08076,0.07181,27.80,-0.20782,-0.01737
1779370053.9819,plane,2625,19,0.42633,0.67145,0.006373,0.09406,0.07372,106.27,-0.21647,-0.21664
1779370054.0769,plane,2626,,,,,,,,,
1779370054.1895,plane,2627,19,0.41167,0.54723,0.002530,0.10732,0.09255,154.01,-0.13028,-1.10381
1779370054.2854,plane,2628,19,0.39870,0.64460,0.003701,0.11608,0.08790,6.79,-0.13550,1.01715
1779370054.3808,plane,2629,,,,,,,,,
1779370054.4767,plane,2630,,,,,,,,,
1779370054.5895,plane,2631,19,0.42912,0.66316,0.003704,0.08394,0.07827,130.05,0.26967,0.16455
1779370054.6851,plane,2632,19,0.38392,0.54291,0.002794,0.10853,0.08548,165.99,-0.47285,-1.25778
1779370054.7811,plane,2633,,,,,,,,,
1779370054.8770,plane,2634,,,,,,,,,
1779370054.9895,plane,2635,19,0.43661,0.52159,0.002009,0.15981,0.10367,5.66,0.46902,-0.18978
1779370055.0862,plane,2636,19,0.38704,0.64461,0.004942,0.08247,0.06931,120.02,-0.51287,1.27286
1779370055.1813,plane,2637,,,,,,,,,
1779370055.2772,plane,2638,19,0.37271,0.55361,0.005258,0.07970,0.06532,3.20,-0.14932,-0.94846
1779370055.3885,plane,2639,,,,,,,,,
1779370055.4858,plane,2640,19,0.41614,0.53342,0.003998,0.09159,0.08244,6.47,0.44696,-0.20782
1779370055.5818,plane,2641,19,0.41995,0.62312,0.005995,0.08746,0.06097,133.01,0.03968,0.93413
1779370055.6777,plane,2642,19,0.42768,0.62254,0.007043,0.08818,0.06397,139.72,0.08062,-0.00602
1779370055.7900,plane,2643,19,0.45396,0.59389,0.003130,0.08403,0.07418,142.08,0.23460,-0.25577
1779370055.8855,plane,2644,19,0.47468,0.59092,0.005083,0.08467,0.05991,104.72,0.21594,-0.03098
1779370055.9823,plane,2645,19,0.45295,0.49339,0.002816,0.10845,0.08837,134.29,-0.22483,-1.00892
1779370056.0777,plane,2646,19,0.47304,0.47872,0.003270,0.08815,0.07987,117.19,0.21034,-0.15363
1779370056.1900,plane,2647,19,0.49364,0.51302,0.002319,0.13707,0.09517,18.36,0.18392,0.30635
1779370056.2861,plane,2648,19,0.51260,0.51297,0.006027,0.08925,0.06245,94.49,0.19699,-0.00057
1779370056.3811,plane,2649,,,,,,,,,
1779370056.4767,plane,2650,,,,,,,,,
1779370056.5888,plane,2651,,,,,,,,,
1779370056.6858,plane,2652,22,0.51982,0.66422,0.003150,0.08229,0.07954,2.51,0.00000,0.00000
1779370056.7822,plane,2653,19,0.48057,0.54686,0.002675,0.09703,0.08278,17.80,-0.33275,0.35209
1779370056.8773,plane,2654,,,,,,,,,
1779370056.9885,plane,2655,,,,,,,,,
1779370057.0854,plane,2656,19,0.52200,0.53540,0.003177,0.08114,0.07928,28.39,0.42758,-0.11828
1779370057.1816,plane,2657,19,0.47470,0.65802,0.003316,0.07839,0.07697,88.34,-0.49153,1.27421
1779370057.2770,plane,2658,,,,,,,,,
1779370057.3890,plane,2659,,,,,,,,,
1779370057.4852,plane,2660,19,0.52155,0.67524,0.003445,0.07891,0.07530,69.77,0.48777,0.17929
1779370057.5820,plane,2661,19,0.47320,0.55912,0.002853,0.14867,0.09688,153.74,-0.49982,-1.20040
1779370057.6802,plane,2662,19,0.52861,0.63687,0.002111,0.13249,0.09588,146.68,0.56538,0.79332
1779370057.7891,plane,2663,,,,,,,,,
1779370057.8857,plane,2664,19,0.52818,0.57663,0.003893,0.07495,0.06358,10.55,-0.00445,-0.62441
1779370057.9819,plane,2665,19,0.50118,0.63547,0.008055,0.08791,0.06921,65.16,-0.28182,0.61405
1779370058.0790,plane,2666,19,0.48254,0.60874,0.004425,0.08098,0.06559,75.17,-0.19110,-0.27400
1779370058.1898,plane,2667,19,0.46056,0.56163,0.004011,0.07844,0.06994,103.97,-0.19883,-0.42619
1779370058.2861,plane,2668,19,0.45934,0.55474,0.004495,0.07991,0.06526,106.22,-0.01260,-0.07135
1779370058.3820,plane,2669,19,0.47973,0.52250,0.003464,0.07730,0.07484,99.28,0.21299,-0.33674
1779370058.4783,plane,2670,19,0.47681,0.49572,0.004842,0.08173,0.06481,66.79,-0.03028,-0.27796
1779370058.5884,plane,2671,,,,,,,,,
1779370058.6850,plane,2672,,,,,,,,,
1779370058.7820,plane,2673,19,0.48405,0.48791,0.003401,0.08712,0.07851,20.85,0.07459,-0.08045
1779370058.8766,plane,2674,,,,,,,,,
1779370058.9904,plane,2675,,,,,,,,,
1779370059.0843,plane,2676,,,,,,,,,
1779370059.1819,plane,2677,19,0.49663,0.36177,0.003343,0.07655,0.07139,97.63,0.12927,-1.29630
1779370059.2783,plane,2678,19,0.44248,0.48595,0.002711,0.11217,0.08866,14.54,-0.56063,1.28567
1779370059.3889,plane,2679,,,,,,,,,
1779370059.4846,plane,2680,,,,,,,,,
1779370059.5818,plane,2681,19,0.50035,0.50211,0.003052,0.09844,0.08424,153.24,0.59699,0.16665
1779370059.6773,plane,2682,19,0.45469,0.37844,0.003198,0.07872,0.07666,36.16,-0.47715,-1.29217
1779370059.7890,plane,2683,,,,,,,,,
1779370059.8857,plane,2684,19,0.44553,0.51557,0.002060,0.12741,0.09404,19.82,-0.09498,1.42193
1779370059.9813,plane,2685,19,0.49820,0.41193,0.004281,0.07614,0.06717,15.17,0.54917,-1.08057
1779370060.0776,plane,2686,19,0.46036,0.46243,0.006844,0.08838,0.06387,74.86,-0.39397,0.52582
1779370060.1886,plane,2687,,,,,,,,,
1779370060.2849,plane,2688,,,,,,,,,
1779370060.3820,plane,2689,19,0.44804,0.45808,0.003572,0.07958,0.07780,29.00,-0.12700,-0.04482
1779370060.4780,plane,2690,19,0.44169,0.41463,0.002031,0.16651,0.10411,27.06,-0.06634,-0.45385
1779370060.5901,plane,2691,19,0.44808,0.39839,0.005541,0.08539,0.06322,67.77,0.05693,-0.14467
1779370060.6845,plane,2692,,,,,,,,,
1779370060.7810,plane,2693,,,,,,,,,
1779370060.8777,plane,2694,19,0.45784,0.35905,0.006799,0.09030,0.06543,43.92,0.10112,-0.40745
1779370060.9893,plane,2695,19,0.42763,0.32357,0.003716,0.07854,0.07683,93.01,-0.27045,-0.31754
1779370061.0858,plane,2696,19,0.41447,0.29724,0.006490,0.08754,0.06571,88.81,-0.13679,-0.27372
1779370061.1815,plane,2697,19,0.41237,0.26483,0.006205,0.08686,0.06477,42.32,-0.02180,-0.33753
1779370061.2767,plane,2698,,,,,,,,,
1779370061.3909,plane,2699,19,0.35314,0.23784,0.002862,0.09193,0.08342,13.42,-0.51843,-0.23623
1779370061.4847,plane,2700,,,,,,,,,
1779370061.5820,plane,2701,19,0.35613,0.15745,0.007133,0.08710,0.06628,24.17,0.03081,-0.82941
1779370061.6767,plane,2702,,,,,,,,,
1779370061.7894,plane,2703,19,0.39252,0.19156,0.003537,0.07917,0.07529,77.60,0.32350,0.30322
1779370061.8854,plane,2704,19,0.40825,0.22576,0.005993,0.08729,0.06188,156.23,0.16375,0.35595
1779370061.9817,plane,2705,19,0.42472,0.22481,0.006460,0.08585,0.06523,175.73,0.17083,-0.00989
1779370062.0776,plane,2706,19,0.44481,0.18640,0.004659,0.07797,0.06461,2.64,0.20988,-0.40132
1779370062.1897,plane,2707,19,0.47455,0.22955,0.006070,0.08586,0.06477,158.86,0.26516,0.38472
1779370062.2855,plane,2708,19,0.49432,0.18475,0.007612,0.08927,0.06459,42.27,0.20658,-0.46804
1779370062.3819,plane,2709,19,0.52398,0.18578,0.007139,0.08928,0.06456,42.24,0.30736,0.01074
1779370062.4774,plane,2710,19,0.54063,0.23545,0.005278,0.08382,0.06304,34.70,0.17424,0.51972
1779370062.5898,plane,2711,19,0.56748,0.25060,0.006283,0.08656,0.06324,32.76,0.23863,0.13472
1779370062.6856,plane,2712,19,0.57783,0.30248,0.004944,0.08448,0.06046,148.88,0.10815,0.54209
1779370062.7823,plane,2713,19,0.60484,0.31869,0.004413,0.07896,0.06427,154.27,0.27973,0.16782
1779370062.8782,plane,2714,19,0.61587,0.23349,0.003660,0.10899,0.08580,124.35,0.11483,-0.88725
1779370062.9898,plane,2715,19,0.66273,0.25167,0.002563,0.11073,0.08865,170.23,0.41974,0.16285
1779370063.0858,plane,2716,19,0.65112,0.27279,0.005605,0.08841,0.07026,114.14,-0.12100,0.21993
1779370063.1834,plane,2717,19,0.65457,0.32057,0.003489,0.07669,0.07031,37.24,0.03547,0.49073
1779370063.2773,plane,2718,,,,,,,,,
1779370063.3885,plane,2719,,,,,,,,,
1779370063.4850,plane,2720,19,0.66297,0.32545,0.005927,0.08737,0.05979,28.99,0.08710,0.05063
1779370063.5814,plane,2721,,,,,,,,,
1779370063.6777,plane,2722,19,0.70908,0.34860,0.003230,0.07896,0.07501,73.55,0.47747,0.23976
1779370063.7893,plane,2723,19,0.72864,0.37545,0.005617,0.08556,0.06546,57.80,0.17532,0.24063
1779370063.8857,plane,2724,19,0.75175,0.39369,0.006512,0.08894,0.06406,69.89,0.23976,0.18923
1779370063.9823,plane,2725,19,0.76029,0.44454,0.004690,0.07973,0.06459,23.38,0.08863,0.52784
1779370064.0786,plane,2726,19,0.77449,0.48789,0.005249,0.08222,0.06542,14.02,0.14733,0.44975
1779370064.1895,plane,2727,19,0.81361,0.43982,0.003844,0.07844,0.06794,64.66,0.35207,-0.43259
1779370064.2855,plane,2728,19,0.85271,0.53266,0.004237,0.07972,0.07152,76.02,0.40811,0.96887
1779370064.3818,plane,2729,,,,,,,,,
1779370064.4777,plane,2730,19,0.84102,0.41165,0.002570,0.10026,0.08940,128.41,-0.12190,-1.26220
1779370064.5897,plane,2731,19,0.89379,0.50120,0.006539,0.08524,0.06815,169.99,0.47173,0.80051
1779370064.6860,plane,2732,19,0.87614,0.47136,0.009445,0.09251,0.07979,100.21,-0.18326,-0.30970
1779370064.7816,plane,2733,19,0.85523,0.49761,0.005412,0.08609,0.06044,107.76,-0.21868,0.27452
1779370064.8781,plane,2734,19,0.86676,0.54901,0.003691,0.07988,0.07474,78.66,0.11933,0.53180
1779370064.9898,plane,2735,19,0.86556,0.57804,0.006249,0.08618,0.06425,153.61,-0.01074,0.26004
1779370065.0858,plane,2736,19,0.87244,0.64173,0.006232,0.08760,0.06535,39.20,0.07175,0.66419
1779370065.1825,plane,2737,19,0.84564,0.64375,0.003589,0.08090,0.07353,53.41,-0.27661,0.02086
1779370065.2791,plane,2738,19,0.85037,0.61906,0.002055,0.09217,0.08085,87.77,0.04903,-0.25609
1779370065.3898,plane,2739,19,0.84190,0.60066,0.003623,0.07722,0.07237,61.64,-0.07640,-0.16594
1779370065.4858,plane,2740,19,0.85826,0.54288,0.007217,0.08999,0.07153,106.62,0.17100,-0.60370
1779370065.5814,plane,2741,,,,,,,,,
1779370065.6778,plane,2742,19,0.85285,0.64615,0.008255,0.09260,0.07024,26.44,-0.05607,1.07044
1779370065.7898,plane,2743,19,0.82905,0.59493,0.004454,0.07620,0.06515,173.11,-0.21262,-0.45749
1779370065.8864,plane,2744,19,0.79955,0.63416,0.004734,0.08120,0.07083,90.93,-0.30545,0.40621
1779370065.9819,plane,2745,19,0.81069,0.60373,0.003862,0.07422,0.07224,31.09,0.11672,-0.31888
1779370066.0785,plane,2746,19,0.84438,0.54006,0.003684,0.08987,0.08038,68.70,0.34837,-0.65835
1779370066.1902,plane,2747,19,0.74241,0.59241,0.002545,0.10725,0.08414,98.30,-0.91418,0.46925
1779370066.2861,plane,2748,19,0.81687,0.52831,0.006034,0.09194,0.06283,122.24,0.77499,-0.66703
1779370066.3821,plane,2749,19,0.81619,0.61943,0.005381,0.08480,0.06235,38.90,-0.00717,0.95122
1779370066.4783,plane,2750,19,0.83807,0.63001,0.003845,0.07585,0.06651,30.38,0.22708,0.10971
1779370066.5901,plane,2751,19,0.79584,0.52606,0.003808,0.09346,0.07242,73.29,-0.37857,-0.93168
1779370066.6856,plane,2752,19,0.81710,0.63253,0.004696,0.08227,0.06343,74.16,0.22204,1.11186
1779370066.7807,plane,2753,,,,,,,,,
1779370066.8779,plane,2754,19,0.82848,0.54135,0.006332,0.08397,0.06609,172.32,0.11746,-0.94093
1779370066.9897,plane,2755,19,0.81690,0.62168,0.007087,0.09321,0.07024,58.75,-0.10335,0.71686
1779370067.0868,plane,2756,19,0.80548,0.56899,0.003082,0.09699,0.08011,104.19,-0.11786,-0.54358
1779370067.1819,plane,2757,19,0.78703,0.57261,0.007156,0.10162,0.06097,87.79,-0.19356,0.03803
1779370067.2776,plane,2758,19,0.79483,0.55128,0.003320,0.09255,0.07816,100.38,0.08147,-0.22281
1779370067.3909,plane,2759,19,0.79335,0.42869,0.002540,0.10497,0.08702,18.56,-0.01305,-1.08525
1779370067.4857,plane,2760,,,,,,,,,
1779370067.5817,plane,2761,19,0.81055,0.48275,0.006616,0.08870,0.07267,169.25,0.17948,0.56409
1779370067.6779,plane,2762,19,0.79649,0.51965,0.004651,0.07906,0.06818,156.09,-0.14587,0.38272
1779370067.7898,plane,2763,19,0.77091,0.50957,0.003155,0.08606,0.08067,172.06,-0.22933,-0.09038
1779370067.8860,plane,2764,19,0.77268,0.53702,0.004401,0.07882,0.07045,143.67,0.01837,0.28458
1779370067.9821,plane,2765,19,0.80305,0.61907,0.004435,0.08227,0.07037,81.57,0.31589,0.85342
1779370068.0777,plane,2766,,,,,,,,,
1779370068.1895,plane,2767,19,0.79376,0.53652,0.008487,0.08533,0.07287,137.34,-0.08320,-0.73940
1779370068.2853,plane,2768,19,0.76996,0.60399,0.003728,0.07365,0.07073,175.58,-0.24866,0.70482
1779370068.3821,plane,2769,19,0.73961,0.57186,0.004428,0.07952,0.06954,76.88,-0.31300,-0.33133
1779370068.4780,plane,2770,19,0.75709,0.60669,0.002085,0.20845,0.10994,87.14,0.18266,0.36404
1779370068.5896,plane,2771,19,0.76502,0.66769,0.008511,0.08670,0.07418,12.24,0.07092,0.54518
1779370068.6857,plane,2772,19,0.73604,0.59243,0.004823,0.08393,0.07718,62.66,-0.30179,-0.78360
1779370068.7815,plane,2773,19,0.72213,0.63112,0.004968,0.08000,0.06529,165.26,-0.14545,0.40469
1779370068.8777,plane,2774,19,0.70400,0.62197,0.006477,0.08904,0.06448,130.49,-0.18807,-0.09493
1779370068.9900,plane,2775,19,0.68326,0.63605,0.006426,0.08787,0.06322,145.32,-0.18506,0.12566
1779370069.0864,plane,2776,19,0.67580,0.68258,0.005732,0.08373,0.06474,153.43,-0.07716,0.48164
1779370069.1818,plane,2777,19,0.64670,0.68275,0.006439,0.08666,0.06553,129.94,-0.30548,0.00178
1779370069.2788,plane,2778,19,0.64498,0.75485,0.004951,0.08359,0.06268,28.35,-0.01775,0.74238
1779370069.3895,plane,2779,19,0.61727,0.77173,0.005454,0.08436,0.06383,25.19,-0.25070,0.15268
1779370069.4860,plane,2780,19,0.61377,0.70737,0.003749,0.08947,0.06666,110.08,-0.03619,-0.66580
1779370069.5820,plane,2781,19,0.58528,0.71209,0.003199,0.07864,0.07569,84.61,-0.29679,0.04915
1779370069.6794,plane,2782,19,0.56678,0.72859,0.005736,0.09219,0.06680,86.48,-0.19019,0.16960
1779370069.7919,plane,2783,19,0.56526,0.74931,0.003352,0.08140,0.07614,75.78,-0.01351,0.18409
1779370069.8851,plane,2784,,,,,,,,,
1779370069.9810,plane,2785,,,,,,,,,
1779370070.0785,plane,2786,19,0.57033,0.78537,0.006756,0.08653,0.06471,162.14,0.05204,0.36988
1779370070.1898,plane,2787,19,0.53621,0.79579,0.002460,0.16134,0.09798,62.57,-0.30696,0.09381
1779370070.2864,plane,2788,19,0.48693,0.81415,0.003067,0.09190,0.07817,100.59,-0.50942,0.18972
1779370070.3809,plane,2789,,,,,,,,,
1779370070.4779,plane,2790,19,0.54796,0.80801,0.002557,0.09428,0.06409,167.16,0.63130,-0.06349
1779370070.5891,plane,2791,,,,,,,,,
1779370070.6866,plane,2792,19,0.53615,0.88936,0.007367,0.08907,0.06490,41.13,-0.12115,0.83448
1779370070.7815,plane,2793,,,,,,,,,
1779370070.8782,plane,2794,19,0.49850,0.85332,0.002987,0.09261,0.08083,114.48,-0.38927,-0.37266
1779370070.9904,plane,2795,19,0.48516,0.80439,0.005820,0.08484,0.06197,152.08,-0.11919,-0.43710
1779370071.0859,plane,2796,19,0.48054,0.77825,0.002462,0.13361,0.09348,60.47,-0.04827,-0.27298
1779370071.1814,plane,2797,19,0.42055,0.89340,0.002719,0.11236,0.08614,19.01,-0.62867,1.20676
1779370071.2776,plane,2798,19,0.47122,0.82533,0.002874,0.07885,0.06482,176.77,0.52767,-0.70878
1779370071.3890,plane,2799,,,,,,,,,
1779370071.4860,plane,2800,19,0.46002,0.87012,0.003621,0.07563,0.06492,27.60,-0.11520,0.46055
1779370071.5817,plane,2801,19,0.43706,0.78683,0.004869,0.08850,0.06053,103.35,-0.23987,-0.87017
1779370071.6777,plane,2802,19,0.40606,0.81619,0.002428,0.10407,0.08797,178.98,-0.32300,0.30588
1779370071.7898,plane,2803,19,0.39838,0.85804,0.004471,0.09313,0.06801,49.99,-0.06864,0.37411
1779370071.8853,plane,2804,,,,,,,,,
1779370071.9815,plane,2805,19,0.40954,0.95600,0.003720,0.07730,0.07019,111.43,0.11597,1.01822
1779370072.0775,plane,2806,,,,,,,,,
1779370072.1889,plane,2807,,,,,,,,,
1779370072.2857,plane,2808,19,0.39494,0.93772,0.008074,0.08901,0.07052,138.56,-0.15080,-0.18877
1779370072.3812,plane,2809,19,0.42506,0.89999,0.002384,0.17102,0.10554,41.59,0.31561,-0.39528
1779370072.4777,plane,2810,19,0.45340,0.87589,0.006154,0.08786,0.06150,57.77,0.29381,-0.24985
1779370072.5895,plane,2811,19,0.42768,0.86093,0.002014,0.15898,0.09991,71.70,-0.23042,-0.13405
1779370072.6852,plane,2812,,,,,,,,,
1779370072.7821,plane,2813,19,0.47117,0.88646,0.002363,0.11006,0.08980,1.79,0.44854,0.26330
1779370072.8788,plane,2814,19,0.41258,0.80786,0.007501,0.09311,0.06869,170.77,-0.60751,-0.81499
1779370072.9898,plane,2815,19,0.46540,0.83942,0.003935,0.10495,0.07710,7.28,0.47491,0.28375
1779370073.0857,plane,2816,19,0.49312,0.76414,0.002660,0.10292,0.08120,72.81,0.28967,-0.78662
1779370073.1812,plane,2817,,,,,,,,,
1779370073.2773,plane,2818,19,0.43145,0.81803,0.004320,0.09129,0.08162,130.91,-0.64150,0.56052
1779370073.3904,plane,2819,19,0.46917,0.73069,0.002794,0.10078,0.08530,152.52,0.33422,-0.77372
1779370073.4856,plane,2820,19,0.41713,0.74531,0.001999,0.18730,0.10838,93.53,-0.54549,0.15325
1779370073.5820,plane,2821,19,0.48190,0.83337,0.002862,0.11107,0.08913,116.74,0.67311,0.91524
1779370073.6787,plane,2822,19,0.43803,0.73395,0.003869,0.09599,0.08479,78.56,-0.45301,-1.02683
1779370073.7900,plane,2823,19,0.47304,0.80492,0.002367,0.36687,0.14089,156.43,0.31476,0.63815
1779370073.8857,plane,2824,,,,,,,,,
1779370073.9811,plane,2825,,,,,,,,,
1779370074.0779,plane,2826,19,0.44588,0.81750,0.002770,0.10187,0.08448,58.44,-0.28057,0.12996
1779370074.1897,plane,2827,19,0.44536,0.72977,0.002928,0.10595,0.08743,162.59,-0.00466,-0.78409
1779370074.2845,plane,2828,,,,,,,,,
1779370074.3808,plane,2829,,,,,,,,,
1779370074.4770,plane,2830,19,0.47266,0.70542,0.002174,0.10070,0.09067,3.54,0.28390,-0.25324
1779370074.5895,plane,2831,19,0.43437,0.81665,0.002494,0.08507,0.07773,63.99,-0.34079,0.98995
1779370074.6853,plane,2832,,,,,,,,,
1779370074.7819,plane,2833,,,,,,,,,
1779370074.8776,plane,2834,,,,,,,,,
1779370074.9911,plane,2835,19,0.42447,0.77309,0.008007,0.09749,0.06832,175.85,-0.08710,-0.38305
1779370075.0862,plane,2836,19,0.46433,0.79542,0.003359,0.08242,0.07693,52.14,0.42021,0.23542
1779370075.1820,plane,2837,,,,,,,,,
1779370075.2774,plane,2838,,,,,,,,,
1779370075.3894,plane,2839,19,0.45997,0.79541,0.004411,0.09960,0.08319,173.88,-0.03889,-0.00012
1779370075.4858,plane,2840,19,0.51337,0.72267,0.002219,0.09288,0.08670,136.72,0.55489,-0.75585
1779370075.5815,plane,2841,,,,,,,,,
1779370075.6779,plane,2842,19,0.51547,0.79252,0.003208,0.12741,0.09020,108.55,0.02174,0.72457
1779370075.7899,plane,2843,19,0.46994,0.69808,0.003681,0.10216,0.08883,4.02,-0.40749,-0.84522
1779370075.8862,plane,2844,19,0.49083,0.78465,0.002214,0.12500,0.09333,157.04,0.21643,0.89676
1779370075.9814,plane,2845,19,0.44833,0.79332,0.002099,0.12754,0.08936,74.90,-0.44720,0.09126
1779370076.0781,plane,2846,19,0.49997,0.69708,0.002316,0.11692,0.09143,70.31,0.53424,-0.99563
1779370076.1899,plane,2847,19,0.47650,0.79803,0.003918,0.08812,0.08500,135.92,-0.20955,0.90145
1779370076.2853,plane,2848,19,0.47822,0.71872,0.002680,0.09731,0.08858,151.93,0.01800,-0.83143
1779370076.3809,plane,2849,,,,,,,,,
1779370076.4773,plane,2850,,,,,,,,,
1779370076.5892,plane,2851,19,0.49548,0.69796,0.003482,0.10624,0.08696,10.77,0.15446,-0.18570
1779370076.6859,plane,2852,19,0.46048,0.79718,0.002840,0.10343,0.08614,8.13,-0.36125,1.02398
1779370076.7810,plane,2853,,,,,,,,,
1779370076.8772,plane,2854,,,,,,,,,
1779370076.9896,plane,2855,19,0.50075,0.81377,0.003620,0.07915,0.07686,110.57,0.35860,0.14770
1779370077.0861,plane,2856,19,0.45199,0.70296,0.002421,0.11423,0.08852,168.02,-0.50487,-1.14724
1779370077.1806,plane,2857,,,,,,,,,
1779370077.2776,plane,2858,19,0.44656,0.79328,0.006663,0.08630,0.06523,158.76,-0.05608,0.93371
1779370077.3891,plane,2859,,,,,,,,,
1779370077.4858,plane,2860,19,0.49111,0.78607,0.003282,0.09315,0.08524,23.18,0.46068,-0.07460
1779370077.5824,plane,2861,19,0.49875,0.72322,0.006807,0.08768,0.06279,34.79,0.07924,-0.65231
1779370077.6779,plane,2862,19,0.51015,0.71805,0.006982,0.08678,0.06589,25.04,0.11905,-0.05400
1779370077.7889,plane,2863,,,,,,,,,
1779370077.8859,plane,2864,19,0.56112,0.73892,0.004371,0.08672,0.07969,45.17,0.52457,0.21480
1779370077.9814,plane,2865,19,0.55936,0.81543,0.004832,0.08151,0.06397,146.64,-0.01842,0.80118
1779370078.0781,plane,2866,19,0.57803,0.82498,0.005817,0.08710,0.06148,155.94,0.19332,0.09890
1779370078.1897,plane,2867,19,0.59109,0.75107,0.002850,0.10255,0.08177,107.54,0.11689,-0.66136
1779370078.2854,plane,2868,19,0.61324,0.76287,0.002541,0.14924,0.09431,109.04,0.23197,0.12356
1779370078.3826,plane,2869,19,0.64082,0.76538,0.006636,0.09128,0.07471,114.17,0.28391,0.02586
1779370078.4770,plane,2870,,,,,,,,,
1779370078.5897,plane,2871,19,0.65793,0.90399,0.002560,0.10533,0.09151,147.91,0.15209,1.23155
1779370078.6857,plane,2872,19,0.67630,0.79230,0.003532,0.11134,0.08739,12.97,0.19109,-1.16179
1779370078.7818,plane,2873,19,0.66146,0.86241,0.002933,0.09564,0.09307,141.58,-0.15474,0.73083
1779370078.8773,plane,2874,,,,,,,,,
1779370078.9900,plane,2875,19,0.65126,0.78156,0.002977,0.09808,0.08920,24.76,-0.09051,-0.71778
1779370079.0859,plane,2876,19,0.69171,0.90420,0.003737,0.07957,0.07712,112.69,0.42131,1.27743
1779370079.1807,plane,2877,,,,,,,,,
1779370079.2769,plane,2878,,,,,,,,,
1779370079.3887,plane,2879,,,,,,,,,
1779370079.4856,plane,2880,19,0.69421,0.82676,0.008158,0.09768,0.06884,170.97,0.02589,-0.80036
1779370079.5819,plane,2881,19,0.66139,0.86990,0.002745,0.15497,0.09627,113.82,-0.34033,0.44728
1779370079.6774,plane,2882,19,0.63163,0.80737,0.003191,0.08309,0.07947,172.29,-0.31153,-0.65469
1779370079.7889,plane,2883,,,,,,,,,
1779370079.8859,plane,2884,19,0.66478,0.91345,0.003999,0.08476,0.07999,54.43,0.34181,1.09379
1779370079.9819,plane,2885,19,0.61289,0.82551,0.003062,0.09702,0.08543,24.93,-0.54090,-0.91664
1779370080.0776,plane,2886,19,0.67194,0.85142,0.002833,0.13532,0.09035,105.53,0.61701,0.27074
1779370080.1898,plane,2887,19,0.61395,0.92972,0.002484,0.09919,0.09109,45.16,-0.51752,0.69884
1779370080.2861,plane,2888,19,0.65831,0.81724,0.003776,0.09284,0.08899,178.05,0.45977,-1.16583
1779370080.3814,plane,2889,19,0.62325,0.90141,0.002874,0.08458,0.07204,94.65,-0.36832,0.88427
1779370080.4776,plane,2890,19,0.66228,0.88710,0.003666,0.09053,0.07218,129.85,0.40524,-0.14867
1779370080.5887,plane,2891,,,,,,,,,
1779370080.6865,plane,2892,19,0.64076,0.91966,0.003577,0.08308,0.06773,82.43,-0.22009,0.33310
1779370080.7814,plane,2893,19,0.63877,0.82265,0.002513,0.10208,0.09002,4.77,-0.02093,-1.01950
1779370080.8776,plane,2894,19,0.64634,0.87342,0.002102,2.39209,0.35430,117.19,0.07872,0.52829
1779370080.9886,plane,2895,,,,,,,,,
1779370081.0854,plane,2896,19,0.63110,0.79767,0.002908,0.08572,0.08042,100.06,-0.15761,-0.78343
1779370081.1826,plane,2897,19,0.66319,0.91496,0.002582,0.11414,0.08944,166.62,0.32994,1.20596
1779370081.2777,plane,2898,,,,,,,,,
1779370081.3888,plane,2899,,,,,,,,,
1779370081.4851,plane,2900,,,,,,,,,
1779370081.5817,plane,2901,19,0.66810,0.85914,0.008077,0.09900,0.06723,2.58,0.05084,-0.57695
1779370081.6772,plane,2902,19,0.63339,0.89023,0.002825,0.12527,0.08854,113.39,-0.36333,0.32538
1779370081.7901,plane,2903,19,0.58863,0.83309,0.002136,0.18792,0.11167,133.45,-0.39653,-0.50631
1779370081.8851,plane,2904,,,,,,,,,
1779370081.9814,plane,2905,19,0.63938,0.92190,0.003328,0.07959,0.07687,90.24,0.52758,0.92325
1779370082.0775,plane,2906,19,0.56923,0.85664,0.002138,0.09367,0.08962,175.33,-0.72925,-0.67844
1779370082.1888,plane,2907,,,,,,,,,
1779370082.2858,plane,2908,19,0.57562,0.91536,0.004256,0.07655,0.07205,130.19,0.06593,0.60581
1779370082.3821,plane,2909,19,0.60594,0.82938,0.005493,0.08575,0.06158,70.06,0.31419,-0.89118
1779370082.4776,plane,2910,19,0.61813,0.85877,0.003059,0.08235,0.07462,94.41,0.12798,0.30831
1779370082.5891,plane,2911,,,,,,,,,
1779370082.6855,plane,2912,19,0.63970,0.96908,0.003552,0.09573,0.07537,52.87,0.22379,1.14466
1779370082.7814,plane,2913,19,0.65703,0.95206,0.003350,0.07954,0.07139,80.63,0.18096,-0.17781
1779370082.8770,plane,2914,,,,,,,,,
1779370082.9889,plane,2915,,,,,,,,,
1779370083.0852,plane,2916,,,,,,,,,
1779370083.1821,plane,2917,19,0.64636,0.84751,0.003113,0.10531,0.08952,13.05,-0.10990,-1.07768
1779370083.2780,plane,2918,19,0.67276,0.94827,0.002465,0.11888,0.09093,173.95,0.27520,1.05039
1779370083.3888,plane,2919,,,,,,,,,
1779370083.4850,plane,2920,,,,,,,,,
1779370083.5814,plane,2921,19,0.63045,0.96855,0.002513,0.09639,0.08699,168.72,-0.43874,0.21021
1779370083.6777,plane,2922,19,0.68604,0.85269,0.002903,0.10192,0.08419,28.86,0.57883,-1.20628
1779370083.7889,plane,2923,,,,,,,,,
1779370083.8865,plane,2924,19,0.67866,0.93716,0.008223,0.08975,0.07143,41.02,-0.07588,0.86873
1779370083.9820,plane,2925,19,0.65569,0.87226,0.002275,0.12492,0.08963,95.63,-0.23979,-0.67745
1779370084.0777,plane,2926,19,0.62060,0.90485,0.003386,0.07741,0.07331,92.42,-0.36655,0.34038
1779370084.1890,plane,2927,,,,,,,,,
1779370084.2849,plane,2928,,,,,,,,,
1779370084.3819,plane,2929,19,0.59969,0.91133,0.002862,0.10004,0.08395,17.11,-0.21566,0.06692
1779370084.4774,plane,2930,19,0.65389,0.80717,0.003075,0.09561,0.07953,68.23,0.56789,-1.09130
1779370084.5886,plane,2931,,,,,,,,,
1779370084.6859,plane,2932,19,0.64635,0.87614,0.004539,0.08026,0.06170,28.53,-0.07757,0.70916
1779370084.7825,plane,2933,19,0.64037,0.78518,0.003033,0.08493,0.07535,88.58,-0.06191,-0.94127
1779370084.8769,plane,2934,,,,,,,,,
1779370084.9897,plane,2935,19,0.61975,0.83650,0.002504,0.13050,0.09026,69.67,-0.18326,0.45599
1779370085.0859,plane,2936,19,0.60625,0.86410,0.005120,0.07908,0.06159,174.23,-0.14015,0.28672
1779370085.1810,plane,2937,,,,,,,,,
1779370085.2777,plane,2938,19,0.57813,0.88186,0.002001,0.13797,0.09536,97.99,-0.29156,0.18411
1779370085.3903,plane,2939,19,0.56400,0.91631,0.005602,0.08564,0.06255,84.34,-0.12531,0.30544
1779370085.4846,plane,2940,,,,,,,,,
1779370085.5808,plane,2941,,,,,,,,,
1779370085.6779,plane,2942,19,0.52192,0.91931,0.002046,0.11709,0.09318,173.62,-0.43390,0.03093
1779370085.7889,plane,2943,,,,,,,,,
1779370085.8848,plane,2944,,,,,,,,,
1779370085.9806,plane,2945,,,,,,,,,
1779370086.0783,plane,2946,19,0.50448,0.83370,0.006326,0.08421,0.06601,3.50,-0.17847,-0.87597
1779370086.1894,plane,2947,,,,,,,,,
1779370086.2851,plane,2948,,,,,,,,,
1779370086.3820,plane,2949,19,0.55335,0.85029,0.003386,0.07335,0.07030,153.39,0.50509,0.17144
1779370086.4782,plane,2950,19,0.57470,0.83916,0.005647,0.08359,0.06271,22.89,0.22161,-0.11554
1779370086.5903,plane,2951,19,0.59536,0.83787,0.005632,0.08563,0.06080,23.31,0.18498,-0.01154
1779370086.6861,plane,2952,19,0.62077,0.86128,0.005093,0.08194,0.06239,22.99,0.26394,0.24314
1779370086.7817,plane,2953,19,0.64298,0.86080,0.005168,0.08279,0.06421,47.78,0.23294,-0.00504
1779370086.8775,plane,2954,19,0.66921,0.87399,0.004869,0.08124,0.06305,25.90,0.27360,0.13750
1779370086.9896,plane,2955,19,0.68437,0.94294,0.006363,0.09134,0.06291,136.79,0.13503,0.61424
1779370087.0857,plane,2956,19,0.71576,0.94291,0.004808,0.08211,0.06343,131.03,0.32717,-0.00025
1779370087.1824,plane,2957,19,0.74007,0.91281,0.003365,0.10184,0.08676,1.83,0.25142,-0.31134
1779370087.2774,plane,2958,19,0.74857,0.89670,0.003869,0.07717,0.07253,130.84,0.08940,-0.16942
1779370087.3899,plane,2959,19,0.75440,0.79386,0.002940,0.09900,0.08379,163.02,0.05181,-0.91350
1779370087.4861,plane,2960,19,0.80027,0.88979,0.002502,0.10344,0.08655,21.07,0.47817,0.99999
1779370087.5824,plane,2961,19,0.80899,0.88938,0.002167,0.14337,0.09513,104.00,0.09033,-0.00419
1779370087.6768,plane,2962,,,,,,,,,
1779370087.7902,plane,2963,19,0.79002,0.89294,0.003823,0.08008,0.07418,89.34,-0.16787,0.03146
1779370087.8857,plane,2964,19,0.84164,0.82419,0.002263,0.16406,0.10588,47.23,0.53801,-0.71666
1779370087.9807,plane,2965,,,,,,,,,
1779370088.0776,plane,2966,19,0.82809,0.88868,0.007696,0.08873,0.06700,43.43,-0.14027,0.66777
1779370088.1894,plane,2967,19,0.80952,0.82872,0.004398,0.07784,0.06429,21.76,-0.16569,-0.53492
1779370088.2864,plane,2968,19,0.78277,0.84363,0.006081,0.08847,0.06461,99.28,-0.27674,0.15430
1779370088.3813,plane,2969,19,0.79298,0.82668,0.003045,0.10612,0.08107,104.49,0.10708,-0.17778
1779370088.4784,plane,2970,19,0.80754,0.74059,0.008753,0.08589,0.07534,171.05,0.15039,-0.88945
1779370088.5899,plane,2971,19,0.77363,0.81202,0.005188,0.07979,0.07639,167.13,-0.30341,0.63909
1779370088.6858,plane,2972,19,0.74539,0.73554,0.004367,0.08001,0.07212,92.94,-0.29480,-0.79834
1779370088.7808,plane,2973,,,,,,,,,
1779370088.8771,plane,2974,19,0.77987,0.83614,0.004176,0.07817,0.07055,45.31,0.35849,1.04593
1779370088.9899,plane,2975,19,0.73920,0.73227,0.004410,0.09286,0.06727,70.94,-0.36112,-0.92230
1779370089.0868,plane,2976,19,0.76966,0.81301,0.003608,0.07973,0.07698,94.30,0.31412,0.83241
1779370089.1804,plane,2977,,,,,,,,,
1779370089.2771,plane,2978,19,0.76147,0.75430,0.004879,0.08056,0.06586,159.36,-0.08491,-0.60852
1779370089.3898,plane,2979,19,0.75551,0.84088,0.005313,0.09429,0.06166,75.13,-0.05282,0.76718
1779370089.4858,plane,2980,19,0.73675,0.81788,0.003226,0.08484,0.08036,117.90,-0.19572,-0.24002
1779370089.5819,plane,2981,19,0.73466,0.79130,0.005493,0.09193,0.06882,93.23,-0.02176,-0.27678
1779370089.6790,plane,2982,,,,,,,,,
1779370089.7903,plane,2983,19,0.75405,0.65988,0.002608,0.11474,0.08800,19.17,0.17442,-1.18237
1779370089.8867,plane,2984,19,0.68451,0.72630,0.002199,0.14750,0.09726,113.16,-0.72026,0.68794
1779370089.9826,plane,2985,19,0.76039,0.69950,0.003808,0.10090,0.07835,31.63,0.79317,-0.28011
1779370090.0778,plane,2986,19,0.74989,0.77428,0.005473,0.08473,0.06408,25.98,-0.11005,0.78335
1779370090.1897,plane,2987,19,0.75550,0.81969,0.003676,0.07826,0.07594,73.13,0.05016,0.40577
1779370090.2855,plane,2988,19,0.68626,0.74866,0.003335,0.08585,0.07664,75.06,-0.72421,-0.74292
1779370090.3823,plane,2989,19,0.76255,0.77863,0.004547,0.08887,0.07506,9.89,0.78704,0.30918
1779370090.4776,plane,2990,19,0.75716,0.70244,0.004956,0.08139,0.06503,154.64,-0.05665,-0.80012
1779370090.5898,plane,2991,19,0.76820,0.65446,0.002363,0.12002,0.09099,33.70,0.09843,-0.42760
1779370090.6847,plane,2992,,,,,,,,,
1779370090.7820,plane,2993,19,0.76790,0.72631,0.006583,0.08862,0.07065,7.15,-0.00308,0.73976
1779370090.8784,plane,2994,19,0.73952,0.73310,0.003579,0.07878,0.06665,57.53,-0.29442,0.07041
1779370090.9890,plane,2995,,,,,,,,,
1779370091.0857,plane,2996,19,0.71871,0.63331,0.002858,0.11277,0.08848,20.30,-0.21526,-1.03232
1779370091.1820,plane,2997,19,0.74749,0.71352,0.004471,0.11681,0.09126,126.37,0.29862,0.83231
1779370091.2766,plane,2998,,,,,,,,,
1779370091.3896,plane,2999,19,0.74298,0.63408,0.003335,0.11522,0.08791,64.08,-0.04005,-0.70540
1779370091.4855,plane,3000,19,0.72986,0.74892,0.003720,0.09226,0.07723,100.85,-0.13619,1.19172
1779370091.5819,plane,3001,19,0.73512,0.67278,0.004983,0.09657,0.08484,108.80,0.05473,-0.79148
1779370091.6767,plane,3002,,,,,,,,,
1779370091.7898,plane,3003,19,0.73552,0.75081,0.003087,0.10356,0.08343,112.60,0.00354,0.69159
1779370091.8857,plane,3004,19,0.74462,0.62718,0.003320,0.11130,0.08720,30.23,0.09467,-1.28626
1779370091.9817,plane,3005,19,0.70108,0.65948,0.003131,0.10231,0.09038,8.65,-0.45507,0.33767
1779370092.0785,plane,3006,19,0.75181,0.67201,0.004244,0.08851,0.07646,51.01,0.52439,0.12946
1779370092.1897,plane,3007,19,0.74171,0.73964,0.004517,0.07961,0.06338,26.06,-0.09048,0.60585
1779370092.2857,plane,3008,19,0.74768,0.78457,0.005027,0.08408,0.06208,70.74,0.06225,0.46837
1779370092.3813,plane,3009,19,0.68499,0.73233,0.004891,0.08164,0.06129,140.42,-0.65546,-0.54624
1779370092.4792,plane,3010,19,0.74505,0.73415,0.003859,0.08676,0.07773,166.51,0.61448,0.01860
1779370092.5898,plane,3011,19,0.75002,0.66504,0.005931,0.08411,0.06365,163.26,0.04486,-0.62401
1779370092.6859,plane,3012,19,0.75911,0.61306,0.003013,0.11147,0.08682,28.91,0.09481,-0.54218
1779370092.7821,plane,3013,19,0.70420,0.73456,0.002426,0.11510,0.09063,171.79,-0.57032,1.26194
1779370092.8786,plane,3014,19,0.75610,0.64855,0.003847,0.10004,0.08809,12.12,0.53839,-0.89216
1779370092.9889,plane,3015,,,,,,,,,
1779370093.0852,plane,3016,19,0.76083,0.72079,0.007490,0.08845,0.07092,22.49,0.04910,0.75070
1779370093.1816,plane,3017,19,0.73357,0.64822,0.005644,0.08470,0.06622,150.61,-0.28324,-0.75417
1779370093.2776,plane,3018,19,0.72546,0.69671,0.003901,0.07499,0.07164,140.91,-0.08431,0.50382
1779370093.3899,plane,3019,19,0.70075,0.69151,0.005912,0.09044,0.06212,101.24,-0.22035,-0.04631
1779370093.4857,plane,3020,19,0.68383,0.69292,0.005505,0.08634,0.07058,92.21,-0.17658,0.01471
1779370093.5825,plane,3021,19,0.67225,0.75321,0.002163,0.15225,0.10304,139.09,-0.11967,0.62299
1779370093.6779,plane,3022,19,0.70954,0.77588,0.006850,0.09698,0.07327,125.95,0.39023,0.23726
1779370093.7887,plane,3023,,,,,,,,,
1779370093.8864,plane,3024,19,0.71976,0.85437,0.004215,0.07643,0.07177,154.31,0.10473,0.80445
1779370093.9819,plane,3025,19,0.71140,0.79770,0.007601,0.09734,0.06877,89.24,-0.08742,-0.59289
1779370094.0783,plane,3026,19,0.67030,0.83565,0.003704,0.07995,0.07677,80.65,-0.42716,0.39439
1779370094.1901,plane,3027,19,0.68099,0.87689,0.002129,0.09081,0.08350,53.61,0.09549,0.36822
1779370094.2858,plane,3028,19,0.72081,0.92787,0.002853,0.12884,0.08946,97.58,0.41657,0.53339
1779370094.3828,plane,3029,19,0.71008,0.96565,0.003560,0.08394,0.07910,21.54,-0.11050,0.38888
1779370094.4773,plane,3030,,,,,,,,,
1779370094.5889,plane,3031,,,,,,,,,
1779370094.6865,plane,3032,19,0.69834,0.96624,0.002121,0.11909,0.09217,147.07,-0.12063,0.00609
1779370094.7822,plane,3033,19,0.74096,0.87987,0.006892,0.09208,0.06780,15.55,0.44439,-0.90078
1779370094.8782,plane,3034,19,0.70061,0.93033,0.002809,0.36878,0.13519,0.00,-0.42074,0.52633
1779370094.9900,plane,3035,19,0.68060,0.83944,0.004901,0.08275,0.06632,64.00,-0.17870,-0.81177
1779370095.0846,plane,3036,,,,,,,,,
1779370095.1818,plane,3037,19,0.73825,0.93792,0.003357,0.10337,0.08394,110.57,0.59459,1.01582
1779370095.2778,plane,3038,19,0.67505,0.84098,0.003060,0.10834,0.08725,9.39,-0.65625,-1.00657
1779370095.3895,plane,3039,19,0.74635,0.88046,0.002248,0.08346,0.07848,18.35,0.63860,0.35365
1779370095.4846,plane,3040,,,,,,,,,
1779370095.5818,plane,3041,19,0.72539,0.84894,0.005939,0.09225,0.07393,124.20,-0.21572,-0.32442
1779370095.6782,plane,3042,19,0.70816,0.93475,0.003494,0.07977,0.06529,71.59,-0.17883,0.89022
1779370095.7900,plane,3043,19,0.70136,0.92876,0.006404,0.08798,0.06613,44.78,-0.06075,-0.05352
1779370095.8861,plane,3044,19,0.67884,0.89479,0.004985,0.09056,0.08069,109.83,-0.23464,-0.35381
1779370095.9820,plane,3045,19,0.67424,0.88642,0.004067,0.07896,0.06745,73.08,-0.04791,-0.08721
1779370096.0778,plane,3046,19,0.67610,0.85277,0.003382,0.09440,0.08323,7.58,0.01945,-0.35187
1779370096.1932,plane,3047,19,0.67206,0.82197,0.006248,0.09404,0.07151,55.57,-0.03491,-0.26645
1779370096.2854,plane,3048,,,,,,,,,
1779370096.3816,plane,3049,19,0.67304,0.76616,0.002836,0.09488,0.08177,112.97,0.01011,-0.57858
1779370096.4777,plane,3050,19,0.67438,0.79768,0.007026,0.09201,0.07330,108.79,0.01400,0.32802
1779370096.5899,plane,3051,19,0.63083,0.74671,0.005591,0.08813,0.06393,127.83,-0.38916,-0.45539
1779370096.6867,plane,3052,19,0.68571,0.72678,0.003520,0.09364,0.08121,162.36,0.56551,-0.20538
1779370096.7817,plane,3053,19,0.68946,0.68403,0.004725,0.08152,0.06227,23.09,0.03960,-0.45070
1779370096.8774,plane,3054,,,,,,,,,
1779370096.9890,plane,3055,,,,,,,,,
1779370097.0848,plane,3056,,,,,,,,,
1779370097.1814,plane,3057,,,,,,,,,
1779370097.2778,plane,3058,19,0.70385,0.68835,0.007007,0.08609,0.06632,15.79,0.14896,0.04478
1779370097.3912,plane,3059,19,0.67653,0.63266,0.002831,0.13888,0.09381,65.69,-0.24097,-0.49117
1779370097.4876,plane,3060,19,0.63623,0.68452,0.004444,0.08080,0.06261,110.51,-0.41899,0.53912
1779370097.5814,plane,3061,,,,,,,,,
1779370097.6786,plane,3062,19,0.68802,0.57932,0.003323,0.10283,0.08601,34.90,0.53367,-1.08394
1779370097.7918,plane,3063,19,0.65268,0.68529,0.002942,0.08924,0.08158,0.40,-0.31157,0.93419
1779370097.8862,plane,3064,,,,,,,,,
1779370097.9827,plane,3065,,,,,,,,,
1779370098.0791,plane,3066,19,0.67728,0.69105,0.003291,0.07968,0.07389,72.47,0.25502,0.05973
1779370098.1907,plane,3067,19,0.66797,0.58313,0.002787,0.09034,0.08135,18.67,-0.08357,-0.96896
1779370098.2860,plane,3068,,,,,,,,,
1779370098.3816,plane,3069,,,,,,,,,
1779370098.4786,plane,3070,19,0.66637,0.57310,0.002628,0.09216,0.08095,63.05,-0.01642,-0.10317
1779370098.5908,plane,3071,19,0.68038,0.68679,0.003296,0.07947,0.07844,15.77,0.12513,1.01590
1779370098.6855,plane,3072,,,,,,,,,
1779370098.7815,plane,3073,,,,,,,,,
1779370098.8786,plane,3074,19,0.65295,0.70443,0.002335,0.08745,0.08027,100.34,-0.28329,0.18221
1779370098.9907,plane,3075,19,0.69111,0.58007,0.003360,0.08478,0.07858,25.63,0.33957,-1.10658
1779370099.0856,plane,3076,,,,,,,,,
1779370099.1818,plane,3077,,,,,,,,,
1779370099.2778,plane,3078,,,,,,,,,
1779370099.3904,plane,3079,19,0.68932,0.65401,0.007131,0.08798,0.06643,16.45,-0.01597,0.65824
1779370099.4864,plane,3080,19,0.66114,0.61073,0.002677,0.11901,0.08517,73.27,-0.29374,-0.45117
1779370099.5824,plane,3081,19,0.62397,0.66578,0.002874,0.10198,0.08365,24.02,-0.38587,0.57148
1779370099.6770,plane,3082,,,,,,,,,
1779370099.7896,plane,3083,19,0.65864,0.55739,0.003377,0.08515,0.07956,35.91,0.30859,-0.96471
1779370099.8860,plane,3084,19,0.61526,0.65748,0.002438,0.10293,0.08599,179.00,-0.44862,1.03515
1779370099.9818,plane,3085,19,0.66650,0.63236,0.002024,0.19512,0.11181,90.72,0.53560,-0.26262
1779370100.0777,plane,3086,,,,,,,,,
1779370100.1895,plane,3087,19,0.65172,0.63516,0.003294,0.07479,0.06889,34.30,-0.13235,0.02509
1779370100.2862,plane,3088,19,0.63016,0.58518,0.006997,0.08873,0.06421,117.43,-0.22303,-0.51703
1779370100.3819,plane,3089,19,0.61547,0.60058,0.005127,0.08486,0.05893,109.47,-0.15336,0.16082
1779370100.4785,plane,3090,19,0.60932,0.64438,0.002572,0.09691,0.08318,25.12,-0.06374,0.45451
1779370100.5906,plane,3091,19,0.60814,0.67287,0.004530,0.07933,0.06660,154.21,-0.01058,0.25385
1779370100.6867,plane,3092,19,0.61209,0.75407,0.004723,0.08257,0.06149,69.61,0.04123,0.84614
1779370100.7828,plane,3093,19,0.58617,0.75524,0.002038,0.17079,0.10742,125.70,-0.26937,0.01215
1779370100.8776,plane,3094,,,,,,,,,
1779370100.9898,plane,3095,19,0.54794,0.72326,0.006936,0.08917,0.06413,122.10,-0.34141,-0.28562
1779370101.0861,plane,3096,19,0.58547,0.68856,0.003143,0.08680,0.07940,12.89,0.38888,-0.35961
1779370101.1821,plane,3097,19,0.59204,0.65885,0.005832,0.08586,0.06181,73.17,0.06853,-0.30986
1779370101.2780,plane,3098,19,0.57726,0.62246,0.004111,0.07647,0.07059,155.61,-0.15383,-0.37867
1779370101.3896,plane,3099,19,0.56969,0.56804,0.006344,0.08573,0.06426,159.62,-0.06800,-0.48854
1779370101.4855,plane,3100,19,0.62652,0.60696,0.004547,0.07994,0.06768,100.76,0.59140,0.40495
1779370101.5846,plane,3101,19,0.64867,0.51054,0.003938,0.07699,0.06312,149.05,0.22401,-0.97530
1779370101.6770,plane,3102,,,,,,,,,
1779370101.7898,plane,3103,19,0.61029,0.60506,0.003647,0.08253,0.07773,68.37,-0.33966,0.83653
1779370101.8858,plane,3104,19,0.66741,0.47630,0.003326,0.08383,0.07819,38.41,0.59617,-1.34387
1779370101.9818,plane,3105,19,0.61744,0.56357,0.002046,0.09821,0.08527,51.98,-0.51915,0.90681
1779370102.0776,plane,3106,19,0.67916,0.54880,0.002041,0.16815,0.10377,83.33,0.64424,-0.15418
1779370102.1892,plane,3107,19,0.63967,0.46102,0.003004,0.09117,0.07446,79.85,-0.35390,-0.78668
1779370102.2858,plane,3108,19,0.66604,0.54359,0.004896,0.07860,0.06834,158.19,0.27300,0.85480
1779370102.3825,plane,3109,19,0.63987,0.51890,0.007109,0.09352,0.06210,105.19,-0.27125,-0.25584
1779370102.4770,plane,3110,,,,,,,,,
1779370102.5901,plane,3111,23,0.61567,0.66762,0.002318,0.11560,0.08900,15.78,0.00000,0.00000
1779370102.6857,plane,3112,19,0.63157,0.53670,0.003289,0.07948,0.07821,20.02,-0.08671,0.18606
1779370102.7820,plane,3113,19,0.62032,0.63563,0.002018,0.15966,0.10174,19.96,-0.11678,1.02678
1779370102.8772,plane,3114,,,,,,,,,
1779370102.9883,plane,3115,,,,,,,,,
1779370103.0861,plane,3116,19,0.61566,0.65279,0.003474,0.07904,0.07719,119.86,-0.04766,0.17545
1779370103.1814,plane,3117,,,,,,,,,
1779370103.2776,plane,3118,,,,,,,,,
1779370103.3896,plane,3119,19,0.64980,0.67166,0.002129,0.11951,0.09257,165.46,0.30478,0.16849
1779370103.4861,plane,3120,19,0.57955,0.57463,0.004239,0.07736,0.06371,158.60,-0.72951,-1.00769
1779370103.5822,plane,3121,19,0.64747,0.63900,0.003040,0.07867,0.06710,66.42,0.70510,0.66831
1779370103.6778,plane,3122,19,0.64791,0.54865,0.005736,0.08493,0.06304,137.24,0.00458,-0.94485
1779370103.7889,plane,3123,,,,,,,,,
1779370103.8860,plane,3124,19,0.60470,0.65347,0.002952,0.12751,0.09156,3.15,-0.44354,1.07594
1779370103.9822,plane,3125,19,0.66202,0.53700,0.003637,0.08507,0.06473,148.07,0.59695,-1.21290
1779370104.0771,plane,3126,,,,,,,,,
1779370104.1898,plane,3127,19,0.65527,0.62544,0.007226,0.08825,0.06623,32.31,-0.05988,0.78462
1779370104.2864,plane,3128,19,0.64447,0.55327,0.002974,0.19757,0.09505,78.24,-0.11183,-0.74731
1779370104.3819,plane,3129,19,0.62385,0.58500,0.003308,0.08068,0.07421,79.22,-0.21572,0.33203
1779370104.4773,plane,3130,19,0.60604,0.54396,0.006699,0.08845,0.06430,130.58,-0.18711,-0.43099
1779370104.5914,plane,3131,19,0.58768,0.54919,0.006180,0.08638,0.06357,134.79,-0.16084,0.04577
1779370104.6857,plane,3132,19,0.57958,0.59705,0.003196,0.07945,0.07353,83.96,-0.08591,0.50807
1779370104.7823,plane,3133,19,0.56109,0.60873,0.004722,0.08065,0.06265,153.58,-0.19102,0.12068
1779370104.8774,plane,3134,19,0.55496,0.68221,0.004947,0.08262,0.06719,52.50,-0.06452,0.77313
1779370104.9910,plane,3135,19,0.53163,0.67783,0.003811,0.07679,0.07061,42.78,-0.20537,-0.03857
1779370105.0852,plane,3136,19,0.53897,0.59262,0.003606,0.08886,0.06870,97.60,0.07784,-0.90424
1779370105.1820,plane,3137,,,,,,,,,
1779370105.2776,plane,3138,19,0.51193,0.63500,0.004223,0.07867,0.06630,140.48,-0.28290,0.44344
1779370105.3895,plane,3139,19,0.49112,0.66316,0.005413,0.08143,0.06242,160.27,-0.18589,0.25161
1779370105.4848,plane,3140,,,,,,,,,
1779370105.5814,plane,3141,,,,,,,,,
1779370105.6774,plane,3142,19,0.45963,0.70985,0.007268,0.08616,0.06789,12.53,-0.32725,0.48509
1779370105.7901,plane,3143,19,0.42454,0.68774,0.005575,0.08140,0.06287,177.32,-0.31190,-0.19659
1779370105.8851,plane,3144,,,,,,,,,
1779370105.9819,plane,3145,,,,,,,,,
1779370106.0782,plane,3146,19,0.39753,0.68102,0.006921,0.08505,0.06774,169.26,-0.28054,-0.06981
1779370106.1897,plane,3147,19,0.36351,0.70707,0.004398,0.07741,0.06589,20.29,-0.30513,0.23362
1779370106.2849,plane,3148,,,,,,,,,
1779370106.3816,plane,3149,,,,,,,,,
1779370106.4777,plane,3150,19,0.33827,0.71018,0.005512,0.08045,0.06369,175.94,-0.26300,0.03245
1779370106.5894,plane,3151,19,0.29730,0.68424,0.003821,0.07989,0.07235,102.19,-0.36642,-0.23195
1779370106.6853,plane,3152,,,,,,,,,
1779370106.7809,plane,3153,,,,,,,,,
1779370106.8782,plane,3154,19,0.28397,0.76206,0.004605,0.08646,0.07876,141.78,-0.13727,0.80115
1779370106.9896,plane,3155,19,0.24612,0.76120,0.005573,0.08644,0.07018,82.77,-0.33924,-0.00771
1779370107.0851,plane,3156,19,0.21286,0.76740,0.002485,0.15412,0.10094,31.48,-0.34861,0.06505
1779370107.1812,plane,3157,,,,,,,,,
1779370107.2777,plane,3158,19,0.21551,0.71739,0.004293,0.08101,0.06267,155.03,0.02747,-0.51800
1779370107.3895,plane,3159,19,0.22796,0.69009,0.005953,0.08621,0.06208,152.61,0.11120,-0.24385
1779370107.4858,plane,3160,19,0.24430,0.67824,0.007000,0.08989,0.06532,105.75,0.16993,-0.12324
1779370107.5821,plane,3161,19,0.26120,0.65575,0.006102,0.08795,0.06227,132.45,0.17532,-0.23329
1779370107.6768,plane,3162,,,,,,,,,
1779370107.7897,plane,3163,19,0.27571,0.61025,0.002508,0.15136,0.09810,55.73,0.12868,-0.40346
1779370107.8853,plane,3164,,,,,,,,,
1779370107.9816,plane,3165,19,0.28505,0.59040,0.002709,0.12934,0.09231,56.58,0.09711,-0.20631
1779370108.0779,plane,3166,19,0.26846,0.60444,0.005944,0.08534,0.06459,104.79,-0.17217,0.14566
1779370108.1897,plane,3167,19,0.32352,0.55260,0.006510,0.08820,0.06347,46.20,0.49260,-0.46378
1779370108.2858,plane,3168,19,0.26113,0.53863,0.003518,0.12879,0.08583,9.59,-0.64911,-0.14533
1779370108.3814,plane,3169,19,0.25436,0.49095,0.005915,0.08613,0.06285,158.90,-0.07095,-0.49929
1779370108.4776,plane,3170,19,0.24567,0.42777,0.002467,0.11675,0.08953,125.05,-0.09026,-0.65621
1779370108.5888,plane,3171,,,,,,,,,
1779370108.6863,plane,3172,19,0.25422,0.50703,0.007828,0.09135,0.07123,149.69,0.08774,0.81324
1779370108.7820,plane,3173,19,0.26699,0.45714,0.003187,0.12217,0.08328,81.58,0.13324,-0.52054
1779370108.8773,plane,3174,19,0.28134,0.44397,0.004166,0.07562,0.06433,4.18,0.15055,-0.13821
1779370108.9895,plane,3175,19,0.29571,0.41408,0.006604,0.09061,0.06350,48.49,0.12814,-0.26635
1779370109.0860,plane,3176,19,0.31163,0.43169,0.005059,0.08268,0.06212,26.08,0.16495,0.18244
1779370109.1816,plane,3177,19,0.32375,0.45900,0.003554,0.08174,0.07710,112.61,0.12690,0.28602
1779370109.2781,plane,3178,19,0.33795,0.46311,0.004259,0.07838,0.06813,36.56,0.14690,0.04259
1779370109.3897,plane,3179,19,0.33375,0.55890,0.006110,0.08800,0.06519,123.87,-0.03763,0.85956
1779370109.4871,plane,3180,19,0.36303,0.55774,0.003660,0.08148,0.07918,28.78,0.30014,-0.01191
1779370109.5819,plane,3181,19,0.34601,0.51071,0.003977,0.09181,0.07705,76.84,-0.17985,-0.49702
1779370109.6775,plane,3182,19,0.36312,0.50657,0.003148,0.11401,0.08407,65.69,0.17865,-0.04325
1779370109.7898,plane,3183,19,0.36690,0.41384,0.004739,0.08009,0.06628,84.22,0.03377,-0.82703
1779370109.8859,plane,3184,19,0.38201,0.49914,0.002129,0.19040,0.11154,50.36,0.15689,0.88601
1779370109.9810,plane,3185,,,,,,,,,
1779370110.0768,plane,3186,,,,,,,,,
1779370110.1900,plane,3187,19,0.35962,0.53528,0.003937,0.07725,0.07565,112.87,-0.19786,0.31951
1779370110.2849,plane,3188,,,,,,,,,
1779370110.3806,plane,3189,,,,,,,,,
1779370110.4780,plane,3190,19,0.41269,0.55577,0.002031,0.09515,0.08942,173.16,0.54549,0.21058
1779370110.5903,plane,3191,19,0.35396,0.47026,0.007657,0.09357,0.06793,176.68,-0.52239,-0.76057
1779370110.6859,plane,3192,19,0.39924,0.51054,0.005276,0.08271,0.07298,95.89,0.47440,0.42202
1779370110.7820,plane,3193,19,0.43543,0.42884,0.002577,0.12240,0.08781,68.61,0.37605,-0.84910
1779370110.8769,plane,3194,,,,,,,,,
1779370110.9903,plane,3195,19,0.37856,0.49218,0.004651,0.09052,0.08062,140.90,-0.50041,0.55736
1779370111.0858,plane,3196,19,0.41860,0.40716,0.002319,0.09541,0.08775,145.06,0.42044,-0.89280
1779370111.1815,plane,3197,19,0.36046,0.41702,0.002375,0.14867,0.09714,92.58,-0.60587,0.10272
1779370111.2774,plane,3198,19,0.42408,0.49735,0.002628,0.10169,0.08625,103.05,0.66374,0.83807
1779370111.3903,plane,3199,19,0.38698,0.39092,0.004127,0.09328,0.08473,45.14,-0.32919,-0.94419
1779370111.4858,plane,3200,19,0.40001,0.47746,0.003542,0.10591,0.08858,15.87,0.13614,0.90396
1779370111.5819,plane,3201,19,0.37400,0.47050,0.002433,0.17576,0.10199,81.12,-0.27122,-0.07262
1779370111.6772,plane,3202,,,,,,,,,
1779370111.7899,plane,3203,19,0.40508,0.49396,0.004690,0.08885,0.07587,123.77,0.27616,0.20841
1779370111.8857,plane,3204,19,0.38259,0.39086,0.002892,0.11213,0.08869,165.59,-0.23454,-1.07495
1779370111.9809,plane,3205,,,,,,,,,
1779370112.0768,plane,3206,,,,,,,,,
1779370112.1900,plane,3207,19,0.41683,0.37428,0.003637,0.08887,0.08182,30.17,0.30310,-0.14679
1779370112.2882,plane,3208,19,0.37131,0.48961,0.003386,0.09515,0.08040,20.73,-0.46270,1.17235
1779370112.3810,plane,3209,,,,,,,,,
1779370112.4773,plane,3210,,,,,,,,,
1779370112.5897,plane,3211,19,0.42089,0.50854,0.003301,0.07854,0.07653,85.62,0.44041,0.16814
1779370112.6857,plane,3212,19,0.37327,0.39071,0.004350,0.08048,0.07140,52.51,-0.49708,-1.23011
1779370112.7812,plane,3213,,,,,,,,,
1779370112.8778,plane,3214,19,0.36190,0.49063,0.006259,0.08456,0.06754,164.10,-0.11767,1.03415
1779370112.9896,plane,3215,,,,,,,,,
1779370113.0857,plane,3216,19,0.40876,0.50254,0.004030,0.08343,0.07819,164.05,0.48614,0.12365
1779370113.1820,plane,3217,19,0.40656,0.42145,0.006329,0.08811,0.06077,34.46,-0.02285,-0.84354
1779370113.2791,plane,3218,19,0.41675,0.41814,0.007080,0.08852,0.06507,32.48,0.10545,-0.03417
1779370113.3896,plane,3219,19,0.43911,0.45202,0.002628,0.09601,0.08443,121.84,0.20131,0.30485
1779370113.4858,plane,3220,19,0.45585,0.46184,0.004445,0.08247,0.07012,33.69,0.17414,0.10221
1779370113.5822,plane,3221,19,0.46039,0.52823,0.006087,0.08835,0.06139,134.84,0.04707,0.68867
1779370113.6779,plane,3222,19,0.48684,0.53619,0.005102,0.08353,0.06402,130.47,0.27686,0.08331
1779370113.7895,plane,3223,19,0.50229,0.50322,0.003504,0.08217,0.06823,123.50,0.13810,-0.29466
1779370113.8857,plane,3224,19,0.51891,0.49733,0.004900,0.08317,0.06160,105.88,0.17306,-0.06137
1779370113.9825,plane,3225,19,0.50392,0.38769,0.002916,0.10049,0.08403,158.50,-0.15480,-1.13173
1779370114.0778,plane,3226,19,0.52052,0.42980,0.002157,0.13085,0.09138,71.32,0.17425,0.44181
1779370114.1897,plane,3227,19,0.51936,0.50520,0.003754,0.07771,0.06838,108.10,-0.01045,0.67592
1779370114.2857,plane,3228,19,0.58896,0.41902,0.003481,0.08186,0.07529,80.60,0.72231,-0.89431
1779370114.3818,plane,3229,19,0.53061,0.46797,0.003664,0.07720,0.07006,73.42,-0.60817,0.51012
1779370114.4779,plane,3230,19,0.53044,0.37436,0.004603,0.08020,0.06675,42.60,-0.00173,-0.97340
1779370114.5888,plane,3231,,,,,,,,,
1779370114.6857,plane,3232,19,0.57631,0.47531,0.003625,0.07831,0.07318,70.23,0.47424,1.04369
1779370114.7816,plane,3233,19,0.52544,0.35509,0.002692,0.11662,0.08977,5.72,-0.52972,-1.25184
1779370114.8769,plane,3234,,,,,,,,,
1779370114.9894,plane,3235,,,,,,,,,
1779370115.0868,plane,3236,19,0.57456,0.33919,0.003025,0.08970,0.08139,21.25,0.50431,-0.16328
1779370115.1819,plane,3237,19,0.52936,0.46316,0.003191,0.07716,0.07573,78.80,-0.47392,1.30009
1779370115.2772,plane,3238,,,,,,,,,
1779370115.3888,plane,3239,,,,,,,,,
1779370115.4858,plane,3240,19,0.56761,0.47501,0.003354,0.08596,0.08037,153.63,0.39431,0.12224
1779370115.5820,plane,3241,19,0.53446,0.35666,0.002674,0.12752,0.09140,161.84,-0.34482,-1.23136
1779370115.6779,plane,3242,19,0.57104,0.43152,0.002138,0.12592,0.09551,135.24,0.38098,0.77973
1779370115.7888,plane,3243,,,,,,,,,
1779370115.8858,plane,3244,19,0.55607,0.33942,0.002648,0.09455,0.08329,23.72,-0.15446,-0.95020
1779370115.9811,plane,3245,19,0.55035,0.46469,0.003116,0.08279,0.07855,27.57,-0.05994,1.31353
1779370116.0767,plane,3246,,,,,,,,,
1779370116.1891,plane,3247,,,,,,,,,
1779370116.2854,plane,3248,19,0.53604,0.48239,0.003065,0.08487,0.08034,171.43,-0.14867,0.18381
1779370116.3823,plane,3249,19,0.59569,0.38589,0.003254,0.08242,0.07612,79.78,0.61739,-0.99881
1779370116.4779,plane,3250,19,0.53188,0.44207,0.003321,0.07872,0.07691,143.94,-0.66553,0.58602
1779370116.5895,plane,3251,19,0.53206,0.34858,0.003208,0.08232,0.07871,101.38,0.00164,-0.83766
1779370116.6848,plane,3252,,,,,,,,,
1779370116.7815,plane,3253,19,0.57936,0.44691,0.002809,0.08822,0.08281,165.08,0.48952,1.01777
1779370116.8776,plane,3254,19,0.53414,0.33746,0.002168,0.19085,0.11005,12.93,-0.47042,-1.13854
1779370116.9888,plane,3255,,,,,,,,,
1779370117.0855,plane,3256,,,,,,,,,
1779370117.1815,plane,3257,19,0.57684,0.32840,0.003215,0.08730,0.08037,28.36,0.44342,-0.09413
1779370117.2771,plane,3258,19,0.52055,0.43723,0.002526,0.11462,0.08847,16.64,-0.58879,1.13834
1779370117.3890,plane,3259,,,,,,,,,
1779370117.4856,plane,3260,19,0.51508,0.35501,0.005071,0.08151,0.06260,19.05,-0.05662,-0.85119
1779370117.5816,plane,3261,19,0.54888,0.44659,0.004061,0.07965,0.06481,108.72,0.35194,0.95362
1779370117.6778,plane,3262,19,0.57738,0.33778,0.003691,0.07710,0.07326,99.23,0.29711,-1.13432
1779370117.7896,plane,3263,,,,,,,,,
1779370117.8855,plane,3264,,,,,,,,,
1779370117.9816,plane,3265,19,0.58610,0.33636,0.003055,0.10128,0.08245,34.84,0.09071,-0.01471
1779370118.0777,plane,3266,19,0.56536,0.45020,0.002687,0.11077,0.08636,23.49,-0.21603,1.18559
1779370118.1889,plane,3267,,,,,,,,,
1779370118.2855,plane,3268,,,,,,,,,
1779370118.3824,plane,3269,19,0.56892,0.46866,0.002999,0.09026,0.08093,153.29,0.03677,0.19029
1779370118.4774,plane,3270,19,0.58483,0.34203,0.002102,0.14028,0.09850,170.59,0.16723,-1.33154
1779370118.5886,plane,3271,,,,,,,,,
1779370118.6847,plane,3272,,,,,,,,,
1779370118.7814,plane,3273,19,0.55940,0.32480,0.002041,0.11272,0.08953,25.11,-0.26292,-0.17811
1779370118.8780,plane,3274,19,0.61269,0.40878,0.004825,0.08039,0.06483,157.57,0.55222,0.87013
1779370118.9890,plane,3275,19,0.55355,0.36367,0.002843,0.10037,0.07844,35.14,-0.53231,-0.40601
1779370119.0865,plane,3276,19,0.54308,0.45762,0.003220,0.08825,0.07830,68.63,-0.10776,0.96656
1779370119.1810,plane,3277,,,,,,,,,
1779370119.2771,plane,3278,19,0.59413,0.37404,0.003223,0.08315,0.07566,132.11,0.53133,-0.86976
1779370119.3892,plane,3279,19,0.54188,0.47854,0.002068,0.17342,0.10824,178.03,-0.46665,0.93333
1779370119.4850,plane,3280,,,,,,,,,
1779370119.5812,plane,3281,,,,,,,,,
1779370119.6781,plane,3282,19,0.59028,0.49080,0.003489,0.08212,0.07995,139.88,0.50168,0.12713
1779370119.7890,plane,3283,,,,,,,,,
1779370119.8858,plane,3284,19,0.59298,0.40240,0.005580,0.08408,0.06212,162.03,0.02788,-0.91359
1779370119.9818,plane,3285,19,0.58174,0.47645,0.002365,0.13532,0.08845,99.93,-0.11727,0.77317
1779370120.0780,plane,3286,19,0.56451,0.41441,0.002189,0.11135,0.08680,76.11,-0.17915,-0.64487
1779370120.1898,plane,3287,19,0.54111,0.48277,0.006517,0.08861,0.06392,68.71,-0.20930,0.61125
1779370120.2853,plane,3288,,,,,,,,,
1779370120.3810,plane,3289,,,,,,,,,
1779370120.4775,plane,3290,19,0.52632,0.47584,0.002957,0.08235,0.07967,123.12,-0.15319,-0.07176
1779370120.5894,plane,3291,,,,,,,,,
1779370120.6847,plane,3292,,,,,,,,,
1779370120.7814,plane,3293,19,0.53841,0.45923,0.007848,0.08892,0.06599,46.43,0.12505,-0.17175
1779370120.8787,plane,3294,19,0.50656,0.42047,0.002833,0.10284,0.08485,147.14,-0.32899,-0.40050
1779370120.9901,plane,3295,19,0.48328,0.39703,0.006037,0.08880,0.06263,114.83,-0.20844,-0.20978
1779370121.0848,plane,3296,,,,,,,,,
1779370121.1808,plane,3297,,,,,,,,,
1779370121.2768,plane,3298,19,0.46699,0.39876,0.002955,0.09555,0.08363,179.14,-0.16964,0.01803
1779370121.3902,plane,3299,19,0.52573,0.31701,0.006541,0.08720,0.06444,21.63,0.51830,-0.72137
1779370121.4854,plane,3300,19,0.47235,0.35334,0.004388,0.09256,0.07558,154.19,-0.56187,0.38253
1779370121.5821,plane,3301,19,0.44683,0.27577,0.003838,0.07644,0.06983,32.03,-0.26349,-0.80099
1779370121.6764,plane,3302,,,,,,,,,
1779370121.7894,plane,3303,19,0.49604,0.33645,0.004332,0.08659,0.06277,64.32,0.43617,0.53790
1779370121.8870,plane,3304,,,,,,,,,
1779370121.9809,plane,3305,,,,,,,,,
1779370122.0772,plane,3306,19,0.45295,0.34567,0.003103,0.11478,0.09135,49.45,-0.44798,0.09586
1779370122.1894,plane,3307,19,0.49674,0.22518,0.002952,0.09553,0.08232,15.61,0.38967,-1.07218
1779370122.2856,plane,3308,19,0.47653,0.32288,0.003881,0.09781,0.07776,135.91,-0.21033,1.01667
1779370122.3808,plane,3309,,,,,,,,,
1779370122.4776,plane,3310,19,0.45818,0.22225,0.002190,0.14763,0.09795,122.20,-0.19032,-1.04367
1779370122.5895,plane,3311,19,0.48020,0.33780,0.003666,0.08214,0.07774,5.89,0.19639,1.03061
1779370122.6846,plane,3312,,,,,,,,,
1779370122.7809,plane,3313,,,,,,,,,
1779370122.8780,plane,3314,19,0.47773,0.35528,0.002002,0.20434,0.11406,28.61,-0.02541,0.18022
1779370122.9896,plane,3315,19,0.43989,0.28283,0.002028,0.19056,0.10985,63.84,-0.33894,-0.64892
1779370123.0859,plane,3316,19,0.49707,0.32163,0.004469,0.08241,0.07109,38.78,0.59458,0.40343
1779370123.1818,plane,3317,19,0.49389,0.22069,0.003423,0.07646,0.06911,128.26,-0.03302,-1.05098
1779370123.2767,plane,3318,,,,,,,,,
1779370123.3901,plane,3319,19,0.45945,0.31704,0.004001,0.07853,0.07038,101.49,-0.30460,0.85199
1779370123.4859,plane,3320,19,0.50621,0.19780,0.003315,0.08877,0.07849,171.46,0.48638,-1.24013
1779370123.5809,plane,3321,,,,,,,,,
1779370123.6779,plane,3322,,,,,,,,,
1779370123.7901,plane,3323,19,0.46266,0.18772,0.003740,0.08688,0.07998,53.23,-0.38694,-0.08955
1779370123.8854,plane,3324,19,0.51032,0.29917,0.003287,0.09670,0.08258,164.16,0.50056,1.17049
1779370123.9814,plane,3325,,,,,,,,,
1779370124.0777,plane,3326,19,0.51436,0.21486,0.005864,0.08354,0.06863,166.28,0.04190,-0.87358
1779370124.1906,plane,3327,19,0.49623,0.30237,0.002214,0.90485,0.21253,112.63,-0.16124,0.77808
1779370124.2857,plane,3328,19,0.45402,0.22252,0.006899,0.08838,0.06579,71.22,-0.44145,-0.83516
1779370124.3804,plane,3329,,,,,,,,,
1779370124.4774,plane,3330,,,,,,,,,
1779370124.5897,plane,3331,19,0.46139,0.22973,0.003916,0.09074,0.08911,91.14,0.06558,0.06410
1779370124.6860,plane,3332,19,0.48495,0.33955,0.003130,0.10705,0.08552,153.36,0.24501,1.14233
1779370124.7816,plane,3333,19,0.46459,0.26607,0.002992,0.09623,0.08836,34.54,-0.21284,-0.76819
1779370124.8777,plane,3334,,,,,,,,,
1779370124.9895,plane,3335,19,0.47602,0.36130,0.003788,0.09301,0.08446,31.70,0.10242,0.85270
1779370125.0861,plane,3336,19,0.45903,0.23853,0.003716,0.09612,0.08304,155.31,-0.17598,-1.27174
1779370125.1814,plane,3337,19,0.48021,0.32773,0.002599,0.09413,0.08772,144.00,0.22192,0.93479
1779370125.2768,plane,3338,,,,,,,,,
1779370125.3902,plane,3339,19,0.48882,0.22392,0.002967,0.09491,0.08778,171.63,0.07576,-0.91368
1779370125.4863,plane,3340,19,0.45044,0.35135,0.003384,0.08115,0.08003,164.34,-0.39967,1.32695
1779370125.5822,plane,3341,19,0.49579,0.24359,0.002424,0.16323,0.10075,3.41,0.47330,-1.12452
1779370125.6768,plane,3342,,,,,,,,,
1779370125.7895,plane,3343,19,0.49282,0.36920,0.002943,0.08815,0.08190,1.72,-0.02642,1.11529
1779370125.8857,plane,3344,19,0.44626,0.22992,0.003254,0.08941,0.08081,24.85,-0.48345,-1.44609
1779370125.9825,plane,3345,19,0.49367,0.34494,0.003296,0.09409,0.07796,21.15,0.49094,1.19099
1779370126.0772,plane,3346,,,,,,,,,
1779370126.1898,plane,3347,19,0.49522,0.22133,0.002026,0.10183,0.08983,27.38,0.01369,-1.09428
1779370126.2857,plane,3348,19,0.43516,0.31695,0.005948,0.08338,0.06763,6.18,-0.62747,0.99910
1779370126.3817,plane,3349,19,0.47929,0.26249,0.006624,0.09048,0.06811,83.59,0.45900,-0.56641
1779370126.4773,plane,3350,19,0.50724,0.36912,0.002550,0.12460,0.09178,150.49,0.29278,1.11710
1779370126.5894,plane,3351,19,0.50685,0.40820,0.002357,0.12468,0.09234,164.24,-0.00343,0.34817
1779370126.6857,plane,3352,19,0.45653,0.31692,0.004573,0.08030,0.07645,48.89,-0.52251,-0.94776
1779370126.7817,plane,3353,19,0.48480,0.35940,0.008960,0.09547,0.07234,85.22,0.29485,0.44306
1779370126.8781,plane,3354,19,0.50818,0.33157,0.004549,0.07924,0.06653,98.66,0.24217,-0.28841
1779370126.9903,plane,3355,19,0.51533,0.28220,0.003469,0.07846,0.07577,61.79,0.06391,-0.44128
1779370127.0860,plane,3356,19,0.51291,0.26682,0.005559,0.08312,0.06760,93.40,-0.02511,-0.16018
1779370127.1815,plane,3357,,,,,,,,,
1779370127.2785,plane,3358,19,0.50105,0.20811,0.002692,0.09641,0.08808,30.11,-0.12167,-0.60192
1779370127.3899,plane,3359,19,0.48412,0.25254,0.002658,0.10102,0.09234,8.73,-0.15240,0.40005
1779370127.4853,plane,3360,,,,,,,,,
1779370127.5819,plane,3361,19,0.48848,0.22533,0.006041,0.08485,0.06784,117.30,0.04514,-0.28189
1779370127.6779,plane,3362,19,0.50460,0.18491,0.003627,0.07665,0.07201,124.16,0.16794,-0.42112
1779370127.7897,plane,3363,19,0.52146,0.16843,0.005707,0.08587,0.06258,105.87,0.15098,-0.14764
1779370127.8861,plane,3364,19,0.53027,0.13785,0.005763,0.08518,0.06390,147.16,0.09150,-0.31732
1779370127.9821,plane,3365,19,0.53476,0.03173,0.003328,0.09038,0.08085,171.04,0.04672,-1.10436
1779370128.0771,plane,3366,,,,,,,,,
1779370128.1899,plane,3367,19,0.53670,0.11285,0.008453,0.09165,0.07292,170.91,0.01722,0.72085
1779370128.2859,plane,3368,19,0.56480,0.05122,0.002106,0.07818,0.06296,136.47,0.29149,-0.63935
1779370128.3812,plane,3369,,,,,,,,,
1779370128.4774,plane,3370,19,0.62174,0.03842,0.004479,0.07850,0.07566,110.54,0.59130,-0.13298
1779370128.5902,plane,3371,19,0.62116,0.04147,0.002214,0.12150,0.08198,0.00,-0.00517,0.02707
1779370128.6860,plane,3372,19,0.62997,0.12925,0.005956,0.08407,0.06440,17.00,0.09215,0.91846
1779370128.7818,plane,3373,19,0.60446,0.05697,0.006544,0.08610,0.06644,135.67,-0.26558,-0.75273
1779370128.8782,plane,3374,19,0.59399,0.09110,0.003806,0.07676,0.07026,147.26,-0.10876,0.35460
1779370128.9898,plane,3375,19,0.56507,0.10363,0.005063,0.08222,0.06743,87.38,-0.25885,0.11211
1779370129.0854,plane,3376,19,0.55118,0.10393,0.003477,0.07939,0.07420,54.09,-0.14543,0.00314
1779370129.1806,plane,3377,,,,,,,,,
1779370129.2775,plane,3378,19,0.55500,0.15108,0.004244,0.07947,0.06980,68.37,0.03937,0.48636
1779370129.3897,plane,3379,19,0.56124,0.20047,0.004228,0.07878,0.06746,28.55,0.05573,0.44083
1779370129.4858,plane,3380,19,0.57523,0.19970,0.003752,0.07872,0.07430,73.06,0.14565,-0.00801
1779370129.5819,plane,3381,19,0.59009,0.22102,0.002814,0.10537,0.08363,108.44,0.15453,0.22167
1779370129.6780,plane,3382,19,0.59376,0.31127,0.006190,0.08788,0.06628,95.44,0.03818,0.93919
1779370129.7895,plane,3383,,,,,,,,,
1779370129.8851,plane,3384,,,,,,,,,
1779370129.9820,plane,3385,19,0.66583,0.30915,0.002240,0.12931,0.09503,156.06,0.74570,-0.02194
1779370130.0776,plane,3386,19,0.59413,0.17889,0.002302,0.14437,0.09725,155.04,-0.74816,-1.35906
1779370130.1901,plane,3387,19,0.65533,0.27367,0.003704,0.07749,0.07206,85.89,0.54372,0.84203
1779370130.2858,plane,3388,19,0.63480,0.28391,0.002563,0.13263,0.09451,150.74,-0.21481,0.10708
1779370130.3817,plane,3389,19,0.67489,0.18567,0.006695,0.08561,0.06584,5.95,0.41845,-1.02534
1779370130.4778,plane,3390,19,0.63344,0.25513,0.003377,0.08558,0.07991,127.75,-0.43058,0.72144
1779370130.5900,plane,3391,19,0.61181,0.15702,0.005920,0.08887,0.06142,63.58,-0.19348,-0.87768
1779370130.6851,plane,3392,,,,,,,,,
1779370130.7821,plane,3393,19,0.65581,0.28418,0.002653,0.11725,0.08988,151.86,0.45375,1.31129
1779370130.8784,plane,3394,19,0.61917,0.14981,0.003426,0.08300,0.07874,20.83,-0.38121,-1.39793
1779370130.9896,plane,3395,19,0.64385,0.26155,0.002165,0.12180,0.09256,163.38,0.22167,1.00338
1779370131.0849,plane,3396,,,,,,,,,
1779370131.1822,plane,3397,19,0.64989,0.17723,0.004094,0.07694,0.06946,164.70,0.06204,-0.86682
1779370131.2780,plane,3398,19,0.63665,0.25305,0.007762,0.08991,0.06747,57.34,-0.13806,0.79065
1779370131.3900,plane,3399,19,0.61305,0.21666,0.004171,0.07975,0.06823,69.82,-0.21137,-0.32594
1779370131.4865,plane,3400,19,0.60925,0.18330,0.004488,0.08038,0.06641,79.36,-0.03924,-0.34481
1779370131.5820,plane,3401,19,0.60661,0.16951,0.003445,0.08732,0.08024,150.90,-0.02769,-0.14435
1779370131.6775,plane,3402,19,0.59640,0.05117,0.002006,0.13820,0.09818,151.18,-0.10669,-1.23658
1779370131.7884,plane,3403,,,,,,,,,
1779370131.8848,plane,3404,,,,,,,,,
1779370131.9813,plane,3405,,,,,,,,,
1779370132.0776,plane,3406,19,0.63299,0.17197,0.002931,0.08422,0.08018,178.32,0.37852,1.24978
1779370132.1898,plane,3407,19,0.58528,0.04575,0.003231,0.08924,0.07933,25.84,-0.42595,-1.12713
1779370132.2853,plane,3408,,,,,,,,,
1779370132.3812,plane,3409,,,,,,,,,
1779370132.4773,plane,3410,19,0.64043,0.03283,0.003287,0.10803,0.08628,23.80,0.57410,-0.13442
1779370132.5900,plane,3411,19,0.58757,0.15734,0.003240,0.07935,0.07678,39.67,-0.47083,1.10899
1779370132.6851,plane,3412,,,,,,,,,
1779370132.7809,plane,3413,,,,,,,,,
1779370132.8779,plane,3414,19,0.63995,0.17054,0.002957,0.10124,0.08617,147.17,0.54099,0.13625
1779370132.9910,plane,3415,19,0.59896,0.05125,0.003542,0.07721,0.07263,96.12,-0.36189,-1.05332
1779370133.0854,plane,3416,,,,,,,,,
1779370133.1808,plane,3417,,,,,,,,,
1779370133.2778,plane,3418,19,0.63260,0.03953,0.003213,0.09252,0.08147,52.88,0.34686,-0.12085
1779370133.3895,plane,3419,19,0.61148,0.15930,0.003448,0.07783,0.07255,62.47,-0.18965,1.07553
1779370133.4859,plane,3420,19,0.62291,0.06561,0.002484,0.08454,0.06869,147.80,0.11814,-0.96846
1779370133.5811,plane,3421,,,,,,,,,
1779370133.6774,plane,3422,19,0.62179,0.16839,0.002535,0.12679,0.09426,134.66,-0.01169,1.06896
1779370133.7902,plane,3423,19,0.62420,0.04500,0.003606,0.07752,0.07299,87.75,0.02138,-1.09235
1779370133.8864,plane,3424,19,0.61125,0.14034,0.002185,0.12459,0.09486,153.47,-0.13485,0.99285
1779370133.9812,plane,3425,,,,,,,,,
1779370134.0765,plane,3426,,,,,,,,,
1779370134.1896,plane,3427,19,0.63692,0.16103,0.003949,0.07866,0.07161,65.15,0.22656,0.18265
1779370134.2855,plane,3428,19,0.59622,0.05330,0.002743,0.13121,0.09132,18.16,-0.42509,-1.12506
1779370134.3823,plane,3429,,,,,,,,,
1779370134.4772,plane,3430,,,,,,,,,
1779370134.5901,plane,3431,19,0.63681,0.03884,0.003962,0.07927,0.07018,103.87,0.35990,-0.12815
1779370134.6861,plane,3432,,,,,,,,,
1779370134.7813,plane,3433,,,,,,,,,
1779370134.8773,plane,3434,,,,,,,,,
1779370134.9905,plane,3435,19,0.64073,0.13340,0.006880,0.08767,0.06636,16.83,0.03474,0.83751
1779370135.0870,plane,3436,19,0.61198,0.06240,0.004503,0.07606,0.07072,149.53,-0.29705,-0.73341
1779370135.1826,plane,3437,19,0.57265,0.14370,0.002150,0.17112,0.10400,25.86,-0.41168,0.85100
1779370135.2777,plane,3438,,,,,,,,,
1779370135.3907,plane,3439,19,0.61100,0.03728,0.003535,0.08107,0.07613,65.95,0.33889,-0.94025
1779370135.4856,plane,3440,19,0.58700,0.14989,0.003272,0.09068,0.08088,166.03,-0.25281,1.18602
1779370135.5820,plane,3441,19,0.60300,0.06798,0.002455,0.11494,0.08939,34.70,0.16631,-0.85159
1779370135.6776,plane,3442,,,,,,,,,
1779370135.7906,plane,3443,19,0.60349,0.12944,0.003145,0.08039,0.07629,79.66,0.00437,0.54440
1779370135.8865,plane,3444,19,0.59195,0.07941,0.009147,0.08752,0.07630,98.67,-0.12018,-0.52079
1779370135.9823,plane,3445,19,0.56188,0.10784,0.005235,0.08372,0.06359,100.08,-0.31441,0.29722
1779370136.0791,plane,3446,19,0.57299,0.15244,0.003596,0.08683,0.06294,70.74,0.11460,0.45995
1779370136.1904,plane,3447,19,0.57264,0.19390,0.004715,0.08068,0.06349,159.05,-0.00314,0.37300
1779370136.2864,plane,3448,19,0.57260,0.26456,0.004834,0.08372,0.06015,68.90,-0.00041,0.73584
1779370136.3817,plane,3449,,,,,,,,,
1779370136.4784,plane,3450,19,0.56801,0.18053,0.005776,0.08179,0.06599,163.66,-0.04747,-0.86905
1779370136.5905,plane,3451,19,0.54117,0.20202,0.003459,0.07467,0.07128,25.03,-0.23958,0.19173
1779370136.6861,plane,3452,19,0.50556,0.16073,0.004296,0.07909,0.07019,68.53,-0.37242,-0.43187
1779370136.7831,plane,3453,19,0.51552,0.21066,0.003203,0.08012,0.07621,82.05,0.10287,0.51602
1779370136.8777,plane,3454,,,,,,,,,
1779370136.9909,plane,3455,19,0.47246,0.14738,0.003047,0.09275,0.08584,176.32,-0.38026,-0.55881
1779370137.0869,plane,3456,19,0.51776,0.28140,0.003560,0.07730,0.07416,57.99,0.47197,1.39618
1779370137.1839,plane,3457,19,0.47398,0.17706,0.002706,0.08746,0.07776,91.53,-0.45138,-1.07561
1779370137.2788,plane,3458,,,,,,,,,
1779370137.3920,plane,3459,19,0.47990,0.29213,0.003104,0.08999,0.08392,45.61,0.05224,1.01487
1779370137.4867,plane,3460,19,0.50774,0.16060,0.003869,0.08716,0.07756,89.99,0.29401,-1.38877
1779370137.5829,plane,3461,19,0.46653,0.26160,0.002263,0.15714,0.10028,24.27,-0.42886,1.05099
1779370137.6795,plane,3462,,,,,,,,,
1779370137.7912,plane,3463,19,0.49058,0.14974,0.003245,0.08603,0.07535,82.90,0.21557,-1.00292
1779370137.8910,plane,3464,19,0.51839,0.24021,0.003286,0.07480,0.07244,146.76,0.27847,0.90576
1779370137.9841,plane,3465,19,0.49180,0.20973,0.007551,0.08833,0.06742,97.39,-0.28573,-0.32743
1779370138.0780,plane,3466,,,,,,,,,
1779370138.1907,plane,3467,24,0.45973,0.36268,0.002336,0.13793,0.09558,29.98,0.00000,0.00000
1779370138.2871,plane,3468,19,0.46982,0.22511,0.003109,0.08552,0.07888,26.06,-0.22854,0.15987
1779370138.3836,plane,3469,19,0.47749,0.34037,0.002730,0.11385,0.08625,21.11,0.07937,1.19233
1779370138.4781,plane,3470,,,,,,,,,
1779370138.5902,plane,3471,,,,,,,,,
1779370138.6873,plane,3472,19,0.45918,0.36053,0.003106,0.09550,0.08243,167.67,-0.18870,0.20771
1779370138.7836,plane,3473,19,0.49322,0.23869,0.002496,0.10903,0.08800,176.33,0.35353,-1.26567
1779370138.8791,plane,3474,,,,,,,,,
1779370138.9914,plane,3475,,,,,,,,,
1779370139.0878,plane,3476,19,0.44814,0.22145,0.002882,0.08341,0.08284,21.84,-0.46749,-0.17876
1779370139.1839,plane,3477,19,0.50083,0.34855,0.002923,0.08820,0.08047,176.01,0.55023,1.32712
1779370139.2794,plane,3478,19,0.44725,0.25774,0.002073,0.09081,0.07036,63.76,-0.55956,-0.94842
1779370139.3899,plane,3479,,,,,,,,,
1779370139.4872,plane,3480,19,0.45034,0.36323,0.003276,0.09545,0.08559,33.73,0.03176,1.08522
1779370139.5839,plane,3481,19,0.49294,0.23880,0.003433,0.08844,0.07970,83.79,0.44158,-1.29002
1779370139.6796,plane,3482,19,0.43840,0.32210,0.002243,0.15976,0.10341,38.94,-0.56829,0.86810
1779370139.7903,plane,3483,,,,,,,,,
1779370139.8872,plane,3484,19,0.44513,0.25193,0.004823,0.08106,0.06792,38.00,0.06946,-0.72420
1779370139.9834,plane,3485,19,0.47107,0.32883,0.007560,0.09171,0.06664,112.55,0.26964,0.79935
1779370140.0796,plane,3486,19,0.48570,0.30676,0.004598,0.08075,0.06373,119.97,0.15228,-0.22965
1779370140.1906,plane,3487,19,0.51568,0.27082,0.004473,0.08649,0.06844,75.73,0.27031,-0.32410
1779370140.2867,plane,3488,19,0.53010,0.26694,0.003662,0.07881,0.07242,57.19,0.14970,-0.04025
1779370140.3818,plane,3489,,,,,,,,,
1779370140.4788,plane,3490,19,0.52415,0.22857,0.005190,0.08085,0.07563,23.96,-0.06143,-0.39625
1779370140.5905,plane,3491,19,0.51501,0.17590,0.004678,0.08036,0.06687,24.60,-0.08160,-0.47062
1779370140.6870,plane,3492,19,0.50380,0.17963,0.003230,0.09165,0.08161,154.78,-0.11629,0.03868
1779370140.7826,plane,3493,19,0.48900,0.15279,0.003109,0.09464,0.07970,105.53,-0.15462,-0.28035
1779370140.8788,plane,3494,19,0.48820,0.06856,0.005825,0.08587,0.06920,93.13,-0.00837,-0.87755
1779370140.9906,plane,3495,,,,,,,,,
1779370141.0868,plane,3496,,,,,,,,,
1779370141.1821,plane,3497,,,,,,,,,
1779370141.2788,plane,3498,19,0.48954,0.14828,0.006543,0.08626,0.06699,6.63,0.01391,0.82602
1779370141.3908,plane,3499,19,0.45215,0.10870,0.002653,0.12614,0.08970,59.25,-0.33334,-0.35287
1779370141.4867,plane,3500,19,0.40170,0.14336,0.002764,0.09457,0.08104,89.78,-0.52698,0.36207
1779370141.5826,plane,3501,,,,,,,,,
1779370141.6793,plane,3502,19,0.45277,0.09350,0.003857,0.08665,0.07153,142.25,0.52807,-0.51564
1779370141.7907,plane,3503,,,,,,,,,
1779370141.8875,plane,3504,19,0.45731,0.18777,0.005619,0.08211,0.07088,11.37,0.04698,0.97562
1779370141.9837,plane,3505,19,0.43615,0.09124,0.002955,0.30110,0.12251,64.25,-0.22043,-1.00594
1779370142.0801,plane,3506,19,0.42544,0.17676,0.002036,0.12762,0.09335,101.89,-0.11081,0.88443
1779370142.1917,plane,3507,19,0.39697,0.12457,0.006814,0.08954,0.06346,115.53,-0.25559,-0.46849
1779370142.2865,plane,3508,,,,,,,,,
1779370142.3831,plane,3509,19,0.34390,0.23774,0.003627,0.07943,0.07477,110.62,-0.55049,1.17398
1779370142.4792,plane,3510,19,0.38393,0.14232,0.003565,0.08777,0.06433,135.30,0.41666,-0.99311
1779370142.5911,plane,3511,,,,,,,,,
1779370142.6856,plane,3512,,,,,,,,,
1779370142.7837,plane,3513,19,0.37883,0.13108,0.002804,0.13737,0.09723,152.58,-0.05216,-0.11494
1779370142.8793,plane,3514,19,0.37222,0.26180,0.002346,0.14589,0.09782,160.58,-0.06932,1.36952
1779370142.9944,plane,3515,19,0.38322,0.15998,0.002936,0.10572,0.08889,178.81,0.09517,-0.88095
1779370143.0868,plane,3516,,,,,,,,,
1779370143.1831,plane,3517,19,0.39110,0.27598,0.002194,0.11455,0.09159,14.05,0.08160,1.20116
1779370143.2792,plane,3518,19,0.33511,0.17697,0.005241,0.08457,0.06582,160.74,-0.58334,-1.03164
1779370143.3910,plane,3519,19,0.38318,0.23228,0.002496,0.13675,0.09526,24.46,0.42992,0.49473
1779370143.4898,plane,3520,19,0.40004,0.13987,0.003818,0.07761,0.06584,135.52,0.17040,-0.93378
1779370143.5822,plane,3521,,,,,,,,,
1779370143.6794,plane,3522,19,0.34749,0.23752,0.003109,0.09252,0.08705,50.08,-0.54264,1.00835
1779370143.7914,plane,3523,19,0.39408,0.12235,0.003340,0.11904,0.08420,157.68,0.41452,-1.02477
1779370143.8861,plane,3524,,,,,,,,,
1779370143.9833,plane,3525,,,,,,,,,
1779370144.0803,plane,3526,19,0.35455,0.11569,0.003696,0.09210,0.08716,90.40,-0.40541,-0.06830
1779370144.1912,plane,3527,19,0.38472,0.22864,0.003796,0.09265,0.07966,45.51,0.27204,1.01866
1779370144.2869,plane,3528,19,0.35503,0.15685,0.002889,0.09581,0.08311,51.80,-0.31074,-0.75136
1779370144.3825,plane,3529,,,,,,,,,
1779370144.4794,plane,3530,19,0.35702,0.23436,0.003864,0.09846,0.08484,78.00,0.02063,0.80179
1779370144.5911,plane,3531,19,0.36898,0.12597,0.004686,0.10211,0.08283,141.30,0.10692,-0.96911
1779370144.6877,plane,3532,19,0.36818,0.20231,0.003004,0.09549,0.08349,125.26,-0.00831,0.79327
1779370144.7824,plane,3533,,,,,,,,,
1779370144.8795,plane,3534,19,0.36988,0.11727,0.003433,0.10229,0.08601,112.17,0.01751,-0.87780
1779370144.9903,plane,3535,19,0.35828,0.23364,0.004347,0.09120,0.07875,47.16,-0.10445,1.04831
1779370145.0865,plane,3536,19,0.38524,0.14412,0.003075,0.09971,0.08860,19.90,0.28021,-0.93048
1779370145.1814,plane,3537,,,,,,,,,
1779370145.2790,plane,3538,19,0.38212,0.24859,0.002409,0.13595,0.09790,30.99,-0.03208,1.07172
1779370145.3912,plane,3539,19,0.35062,0.11883,0.004449,0.08500,0.07799,129.62,-0.28043,-1.15531
1779370145.4872,plane,3540,19,0.39649,0.22505,0.002881,0.12733,0.09178,3.90,0.47914,1.10936
1779370145.5832,plane,3541,,,,,,,,,
1779370145.6777,plane,3542,,,,,,,,,
1779370145.7915,plane,3543,19,0.35106,0.23897,0.004252,0.08247,0.07423,124.78,-0.40083,0.12284
1779370145.8870,plane,3544,19,0.39721,0.12438,0.002719,0.12802,0.09133,174.21,0.48214,-1.19717
1779370145.9814,plane,3545,,,,,,,,,
1779370146.0784,plane,3546,,,,,,,,,
1779370146.1913,plane,3547,19,0.35352,0.11278,0.004444,0.09718,0.08376,28.29,-0.38671,-0.10265
1779370146.2866,plane,3548,19,0.38522,0.22250,0.003201,0.11769,0.08833,13.68,0.33246,1.15043
1779370146.3831,plane,3549,19,0.35899,0.14931,0.003879,0.10474,0.08320,47.79,-0.27179,-0.75833
1779370146.4786,plane,3550,19,0.41326,0.13177,0.002040,0.17613,0.10347,78.41,0.56778,-0.18346
1779370146.5917,plane,3551,19,0.35635,0.23328,0.004517,0.09102,0.07456,120.60,-0.50416,0.89932
1779370146.6870,plane,3552,19,0.35508,0.11997,0.005525,0.10939,0.07903,132.15,-0.01333,-1.18909
1779370146.7845,plane,3553,19,0.36149,0.19485,0.004286,0.10395,0.08392,130.04,0.06579,0.76931
1779370146.8797,plane,3554,,,,,,,,,
1779370146.9916,plane,3555,19,0.36685,0.11519,0.004588,0.09073,0.08030,72.35,0.04811,-0.71383
1779370147.0878,plane,3556,19,0.35763,0.22650,0.003867,0.10527,0.08496,25.80,-0.09581,1.15580
1779370147.1827,plane,3557,19,0.36251,0.16100,0.003321,0.09527,0.08586,69.71,0.05135,-0.68936
1779370147.2788,plane,3558,,,,,,,,,
1779370147.3908,plane,3559,19,0.37914,0.24116,0.004264,0.08718,0.07703,106.86,0.14840,0.71496
1779370147.4867,plane,3560,19,0.34397,0.12280,0.003872,0.10774,0.08287,157.61,-0.36755,-1.23667
1779370147.5838,plane,3561,19,0.37681,0.20522,0.002484,0.09682,0.09027,172.94,0.33743,0.84684
1779370147.6784,plane,3562,,,,,,,,,
1779370147.7906,plane,3563,19,0.38804,0.10975,0.003577,0.08162,0.07703,60.64,0.10033,-0.85268
1779370147.8880,plane,3564,19,0.34046,0.23556,0.003813,0.08087,0.07923,13.58,-0.48914,1.29317
1779370147.9830,plane,3565,19,0.38874,0.13237,0.002128,0.14751,0.09993,171.79,0.50851,-1.08664
1779370148.0788,plane,3566,,,,,,,,,
1779370148.1907,plane,3567,19,0.38621,0.24901,0.003315,0.08484,0.08027,49.78,-0.02261,1.04248
1779370148.2873,plane,3568,19,0.34343,0.12155,0.004286,0.09242,0.08169,16.65,-0.44287,-1.31937
1779370148.3830,plane,3569,19,0.38632,0.22460,0.002577,0.12366,0.09257,5.05,0.44849,1.07751
1779370148.4779,plane,3570,,,,,,,,,
1779370148.5915,plane,3571,19,0.37562,0.10768,0.003213,0.11051,0.08763,155.07,-0.09451,-1.03237
1779370148.6871,plane,3572,19,0.33973,0.19281,0.006148,0.08468,0.07125,1.25,-0.37494,0.88947
1779370148.7838,plane,3573,19,0.37113,0.15745,0.007797,0.09198,0.07140,83.23,0.32524,-0.36620
1779370148.8789,plane,3574,,,,,,,,,
1779370148.9914,plane,3575,25,0.40159,0.30744,0.002190,0.13253,0.09550,162.49,0.00000,0.00000
1779370149.0872,plane,3576,19,0.37787,0.17878,0.004449,0.09162,0.08394,60.27,0.07017,0.22208
1779370149.1830,plane,3577,19,0.38333,0.27962,0.003518,0.10328,0.08781,18.14,0.05697,1.05359
1779370149.2788,plane,3578,19,0.37338,0.23108,0.002996,0.09792,0.09067,86.82,-0.10379,-0.50671
1779370149.3905,plane,3579,19,0.36706,0.16033,0.002424,0.12944,0.09674,169.02,-0.05660,-0.63310
1779370149.4863,plane,3580,,,,,,,,,
1779370149.5830,plane,3581,19,0.35742,0.20286,0.005912,0.08431,0.06822,48.18,-0.09937,0.43852
1779370149.6786,plane,3582,19,0.37008,0.24531,0.003701,0.08138,0.07758,105.39,0.13264,0.44460
1779370149.7914,plane,3583,19,0.39141,0.25665,0.006236,0.08641,0.06441,79.76,0.18929,0.10061
1779370149.8866,plane,3584,19,0.40669,0.27222,0.006814,0.08864,0.06515,64.50,0.16042,0.16345
1779370149.9832,plane,3585,,,,,,,,,
1779370150.0791,plane,3586,,,,,,,,,
1779370150.1913,plane,3587,19,0.39266,0.33099,0.008124,0.08988,0.06813,48.85,-0.12491,0.52322
1779370150.2874,plane,3588,19,0.42061,0.37096,0.005424,0.08440,0.06309,67.29,0.29144,0.41677
1779370150.3841,plane,3589,19,0.43192,0.39787,0.005580,0.08565,0.06272,71.74,0.11679,0.27773
1779370150.4790,plane,3590,19,0.43320,0.45950,0.005788,0.08437,0.06417,174.75,0.01344,0.64920
1779370150.5914,plane,3591,19,0.43931,0.49725,0.008026,0.08846,0.07004,177.30,0.05452,0.33663
1779370150.6875,plane,3592,19,0.47985,0.44790,0.005692,0.08530,0.06614,36.16,0.42264,-0.51456
1779370150.7835,plane,3593,19,0.49368,0.49101,0.005475,0.08558,0.06110,23.46,0.14364,0.44768
1779370150.8805,plane,3594,19,0.51626,0.50001,0.005993,0.08637,0.06325,46.64,0.23238,0.09260
1779370150.9906,plane,3595,19,0.54005,0.52130,0.006346,0.08656,0.06291,35.78,0.21602,0.19331
1779370151.0868,plane,3596,19,0.55519,0.55727,0.006509,0.08804,0.06726,47.82,0.15771,0.37477
1779370151.1835,plane,3597,19,0.58360,0.57057,0.006197,0.08720,0.06434,47.05,0.29427,0.13777
1779370151.2799,plane,3598,19,0.59022,0.64374,0.004420,0.07971,0.06980,144.66,0.06847,0.75598
1779370151.3916,plane,3599,19,0.61592,0.66102,0.005118,0.08399,0.06274,154.76,0.23064,0.15509
1779370151.4880,plane,3600,19,0.62519,0.59009,0.004167,0.08251,0.07273,69.29,0.09595,-0.73420
1779370151.5840,plane,3601,19,0.65306,0.59953,0.003159,0.09167,0.07964,108.40,0.29109,0.09853
1779370151.6790,plane,3602,19,0.68076,0.60737,0.007719,0.09828,0.07511,109.41,0.29110,0.08237
1779370151.7904,plane,3603,,,,,,,,,
1779370151.8877,plane,3604,19,0.69557,0.75180,0.002036,0.12003,0.09459,154.52,0.15224,1.48554
1779370151.9830,plane,3605,19,0.73045,0.62658,0.004037,0.08898,0.07943,40.54,0.36614,-1.31434
1779370152.0797,plane,3606,19,0.69671,0.73021,0.002221,0.15275,0.10007,153.26,-0.34989,1.07476
1779370152.1906,plane,3607,,,,,,,,,
1779370152.2863,plane,3608,,,,,,,,,
1779370152.3832,plane,3609,19,0.73810,0.75318,0.003516,0.10333,0.08385,161.51,0.42711,0.23705
1779370152.4791,plane,3610,19,0.69028,0.64218,0.003059,0.15975,0.09681,13.83,-0.49917,-1.15866
1779370152.5760,plane,3611,19,0.75322,0.69365,0.002265,0.11639,0.09402,115.66,0.64891,0.53066
1779370152.6869,plane,3612,,,,,,,,,
1779370152.7833,plane,3613,19,0.73875,0.66123,0.007346,0.09489,0.06636,144.07,-0.15028,-0.33654
1779370152.8797,plane,3614,19,0.72065,0.72886,0.004139,0.07790,0.06475,31.71,-0.18742,0.70036
1779370152.9754,plane,3615,19,0.70154,0.68643,0.003421,0.08290,0.07868,36.79,-0.20003,-0.44412
1779370153.0877,plane,3616,,,,,,,,,
1779370153.1838,plane,3617,19,0.71818,0.78765,0.004279,0.09021,0.08025,81.11,0.17295,1.05173
1779370153.2797,plane,3618,19,0.68761,0.68741,0.003649,0.10795,0.08362,30.42,-0.31968,-1.04820
1779370153.3768,plane,3619,19,0.71217,0.75634,0.002455,0.11660,0.08918,114.46,0.25242,0.70837
1779370153.4875,plane,3620,19,0.68291,0.81725,0.002324,0.09596,0.08819,30.66,-0.26406,0.54974
1779370153.5834,plane,3621,19,0.71168,0.72593,0.004191,0.07635,0.07495,167.70,0.30067,-0.95441
1779370153.6795,plane,3622,19,0.69234,0.76795,0.008253,0.09956,0.06853,90.65,-0.20099,0.43659
1779370153.7757,plane,3623,19,0.66739,0.74151,0.004835,0.08066,0.06489,85.79,-0.25970,-0.27527
1779370153.8881,plane,3624,19,0.67974,0.69455,0.003886,0.09008,0.08427,156.33,0.10970,-0.41717
1779370153.9866,plane,3625,19,0.68312,0.67146,0.005222,0.08416,0.06460,60.68,0.03452,-0.23577
1779370154.0785,plane,3626,,,,,,,,,
1779370154.1758,plane,3627,19,0.67863,0.62355,0.002306,0.13284,0.09431,122.04,-0.04621,-0.49269
1779370154.2873,plane,3628,,,,,,,,,
1779370154.3839,plane,3629,19,0.66080,0.54123,0.002357,0.13487,0.09571,23.98,-0.18478,-0.85292
1779370154.4798,plane,3630,19,0.70380,0.67169,0.003386,0.08763,0.07966,156.06,0.44715,1.35657
1779370154.5756,plane,3631,19,0.65414,0.56623,0.002221,0.15199,0.10045,13.31,-0.52097,-1.10637
1779370154.6871,plane,3632,,,,,,,,,
1779370154.7838,plane,3633,19,0.65218,0.68849,0.002099,0.12209,0.09331,169.24,-0.02028,1.26626
1779370154.8795,plane,3634,19,0.70623,0.59250,0.007517,0.09367,0.06604,2.53,0.56361,-1.00083
1779370154.9760,plane,3635,19,0.66089,0.64510,0.004868,0.08161,0.06722,69.29,-0.47121,0.54657
1779370155.0883,plane,3636,19,0.63229,0.55405,0.003277,0.07740,0.07116,51.62,-0.25419,-0.80919
1779370155.1836,plane,3637,,,,,,,,,
1779370155.2807,plane,3638,19,0.68621,0.64720,0.003704,0.07979,0.06970,68.64,0.55803,0.96401
1779370155.3760,plane,3639,19,0.63352,0.55607,0.002670,0.10006,0.08965,177.95,-0.54977,-0.95091
1779370155.4869,plane,3640,,,,,,,,,
1779370155.5830,plane,3641,,,,,,,,,
1779370155.6792,plane,3642,19,0.67501,0.53266,0.003355,0.08040,0.07550,86.61,0.43126,-0.24334
1779370155.7754,plane,3643,19,0.65377,0.63452,0.002801,0.12615,0.09291,9.75,-0.22116,1.06042
1779370155.8877,plane,3644,,,,,,,,,
1779370155.9828,plane,3645,,,,,,,,,
1779370156.0796,plane,3646,19,0.65711,0.65282,0.003169,0.08184,0.07744,107.42,0.03449,0.18902
1779370156.1756,plane,3647,19,0.67560,0.53220,0.002265,0.11995,0.09185,11.31,0.19205,-1.25296
1779370156.2868,plane,3648,,,,,,,,,
1779370156.3824,plane,3649,,,,,,,,,
1779370156.4798,plane,3650,19,0.64978,0.52223,0.002018,0.08814,0.07504,86.73,-0.26517,-0.10236
1779370156.5764,plane,3651,19,0.68199,0.63754,0.004352,0.07968,0.06705,71.47,0.33433,1.19686
1779370156.6877,plane,3652,,,,,,,,,
1779370156.7830,plane,3653,19,0.68047,0.53804,0.008380,0.08553,0.07190,141.67,-0.01594,-1.04455
1779370156.8814,plane,3654,19,0.65261,0.61018,0.002306,0.12555,0.08895,99.32,-0.28465,0.73693
1779370156.9750,plane,3655,19,0.60610,0.57016,0.002877,0.08880,0.08173,129.57,-0.49384,-0.42491
1779370157.0864,plane,3656,,,,,,,,,
1779370157.1817,plane,3657,,,,,,,,,
1779370157.2779,plane,3658,,,,,,,,,
1779370157.3748,plane,3659,19,0.65261,0.67002,0.003369,0.07880,0.07214,75.23,0.47971,1.02991
1779370157.4862,plane,3660,,,,,,,,,
1779370157.5835,plane,3661,19,0.64630,0.58622,0.005722,0.08469,0.06182,156.72,-0.06451,-0.85770
1779370157.6796,plane,3662,19,0.63811,0.63390,0.002255,0.11290,0.08612,75.26,-0.08541,0.49699
1779370157.7763,plane,3663,19,0.62012,0.61652,0.002657,0.10926,0.08332,76.55,-0.18588,-0.17954
1779370157.8873,plane,3664,19,0.60385,0.68423,0.007122,0.08989,0.06406,63.28,-0.14667,0.61037
1779370157.9843,plane,3665,19,0.58616,0.66875,0.004718,0.08266,0.06127,68.09,-0.18203,-0.15936
1779370158.0797,plane,3666,19,0.58520,0.62498,0.003004,0.08557,0.08074,149.37,-0.01010,-0.45887
1779370158.1755,plane,3667,19,0.57459,0.61344,0.004262,0.07836,0.06887,54.23,-0.11095,-0.12072
1779370158.2880,plane,3668,19,0.58354,0.51397,0.003540,0.07820,0.07532,79.88,0.07955,-0.88346
1779370158.3829,plane,3669,,,,,,,,,
1779370158.4787,plane,3670,,,,,,,,,
1779370158.5754,plane,3671,,,,,,,,,
1779370158.6875,plane,3672,19,0.58367,0.56957,0.006622,0.08647,0.06639,3.32,0.00109,0.49603
1779370158.7834,plane,3673,19,0.55107,0.54627,0.002774,0.11451,0.08337,68.56,-0.34057,-0.24344
1779370158.8800,plane,3674,19,0.50390,0.59956,0.002653,0.08608,0.07927,65.99,-0.48727,0.55048
1779370158.9756,plane,3675,19,0.52949,0.60685,0.002287,0.16462,0.10124,115.58,0.26780,0.07631
1779370159.0877,plane,3676,19,0.54845,0.51546,0.003055,0.10223,0.08242,20.14,0.16909,-0.81500
1779370159.1824,plane,3677,,,,,,,,,
1779370159.2804,plane,3678,19,0.54198,0.60528,0.007556,0.08771,0.06653,38.58,-0.06569,0.91213
1779370159.3747,plane,3679,,,,,,,,,
1779370159.4875,plane,3680,19,0.50310,0.56970,0.003182,0.08314,0.07676,92.31,-0.34529,-0.31599
1779370159.5837,plane,3681,19,0.49020,0.52941,0.005763,0.08385,0.06375,156.99,-0.13391,-0.41820
1779370159.6790,plane,3682,19,0.47242,0.52251,0.006592,0.08463,0.06564,171.49,-0.18650,-0.07235
1779370159.7753,plane,3683,19,0.45128,0.54900,0.003538,0.08259,0.07570,81.04,-0.21984,0.27548
1779370159.8881,plane,3684,19,0.42130,0.52902,0.004857,0.08165,0.06193,154.62,-0.26538,-0.17691
1779370159.9844,plane,3685,19,0.40375,0.59377,0.007902,0.08953,0.06587,50.42,-0.18291,0.67459
1779370160.0798,plane,3686,19,0.37422,0.58648,0.006171,0.08692,0.06311,47.15,-0.30842,-0.07626
1779370160.1763,plane,3687,19,0.35818,0.54383,0.004176,0.07942,0.06356,61.05,-0.16674,-0.44317
1779370160.2885,plane,3688,19,0.33646,0.52577,0.005512,0.08453,0.06042,25.06,-0.19317,-0.16062
1779370160.3839,plane,3689,19,0.32708,0.45982,0.005541,0.08553,0.06211,138.50,-0.09859,-0.69287
1779370160.4798,plane,3690,19,0.29515,0.45567,0.003447,0.08155,0.07744,86.14,-0.33197,-0.04317
1779370160.5747,plane,3691,,,,,,,,,
1779370160.6871,plane,3692,,,,,,,,,
1779370160.7844,plane,3693,19,0.27276,0.53060,0.005968,0.08736,0.06314,22.56,-0.22948,0.76815
1779370160.8796,plane,3694,19,0.23967,0.48207,0.003681,0.07709,0.07053,129.82,-0.34728,-0.50939
1779370160.9759,plane,3695,19,0.18683,0.53079,0.002704,0.09446,0.08359,51.54,-0.54874,0.50598
1779370161.0875,plane,3696,19,0.18649,0.54042,0.004188,0.07950,0.06893,70.60,-0.00301,0.08632
1779370161.1827,plane,3697,,,,,,,,,
1779370161.2801,plane,3698,19,0.11781,0.48273,0.002304,0.17646,0.10248,72.22,-0.70639,-0.59334
1779370161.3751,plane,3699,,,,,,,,,
1779370161.4877,plane,3700,19,0.13399,0.44882,0.006758,0.08911,0.06285,43.15,0.14403,-0.30180
1779370161.5846,plane,3701,19,0.14307,0.50753,0.004586,0.07891,0.06515,24.10,0.09352,0.60505
1779370161.6801,plane,3702,19,0.15847,0.50882,0.006249,0.08679,0.06175,32.11,0.16120,0.01354
1779370161.7757,plane,3703,19,0.17003,0.53902,0.006488,0.08389,0.06516,167.24,0.12093,0.31595
1779370161.8878,plane,3704,19,0.19162,0.57400,0.007746,0.08581,0.06992,162.68,0.19254,0.31207
1779370161.9836,plane,3705,19,0.21299,0.52783,0.007358,0.08637,0.06815,3.29,0.22343,-0.48250
1779370162.0799,plane,3706,19,0.23737,0.54222,0.007463,0.08639,0.06891,173.97,0.25286,0.14917
1779370162.1758,plane,3707,19,0.26193,0.53782,0.007236,0.08674,0.06688,174.58,0.25656,-0.04589
1779370162.2882,plane,3708,19,0.28870,0.53308,0.007509,0.08603,0.06932,175.02,0.23775,-0.04211
1779370162.3836,plane,3709,19,0.31389,0.53044,0.007204,0.08584,0.06757,173.81,0.26454,-0.02780
1779370162.4803,plane,3710,19,0.33895,0.52678,0.006877,0.08604,0.06630,170.43,0.25881,-0.03771
1779370162.5754,plane,3711,19,0.36437,0.52287,0.006700,0.08561,0.06563,168.64,0.26709,-0.04107
1779370162.6877,plane,3712,19,0.39185,0.51649,0.007156,0.08591,0.06795,173.42,0.24522,-0.05698
1779370162.7837,plane,3713,19,0.41716,0.51047,0.006946,0.08585,0.06583,176.10,0.26360,-0.06269
1779370162.8799,plane,3714,19,0.44376,0.51200,0.006346,0.08459,0.06397,171.55,0.27586,0.01583
1779370162.9754,plane,3715,19,0.47889,0.46782,0.003415,0.07733,0.07552,62.41,0.36888,-0.46384
1779370163.0878,plane,3716,19,0.48978,0.50565,0.004644,0.07817,0.06233,162.85,0.09659,0.33574
1779370163.1830,plane,3717,19,0.48536,0.55949,0.007699,0.08888,0.06718,115.08,-0.04636,0.56578
1779370163.2796,plane,3718,19,0.55542,0.52041,0.005083,0.08378,0.06225,62.05,0.72693,-0.40559
1779370163.3754,plane,3719,19,0.50593,0.49728,0.003733,0.10706,0.07765,28.47,-0.51559,-0.24101
1779370163.4873,plane,3720,19,0.50950,0.44286,0.004869,0.07943,0.06270,7.30,0.03188,-0.48653
1779370163.5847,plane,3721,19,0.52809,0.38246,0.004749,0.08020,0.06288,103.34,0.19081,-0.61982
1779370163.6787,plane,3722,,,,,,,,,
1779370163.7753,plane,3723,,,,,,,,,
1779370163.8871,plane,3724,,,,,,,,,
1779370163.9843,plane,3725,19,0.50811,0.47982,0.005469,0.08193,0.06351,5.08,-0.20566,1.00175
1779370164.0794,plane,3726,19,0.55048,0.42144,0.005863,0.08470,0.07394,98.86,0.44540,-0.61372
1779370164.1758,plane,3727,19,0.57580,0.53062,0.002087,0.13518,0.09579,162.40,0.26272,1.13279
1779370164.2864,plane,3728,,,,,,,,,
1779370164.3832,plane,3729,19,0.54253,0.42826,0.002401,0.11808,0.09119,153.84,-0.34305,-1.05563
1779370164.4792,plane,3730,19,0.58894,0.52086,0.003204,0.08054,0.07898,99.15,0.48331,0.96440
1779370164.5738,plane,3731,,,,,,,,,
1779370164.6864,plane,3732,,,,,,,,,
1779370164.7833,plane,3733,19,0.56463,0.55440,0.003003,0.09184,0.08346,67.35,-0.25013,0.34503
1779370164.8790,plane,3734,19,0.58289,0.46754,0.002825,0.10143,0.08370,66.79,0.19074,-0.90700
1779370164.9753,plane,3735,19,0.57387,0.52708,0.002752,0.09188,0.06391,132.99,-0.09376,0.61890
1779370165.0863,plane,3736,,,,,,,,,
1779370165.1838,plane,3737,19,0.57699,0.41527,0.002187,0.10368,0.08792,2.93,0.03203,-1.14815
1779370165.2793,plane,3738,19,0.52695,0.47348,0.002823,0.09521,0.08216,113.74,-0.52319,0.60861
1779370165.3750,plane,3739,19,0.59300,0.46044,0.002131,0.15060,0.09888,18.60,0.69184,-0.13658
1779370165.4878,plane,3740,19,0.58146,0.54072,0.005164,0.08281,0.06380,32.13,-0.10208,0.71061
1779370165.5840,plane,3741,19,0.58455,0.57486,0.003837,0.07716,0.06696,72.92,0.03212,0.35537
1779370165.6811,plane,3742,19,0.52326,0.50305,0.005585,0.08407,0.06199,153.76,-0.63121,-0.73958
1779370165.7749,plane,3743,19,0.58220,0.53299,0.003798,0.11577,0.07986,3.32,0.62717,0.31854
1779370165.8868,plane,3744,19,0.59397,0.44743,0.005169,0.08226,0.06364,155.93,0.10512,-0.76450
1779370165.9820,plane,3745,,,,,,,,,
1779370166.0795,plane,3746,19,0.54472,0.52693,0.003560,0.08945,0.07934,127.66,-0.50601,0.81699
1779370166.1756,plane,3747,19,0.60198,0.44188,0.003511,0.09772,0.09052,40.93,0.59478,-0.88362
1779370166.2863,plane,3748,,,,,,,,,
1779370166.3823,plane,3749,19,0.59543,0.50928,0.006365,0.08836,0.06728,31.78,-0.06823,0.70222
1779370166.4789,plane,3750,19,0.57156,0.42699,0.006229,0.08403,0.07169,119.92,-0.24721,-0.85219
1779370166.5753,plane,3751,19,0.56070,0.46328,0.003484,0.08411,0.07558,76.79,-0.11287,0.37724
1779370166.6880,plane,3752,19,0.52836,0.46969,0.004745,0.07984,0.06714,89.08,-0.28663,0.05680
1779370166.7824,plane,3753,19,0.50788,0.47753,0.003969,0.07932,0.06547,67.59,-0.21719,0.08319
1779370166.8792,plane,3754,,,,,,,,,
1779370166.9755,plane,3755,19,0.51882,0.51839,0.003855,0.10490,0.07470,163.01,0.11366,0.42443
1779370167.0867,plane,3756,19,0.52799,0.56812,0.004035,0.07808,0.07576,68.73,0.08243,0.44680
1779370167.1821,plane,3757,19,0.55196,0.57460,0.005614,0.08337,0.06674,84.88,0.25143,0.06800
1779370167.2782,plane,3758,19,0.56548,0.59363,0.004944,0.08320,0.06273,56.40,0.14091,0.19835
1779370167.3743,plane,3759,19,0.55066,0.71620,0.003226,0.08770,0.07904,29.91,-0.15399,1.27353
1779370167.4853,plane,3760,,,,,,,,,
1779370167.5824,plane,3761,19,0.56699,0.62964,0.006042,0.09007,0.06220,25.54,0.16841,-0.89282
1779370167.6782,plane,3762,19,0.59128,0.66718,0.003191,0.07844,0.07369,67.10,0.25322,0.39136
1779370167.7743,plane,3763,19,0.63465,0.64666,0.004656,0.08365,0.05865,108.16,0.45295,-0.21440
1779370167.8852,plane,3764,,,,,,,,,
1779370167.9814,plane,3765,,,,,,,,,
1779370168.0785,plane,3766,19,0.67968,0.64541,0.002487,0.10902,0.09143,32.82,0.46403,-0.01283
1779370168.1742,plane,3767,19,0.60867,0.76416,0.002026,0.13346,0.09487,20.57,-0.74056,1.23840
1779370168.2848,plane,3768,,,,,,,,,
1779370168.3822,plane,3769,19,0.61572,0.68094,0.006687,0.08784,0.06386,33.35,0.07246,-0.85425
1779370168.4776,plane,3770,,,,,,,,,
1779370168.5757,plane,3771,19,0.66600,0.69993,0.002084,0.11086,0.09089,158.87,0.51275,0.19368
1779370168.6862,plane,3772,19,0.66214,0.78374,0.004834,0.08157,0.06285,148.64,-0.03491,0.75965
1779370168.7829,plane,3773,19,0.67281,0.78943,0.006465,0.08726,0.06630,165.55,0.11005,0.05872
1779370168.8782,plane,3774,,,,,,,,,
1779370168.9751,plane,3775,19,0.74287,0.80558,0.002703,0.09535,0.08404,0.08,0.72149,0.16633
1779370169.0868,plane,3776,19,0.74235,0.69133,0.003048,0.09918,0.08434,5.78,-0.00464,-1.02482
1779370169.1830,plane,3777,19,0.72297,0.73275,0.002068,0.15167,0.10078,81.13,-0.20096,0.42944
1779370169.2788,plane,3778,19,0.77749,0.79264,0.003745,0.09460,0.07953,98.52,0.56875,0.62480
1779370169.3754,plane,3779,19,0.77438,0.67664,0.002621,0.09444,0.08138,52.50,-0.03215,-1.20101
1779370169.4870,plane,3780,19,0.77483,0.75535,0.003255,0.08352,0.07758,153.09,0.00406,0.70538
1779370169.5825,plane,3781,,,,,,,,,
1779370169.6804,plane,3782,19,0.77231,0.69776,0.003053,0.09357,0.07795,75.63,-0.02580,-0.58772
1779370169.7750,plane,3783,,,,,,,,,
1779370169.8874,plane,3784,19,0.75411,0.70394,0.003399,0.08640,0.07362,151.52,-0.16210,0.05513
1779370169.9848,plane,3785,,,,,,,,,
1779370170.0791,plane,3786,,,,,,,,,
1779370170.1757,plane,3787,19,0.80337,0.68496,0.002967,0.11076,0.08892,46.48,0.51103,-0.19697
1779370170.2884,plane,3788,19,0.70941,0.71970,0.002051,0.15918,0.10132,106.43,-0.83329,0.30808
1779370170.3830,plane,3789,19,0.80269,0.73730,0.004208,0.08409,0.07528,162.28,0.98579,0.18609
1779370170.4797,plane,3790,19,0.78327,0.76191,0.003560,0.07920,0.07294,62.77,-0.20055,0.25417
1779370170.5748,plane,3791,19,0.77865,0.81929,0.003598,0.08269,0.07918,157.89,-0.04854,0.60364
1779370170.6871,plane,3792,19,0.73059,0.75210,0.005219,0.08275,0.06598,150.54,-0.42859,-0.59916
1779370170.7832,plane,3793,19,0.79024,0.75285,0.005054,0.08825,0.07979,10.69,0.61942,0.00775
1779370170.8791,plane,3794,19,0.81275,0.70357,0.003482,0.07592,0.07059,31.87,0.23480,-0.51402
1779370170.9752,plane,3795,19,0.80420,0.65876,0.005452,0.08116,0.06482,167.27,-0.08903,-0.46642
1779370171.0871,plane,3796,19,0.78052,0.71027,0.006727,0.09015,0.06985,76.78,-0.21145,0.46007
1779370171.1835,plane,3797,19,0.78412,0.66210,0.002804,0.14244,0.09557,71.86,0.03729,-0.49961
1779370171.2793,plane,3798,,,,,,,,,
1779370171.3763,plane,3799,19,0.77978,0.69040,0.004924,0.07804,0.06936,175.66,-0.04461,0.29104
1779370171.4876,plane,3800,19,0.77215,0.63075,0.008050,0.09708,0.07053,97.61,-0.06874,-0.53715
1779370171.5841,plane,3801,19,0.74111,0.65706,0.003938,0.08529,0.07883,50.33,-0.32079,0.27194
1779370171.6797,plane,3802,19,0.76344,0.69742,0.004444,0.09317,0.07530,59.60,0.23405,0.42300
1779370171.7753,plane,3803,19,0.76291,0.73505,0.004842,0.08181,0.06156,158.97,-0.00557,0.39270
1779370171.8878,plane,3804,19,0.76771,0.81816,0.003143,0.09294,0.08302,162.39,0.04278,0.74035
1779370171.9839,plane,3805,19,0.74194,0.74817,0.002803,0.10991,0.09041,56.35,-0.26773,-0.72726
1779370172.0781,plane,3806,,,,,,,,,
1779370172.1740,plane,3807,,,,,,,,,
1779370172.2878,plane,3808,19,0.77436,0.70969,0.004005,0.08838,0.07887,16.65,0.28500,-0.33829
1779370172.3831,plane,3809,,,,,,,,,
1779370172.4804,plane,3810,19,0.77009,0.79959,0.008428,0.09197,0.07264,17.97,-0.04395,0.92702
1779370172.5763,plane,3811,19,0.74720,0.75400,0.002896,0.08847,0.07730,88.60,-0.23788,-0.47375
1779370172.6872,plane,3812,19,0.70048,0.78355,0.002089,0.16028,0.10416,37.65,-0.42250,0.26727
1779370172.7839,plane,3813,19,0.72553,0.71625,0.002508,0.11038,0.08840,55.16,0.25814,-0.69370
1779370172.8786,plane,3814,19,0.76128,0.72943,0.003577,0.09324,0.08140,81.48,0.37773,0.13933
1779370172.9757,plane,3815,,,,,,,,,
1779370173.0872,plane,3816,19,0.74538,0.71332,0.006526,0.09256,0.07047,143.07,-0.14214,-0.14409
1779370173.1835,plane,3817,19,0.71807,0.77373,0.005761,0.08750,0.06085,47.45,-0.28475,0.62968
1779370173.2793,plane,3818,19,0.72623,0.74966,0.002979,0.08691,0.07670,79.31,0.08493,-0.25042
1779370173.3738,plane,3819,,,,,,,,,
1779370173.4871,plane,3820,19,0.71749,0.75592,0.005164,0.07895,0.07496,24.85,-0.07730,0.05532
1779370173.5830,plane,3821,19,0.69758,0.71628,0.008553,0.09698,0.07351,98.01,-0.20711,-0.41245
1779370173.6786,plane,3822,19,0.67201,0.73945,0.004640,0.08047,0.06577,105.82,-0.26798,0.24268
1779370173.7764,plane,3823,19,0.67206,0.78517,0.002950,0.09153,0.08328,32.25,0.00054,0.46674
1779370173.8866,plane,3824,19,0.68409,0.82285,0.005624,0.08740,0.06500,147.71,0.10913,0.34174
1779370173.9817,plane,3825,,,,,,,,,
1779370174.0804,plane,3826,19,0.67023,0.87635,0.002226,0.10056,0.08569,79.41,-0.14037,0.54163
1779370174.1735,plane,3827,,,,,,,,,
1779370174.2865,plane,3828,19,0.64272,0.91909,0.002842,0.09729,0.08473,156.81,-0.24376,0.37879
1779370174.3821,plane,3829,19,0.68190,0.79531,0.002051,0.14405,0.09637,20.10,0.40881,-1.29173
1779370174.4772,plane,3830,,,,,,,,,
1779370174.5740,plane,3831,19,0.67830,0.88569,0.008442,0.09138,0.07035,35.24,-0.03713,0.93349
1779370174.6863,plane,3832,19,0.65393,0.83253,0.002277,0.12546,0.08898,97.28,-0.21708,-0.47349
1779370174.7823,plane,3833,19,0.61152,0.85339,0.003708,0.08026,0.07449,89.73,-0.44318,0.21803
1779370174.8778,plane,3834,,,,,,,,,
1779370174.9741,plane,3835,19,0.67051,0.78417,0.002765,0.11791,0.08959,94.94,0.61255,-0.71877
1779370175.0857,plane,3836,,,,,,,,,
1779370175.1827,plane,3837,19,0.65519,0.77453,0.005980,0.09159,0.06810,146.62,-0.15783,-0.09937
1779370175.2783,plane,3838,19,0.62613,0.83701,0.005614,0.08646,0.06182,50.17,-0.30369,0.65281
1779370175.3741,plane,3839,19,0.63719,0.81587,0.002521,0.10808,0.08384,78.28,0.11574,-0.22108
1779370175.4861,plane,3840,19,0.57345,0.73098,0.002050,0.10605,0.09268,148.71,-0.56780,-0.75626
1779370175.5823,plane,3841,19,0.61982,0.84604,0.004473,0.09137,0.08020,66.84,0.48312,1.19886
1779370175.6792,plane,3842,19,0.57955,0.77588,0.003377,0.09544,0.08626,54.11,-0.41571,-0.72419
1779370175.7740,plane,3843,19,0.62285,0.78659,0.003625,0.10707,0.08292,82.43,0.45570,0.11269
1779370175.8862,plane,3844,19,0.58746,0.86818,0.002650,0.10558,0.09061,46.97,-0.31565,0.72755
1779370175.9817,plane,3845,19,0.60692,0.75046,0.003798,0.09214,0.08518,115.53,0.20379,-1.23276
1779370176.0781,plane,3846,19,0.60098,0.83897,0.003540,0.10177,0.09094,170.84,-0.06163,0.91924
1779370176.1741,plane,3847,19,0.61296,0.81359,0.002484,0.10790,0.08986,94.20,0.12452,-0.26379
1779370176.2857,plane,3848,,,,,,,,,
1779370176.3823,plane,3849,19,0.59050,0.85952,0.003530,0.08819,0.08062,57.02,-0.23159,0.47358
1779370176.4787,plane,3850,19,0.62391,0.74474,0.002558,0.13356,0.09392,11.99,0.34752,-1.19405
1779370176.5743,plane,3851,,,,,,,,,
1779370176.6856,plane,3852,,,,,,,,,
1779370176.7825,plane,3853,19,0.57905,0.72511,0.002141,0.11962,0.09325,12.88,-0.46220,-0.20222
1779370176.8782,plane,3854,19,0.63199,0.84979,0.003501,0.10224,0.08179,165.17,0.55411,1.30506
1779370176.9736,plane,3855,,,,,,,,,
1779370177.0858,plane,3856,19,0.62810,0.75941,0.007326,0.08658,0.06650,147.18,-0.03468,-0.80588
1779370177.1822,plane,3857,,,,,,,,,
1779370177.2782,plane,3858,19,0.59489,0.80996,0.003167,0.09817,0.08294,72.77,-0.34503,0.52514
1779370177.3740,plane,3859,19,0.57951,0.83749,0.004862,0.08233,0.06214,29.96,-0.16056,0.28736
1779370177.4861,plane,3860,19,0.56155,0.84240,0.006648,0.08649,0.06566,13.74,-0.16047,0.04389
1779370177.5838,plane,3861,19,0.54063,0.81888,0.005266,0.08982,0.06977,50.67,-0.21404,-0.24051
1779370177.6781,plane,3862,19,0.51556,0.82980,0.005258,0.08379,0.06171,24.89,-0.26557,0.11563
1779370177.7739,plane,3863,19,0.49970,0.77445,0.006458,0.08673,0.06651,137.25,-0.16544,-0.57746
1779370177.8863,plane,3864,19,0.47248,0.77890,0.005929,0.08505,0.06484,139.13,-0.24281,0.03969
1779370177.9822,plane,3865,19,0.45635,0.81701,0.003723,0.08485,0.07294,89.12,-0.16771,0.39614
1779370178.0780,plane,3866,19,0.43760,0.83412,0.004749,0.08022,0.06905,156.91,-0.19585,0.17874
1779370178.1738,plane,3867,19,0.42547,0.91496,0.003998,0.08923,0.07932,111.28,-0.12679,0.84491
1779370178.2868,plane,3868,19,0.40521,0.90575,0.004300,0.07817,0.07439,15.57,-0.17896,-0.08136
1779370178.3812,plane,3869,,,,,,,,,
1779370178.4781,plane,3870,19,0.37453,0.84548,0.002135,0.14175,0.09762,62.61,-0.31702,-0.62278
1779370178.5746,plane,3871,19,0.36054,0.84162,0.006246,0.09331,0.07351,61.51,-0.14482,-0.03990
1779370178.6860,plane,3872,,,,,,,,,
1779370178.7826,plane,3873,19,0.34073,0.95811,0.002114,0.25969,0.12592,52.86,-0.20444,1.20211
1779370178.8779,plane,3874,19,0.30925,0.83054,0.002019,0.11404,0.09088,156.05,-0.33017,-1.33772
1779370178.9748,plane,3875,19,0.38053,0.88146,0.005929,0.09099,0.06877,152.57,0.73634,0.52599
1779370179.0851,plane,3876,,,,,,,,,
1779370179.1813,plane,3877,,,,,,,,,
1779370179.2777,plane,3878,,,,,,,,,
1779370179.3740,plane,3879,19,0.32449,0.93280,0.003057,0.06890,0.05982,173.38,-0.58338,0.53438
1779370179.4863,plane,3880,19,0.29932,0.94589,0.004623,0.08029,0.06616,38.84,-0.22386,0.11640
1779370179.5817,plane,3881,,,,,,,,,
1779370179.6790,plane,3882,19,0.22449,0.94608,0.002067,0.13088,0.09639,31.12,-0.76863,0.00200
1779370179.7745,plane,3883,19,0.26228,0.93099,0.005824,0.08941,0.06599,60.60,0.39671,-0.15846
1779370179.8858,plane,3884,,,,,,,,,
1779370179.9820,plane,3885,19,0.26445,0.84256,0.003123,0.08802,0.07567,79.32,0.02254,-0.91912
1779370180.0787,plane,3886,19,0.22254,0.93475,0.003754,0.09654,0.08547,140.40,-0.43479,0.95651
1779370180.1752,plane,3887,19,0.21388,0.89910,0.002387,0.17306,0.10359,161.79,-0.08954,-0.36833
1779370180.2866,plane,3888,19,0.18764,0.85760,0.007321,0.10062,0.06644,130.58,-0.23595,-0.37315
1779370180.3828,plane,3889,19,0.16420,0.81554,0.003075,0.10094,0.08006,103.85,-0.24306,-0.43613
1779370180.4777,plane,3890,,,,,,,,,
1779370180.5749,plane,3891,19,0.18266,0.83688,0.005434,0.08311,0.06730,158.00,0.19072,0.22040
1779370180.6874,plane,3892,19,0.20182,0.81453,0.006477,0.08584,0.06544,166.49,0.16963,-0.19792
1779370180.7826,plane,3893,19,0.22430,0.83345,0.006071,0.09125,0.06401,100.80,0.23667,0.19923
1779370180.8786,plane,3894,19,0.23414,0.80175,0.005120,0.07964,0.06430,166.15,0.10243,-0.33007
1779370180.9737,plane,3895,19,0.22071,0.72083,0.005488,0.08535,0.06655,61.17,-0.14103,-0.84994
1779370181.0868,plane,3896,19,0.29702,0.76891,0.003662,0.07815,0.07168,123.20,0.67488,0.42522
1779370181.1835,plane,3897,19,0.22693,0.78475,0.003379,0.09008,0.08038,136.52,-0.72467,0.16376
1779370181.2781,plane,3898,19,0.23165,0.83226,0.005505,0.08313,0.06515,165.38,0.04990,0.50248
1779370181.3740,plane,3899,19,0.23872,0.89409,0.003477,0.08011,0.07810,18.34,0.07368,0.64406
1779370181.4866,plane,3900,19,0.26641,0.78022,0.002399,0.12615,0.09378,154.94,0.24637,-1.01336
1779370181.5829,plane,3901,19,0.20552,0.80630,0.002653,0.09725,0.08342,76.89,-0.63076,0.27018
1779370181.6773,plane,3902,,,,,,,,,
1779370181.7744,plane,3903,19,0.22295,0.78748,0.006851,0.09478,0.06844,38.93,0.17975,-0.19418
1779370181.8863,plane,3904,19,0.23612,0.86466,0.005725,0.08727,0.06074,153.37,0.11760,0.68882
1779370181.9821,plane,3905,19,0.22811,0.85279,0.003320,0.11595,0.09196,107.98,-0.08394,-0.12438
1779370182.0786,plane,3906,,,,,,,,,
1779370182.1739,plane,3907,19,0.23157,0.87400,0.006617,0.08946,0.06975,152.51,0.03635,0.22249
1779370182.2864,plane,3908,19,0.26014,0.82762,0.006059,0.08887,0.06255,71.04,0.25415,-0.41268
1779370182.3821,plane,3909,19,0.26071,0.85069,0.006022,0.08769,0.06954,58.20,0.00593,0.24081
1779370182.4771,plane,3910,,,,,,,,,
1779370182.5744,plane,3911,19,0.28285,0.93991,0.006451,0.08615,0.07011,140.67,0.22783,0.91809
1779370182.6863,plane,3912,19,0.27992,0.93667,0.007584,0.09614,0.06853,97.75,-0.02610,-0.02895
1779370182.7820,plane,3913,19,0.30963,0.91417,0.005676,0.09544,0.06388,66.83,0.31094,-0.23562
1779370182.8786,plane,3914,19,0.28468,0.86838,0.003274,0.08640,0.07988,17.23,-0.25792,-0.47347
1779370182.9738,plane,3915,19,0.28423,0.82828,0.005342,0.08306,0.06279,161.77,-0.00474,-0.42205
1779370183.0863,plane,3916,19,0.28288,0.75231,0.003842,0.07785,0.07249,72.11,-0.01198,-0.67379
1779370183.1817,plane,3917,19,0.30844,0.83387,0.002547,0.08674,0.06906,102.42,0.26782,0.85491
1779370183.2770,plane,3918,,,,,,,,,
1779370183.3734,plane,3919,,,,,,,,,
1779370183.4859,plane,3920,19,0.27517,0.86370,0.003396,0.08453,0.07910,26.93,-0.29560,0.26500
1779370183.5816,plane,3921,,,,,,,,,
1779370183.6793,plane,3922,19,0.27946,0.78047,0.008218,0.08661,0.07136,37.01,0.04383,-0.84971
1779370183.7741,plane,3923,19,0.30322,0.84755,0.002858,0.09611,0.07969,87.38,0.25049,0.70706
1779370183.8859,plane,3924,19,0.31927,0.85125,0.005471,0.08417,0.06260,157.81,0.14365,0.03317
1779370183.9826,plane,3925,19,0.33574,0.84971,0.006175,0.08690,0.06201,152.11,0.17056,-0.01599
1779370184.0783,plane,3926,19,0.35584,0.82515,0.006149,0.08475,0.06384,163.79,0.21009,-0.25663
1779370184.1747,plane,3927,19,0.37687,0.81833,0.006417,0.08746,0.06380,134.87,0.21802,-0.07077
1779370184.2865,plane,3928,19,0.40488,0.81260,0.006978,0.08814,0.06433,135.83,0.25055,-0.05124
1779370184.3837,plane,3929,19,0.41309,0.74735,0.006392,0.08719,0.06350,19.67,0.08446,-0.67128
1779370184.4783,plane,3930,19,0.43935,0.73416,0.005547,0.08335,0.06241,23.28,0.27717,-0.13916
1779370184.5744,plane,3931,19,0.45954,0.74515,0.003679,0.07866,0.06261,71.16,0.21069,0.11464
1779370184.6871,plane,3932,19,0.47960,0.75111,0.004457,0.07840,0.06875,29.57,0.17758,0.05280
1779370184.7827,plane,3933,19,0.48527,0.82877,0.007465,0.08963,0.06518,127.92,0.05939,0.81422
1779370184.8790,plane,3934,19,0.52128,0.81591,0.004449,0.08064,0.06352,110.20,0.37350,-0.13334
1779370184.9743,plane,3935,19,0.52349,0.77247,0.002940,0.08394,0.07938,52.07,0.02321,-0.45589
1779370185.0873,plane,3936,19,0.53238,0.74142,0.004542,0.07762,0.06336,163.14,0.07853,-0.27456
1779370185.1822,plane,3937,19,0.54239,0.67921,0.005571,0.08578,0.06129,69.59,0.10580,-0.65698
1779370185.2778,plane,3938,,,,,,,,,
1779370185.3743,plane,3939,19,0.55571,0.78697,0.007073,0.08941,0.06515,147.91,0.13797,1.11634
1779370185.4869,plane,3940,19,0.58123,0.73965,0.002331,0.10666,0.08354,83.43,0.22729,-0.42142
1779370185.5833,plane,3941,19,0.62525,0.75088,0.005498,0.08510,0.06362,61.44,0.45478,0.11603
1779370185.6779,plane,3942,,,,,,,,,
1779370185.7733,plane,3943,,,,,,,,,
1779370185.8864,plane,3944,19,0.66022,0.76148,0.002987,0.09801,0.08549,161.57,0.30927,0.09375
1779370185.9818,plane,3945,,,,,,,,,
1779370186.0796,plane,3946,19,0.65805,0.67792,0.007828,0.09108,0.07355,1.50,-0.02229,-0.85944
1779370186.1743,plane,3947,,,,,,,,,
1779370186.2864,plane,3948,19,0.61908,0.69808,0.003384,0.07646,0.06844,114.69,-0.34747,0.17973
1779370186.3825,plane,3949,19,0.61605,0.75969,0.005329,0.08156,0.06414,20.14,-0.03149,0.64210
1779370186.4785,plane,3950,19,0.60026,0.76938,0.006266,0.08433,0.06513,19.39,-0.16428,0.10077
1779370186.5740,plane,3951,19,0.57165,0.77468,0.004362,0.08105,0.06346,66.11,-0.29961,0.05553
1779370186.6862,plane,3952,19,0.55110,0.79027,0.002719,0.13021,0.09172,153.66,-0.18323,0.13897
1779370186.7814,plane,3953,,,,,,,,,
1779370186.8784,plane,3954,19,0.55471,0.71652,0.003628,0.07285,0.06873,178.06,0.03730,-0.76143
1779370186.9736,plane,3955,,,,,,,,,
1779370187.0855,plane,3956,,,,,,,,,
1779370187.1829,plane,3957,19,0.53069,0.78034,0.006151,0.09078,0.06016,43.54,-0.24741,0.65743
1779370187.2784,plane,3958,19,0.51202,0.73130,0.003250,0.07995,0.07453,86.91,-0.19518,-0.51243
1779370187.3745,plane,3959,19,0.47715,0.74173,0.006422,0.08783,0.06297,102.02,-0.36332,0.10869
1779370187.4861,plane,3960,19,0.47727,0.73835,0.003905,0.07803,0.06262,57.23,0.00106,-0.03022
1779370187.5819,plane,3961,,,,,,,,,
1779370187.6771,plane,3962,,,,,,,,,
1779370187.7751,plane,3963,19,0.49100,0.70209,0.007112,0.08944,0.06466,37.62,0.14024,-0.37054
1779370187.8863,plane,3964,19,0.44795,0.68748,0.002836,0.11272,0.08648,154.40,-0.38705,-0.13136
1779370187.9825,plane,3965,19,0.42544,0.65302,0.005868,0.08727,0.06428,126.99,-0.23465,-0.35915
1779370188.0776,plane,3966,,,,,,,,,
1779370188.1741,plane,3967,19,0.47588,0.61934,0.002211,0.08948,0.07946,42.52,0.52293,-0.34916
1779370188.2866,plane,3968,19,0.40006,0.67248,0.002012,0.14500,0.09905,28.18,-0.67594,0.47381
1779370188.3825,plane,3969,19,0.47284,0.57307,0.005690,0.08223,0.06618,179.28,0.75711,-1.03417
1779370188.4781,plane,3970,19,0.42589,0.63089,0.005520,0.09469,0.05600,79.15,-0.49016,0.60357
1779370188.5748,plane,3971,19,0.40617,0.52543,0.002080,0.13643,0.09700,165.17,-0.20420,-1.09202
1779370188.6852,plane,3972,,,,,,,,,
1779370188.7819,plane,3973,19,0.44167,0.63843,0.002584,0.11653,0.08939,146.75,0.36716,1.16866
1779370188.8777,plane,3974,19,0.39880,0.52936,0.004106,0.09221,0.08457,58.42,-0.44742,-1.13836
1779370188.9742,plane,3975,19,0.44274,0.58334,0.002445,0.13394,0.09270,115.04,0.45744,0.56196
1779370189.0856,plane,3976,,,,,,,,,
1779370189.1818,plane,3977,19,0.41753,0.50504,0.002504,0.09679,0.09161,39.64,-0.26217,-0.81412
1779370189.2784,plane,3978,19,0.40583,0.61798,0.003369,0.09999,0.08276,51.19,-0.12123,1.17075
1779370189.3743,plane,3979,19,0.41211,0.53936,0.002684,0.09453,0.08230,137.92,0.06535,-0.81883
1779370189.4853,plane,3980,,,,,,,,,
1779370189.5825,plane,3981,19,0.40558,0.65022,0.002211,0.12987,0.09528,164.30,-0.06705,1.13878
1779370189.6785,plane,3982,19,0.45626,0.56353,0.003620,0.09453,0.08169,76.28,0.52746,-0.90222
1779370189.7743,plane,3983,19,0.39797,0.61156,0.002311,0.12765,0.09425,167.16,-0.60921,0.50205
1779370189.8869,plane,3984,19,0.39523,0.52643,0.005135,0.08344,0.06241,38.36,-0.02438,-0.75580
1779370189.9817,plane,3985,,,,,,,,,
1779370190.0783,plane,3986,19,0.43160,0.62991,0.002804,0.08499,0.07658,56.26,0.37728,1.07345
1779370190.1742,plane,3987,19,0.37338,0.52242,0.002806,0.10698,0.08792,163.43,-0.60571,-1.11837
1779370190.2858,plane,3988,,,,,,,,,
1779370190.3823,plane,3989,19,0.38323,0.60034,0.007648,0.08806,0.06694,136.85,0.10180,0.80545
1779370190.4773,plane,3990,,,,,,,,,
1779370190.5740,plane,3991,19,0.41633,0.55296,0.003465,0.08160,0.07620,70.01,0.34234,-0.49004
1779370190.6870,plane,3992,19,0.43154,0.52212,0.005122,0.08257,0.06206,27.17,0.13455,-0.27276
1779370190.7814,plane,3993,,,,,,,,,
1779370190.8782,plane,3994,19,0.47877,0.60291,0.002391,0.11273,0.08855,17.69,0.48884,0.83610
1779370190.9750,plane,3995,19,0.45502,0.54947,0.006132,0.08814,0.06859,166.66,-0.24482,-0.55079
1779370191.0869,plane,3996,19,0.49341,0.54532,0.007092,0.09603,0.07171,70.29,0.34362,-0.03713
1779370191.1832,plane,3997,19,0.52463,0.53021,0.002345,0.12924,0.09453,125.18,0.32371,-0.15673
1779370191.2778,plane,3998,,,,,,,,,
1779370191.3746,plane,3999,19,0.50730,0.50748,0.004427,0.07911,0.06577,55.72,-0.17884,-0.23467
1779370191.4869,plane,4000,19,0.49017,0.47319,0.005061,0.08391,0.06184,36.30,-0.15233,-0.30491
1779370191.5828,plane,4001,19,0.46749,0.45957,0.007594,0.09694,0.06634,87.24,-0.23701,-0.14236
1779370191.6789,plane,4002,19,0.45398,0.43702,0.005834,0.08618,0.06334,50.52,-0.14069,-0.23483
1779370191.7742,plane,4003,,,,,,,,,
1779370191.8854,plane,4004,,,,,,,,,
1779370191.9822,plane,4005,19,0.44191,0.39183,0.008375,0.09520,0.06687,47.51,-0.12495,-0.46767
1779370192.0786,plane,4006,19,0.40609,0.36926,0.005663,0.08475,0.06437,52.20,-0.37062,-0.23345
1779370192.1745,plane,4007,19,0.37886,0.34878,0.006234,0.08770,0.06388,107.18,-0.28458,-0.21414
1779370192.2862,plane,4008,19,0.38490,0.30480,0.003245,0.08751,0.07794,93.67,0.05396,-0.39334
1779370192.3822,plane,4009,19,0.41077,0.28425,0.002377,0.10320,0.08771,138.98,0.27038,-0.21480
1779370192.4785,plane,4010,19,0.30704,0.30813,0.002121,0.17856,0.10496,70.57,-1.07316,0.24712
1779370192.5744,plane,4011,19,0.38706,0.18926,0.002606,0.11914,0.09121,31.80,0.83599,-1.24199
1779370192.6867,plane,4012,19,0.34821,0.29924,0.006314,0.08707,0.06322,71.52,-0.34534,0.97783
1779370192.7813,plane,4013,,,,,,,,,
1779370192.8783,plane,4014,19,0.29842,0.18533,0.002535,0.14083,0.09292,111.02,-0.51397,-1.17582
1779370192.9745,plane,4015,19,0.35446,0.30416,0.002870,0.10366,0.08632,177.79,0.58161,1.23329
1779370193.0871,plane,4016,19,0.32088,0.24256,0.006182,0.09311,0.06058,166.39,-0.29903,-0.54862
1779370193.1827,plane,4017,19,0.34319,0.24109,0.005993,0.08742,0.06216,111.18,0.23265,-0.01540
1779370193.2774,plane,4018,,,,,,,,,
1779370193.3739,plane,4019,,,,,,,,,
1779370193.4865,plane,4020,19,0.34545,0.20212,0.003321,0.07892,0.07693,103.70,0.02014,-0.34609
1779370193.5831,plane,4021,19,0.33206,0.14354,0.003728,0.07830,0.07405,53.78,-0.13845,-0.60541
1779370193.6783,plane,4022,19,0.35456,0.12396,0.002780,0.12210,0.08906,116.10,0.23664,-0.20591
1779370193.7745,plane,4023,19,0.35586,0.24909,0.002669,0.11555,0.09067,10.35,0.01354,1.29874
1779370193.8862,plane,4024,19,0.40943,0.20064,0.002352,0.11592,0.09107,140.58,0.48034,-0.43442
1779370193.9822,plane,4025,19,0.36044,0.20234,0.003947,0.07755,0.06826,101.49,-0.50936,0.01763
1779370194.0783,plane,4026,19,0.35365,0.13688,0.003601,0.07560,0.06718,21.96,-0.07073,-0.68226
1779370194.1739,plane,4027,,,,,,,,,
1779370194.2866,plane,4028,19,0.39665,0.18768,0.003950,0.07758,0.06836,100.09,0.38153,0.45070
1779370194.3821,plane,4029,,,,,,,,,
1779370194.4781,plane,4030,,,,,,,,,
1779370194.5746,plane,4031,19,0.33726,0.20258,0.002246,0.14369,0.09924,30.64,-0.61572,0.15451
1779370194.6871,plane,4032,19,0.41417,0.11387,0.005413,0.08346,0.06243,20.14,0.68479,-0.78991
1779370194.7834,plane,4033,19,0.35347,0.15946,0.004105,0.07838,0.07302,106.45,-0.62867,0.47224
1779370194.8788,plane,4034,19,0.33642,0.07820,0.005149,0.08323,0.06523,24.84,-0.17905,-0.85320
1779370194.9751,plane,4035,19,0.32396,0.03939,0.003130,2.14500,0.31915,0.00,-0.12916,-0.40222
1779370195.0869,plane,4036,19,0.38111,0.15806,0.002097,0.10429,0.08899,16.92,0.51258,1.06424
1779370195.1823,plane,4037,19,0.35010,0.06358,0.003467,0.08408,0.07974,162.26,-0.32415,-0.98758
1779370195.2775,plane,4038,,,,,,,,,
1779370195.3748,plane,4039,19,0.32482,0.17060,0.002669,0.11185,0.08673,65.98,-0.26048,1.10261
1779370195.4873,plane,4040,19,0.35903,0.05042,0.003615,0.08300,0.06978,124.58,0.30404,-1.06799
1779370195.5828,plane,4041,19,0.34129,0.15350,0.002965,0.11218,0.08766,27.45,-0.18576,1.07953
1779370195.6782,plane,4042,,,,,,,,,
1779370195.7749,plane,4043,19,0.33866,0.04940,0.002079,0.13816,0.09683,127.04,-0.02722,-1.07552
1779370195.8862,plane,4044,19,0.34165,0.17969,0.003454,0.07862,0.07508,111.57,0.02694,1.17188
1779370195.9835,plane,4045,19,0.35318,0.07343,0.003042,0.10230,0.08511,153.10,0.11836,-1.09136
1779370196.0776,plane,4046,,,,,,,,,
1779370196.1735,plane,4047,,,,,,,,,
1779370196.2867,plane,4048,19,0.32674,0.05036,0.004108,0.07906,0.06723,73.21,-0.23388,-0.20412
1779370196.3825,plane,4049,19,0.37015,0.16784,0.003150,0.08931,0.08101,11.08,0.45259,1.22489
1779370196.4785,plane,4050,,,,,,,,,
1779370196.5739,plane,4051,,,,,,,,,
1779370196.6866,plane,4052,19,0.32155,0.18100,0.003608,0.08789,0.08131,27.86,-0.43084,0.11669
1779370196.7824,plane,4053,19,0.37267,0.06077,0.002831,0.09815,0.08372,166.01,0.53447,-1.25693
1779370196.8788,plane,4054,19,0.32222,0.14580,0.002299,0.09046,0.08492,138.30,-0.52225,0.88012
1779370196.9749,plane,4055,,,,,,,,,
1779370197.0870,plane,4056,19,0.32167,0.07249,0.007477,0.08751,0.07282,31.75,-0.00493,-0.65523
1779370197.1834,plane,4057,19,0.34626,0.14362,0.003135,0.16251,0.09163,72.35,0.25471,0.73676
1779370197.2783,plane,4058,19,0.38317,0.08301,0.005258,0.08315,0.06516,106.54,0.38851,-0.63806
1779370197.3746,plane,4059,,,,,,,,,
1779370197.4879,plane,4060,19,0.35331,0.21363,0.003221,0.10139,0.08479,22.06,-0.26319,1.15157
1779370197.5828,plane,4061,19,0.38440,0.08166,0.004005,0.08557,0.06580,129.51,0.32821,-1.39327
1779370197.6792,plane,4062,19,0.35435,0.17401,0.002485,0.11142,0.08973,42.82,-0.31113,0.95605
1779370197.7738,plane,4063,,,,,,,,,
1779370197.8867,plane,4064,19,0.35676,0.11236,0.003484,0.07576,0.07391,156.38,0.02139,-0.54752
1779370197.9832,plane,4065,19,0.36844,0.18028,0.008033,0.09263,0.06797,110.88,0.12059,0.70122
1779370198.0789,plane,4066,19,0.39837,0.15263,0.003201,0.08217,0.07886,27.66,0.31333,-0.28939
1779370198.1744,plane,4067,,,,,,,,,
1779370198.2866,plane,4068,19,0.38916,0.03750,0.002670,0.13395,0.09511,136.52,-0.08201,-1.02578
1779370198.3830,plane,4069,19,0.38060,0.03794,0.003284,0.08288,0.07923,175.36,-0.08905,0.00452
1779370198.4786,plane,4070,19,0.40855,0.15118,0.002953,0.18174,0.09908,21.71,0.29161,1.18152
1779370198.5739,plane,4071,,,,,,,,,
1779370198.6869,plane,4072,19,0.41591,0.02536,0.002209,0.13166,0.09621,161.55,0.06527,-1.11630
1779370198.7825,plane,4073,19,0.35758,0.12761,0.005063,0.08034,0.06368,10.80,-0.60835,1.06645
1779370198.8790,plane,4074,19,0.42491,0.05541,0.003209,0.07837,0.07814,163.26,0.69885,-0.74938
1779370198.9749,plane,4075,19,0.42115,0.15485,0.005524,0.08505,0.06321,51.76,-0.03911,1.03482
1779370199.0858,plane,4076,,,,,,,,,
1779370199.1829,plane,4077,19,0.37381,0.04643,0.003652,0.08551,0.08272,62.01,-0.48744,-1.11617
1779370199.2796,plane,4078,19,0.42356,0.17019,0.003437,0.09143,0.06963,31.04,0.51384,1.27817
1779370199.3741,plane,4079,,,,,,,,,
1779370199.4870,plane,4080,19,0.41952,0.03671,0.002145,0.10677,0.09031,25.10,-0.03589,-1.18509
1779370199.5831,plane,4081,19,0.36610,0.13618,0.005880,0.08255,0.06706,7.94,-0.55477,1.03313
1779370199.6783,plane,4082,19,0.40696,0.08288,0.005591,0.08654,0.06140,72.12,0.42889,-0.55953
1779370199.7744,plane,4083,,,,,,,,,
1779370199.8862,plane,4084,,,,,,,,,
1779370199.9831,plane,4085,19,0.40049,0.08198,0.003513,0.08358,0.07926,8.54,-0.06682,-0.00934
1779370200.0796,plane,4086,19,0.43030,0.19770,0.002625,0.10464,0.08664,144.92,0.30830,1.19691
1779370200.1753,plane,4087,19,0.39682,0.13092,0.003231,0.08722,0.06079,27.90,-0.34978,-0.69785
1779370200.2863,plane,4088,,,,,,,,,
1779370200.3826,plane,4089,19,0.40708,0.22412,0.002877,0.11462,0.08777,26.01,0.10630,0.96551
1779370200.4783,plane,4090,19,0.40496,0.09864,0.002636,0.11448,0.08843,15.37,-0.02217,-1.31210
1779370200.5759,plane,4091,19,0.40591,0.18023,0.002155,0.13361,0.09727,43.72,0.00965,0.83652
1779370200.6858,plane,4092,,,,,,,,,
1779370200.7826,plane,4093,19,0.42098,0.08204,0.002374,0.11921,0.09213,154.65,0.15595,-1.01550
1779370200.8788,plane,4094,19,0.36862,0.16418,0.003969,0.07710,0.06697,28.50,-0.54395,0.85328
1779370200.9746,plane,4095,19,0.43729,0.11829,0.002779,0.10117,0.08461,16.07,0.71689,-0.47903
1779370201.0869,plane,4096,19,0.42830,0.21102,0.004954,0.08193,0.06357,37.52,-0.08010,0.82590
1779370201.1818,plane,4097,,,,,,,,,
1779370201.2782,plane,4098,19,0.37873,0.10875,0.003159,0.08605,0.08351,80.05,-0.51491,-1.06243
1779370201.3757,plane,4099,19,0.43303,0.22597,0.003228,0.10135,0.07356,19.60,0.55667,1.20161
1779370201.4859,plane,4100,,,,,,,,,
1779370201.5822,plane,4101,,,,,,,,,
1779370201.6792,plane,4102,19,0.38317,0.23141,0.003847,0.08968,0.07783,104.87,-0.51420,0.05613
1779370201.7751,plane,4103,19,0.43663,0.12764,0.002808,0.08768,0.07125,154.71,0.55831,-1.08381
1779370201.8868,plane,4104,,,,,,,,,
1779370201.9830,plane,4105,19,0.43646,0.21168,0.004717,0.07928,0.07013,27.81,-0.00182,0.87209
1779370202.0789,plane,4106,19,0.41283,0.12238,0.006948,0.09363,0.06921,105.00,-0.24684,-0.93313
1779370202.1767,plane,4107,19,0.39748,0.15766,0.002594,0.13244,0.09472,41.15,-0.15669,0.36003
1779370202.2870,plane,4108,19,0.36275,0.18693,0.005853,0.09104,0.06800,74.52,-0.31523,0.26573
1779370202.3828,plane,4109,19,0.34174,0.19707,0.003177,0.09302,0.08097,109.66,-0.21880,0.10556
1779370202.4783,plane,4110,,,,,,,,,
1779370202.5747,plane,4111,19,0.35763,0.21935,0.005361,0.08491,0.07286,178.05,0.16523,0.23170
1779370202.6868,plane,4112,19,0.37561,0.26030,0.005078,0.08291,0.06244,24.84,0.15997,0.36438
1779370202.7831,plane,4113,19,0.39688,0.26634,0.006612,0.08900,0.06430,77.09,0.22125,0.06287
1779370202.8793,plane,4114,19,0.41255,0.28646,0.005671,0.08537,0.06473,52.83,0.16265,0.20884
1779370202.9746,plane,4115,19,0.39445,0.41067,0.002168,0.14335,0.09874,35.65,-0.18983,1.30263
1779370203.0856,plane,4116,,,,,,,,,
1779370203.1828,plane,4117,19,0.40757,0.33508,0.005629,0.08432,0.06350,17.25,0.13476,-0.77674
1779370203.2789,plane,4118,19,0.43058,0.35600,0.004576,0.07857,0.06196,20.53,0.23995,0.21814
1779370203.3746,plane,4119,19,0.47082,0.32100,0.002913,0.10463,0.08434,20.12,0.41916,-0.36451
1779370203.4869,plane,4120,19,0.46349,0.38118,0.003225,0.07993,0.07539,80.78,-0.06543,0.53695
1779370203.5822,plane,4121,,,,,,,,,
1779370203.6779,plane,4122,,,,,,,,,
1779370203.7748,plane,4123,19,0.45087,0.43863,0.002601,0.11704,0.09003,34.31,-0.13027,0.59287
1779370203.8858,plane,4124,,,,,,,,,
1779370203.9824,plane,4125,19,0.46085,0.35427,0.007014,0.09071,0.06803,23.78,0.10335,-0.87374
1779370204.0775,plane,4126,,,,,,,,,
1779370204.1756,plane,4127,19,0.50469,0.37767,0.002570,0.11523,0.08849,157.22,0.44876,0.23954
1779370204.2885,plane,4128,19,0.50020,0.45954,0.004540,0.07952,0.06536,149.56,-0.03973,0.72440
1779370204.3828,plane,4129,19,0.51334,0.46702,0.006090,0.08704,0.06353,159.83,0.13936,0.07929
1779370204.4797,plane,4130,19,0.52975,0.43442,0.002979,0.09096,0.07398,112.34,0.16907,-0.33609
1779370204.5745,plane,4131,19,0.54942,0.44635,0.002803,0.10087,0.08089,70.06,0.20737,0.12580
1779370204.6882,plane,4132,19,0.56135,0.35559,0.004861,0.08182,0.06459,66.56,0.10525,-0.80073
1779370204.7827,plane,4133,,,,,,,,,
1779370204.8783,plane,4134,,,,,,,,,
1779370204.9750,plane,4135,19,0.59745,0.35361,0.002326,0.09283,0.08912,34.27,0.37353,-0.02052
1779370205.0877,plane,4136,19,0.58877,0.45968,0.002404,0.14193,0.09703,153.12,-0.07728,0.94372
1779370205.1827,plane,4137,,,,,,,,,
1779370205.2782,plane,4138,,,,,,,,,
1779370205.3739,plane,4139,,,,,,,,,
1779370205.4874,plane,4140,19,0.57122,0.36668,0.003165,0.10346,0.08136,0.79,-0.15478,-0.82062
1779370205.5826,plane,4141,,,,,,,,,
1779370205.6780,plane,4142,,,,,,,,,
1779370205.7753,plane,4143,19,0.62952,0.36467,0.002196,0.12129,0.09488,47.52,0.60081,-0.02069
1779370205.8866,plane,4144,,,,,,,,,
1779370205.9825,plane,4145,19,0.62678,0.44236,0.005781,0.08667,0.07488,179.27,-0.02859,0.81000
1779370206.0801,plane,4146,19,0.59839,0.45024,0.003289,0.07861,0.07236,55.47,-0.29207,0.08106
1779370206.1737,plane,4147,,,,,,,,,
1779370206.2863,plane,4148,19,0.56925,0.35089,0.002557,0.12149,0.09139,9.25,-0.25896,-0.88301
1779370206.3819,plane,4149,19,0.60410,0.43243,0.003393,0.11345,0.09272,153.44,0.36439,0.85265
1779370206.4773,plane,4150,,,,,,,,,
1779370206.5752,plane,4151,19,0.60483,0.37479,0.004825,0.07733,0.06569,14.11,0.00742,-0.58911
1779370206.6866,plane,4152,19,0.58364,0.43837,0.007948,0.09912,0.06582,79.15,-0.19020,0.57067
1779370206.7826,plane,4153,19,0.56347,0.40780,0.004113,0.07995,0.06681,72.27,-0.21055,-0.31918
1779370206.8784,plane,4154,19,0.56096,0.37692,0.005551,0.09219,0.07486,111.83,-0.02617,-0.32164
1779370206.9746,plane,4155,19,0.56415,0.35837,0.002394,0.13773,0.09628,123.84,0.03321,-0.19308
1779370207.0871,plane,4156,,,,,,,,,
1779370207.1825,plane,4157,19,0.54836,0.33142,0.003337,0.09431,0.08953,20.88,-0.16545,-0.28234
1779370207.2783,plane,4158,19,0.58932,0.26950,0.002324,0.10585,0.08561,45.22,0.42829,-0.64746
1779370207.3741,plane,4159,,,,,,,,,
1779370207.4863,plane,4160,19,0.57018,0.34336,0.007285,0.08937,0.06747,37.19,-0.17069,0.65877
1779370207.5824,plane,4161,19,0.55022,0.28279,0.003613,0.07494,0.06790,23.15,-0.20795,-0.63089
1779370207.6791,plane,4162,19,0.51622,0.30287,0.005931,0.08643,0.06323,105.87,-0.35117,0.20742
1779370207.7746,plane,4163,19,0.52129,0.29997,0.003036,0.09496,0.08090,110.43,0.05311,-0.03045
1779370207.8871,plane,4164,19,0.54341,0.20747,0.007831,0.09223,0.06843,178.12,0.19650,-0.82148
1779370207.9827,plane,4165,19,0.49257,0.28161,0.003379,0.12948,0.08888,155.32,-0.53282,0.77689
1779370208.0796,plane,4166,19,0.46808,0.19238,0.004798,0.08191,0.06437,60.46,-0.25248,-0.92027
1779370208.1755,plane,4167,,,,,,,,,
1779370208.2880,plane,4168,19,0.49869,0.30764,0.003550,0.08718,0.08616,129.69,0.27269,1.02699
1779370208.3841,plane,4169,19,0.46357,0.18871,0.003827,0.10525,0.08380,13.35,-0.36509,-1.23641
1779370208.4793,plane,4170,19,0.51092,0.26445,0.002684,0.09121,0.08532,41.98,0.49773,0.79617
1779370208.5775,plane,4171,19,0.43690,0.29245,0.002174,0.17066,0.10109,72.85,-0.75238,0.28457
1779370208.6902,plane,4172,19,0.49474,0.17877,0.003425,0.09665,0.08878,166.89,0.51498,-1.01216
1779370208.7852,plane,4173,19,0.46800,0.29297,0.004447,0.09286,0.08240,144.28,-0.28037,1.19728
1779370208.8803,plane,4174,19,0.50162,0.23190,0.002957,0.09401,0.08923,115.97,0.35518,-0.64510
1779370208.9769,plane,4175,,,,,,,,,
1779370209.0875,plane,4176,19,0.48167,0.31078,0.003803,0.08897,0.08206,70.74,-0.18074,0.71472
1779370209.1833,plane,4177,19,0.48198,0.19274,0.003999,0.09968,0.08630,21.04,0.00321,-1.22954
1779370209.2803,plane,4178,19,0.48108,0.27314,0.003365,0.09568,0.08806,34.80,-0.00928,0.83106
1779370209.3744,plane,4179,,,,,,,,,
1779370209.4887,plane,4180,19,0.46899,0.17325,0.002794,0.10179,0.09091,14.46,-0.10607,-0.87610
1779370209.5837,plane,4181,19,0.49620,0.30376,0.003977,0.09561,0.08389,170.89,0.28646,1.37416
1779370209.6800,plane,4182,19,0.46242,0.20196,0.002494,0.11500,0.09181,0.04,-0.35085,-1.05755
1779370209.7741,plane,4183,,,,,,,,,
1779370209.8867,plane,4184,19,0.45696,0.32003,0.002531,0.10594,0.08940,1.03,-0.04858,1.05064
1779370209.9842,plane,4185,19,0.51934,0.22638,0.005797,0.08726,0.06848,19.10,0.63822,-0.95812
1779370210.0790,plane,4186,19,0.45799,0.28534,0.004488,0.07949,0.06382,69.82,-0.64890,0.62361
1779370210.1753,plane,4187,19,0.45106,0.19006,0.004469,0.07953,0.06560,43.35,-0.07193,-0.98954
1779370210.2863,plane,4188,,,,,,,,,
1779370210.3836,plane,4189,19,0.50190,0.29153,0.002998,0.09810,0.08464,159.54,0.52338,1.04470
1779370210.4806,plane,4190,19,0.45597,0.17567,0.003781,0.08289,0.07890,6.54,-0.47316,-1.19363
1779370210.5748,plane,4191,,,,,,,,,
1779370210.6885,plane,4192,,,,,,,,,
1779370210.7840,plane,4193,19,0.47806,0.16441,0.002740,0.10060,0.08562,13.90,0.23038,-0.11745
1779370210.8787,plane,4194,19,0.46545,0.29144,0.004364,0.07911,0.06950,91.12,-0.13308,1.34137
1779370210.9741,plane,4195,,,,,,,,,
1779370211.0860,plane,4196,,,,,,,,,
1779370211.1822,plane,4197,19,0.45583,0.29631,0.003760,0.07914,0.07559,111.44,-0.10012,0.05068
1779370211.2786,plane,4198,19,0.45866,0.26291,0.002509,0.32246,0.12136,0.00,0.02949,-0.34713
1779370211.3749,plane,4199,19,0.45601,0.24434,0.005290,0.08263,0.06604,80.46,-0.02749,-0.19235
1779370211.4866,plane,4200,,,,,,,,,
1779370211.5821,plane,4201,,,,,,,,,
1779370211.6783,plane,4202,19,0.47826,0.23129,0.003560,0.07947,0.06918,92.98,0.23131,-0.13575
1779370211.7737,plane,4203,,,,,,,,,
1779370211.8858,plane,4204,,,,,,,,,
1779370211.9824,plane,4205,19,0.44033,0.24603,0.002731,0.11288,0.09024,6.57,-0.39353,0.15296
1779370212.0793,plane,4206,19,0.50213,0.16144,0.005374,0.08854,0.06604,27.22,0.63674,-0.87154
1779370212.1743,plane,4207,19,0.43842,0.20720,0.004169,0.07794,0.07166,100.24,-0.67184,0.48255
1779370212.2867,plane,4208,19,0.43523,0.11489,0.004885,0.08156,0.06655,26.65,-0.02838,-0.81951
1779370212.3825,plane,4209,19,0.42973,0.06427,0.002394,0.12304,0.09202,166.61,-0.05746,-0.52934
1779370212.4785,plane,4210,19,0.49424,0.15611,0.006087,0.08520,0.06491,166.60,0.67095,0.95528
1779370212.5749,plane,4211,19,0.44091,0.10764,0.004111,0.07846,0.07026,115.13,-0.55486,-0.50439
1779370212.6871,plane,4212,19,0.41750,0.19192,0.004327,0.07829,0.07003,149.29,-0.20815,0.74947
1779370212.7818,plane,4213,,,,,,,,,
1779370212.8784,plane,4214,19,0.46678,0.10128,0.003040,0.09604,0.08305,17.73,0.51089,-0.93973
1779370212.9753,plane,4215,19,0.41727,0.20373,0.003118,0.08767,0.08010,52.85,-0.50995,1.05527
1779370213.0859,plane,4216,,,,,,,,,
1779370213.1836,plane,4217,19,0.41953,0.12955,0.004015,0.07737,0.06533,26.15,0.02309,-0.75746
1779370213.2785,plane,4218,19,0.43982,0.21224,0.006607,0.08905,0.06274,119.13,0.21380,0.87144
1779370213.3747,plane,4219,19,0.45903,0.17720,0.003265,0.09000,0.07982,36.70,0.19968,-0.36416
1779370213.4861,plane,4220,19,0.47690,0.15736,0.002814,0.09244,0.08414,173.92,0.16044,-0.17814
1779370213.5820,plane,4221,,,,,,,,,
1779370213.6782,plane,4222,19,0.47875,0.03271,0.002786,0.10590,0.08534,21.36,0.01924,-1.29851
1779370213.7748,plane,4223,19,0.49171,0.15674,0.002904,0.09699,0.08206,20.82,0.13410,1.28362
1779370213.8858,plane,4224,,,,,,,,,
1779370213.9822,plane,4225,,,,,,,,,
1779370214.0784,plane,4226,19,0.46502,0.17563,0.002708,0.10219,0.08559,168.60,-0.27767,0.19647
1779370214.1747,plane,4227,19,0.50187,0.04536,0.002253,0.10856,0.08932,176.21,0.38332,-1.35517
1779370214.2859,plane,4228,,,,,,,,,
1779370214.3822,plane,4229,,,,,,,,,
1779370214.4783,plane,4230,19,0.45534,0.02667,0.002360,0.10852,0.09106,171.79,-0.48461,-0.19468
1779370214.5746,plane,4231,19,0.51897,0.11600,0.006229,0.08626,0.06313,165.88,0.66232,0.92985
1779370214.6880,plane,4232,19,0.46593,0.07013,0.003767,0.08331,0.06888,72.62,-0.46656,-0.40339
1779370214.7832,plane,4233,19,0.44093,0.14876,0.004379,0.07898,0.06458,154.19,-0.26395,0.83024
1779370214.8784,plane,4234,,,,,,,,,
1779370214.9746,plane,4235,19,0.49594,0.07793,0.003418,0.08285,0.07183,115.68,0.57097,-0.73528
1779370215.0866,plane,4236,19,0.45130,0.18161,0.002070,0.12979,0.09494,17.55,-0.39856,0.92589
1779370215.1815,plane,4237,,,,,,,,,
1779370215.2791,plane,4238,19,0.44612,0.10175,0.004467,0.07804,0.06627,19.23,-0.05337,-0.82231
1779370215.3754,plane,4239,19,0.47287,0.18241,0.006220,0.08818,0.06234,111.83,0.27669,0.83417
1779370215.4867,plane,4240,19,0.48910,0.14641,0.003452,0.08175,0.07750,45.87,0.14596,-0.32383
1779370215.5827,plane,4241,,,,,,,,,
1779370215.6779,plane,4242,19,0.49953,0.04566,0.003777,0.08278,0.07993,128.28,0.10949,-1.05772
1779370215.7748,plane,4243,19,0.53043,0.04023,0.002974,0.09668,0.08180,25.75,0.31983,-0.05620
1779370215.8871,plane,4244,19,0.53582,0.15013,0.002602,0.09764,0.08530,10.37,0.04792,0.97780
1779370215.9821,plane,4245,,,,,,,,,
1779370216.0773,plane,4246,,,,,,,,,
1779370216.1748,plane,4247,19,0.51249,0.17182,0.002816,0.09179,0.08303,163.04,-0.23985,0.22303
1779370216.2870,plane,4248,19,0.54804,0.05215,0.002899,0.09820,0.08374,3.03,0.31652,-1.06554
1779370216.3817,plane,4249,,,,,,,,,
1779370216.4780,plane,4250,,,,,,,,,
1779370216.5743,plane,4251,19,0.50712,0.03213,0.003137,0.08769,0.08311,12.59,-0.42478,-0.20778
1779370216.6871,plane,4252,19,0.55179,0.15568,0.002190,0.11837,0.09196,178.08,0.39800,1.10072
1779370216.7821,plane,4253,,,,,,,,,
1779370216.8775,plane,4254,,,,,,,,,
1779370216.9748,plane,4255,19,0.50362,0.17793,0.002565,0.09508,0.08714,39.56,-0.49548,0.22886
1779370217.0866,plane,4256,19,0.55959,0.05828,0.003133,0.10094,0.08247,21.38,0.50053,-1.07006
1779370217.1815,plane,4257,,,,,,,,,
1779370217.2787,plane,4258,19,0.55892,0.14540,0.006383,0.08655,0.06414,24.60,-0.00693,0.90027
1779370217.3751,plane,4259,19,0.55163,0.07369,0.002050,0.36012,0.12863,80.73,-0.07517,-0.74017
1779370217.4860,plane,4260,19,0.52634,0.12873,0.002306,0.10473,0.08482,104.09,-0.22856,0.49733
1779370217.5826,plane,4261,19,0.50968,0.06148,0.008063,0.09048,0.06910,128.31,-0.17274,-0.69704
1779370217.6790,plane,4262,19,0.49372,0.07218,0.006524,0.08778,0.06368,120.01,-0.16555,0.11101
1779370217.7747,plane,4263,19,0.47804,0.11930,0.002992,0.08418,0.06128,92.39,-0.16332,0.49068
1779370217.8860,plane,4264,19,0.47401,0.15020,0.005232,0.08402,0.06394,156.77,-0.03619,0.27779
1779370217.9827,plane,4265,19,0.47041,0.21189,0.005749,0.08575,0.06537,35.96,-0.03735,0.63945
1779370218.0788,plane,4266,19,0.44035,0.22279,0.002911,0.08465,0.07959,99.54,-0.31197,0.11308
1779370218.1743,plane,4267,,,,,,,,,
1779370218.2891,plane,4268,,,,,,,,,
1779370218.3829,plane,4269,19,0.43558,0.16002,0.005863,0.08400,0.06443,172.69,-0.05086,-0.66995
1779370218.4784,plane,4270,19,0.39987,0.19275,0.002891,0.12878,0.09122,116.28,-0.37441,0.34316
1779370218.5743,plane,4271,,,,,,,,,
1779370218.6856,plane,4272,,,,,,,,,
1779370218.7821,plane,4273,19,0.39477,0.16525,0.006958,0.08959,0.06683,12.35,-0.05286,-0.28490
1779370218.8782,plane,4274,19,0.36339,0.14314,0.002670,0.11200,0.08592,99.43,-0.32754,-0.23076
1779370218.9747,plane,4275,19,0.31803,0.16625,0.002789,0.10744,0.08676,23.41,-0.46866,0.23875
1779370219.0872,plane,4276,19,0.31783,0.15862,0.004250,0.07929,0.07258,74.80,-0.00178,-0.06820
1779370219.1815,plane,4277,,,,,,,,,
1779370219.2784,plane,4278,19,0.27185,0.11129,0.002233,0.09529,0.07889,130.53,-0.47606,-0.48997
1779370219.3733,plane,4279,,,,,,,,,
1779370219.4862,plane,4280,19,0.27665,0.06946,0.006526,0.08591,0.06643,16.82,0.04262,-0.37075
1779370219.5824,plane,4281,19,0.30222,0.12903,0.005252,0.08527,0.06863,120.58,0.26640,0.62081
1779370219.6786,plane,4282,19,0.32475,0.05331,0.002948,0.09201,0.08183,167.66,0.23349,-0.78471
1779370219.7733,plane,4283,,,,,,,,,
1779370219.8864,plane,4284,19,0.31067,0.16291,0.003594,0.08172,0.07841,86.35,-0.12470,0.97085
1779370219.9827,plane,4285,19,0.32876,0.04357,0.003769,0.09767,0.07204,145.25,0.18738,-1.23672
1779370220.0787,plane,4286,19,0.30701,0.11065,0.002221,0.15812,0.10171,64.91,-0.22728,0.70111
1779370220.1738,plane,4287,,,,,,,,,
1779370220.2865,plane,4288,19,0.32662,0.03631,0.003552,0.10261,0.08363,148.98,0.17405,-0.65971
1779370220.3823,plane,4289,19,0.31663,0.15731,0.002964,0.09545,0.08353,0.20,-0.10442,1.26487
1779370220.4784,plane,4290,19,0.32383,0.08080,0.002401,0.13659,0.09842,128.66,0.07469,-0.79429
1779370220.5731,plane,4291,,,,,,,,,
1779370220.6872,plane,4292,19,0.33874,0.17139,0.003098,0.09190,0.08207,37.75,0.13073,0.79412
1779370220.7832,plane,4293,19,0.30228,0.04293,0.003342,0.08346,0.07939,161.04,-0.38041,-1.34015
1779370220.8777,plane,4294,,,,,,,,,
1779370220.9743,plane,4295,,,,,,,,,
1779370221.0858,plane,4296,,,,,,,,,
1779370221.1820,plane,4297,19,0.29580,0.12402,0.007731,0.08890,0.06906,170.28,-0.06738,0.84355
1779370221.2784,plane,4298,19,0.32644,0.07970,0.002467,0.21215,0.11046,107.76,0.31828,-0.46053
1779370221.3742,plane,4299,19,0.37027,0.14049,0.002104,0.12443,0.09295,150.16,0.45684,0.63366
1779370221.4852,plane,4300,,,,,,,,,
1779370221.5823,plane,4301,19,0.33072,0.04524,0.004206,0.08512,0.07059,55.51,-0.40822,-0.98321
1779370221.6787,plane,4302,19,0.38636,0.14623,0.002218,0.08580,0.07188,42.74,0.57650,1.04645
1779370221.7743,plane,4303,19,0.32374,0.10373,0.002882,0.10549,0.08897,92.84,-0.65614,-0.44529
1779370221.8867,plane,4304,19,0.36666,0.03141,0.002440,0.09218,0.08648,84.88,0.38145,-0.64268
1779370221.9827,plane,4305,19,0.33177,0.11869,0.005295,0.08083,0.06739,13.58,-0.36395,0.91030
1779370222.0780,plane,4306,19,0.35783,0.07927,0.009015,0.09628,0.07479,86.98,0.27271,-0.41243
1779370222.1741,plane,4307,19,0.37953,0.10453,0.004528,0.07951,0.06838,73.64,0.22623,0.26342
1779370222.2865,plane,4308,19,0.38240,0.15044,0.003108,0.07894,0.07473,108.29,0.02542,0.40789
1779370222.3823,plane,4309,19,0.37938,0.17014,0.005074,0.08427,0.06272,64.62,-0.03148,0.20586
1779370222.4779,plane,4310,,,,,,,,,
1779370222.5752,plane,4311,19,0.36919,0.26107,0.002974,0.09133,0.07974,92.70,-0.10426,0.93055
1779370222.6853,plane,4312,,,,,,,,,
1779370222.7826,plane,4313,19,0.39921,0.30078,0.002945,0.10892,0.08723,25.69,0.30982,0.40986
1779370222.8783,plane,4314,19,0.38233,0.17998,0.002470,0.30655,0.13128,3.90,-0.17576,-1.25726
1779370222.9728,plane,4315,,,,,,,,,
1779370223.0854,plane,4316,,,,,,,,,
1779370223.1827,plane,4317,19,0.41544,0.16451,0.002306,0.10959,0.08966,163.97,0.33945,-0.15861
1779370223.2783,plane,4318,19,0.36828,0.29109,0.002602,0.10308,0.08617,16.75,-0.49426,1.32675
1779370223.3748,plane,4319,19,0.41920,0.19019,0.002175,0.11618,0.08917,168.88,0.52752,-1.04527
1779370223.4861,plane,4320,,,,,,,,,
1779370223.5821,plane,4321,19,0.42477,0.31455,0.002202,0.12877,0.09436,172.32,0.05804,1.29727
1779370223.6786,plane,4322,19,0.36393,0.22471,0.007207,0.09055,0.06963,177.45,-0.63024,-0.93063
1779370223.7740,plane,4323,19,0.41358,0.26150,0.004038,0.07860,0.07016,105.92,0.52117,0.38607
1779370223.8866,plane,4324,19,0.44344,0.18664,0.003191,0.10464,0.08169,71.25,0.26437,-0.66279
1779370223.9806,plane,4325,,,,,,,,,
1779370224.0785,plane,4326,19,0.39178,0.26041,0.004639,0.09076,0.07442,127.81,-0.52887,0.75526
1779370224.1747,plane,4327,19,0.42554,0.16516,0.003618,0.09559,0.08503,143.66,0.35035,-0.98848
1779370224.2855,plane,4328,,,,,,,,,
1779370224.3825,plane,4329,19,0.41051,0.27616,0.002948,0.09243,0.08731,99.65,-0.15480,1.14327
1779370224.4785,plane,4330,19,0.38765,0.19838,0.003581,0.09663,0.07911,68.83,-0.23812,-0.80997
1779370224.5745,plane,4331,19,0.40262,0.22836,0.008221,0.09646,0.06815,85.49,0.15619,0.31265
1779370224.6863,plane,4332,19,0.43620,0.20095,0.005185,0.08236,0.06545,74.60,0.30019,-0.24504
1779370224.7823,plane,4333,19,0.41550,0.15173,0.003776,0.09401,0.08470,36.42,-0.21584,-0.51317
1779370224.8784,plane,4334,19,0.40999,0.12819,0.004383,0.07924,0.06636,142.64,-0.05727,-0.24452
1779370224.9735,plane,4335,19,0.42276,0.04137,0.004518,0.07969,0.06759,112.71,0.13435,-0.91311
1779370225.0853,plane,4336,,,,,,,,,
1779370225.1816,plane,4337,,,,,,,,,
1779370225.2782,plane,4338,19,0.44810,0.03239,0.003315,0.09906,0.08627,177.04,0.26298,-0.09326
1779370225.3753,plane,4339,19,0.39984,0.16198,0.003267,0.09262,0.07961,15.51,-0.49543,1.33036
1779370225.4850,plane,4340,,,,,,,,,
1779370225.5825,plane,4341,,,,,,,,,
1779370225.6780,plane,4342,19,0.45069,0.17630,0.002726,0.09878,0.08556,3.90,0.53285,0.15008
1779370225.7743,plane,4343,19,0.39995,0.05102,0.004122,0.08787,0.07539,27.21,-0.52763,-1.30274
1779370225.8852,plane,4344,,,,,,,,,
1779370225.9825,plane,4345,19,0.38928,0.14661,0.006427,0.08608,0.06940,174.23,-0.10978,0.98317
1779370226.0786,plane,4346,19,0.41686,0.05001,0.002036,0.19471,0.11044,122.28,0.28731,-1.00633
1779370226.1746,plane,4347,19,0.42123,0.13563,0.002428,0.10685,0.08523,78.88,0.04549,0.88981
1779370226.2867,plane,4348,19,0.44741,0.08528,0.007148,0.08917,0.06556,63.12,0.23397,-0.45006
1779370226.3822,plane,4349,19,0.47480,0.07609,0.002101,0.12317,0.09476,21.90,0.28611,-0.09599
1779370226.4790,plane,4350,19,0.49701,0.18812,0.004383,0.07759,0.06627,18.60,0.22960,1.15819
1779370226.5745,plane,4351,19,0.46500,0.11689,0.006326,0.09138,0.07041,91.45,-0.33559,-0.74673
1779370226.6871,plane,4352,19,0.45135,0.14291,0.004205,0.07907,0.07148,107.48,-0.12124,0.23123
1779370226.7829,plane,4353,19,0.44113,0.18401,0.004879,0.09227,0.07908,54.56,-0.10661,0.42873
1779370226.8788,plane,4354,19,0.44333,0.19198,0.002970,0.10467,0.08364,25.47,0.02290,0.08307
1779370226.9745,plane,4355,19,0.44314,0.22704,0.002696,0.09174,0.08277,0.25,-0.00198,0.36617
1779370227.0867,plane,4356,19,0.42857,0.24496,0.005993,0.09261,0.07517,132.20,-0.13011,0.16000
1779370227.1827,plane,4357,,,,,,,,,
1779370227.2788,plane,4358,,,,,,,,,
1779370227.3744,plane,4359,19,0.44507,0.28603,0.007745,0.09054,0.07359,132.26,0.17257,0.42953
1779370227.4864,plane,4360,19,0.41026,0.32315,0.003014,0.11927,0.08720,21.06,-0.31158,0.33218
1779370227.5833,plane,4361,19,0.39794,0.35002,0.005795,0.08589,0.06550,85.69,-0.12672,0.27659
1779370227.6784,plane,4362,19,0.40097,0.39156,0.005775,0.08645,0.06297,159.14,0.03182,0.43706
1779370227.7738,plane,4363,,,,,,,,,
1779370227.8874,plane,4364,19,0.33054,0.40454,0.002803,0.10699,0.08817,149.65,-0.61766,0.11383
1779370227.9822,plane,4365,,,,,,,,,
1779370228.0789,plane,4366,19,0.33991,0.48576,0.007777,0.08776,0.06796,139.32,0.09701,0.84069
1779370228.1753,plane,4367,19,0.36083,0.42368,0.002275,0.11225,0.08574,87.83,0.21645,-0.64258
1779370228.2866,plane,4368,19,0.39653,0.44984,0.004998,0.08284,0.06433,74.08,0.32180,0.23580
1779370228.3819,plane,4369,,,,,,,,,
1779370228.4785,plane,4370,19,0.35370,0.34660,0.002470,0.16502,0.10028,109.26,-0.44317,-1.06818
1779370228.5748,plane,4371,19,0.41873,0.45312,0.003513,0.09186,0.08787,62.99,0.67688,1.10870
1779370228.6872,plane,4372,19,0.38762,0.34137,0.004330,0.09725,0.08498,29.63,-0.27626,-0.99233
1779370228.7829,plane,4373,19,0.40665,0.42088,0.002346,0.09808,0.08782,30.40,0.19917,0.83195
1779370228.8793,plane,4374,19,0.36970,0.44023,0.002448,0.14522,0.09522,69.67,-0.38254,0.20035
1779370228.9750,plane,4375,19,0.40895,0.32392,0.002809,0.09349,0.08728,97.95,0.41056,-1.21651
1779370229.0865,plane,4376,19,0.40159,0.43686,0.004735,0.09224,0.08112,134.26,-0.06598,1.01223
1779370229.1825,plane,4377,19,0.39052,0.35113,0.002294,0.09947,0.08699,151.32,-0.11564,-0.89529
1779370229.2787,plane,4378,,,,,,,,,
1779370229.3742,plane,4379,19,0.39284,0.46044,0.002497,0.10002,0.09136,153.60,0.02436,1.14565
1779370229.4863,plane,4380,19,0.43395,0.40029,0.002962,0.09182,0.08851,46.98,0.36735,-0.53749
1779370229.5835,plane,4381,19,0.37702,0.41864,0.005342,0.08528,0.07688,57.42,-0.58466,0.18837
1779370229.6799,plane,4382,19,0.37861,0.33723,0.002767,0.10075,0.08205,108.31,0.01651,-0.84575
1779370229.7740,plane,4383,,,,,,,,,
1779370229.8872,plane,4384,19,0.41578,0.40512,0.004194,0.07979,0.07398,123.90,0.32895,0.60073
1779370229.9828,plane,4385,19,0.36458,0.29515,0.002633,0.11509,0.08752,165.53,-0.53421,-1.14736
1779370230.0782,plane,4386,,,,,,,,,
1779370230.1744,plane,4387,19,0.36440,0.38162,0.007877,0.08892,0.06761,145.75,-0.00183,0.89908
1779370230.2872,plane,4388,19,0.39104,0.31615,0.002399,0.14045,0.09613,100.00,0.23570,-0.57938
1779370230.3828,plane,4389,19,0.42796,0.35163,0.006070,0.08760,0.06284,73.06,0.38682,0.37162
1779370230.4781,plane,4390,,,,,,,,,
1779370230.5745,plane,4391,19,0.37596,0.24629,0.002409,0.10758,0.08711,98.84,-0.53850,-1.09089
1779370230.6867,plane,4392,19,0.43502,0.35012,0.004295,0.08683,0.07892,43.80,0.52750,0.92745
1779370230.7829,plane,4393,19,0.40837,0.24514,0.003879,0.10893,0.08681,10.97,-0.27645,-1.08909
1779370230.8780,plane,4394,,,,,,,,,
1779370230.9755,plane,4395,19,0.38127,0.34680,0.002719,0.17301,0.09593,75.12,-0.27691,1.03863
1779370231.0863,plane,4396,19,0.41202,0.22770,0.003571,0.07930,0.07668,114.95,0.27740,-1.07427
1779370231.1822,plane,4397,19,0.40819,0.33655,0.004042,0.10380,0.08983,4.41,-0.03994,1.13523
1779370231.2774,plane,4398,,,,,,,,,
1779370231.3737,plane,4399,,,,,,,,,
1779370231.4867,plane,4400,19,0.40102,0.36255,0.003876,0.08167,0.07009,88.26,-0.06366,0.23070
1779370231.5832,plane,4401,19,0.42093,0.25277,0.003777,0.10488,0.08783,11.87,0.20564,-1.13387
1779370231.6778,plane,4402,,,,,,,,,
1779370231.7738,plane,4403,,,,,,,,,
1779370231.8865,plane,4404,19,0.39266,0.22623,0.003442,0.09901,0.08489,158.06,-0.25002,-0.23478
1779370231.9828,plane,4405,19,0.43490,0.34931,0.003718,0.11238,0.08491,175.85,0.43981,1.28129
1779370232.0778,plane,4406,,,,,,,,,
1779370232.1738,plane,4407,,,,,,,,,
1779370232.2863,plane,4408,19,0.39246,0.36799,0.002803,0.09804,0.08546,3.28,-0.37725,0.16604
1779370232.3829,plane,4409,19,0.43998,0.23666,0.003138,0.08668,0.08035,5.23,0.49255,-1.36123
1779370232.4793,plane,4410,19,0.38687,0.34031,0.002557,0.12755,0.09365,13.95,-0.55000,1.07333
1779370232.5741,plane,4411,,,,,,,,,
1779370232.6870,plane,4412,19,0.37929,0.26127,0.006065,0.08429,0.06612,14.58,-0.06725,-0.70179
1779370232.7834,plane,4413,19,0.41146,0.34001,0.004574,0.08000,0.06582,122.78,0.33281,0.81477
1779370232.8782,plane,4414,19,0.44040,0.24433,0.004389,0.07938,0.06561,107.50,0.30618,-1.01212
1779370232.9733,plane,4415,,,,,,,,,
1779370233.0867,plane,4416,19,0.41441,0.37317,0.003215,0.10631,0.09020,23.07,-0.22904,1.13549
1779370233.1827,plane,4417,19,0.43644,0.23698,0.003355,0.08504,0.07849,13.23,0.22969,-1.42024
1779370233.2782,plane,4418,19,0.42377,0.34872,0.002984,0.09956,0.08307,20.59,-0.13234,1.16746
1779370233.3748,plane,4419,,,,,,,,,
1779370233.4866,plane,4420,19,0.43572,0.22433,0.002006,0.16264,0.10400,168.92,0.10685,-1.11230
1779370233.5815,plane,4421,,,,,,,,,
1779370233.6782,plane,4422,19,0.45660,0.27109,0.005066,0.08248,0.06385,120.36,0.21592,0.48358
1779370233.7754,plane,4423,19,0.44504,0.32141,0.002936,0.09047,0.07876,75.89,-0.11923,0.51905
1779370233.8868,plane,4424,19,0.41208,0.31587,0.003362,0.08454,0.07964,152.99,-0.29528,-0.04961
1779370233.9826,plane,4425,19,0.40099,0.32116,0.004596,0.08161,0.06431,105.40,-0.11607,0.05529
1779370234.0809,plane,4426,19,0.43025,0.44822,0.003028,0.08703,0.08096,173.59,0.29695,1.28981
1779370234.1735,plane,4427,,,,,,,,,
1779370234.2891,plane,4428,,,,,,,,,
1779370234.3823,plane,4429,19,0.37574,0.46495,0.003335,0.09825,0.08325,19.13,-0.58256,0.17877
1779370234.4784,plane,4430,19,0.43259,0.34115,0.002570,0.10756,0.08714,10.96,0.59211,-1.28937
1779370234.5756,plane,4431,,,,,,,,,
1779370234.6857,plane,4432,,,,,,,,,
1779370234.7821,plane,4433,19,0.37043,0.32446,0.002401,0.11020,0.08981,158.32,-0.64356,-0.17279
1779370234.8790,plane,4434,19,0.42192,0.44636,0.003348,0.07751,0.07562,68.14,0.53233,1.26035
1779370234.9750,plane,4435,19,0.35378,0.39501,0.002355,0.11787,0.08871,99.87,-0.70873,-0.53409
1779370235.0859,plane,4436,,,,,,,,,
1779370235.1834,plane,4437,19,0.37769,0.43187,0.004964,0.08293,0.06500,129.55,0.24432,0.37665
1779370235.2784,plane,4438,19,0.39199,0.34817,0.004105,0.07913,0.06213,31.49,0.15045,-0.88091
1779370235.3743,plane,4439,19,0.40122,0.35201,0.005798,0.08501,0.06364,34.63,0.09644,0.04013
1779370235.4872,plane,4440,19,0.43882,0.37520,0.004283,0.07894,0.06768,103.98,0.33228,0.20489
1779370235.5820,plane,4441,19,0.45569,0.38634,0.004576,0.08231,0.05946,109.90,0.17802,0.11748
1779370235.6783,plane,4442,,,,,,,,,
1779370235.7756,plane,4443,19,0.44505,0.44047,0.003242,0.07740,0.07472,113.57,-0.10933,0.55646
1779370235.8866,plane,4444,19,0.43572,0.49306,0.004374,0.07763,0.06194,167.93,-0.08390,0.47286
1779370235.9819,plane,4445,,,,,,,,,
1779370236.0784,plane,4446,,,,,,,,,
1779370236.1742,plane,4447,19,0.40578,0.53393,0.005653,0.08495,0.06280,25.47,-0.31258,0.42667
1779370236.2874,plane,4448,19,0.37680,0.49762,0.004481,0.07744,0.06433,164.46,-0.25676,-0.32157
1779370236.3817,plane,4449,,,,,,,,,
1779370236.4777,plane,4450,,,,,,,,,
1779370236.5751,plane,4451,19,0.34872,0.48560,0.007212,0.08556,0.06785,157.71,-0.28907,-0.12376
1779370236.6875,plane,4452,19,0.31523,0.51957,0.004729,0.07998,0.06313,155.33,-0.29786,0.30207
1779370236.7826,plane,4453,19,0.26706,0.49491,0.003376,0.09839,0.08280,154.88,-0.50533,-0.25868
1779370236.8788,plane,4454,19,0.26521,0.51318,0.003772,0.07927,0.06467,109.51,-0.01926,0.19024
1779370236.9752,plane,4455,19,0.29536,0.60005,0.003287,0.10164,0.08681,143.42,0.31218,0.89936
1779370237.0857,plane,4456,,,,,,,,,
1779370237.1824,plane,4457,19,0.26538,0.52192,0.005820,0.08591,0.06619,126.28,-0.30980,-0.80730
1779370237.2777,plane,4458,,,,,,,,,
1779370237.3741,plane,4459,19,0.21377,0.56089,0.002708,0.09808,0.08418,166.80,-0.53526,0.40419
1779370237.4870,plane,4460,19,0.23306,0.65295,0.003426,0.09137,0.08148,117.78,0.17082,0.81524
1779370237.5818,plane,4461,,,,,,,,,
1779370237.6784,plane,4462,19,0.16423,0.59030,0.004883,0.09204,0.07657,50.51,-0.71356,-0.64946
1779370237.7745,plane,4463,19,0.19063,0.68947,0.003360,0.09686,0.08541,42.53,0.27421,1.02999
1779370237.8861,plane,4464,19,0.15620,0.65966,0.003798,0.09982,0.08024,64.77,-0.30895,-0.26754
1779370237.9826,plane,4465,,,,,,,,,
1779370238.0782,plane,4466,19,0.16588,0.66897,0.004233,0.07406,0.07301,97.36,0.10120,0.09735
1779370238.1747,plane,4467,19,0.16344,0.60393,0.006671,0.09010,0.06511,70.80,-0.02531,-0.67523
1779370238.2876,plane,4468,19,0.21145,0.63935,0.004098,0.08387,0.07419,96.67,0.42475,0.31336
1779370238.3827,plane,4469,19,0.16815,0.67449,0.003036,0.10481,0.08328,153.22,-0.45575,0.36996
1779370238.4786,plane,4470,19,0.16566,0.71951,0.005502,0.08257,0.06386,8.76,-0.02596,0.46871
1779370238.5743,plane,4471,19,0.16536,0.79398,0.003038,0.08905,0.08113,20.00,-0.00315,0.77954
1779370238.6868,plane,4472,19,0.18233,0.72529,0.002096,0.12658,0.09648,108.49,0.15093,-0.61078
1779370238.7818,plane,4473,,,,,,,,,
1779370238.8790,plane,4474,19,0.18820,0.78116,0.002179,0.14499,0.09848,56.35,0.06022,0.57346
1779370238.9743,plane,4475,19,0.14442,0.68807,0.003386,0.11440,0.08911,128.30,-0.45917,-0.97638
1779370239.0858,plane,4476,,,,,,,,,
1779370239.1830,plane,4477,19,0.15386,0.76243,0.006956,0.08926,0.06629,157.12,0.09698,0.76379
1779370239.2789,plane,4478,19,0.17117,0.72659,0.003845,0.07653,0.06694,145.15,0.18096,-0.37460
1779370239.3745,plane,4479,19,0.18927,0.76077,0.002321,0.13032,0.09332,21.20,0.18866,0.35635
1779370239.4883,plane,4480,19,0.18739,0.68562,0.002721,0.12765,0.08986,112.33,-0.01647,-0.66092
1779370239.5831,plane,4481,19,0.16096,0.68370,0.003482,0.07859,0.07507,86.96,-0.27854,-0.02021
1779370239.6782,plane,4482,,,,,,,,,
1779370239.7740,plane,4483,19,0.17449,0.67347,0.005900,0.09020,0.06733,28.57,0.14113,-0.10671
1779370239.8866,plane,4484,19,0.19986,0.72158,0.005415,0.08510,0.06350,118.74,0.22546,0.42761
1779370239.9821,plane,4485,19,0.18853,0.70345,0.003981,0.08604,0.07192,52.43,-0.11870,-0.18994
1779370240.0780,plane,4486,,,,,,,,,
1779370240.1748,plane,4487,19,0.19787,0.70307,0.004428,0.08499,0.07247,94.61,0.09636,-0.00391
1779370240.2865,plane,4488,19,0.20850,0.65000,0.006600,0.08804,0.06489,71.52,0.09528,-0.47564
1779370240.3826,plane,4489,19,0.21413,0.72371,0.003386,0.08907,0.06251,115.15,0.05858,0.76632
1779370240.4773,plane,4490,,,,,,,,,
1779370240.5746,plane,4491,19,0.22244,0.67406,0.003343,0.13040,0.08478,104.70,0.08566,-0.51204
1779370240.6862,plane,4492,19,0.20304,0.77024,0.003403,0.08653,0.07941,26.74,-0.17340,0.85984
1779370240.7824,plane,4493,19,0.22104,0.73636,0.002725,0.12087,0.09228,94.32,0.18732,-0.35258
1779370240.8777,plane,4494,,,,,,,,,
1779370240.9744,plane,4495,19,0.23556,0.78499,0.002518,0.09089,0.08245,66.96,0.15010,0.50298
1779370241.0860,plane,4496,19,0.19520,0.67341,0.003123,0.09916,0.08336,148.50,-0.36236,-1.00188
1779370241.1824,plane,4497,,,,,,,,,
1779370241.2792,plane,4498,19,0.20134,0.75772,0.008053,0.08883,0.06800,141.12,0.06348,0.87127
1779370241.3743,plane,4499,19,0.22193,0.69878,0.003491,0.07287,0.06661,166.81,0.21682,-0.62062
1779370241.4867,plane,4500,19,0.25432,0.74039,0.002925,0.08573,0.08053,166.13,0.28753,0.36936
1779370241.5840,plane,4501,19,0.24023,0.68017,0.002435,0.16315,0.09883,111.50,-0.14530,-0.62101
1779370241.6786,plane,4502,19,0.21267,0.66719,0.003320,0.07499,0.07266,165.33,-0.29027,-0.13670
1779370241.7735,plane,4503,,,,,,,,,
1779370241.8869,plane,4504,19,0.22863,0.65330,0.004759,0.08073,0.06502,28.23,0.14076,-0.12253
1779370241.9821,plane,4505,19,0.25365,0.71133,0.005963,0.08786,0.06258,127.05,0.26270,0.60948
1779370242.0786,plane,4506,19,0.24358,0.69757,0.002894,0.07457,0.07239,147.98,-0.10453,-0.14285
1779370242.1738,plane,4507,,,,,,,,,
1779370242.2866,plane,4508,19,0.25542,0.69015,0.004069,0.07609,0.07050,31.07,0.10508,-0.06584
1779370242.3827,plane,4509,19,0.26905,0.65571,0.007711,0.08925,0.06764,62.42,0.14193,-0.35876
1779370242.4788,plane,4510,19,0.29533,0.67257,0.004825,0.08101,0.06678,76.43,0.27310,0.17527
1779370242.5749,plane,4511,19,0.28648,0.72162,0.002338,0.13960,0.09549,160.52,-0.09224,0.51115
1779370242.6866,plane,4512,19,0.28367,0.76527,0.005525,0.08393,0.06359,18.66,-0.02511,0.39018
1779370242.7824,plane,4513,19,0.28363,0.82609,0.005649,0.08636,0.06234,110.14,-0.00043,0.63611
1779370242.8780,plane,4514,,,,,,,,,
1779370242.9743,plane,4515,19,0.29034,0.73439,0.006202,0.08595,0.06443,22.09,0.06968,-0.95165
1779370243.0861,plane,4516,19,0.31375,0.77371,0.003762,0.07329,0.06549,173.23,0.20980,0.35246
1779370243.1826,plane,4517,19,0.34809,0.73530,0.004623,0.08045,0.06687,104.92,0.35509,-0.39723
1779370243.2779,plane,4518,19,0.33723,0.78312,0.002901,0.08894,0.07728,83.08,-0.11429,0.50344
1779370243.3745,plane,4519,19,0.30204,0.85352,0.002019,0.15122,0.09884,68.57,-0.36311,0.72648
1779370243.4862,plane,4520,19,0.40007,0.77466,0.004379,0.07625,0.06524,9.31,0.87739,-0.70574
1779370243.5827,plane,4521,19,0.32962,0.84878,0.003528,0.07690,0.06890,90.23,-0.73103,0.76906
1779370243.6789,plane,4522,19,0.32715,0.75742,0.005003,0.08270,0.06202,40.66,-0.02572,-0.94907
1779370243.7741,plane,4523,19,0.30160,0.76438,0.002474,0.10656,0.08395,91.47,-0.26880,0.07324
1779370243.8857,plane,4524,,,,,,,,,
1779370243.9820,plane,4525,19,0.31570,0.76984,0.004271,0.07789,0.06861,33.76,0.14640,0.05673
1779370244.0785,plane,4526,19,0.34207,0.83010,0.005546,0.08535,0.06269,125.45,0.27402,0.62625
1779370244.1746,plane,4527,19,0.33174,0.82627,0.002241,0.13467,0.09233,75.09,-0.10716,-0.03982
1779370244.2853,plane,4528,,,,,,,,,
1779370244.3824,plane,4529,19,0.34126,0.79773,0.003845,0.07603,0.06332,23.97,0.09823,-0.29450
1779370244.4786,plane,4530,19,0.36507,0.77367,0.006176,0.08764,0.06220,71.70,0.24703,-0.24955
1779370244.5746,plane,4531,19,0.36170,0.81227,0.002258,0.11936,0.08878,92.45,-0.03513,0.40298
1779370244.6874,plane,4532,19,0.38554,0.91777,0.002845,0.08913,0.08206,177.07,0.21096,0.93384
1779370244.7813,plane,4533,,,,,,,,,
1779370244.8781,plane,4534,19,0.36836,0.85705,0.004413,0.08084,0.06090,124.72,-0.17781,-0.62848
1779370244.9746,plane,4535,19,0.37826,0.81987,0.003959,0.07693,0.06397,154.06,0.10250,-0.38478
1779370245.0864,plane,4536,19,0.40728,0.82690,0.003313,0.07993,0.07827,165.08,0.26000,0.06302
1779370245.1824,plane,4537,19,0.41782,0.81739,0.004795,0.08309,0.06218,106.04,0.10950,-0.09887
1779370245.2786,plane,4538,19,0.38497,0.70865,0.002111,0.11526,0.09114,168.27,-0.34137,-1.12988
1779370245.3736,plane,4539,,,,,,,,,
1779370245.4856,plane,4540,,,,,,,,,
1779370245.5823,plane,4541,19,0.43480,0.69391,0.002252,0.10460,0.08876,6.93,0.51564,-0.15255
1779370245.6781,plane,4542,19,0.37883,0.79903,0.003053,0.09123,0.08066,21.27,-0.58374,1.09627
1779370245.7740,plane,4543,,,,,,,,,
1779370245.8871,plane,4544,19,0.37393,0.71478,0.007117,0.08607,0.06789,17.35,-0.04326,-0.74412
1779370245.9822,plane,4545,,,,,,,,,
1779370246.0782,plane,4546,19,0.40911,0.74132,0.002597,0.10209,0.08190,101.13,0.36728,0.27711
1779370246.1748,plane,4547,19,0.42851,0.77922,0.005522,0.08552,0.06164,139.08,0.20078,0.39222
1779370246.2856,plane,4548,,,,,,,,,
1779370246.3828,plane,4549,19,0.47036,0.67546,0.002094,0.12516,0.09417,170.18,0.43091,-1.06826
1779370246.4788,plane,4550,19,0.44271,0.74686,0.004233,0.07837,0.06967,38.28,-0.28793,0.74337
1779370246.5748,plane,4551,19,0.48286,0.74205,0.005614,0.08661,0.06239,93.81,0.42039,-0.05038
1779370246.6861,plane,4552,,,,,,,,,
1779370246.7829,plane,4553,19,0.49366,0.88135,0.002730,0.11430,0.08808,152.95,0.11160,1.43973
1779370246.8784,plane,4554,19,0.47251,0.76672,0.003159,0.08367,0.05687,41.83,-0.22171,-1.20208
1779370246.9743,plane,4555,,,,,,,,,
1779370247.0851,plane,4556,,,,,,,,,
1779370247.1811,plane,4557,,,,,,,,,
1779370247.2776,plane,4558,19,0.48785,0.86918,0.002643,0.13490,0.09321,21.15,0.15887,1.06130
1779370247.3737,plane,4559,,,,,,,,,
1779370247.4853,plane,4560,,,,,,,,,
1779370247.5834,plane,4561,19,0.46057,0.89134,0.002536,0.09164,0.08374,174.76,-0.27848,0.22624
1779370247.6777,plane,4562,,,,,,,,,
1779370247.7734,plane,4563,,,,,,,,,
1779370247.8853,plane,4564,,,,,,,,,
1779370247.9820,plane,4565,19,0.44212,0.79147,0.006197,0.08485,0.06452,11.11,-0.19114,-1.03463
1779370248.0777,plane,4566,,,,,,,,,
1779370248.1742,plane,4567,19,0.47632,0.79362,0.002057,0.14066,0.09412,112.71,0.35445,0.02231
1779370248.2860,plane,4568,19,0.49742,0.85101,0.005775,0.08756,0.05988,134.03,0.18901,0.51412
1779370248.3814,plane,4569,,,,,,,,,
1779370248.4770,plane,4570,,,,,,,,,
1779370248.5748,plane,4571,19,0.49562,0.82655,0.003225,0.08076,0.05987,149.58,-0.01840,-0.25118
1779370248.6855,plane,4572,,,,,,,,,
1779370248.7819,plane,4573,19,0.50169,0.76133,0.004386,0.07901,0.06410,23.82,0.06293,-0.67637
1779370248.8787,plane,4574,19,0.52495,0.85044,0.004223,0.08692,0.05607,105.79,0.24065,0.92210
1779370248.9751,plane,4575,19,0.54774,0.82679,0.002326,0.12290,0.09140,20.39,0.23634,-0.24524
1779370249.0870,plane,4576,19,0.56838,0.78530,0.005686,0.09657,0.06128,47.89,0.18462,-0.37111
1779370249.1818,plane,4577,,,,,,,,,
1779370249.2783,plane,4578,19,0.55478,0.74941,0.002051,0.16657,0.10620,138.69,-0.14093,-0.37187
1779370249.3752,plane,4579,19,0.55423,0.76119,0.007634,0.10093,0.06510,112.82,-0.00567,0.12167
1779370249.4849,plane,4580,,,,,,,,,
1779370249.5818,plane,4581,,,,,,,,,
1779370249.6782,plane,4582,19,0.53301,0.74601,0.002067,0.11477,0.08972,157.65,-0.22077,-0.15785
1779370249.7744,plane,4583,19,0.57694,0.67361,0.005825,0.09194,0.06394,26.01,0.45549,-0.75082
1779370249.8864,plane,4584,19,0.52517,0.70895,0.002813,10.08969,0.69190,164.35,-0.46330,0.31632
1779370249.9824,plane,4585,19,0.50917,0.62649,0.003923,0.07777,0.07091,41.24,-0.16625,-0.85704
1779370250.0778,plane,4586,,,,,,,,,
1779370250.1745,plane,4587,19,0.56426,0.70145,0.002779,0.09112,0.08076,33.53,0.57188,0.77817
1779370250.2871,plane,4588,,,,,,,,,
1779370250.3830,plane,4589,19,0.56791,0.61695,0.006772,0.08899,0.06716,171.55,0.03806,-0.88095
1779370250.4774,plane,4590,,,,,,,,,
1779370250.5749,plane,4591,19,0.52225,0.61258,0.002830,0.09577,0.08310,32.34,-0.46880,-0.04487
1779370250.6865,plane,4592,19,0.51570,0.69428,0.006432,0.08798,0.06089,38.76,-0.05858,0.73062
1779370250.7822,plane,4593,19,0.50557,0.69931,0.007263,0.09053,0.06478,34.33,-0.10603,0.05268
1779370250.8786,plane,4594,19,0.47905,0.66580,0.003220,0.09298,0.07895,78.92,-0.27480,-0.34719
1779370250.9736,plane,4595,19,0.45087,0.67723,0.004542,0.08142,0.06292,75.24,-0.29634,0.12019
1779370251.0860,plane,4596,19,0.44202,0.64344,0.004954,0.08278,0.06750,102.31,-0.07876,-0.30069
1779370251.1819,plane,4597,19,0.44605,0.60814,0.005932,0.09066,0.07668,56.57,0.04203,-0.36809
1779370251.2776,plane,4598,,,,,,,,,
1779370251.3752,plane,4599,19,0.44367,0.56044,0.002387,0.11341,0.08861,165.28,-0.02444,-0.48962
1779370251.4865,plane,4600,19,0.44564,0.55058,0.007229,0.09803,0.06898,120.00,0.01775,-0.08855
1779370251.5816,plane,4601,,,,,,,,,
1779370251.6772,plane,4602,,,,,,,,,
1779370251.7741,plane,4603,19,0.44080,0.55862,0.002711,0.10559,0.08877,6.64,-0.05004,0.08308
1779370251.8859,plane,4604,19,0.49272,0.49210,0.005812,0.09247,0.07118,34.75,0.46467,-0.59535
1779370251.9823,plane,4605,19,0.43406,0.51088,0.004817,0.08234,0.07495,49.19,-0.60777,0.19457
1779370252.0781,plane,4606,19,0.42588,0.44620,0.003713,0.07549,0.07111,19.83,-0.08565,-0.67695
1779370252.1746,plane,4607,,,,,,,,,
1779370252.2860,plane,4608,19,0.47545,0.48961,0.003767,0.07684,0.07118,94.33,0.44448,0.38920
1779370252.3816,plane,4609,,,,,,,,,
1779370252.4777,plane,4610,,,,,,,,,
1779370252.5741,plane,4611,19,0.41317,0.49781,0.002580,0.10570,0.09056,50.41,-0.64669,0.08512
1779370252.6859,plane,4612,19,0.47491,0.37901,0.003077,0.11923,0.08941,2.71,0.55257,-1.06322
1779370252.7829,plane,4613,19,0.42850,0.47248,0.002667,0.11358,0.09173,11.92,-0.47799,0.96270
1779370252.8774,plane,4614,,,,,,,,,
1779370252.9745,plane,4615,19,0.41474,0.38315,0.002440,0.09849,0.08840,99.87,-0.14188,-0.92134
1779370253.0868,plane,4616,19,0.45553,0.48932,0.004320,0.08371,0.06893,82.56,0.36291,0.94465
1779370253.1818,plane,4617,19,0.42362,0.41921,0.003118,0.09385,0.08435,47.63,-0.33623,-0.73877
1779370253.2775,plane,4618,,,,,,,,,
1779370253.3746,plane,4619,19,0.42504,0.49361,0.002565,0.10927,0.07669,84.95,0.01459,0.76641
1779370253.4856,plane,4620,19,0.44106,0.37506,0.003332,0.08265,0.07956,12.24,0.14443,-1.06838
1779370253.5826,plane,4621,19,0.44073,0.46713,0.003494,0.09406,0.08610,126.57,-0.00347,0.95228
1779370253.6779,plane,4622,,,,,,,,,
1779370253.7732,plane,4623,,,,,,,,,
1779370253.8860,plane,4624,19,0.43124,0.50742,0.003682,0.07789,0.07505,71.42,-0.08431,0.35802
1779370253.9827,plane,4625,19,0.46008,0.40628,0.002936,0.10190,0.08946,10.78,0.29784,-1.04427
1779370254.0771,plane,4626,,,,,,,,,
1779370254.1728,plane,4627,,,,,,,,,
1779370254.2860,plane,4628,19,0.42461,0.37760,0.003442,0.09328,0.08235,161.09,-0.31347,-0.25345
1779370254.3820,plane,4629,19,0.47444,0.49351,0.003237,0.08298,0.07904,9.42,0.51934,1.20788
1779370254.4779,plane,4630,,,,,,,,,
1779370254.5737,plane,4631,,,,,,,,,
1779370254.6865,plane,4632,19,0.42399,0.51122,0.003676,0.07898,0.07500,113.12,-0.44749,0.15710
1779370254.7817,plane,4633,19,0.47400,0.38959,0.002865,0.08906,0.08045,13.14,0.52406,-1.27455
1779370254.8770,plane,4634,,,,,,,,,
1779370254.9736,plane,4635,,,,,,,,,
1779370255.0865,plane,4636,19,0.43545,0.37709,0.003137,0.08495,0.08118,177.57,-0.34160,-0.11080
1779370255.1823,plane,4637,19,0.46438,0.50233,0.003518,0.07708,0.06958,66.05,0.30254,1.30962
1779370255.2786,plane,4638,19,0.42570,0.41998,0.002007,0.13389,0.09943,136.28,-0.40114,-0.85397
1779370255.3736,plane,4639,,,,,,,,,
1779370255.4876,plane,4640,19,0.42718,0.48408,0.003204,0.07301,0.06804,169.51,0.01308,0.56510
1779370255.5832,plane,4641,19,0.44351,0.41883,0.008211,0.08867,0.07012,66.08,0.16988,-0.67888
1779370255.6789,plane,4642,19,0.47137,0.44916,0.004167,0.07819,0.06809,71.46,0.29246,0.31832
1779370255.7748,plane,4643,19,0.47583,0.49065,0.003036,0.08552,0.08057,15.11,0.04639,0.43146
1779370255.8864,plane,4644,19,0.46687,0.51204,0.003057,0.11016,0.08769,147.25,-0.08043,0.19190
1779370255.9825,plane,4645,,,,,,,,,
1779370256.0784,plane,4646,19,0.48100,0.54936,0.002226,0.09741,0.08862,0.20,0.14732,0.38898
1779370256.1737,plane,4647,,,,,,,,,
1779370256.2863,plane,4648,19,0.50023,0.64436,0.002899,0.09324,0.08252,18.71,0.17100,0.84490
1779370256.3828,plane,4649,19,0.43906,0.56269,0.002948,0.09262,0.07964,76.69,-0.63353,-0.84575
1779370256.4783,plane,4650,19,0.51744,0.60983,0.003901,0.07943,0.07735,123.30,0.81980,0.49303
1779370256.5753,plane,4651,19,0.49635,0.51930,0.004829,0.08142,0.06391,133.01,-0.21760,-0.93426
1779370256.6855,plane,4652,,,,,,,,,
1779370256.7820,plane,4653,19,0.44734,0.62768,0.002797,0.10647,0.08496,16.87,-0.50838,1.12421
1779370256.8782,plane,4654,19,0.50989,0.51800,0.002104,0.12200,0.09146,15.08,0.65029,-1.14042
1779370256.9734,plane,4655,,,,,,,,,
1779370257.0865,plane,4656,19,0.50959,0.60629,0.006426,0.08655,0.06347,25.62,-0.00260,0.77987
1779370257.1827,plane,4657,,,,,,,,,
1779370257.2788,plane,4658,19,0.46631,0.60252,0.002584,0.10709,0.08683,143.90,-0.45159,-0.03941
1779370257.3753,plane,4659,19,0.45796,0.53405,0.005678,0.08612,0.06147,139.91,-0.08623,-0.70745
1779370257.4869,plane,4660,19,0.44487,0.53534,0.006677,0.08555,0.06519,155.87,-0.11726,0.01148
1779370257.5820,plane,4661,,,,,,,,,
1779370257.6794,plane,4662,,,,,,,,,
1779370257.7746,plane,4663,19,0.39814,0.58614,0.003801,0.07890,0.07487,90.75,-0.49091,0.53366
1779370257.8867,plane,4664,19,0.37466,0.60023,0.006265,0.08677,0.06239,153.02,-0.20997,0.12601
1779370257.9826,plane,4665,19,0.35518,0.60573,0.004654,0.08060,0.06573,125.28,-0.20241,0.05718
1779370258.0789,plane,4666,19,0.32436,0.62614,0.004079,0.07950,0.06533,107.87,-0.32073,0.21236
1779370258.1748,plane,4667,19,0.30761,0.65317,0.005722,0.08652,0.06888,78.79,-0.17432,0.28123
1779370258.2871,plane,4668,19,0.30509,0.69076,0.004018,0.08122,0.07224,123.39,-0.02246,0.33578
1779370258.3826,plane,4669,,,,,,,,,
1779370258.4779,plane,4670,,,,,,,,,
1779370258.5745,plane,4671,19,0.29998,0.73651,0.005856,0.08896,0.06391,163.14,-0.05291,0.47353
1779370258.6867,plane,4672,19,0.25610,0.72219,0.002099,0.22821,0.12007,31.94,-0.39167,-0.12781
1779370258.7824,plane,4673,19,0.21357,0.76447,0.005061,0.08558,0.06813,34.15,-0.44385,0.44128
1779370258.8783,plane,4674,,,,,,,,,
1779370258.9740,plane,4675,,,,,,,,,
1779370259.0855,plane,4676,,,,,,,,,
1779370259.1829,plane,4677,19,0.23900,0.86266,0.002655,0.12488,0.09147,19.47,0.26135,1.00904
1779370259.2788,plane,4678,19,0.19428,0.78102,0.008899,0.09602,0.07177,1.04,-0.46635,-0.85113
1779370259.3748,plane,4679,19,0.23337,0.81675,0.004508,0.07979,0.07706,103.72,0.40651,0.37148
1779370259.4865,plane,4680,19,0.26303,0.72175,0.002335,0.12546,0.09342,30.43,0.26589,-0.85182
1779370259.5821,plane,4681,,,,,,,,,
1779370259.6783,plane,4682,19,0.21101,0.80945,0.005144,0.08968,0.06913,127.24,-0.54015,0.91061
1779370259.7746,plane,4683,19,0.26831,0.74914,0.002506,0.09398,0.08406,138.20,0.59648,-0.62768
1779370259.8870,plane,4684,19,0.20445,0.76172,0.002182,1.26777,0.25620,0.00,-0.56756,0.11178
1779370259.9831,plane,4685,19,0.24555,0.84375,0.002526,0.09091,0.08524,78.49,0.42955,0.85714
1779370260.0787,plane,4686,19,0.21707,0.76733,0.004654,0.08470,0.07204,25.93,-0.29658,-0.79573
1779370260.1750,plane,4687,19,0.23287,0.79366,0.007375,0.09665,0.06366,96.68,0.16436,0.27388
1779370260.2872,plane,4688,19,0.25254,0.77202,0.005603,0.08630,0.06811,78.13,0.17513,-0.19269
1779370260.3826,plane,4689,19,0.22819,0.71826,0.003498,0.08597,0.07934,32.62,-0.25581,-0.56492
1779370260.4784,plane,4690,19,0.23133,0.69231,0.004859,0.08276,0.06176,155.49,0.03259,-0.26993
1779370260.5752,plane,4691,19,0.23046,0.60081,0.002753,0.09746,0.08400,161.96,-0.00902,-0.94792
1779370260.6868,plane,4692,19,0.24994,0.67089,0.003169,0.08214,0.07734,75.86,0.17425,0.62667
1779370260.7828,plane,4693,19,0.21681,0.71896,0.002994,0.08462,0.07958,74.90,-0.34543,0.50121
1779370260.8793,plane,4694,19,0.30479,0.62428,0.003111,0.07562,0.07489,86.95,0.91017,-0.97948
1779370260.9745,plane,4695,19,0.23329,0.70037,0.002040,0.14245,0.09867,12.87,-0.75129,0.79962
1779370261.0869,plane,4696,19,0.23273,0.61767,0.005664,0.08579,0.06031,29.88,-0.00499,-0.73843
1779370261.1820,plane,4697,,,,,,,,,
1779370261.2785,plane,4698,19,0.26337,0.71816,0.002084,0.12177,0.09291,21.84,0.31684,1.03940
1779370261.3752,plane,4699,19,0.21798,0.64408,0.007821,0.08800,0.06991,167.51,-0.47022,-0.76746
1779370261.4867,plane,4700,19,0.25877,0.66839,0.003565,0.08180,0.07887,76.35,0.36546,0.21782
1779370261.5834,plane,4701,19,0.30018,0.60516,0.002294,0.11960,0.08807,79.12,0.42821,-0.65390
1779370261.6780,plane,4702,,,,,,,,,
1779370261.7750,plane,4703,19,0.22536,0.64374,0.003999,0.07880,0.06493,146.14,-0.76794,0.39595
1779370261.8857,plane,4704,,,,,,,,,
1779370261.9831,plane,4705,19,0.23544,0.57154,0.006088,0.08626,0.06284,24.95,0.10294,-0.73780
1779370262.0780,plane,4706,19,0.23971,0.63405,0.002675,0.10716,0.08315,93.05,0.04502,0.65896
1779370262.1748,plane,4707,19,0.25641,0.62040,0.003172,0.07827,0.07463,80.18,0.17271,-0.14124
1779370262.2869,plane,4708,19,0.27214,0.66584,0.006850,0.09022,0.06330,119.31,0.14052,0.40583
1779370262.3823,plane,4709,19,0.27188,0.64187,0.002245,0.14189,0.09441,73.71,-0.00277,-0.25068
1779370262.4775,plane,4710,,,,,,,,,
1779370262.5745,plane,4711,19,0.28201,0.62535,0.003208,0.07364,0.06826,171.53,0.10435,-0.17007
1779370262.6869,plane,4712,19,0.27811,0.57803,0.004946,0.08335,0.06350,69.41,-0.03478,-0.42204
1779370262.7824,plane,4713,,,,,,,,,
1779370262.8785,plane,4714,,,,,,,,,
1779370262.9735,plane,4715,,,,,,,,,
1779370263.0861,plane,4716,19,0.27455,0.63977,0.007640,0.08670,0.06964,174.96,-0.03164,0.54813
1779370263.1827,plane,4717,19,0.30604,0.62834,0.003055,0.07805,0.07451,93.61,0.32673,-0.11859
1779370263.2789,plane,4718,19,0.35228,0.67317,0.002435,0.12699,0.09349,140.45,0.47951,0.46494
1779370263.3741,plane,4719,19,0.32732,0.66675,0.002870,0.11330,0.08504,65.63,-0.26214,-0.06747
1779370263.4864,plane,4720,19,0.29765,0.59533,0.003079,0.08472,0.08014,125.72,-0.26424,-0.63595
1779370263.5825,plane,4721,,,,,,,,,
1779370263.6786,plane,4722,19,0.31496,0.67395,0.007433,0.08824,0.06522,134.97,0.17977,0.81625
1779370263.7745,plane,4723,19,0.32940,0.61500,0.002491,0.10909,0.08435,76.84,0.15069,-0.61500
1779370263.8873,plane,4724,19,0.36191,0.62971,0.005034,0.08220,0.06301,78.69,0.28854,0.13058
1779370263.9821,plane,4725,,,,,,,,,
1779370264.0784,plane,4726,19,0.32396,0.53540,0.002387,0.09912,0.08401,89.78,-0.39395,-0.97907
1779370264.1752,plane,4727,19,0.39006,0.63403,0.002501,0.12803,0.09440,151.58,0.68332,1.01963
1779370264.2861,plane,4728,19,0.34737,0.51874,0.003030,0.10379,0.08437,152.69,-0.38475,-1.03911
1779370264.3820,plane,4729,,,,,,,,,
1779370264.4783,plane,4730,19,0.34578,0.60231,0.003893,0.07671,0.06849,148.72,-0.01647,0.86801
1779370264.5746,plane,4731,19,0.34609,0.50322,0.003432,0.09436,0.07818,120.95,0.00317,-1.02882
1779370264.6859,plane,4732,,,,,,,,,
1779370264.7822,plane,4733,19,0.35553,0.56871,0.002797,0.17652,0.09867,111.39,0.09806,0.68002
1779370264.8790,plane,4734,19,0.36760,0.59731,0.004705,0.07903,0.06413,15.85,0.12495,0.29632
1779370264.9746,plane,4735,19,0.38947,0.57154,0.002007,0.12609,0.09446,172.91,0.22816,-0.26879
1779370265.0863,plane,4736,19,0.39799,0.59895,0.002743,0.12495,0.08801,109.62,0.07638,0.24576
1779370265.1833,plane,4737,19,0.39068,0.66683,0.004964,0.08342,0.06174,111.00,-0.07523,0.69841
1779370265.2776,plane,4738,,,,,,,,,
1779370265.3747,plane,4739,19,0.39754,0.57429,0.007750,0.08685,0.06591,42.11,0.07074,-0.95476
1779370265.4869,plane,4740,19,0.42400,0.64807,0.002079,0.19465,0.11023,81.64,0.23530,0.65608
1779370265.5825,plane,4741,19,0.46463,0.61596,0.005471,0.08505,0.06330,111.37,0.42587,-0.33654
1779370265.6784,plane,4742,,,,,,,,,
1779370265.7747,plane,4743,19,0.40814,0.73151,0.002101,0.21374,0.11427,59.50,-0.58583,1.19825
1779370265.8867,plane,4744,19,0.49660,0.65676,0.005812,0.08305,0.07144,7.74,0.79125,-0.66858
1779370265.9825,plane,4745,19,0.43748,0.70429,0.004495,0.07966,0.06473,75.69,-0.61572,0.49508
1779370266.0783,plane,4746,19,0.42093,0.61885,0.003547,0.07783,0.07579,56.00,-0.17328,-0.89481
1779370266.1747,plane,4747,19,0.40397,0.60935,0.002377,0.12288,0.08889,98.81,-0.17556,-0.09833
1779370266.2868,plane,4748,19,0.46724,0.70610,0.003608,0.08695,0.08459,84.98,0.56492,0.86388
1779370266.3838,plane,4749,19,0.42017,0.60998,0.002524,0.11770,0.09031,140.78,-0.48482,-0.99013
1779370266.4779,plane,4750,,,,,,,,,
1779370266.5747,plane,4751,19,0.42236,0.69156,0.004481,0.07826,0.06856,147.92,0.02270,0.84366
1779370266.6875,plane,4752,19,0.43428,0.59639,0.004676,0.09027,0.06074,79.64,0.10548,-0.84274
1779370266.7825,plane,4753,19,0.45209,0.62861,0.002065,0.13947,0.09957,140.76,0.18778,0.33955
1779370266.8793,plane,4754,19,0.46986,0.65130,0.005024,0.08722,0.07080,88.73,0.18322,0.23399
1779370266.9738,plane,4755,,,,,,,,,
1779370267.0868,plane,4756,19,0.45929,0.78609,0.002748,0.09314,0.08191,168.28,-0.09357,1.19240
1779370267.1826,plane,4757,19,0.46866,0.66601,0.002830,0.10648,0.07698,3.52,0.09790,-1.25354
1779370267.2786,plane,4758,,,,,,,,,
1779370267.3742,plane,4759,,,,,,,,,
1779370267.4866,plane,4760,19,0.44381,0.64681,0.002240,0.10352,0.08803,173.33,-0.22095,-0.17066
1779370267.5832,plane,4761,19,0.50684,0.71929,0.003923,0.07706,0.07126,139.83,0.65260,0.75053
1779370267.6785,plane,4762,19,0.44924,0.68273,0.002770,0.11265,0.07821,24.10,-0.60409,-0.38351
1779370267.7747,plane,4763,19,0.44496,0.77641,0.005212,0.08293,0.06263,140.21,-0.04458,0.97581
1779370267.8867,plane,4764,19,0.43694,0.81454,0.002465,0.12356,0.09104,17.64,-0.07151,0.33987
1779370267.9832,plane,4765,19,0.50507,0.73914,0.005659,0.08462,0.06212,24.66,0.70734,-0.78274
1779370268.0787,plane,4766,19,0.44694,0.77677,0.004667,0.07774,0.07226,56.68,-0.60804,0.39356
1779370268.1746,plane,4767,19,0.42960,0.68352,0.002830,0.09054,0.08088,118.53,-0.18060,-0.97154
1779370268.2862,plane,4768,,,,,,,,,
1779370268.3832,plane,4769,19,0.48871,0.76057,0.002845,0.08892,0.08127,133.87,0.60756,0.79200
1779370268.4782,plane,4770,19,0.41795,0.68376,0.002012,0.25333,0.12924,130.33,-0.74497,-0.80871
1779370268.5746,plane,4771,,,,,,,,,
1779370268.6873,plane,4772,19,0.42412,0.75394,0.004761,0.08032,0.06366,153.41,0.05464,0.62138
1779370268.7828,plane,4773,19,0.44494,0.67689,0.006148,0.09038,0.06504,71.95,0.21848,-0.80863
1779370268.8790,plane,4774,19,0.46136,0.69996,0.003491,0.07811,0.07150,66.27,0.17033,0.23925
1779370268.9747,plane,4775,19,0.49459,0.73967,0.004744,0.08995,0.06869,103.42,0.34739,0.41518
1779370269.0857,plane,4776,,,,,,,,,
1779370269.1827,plane,4777,19,0.48289,0.85771,0.002535,0.12330,0.09074,158.80,-0.12062,1.21690
1779370269.2792,plane,4778,19,0.48232,0.75091,0.003148,0.08905,0.05683,38.67,-0.00587,-1.10859
1779370269.3743,plane,4779,,,,,,,,,
1779370269.4860,plane,4780,,,,,,,,,
1779370269.5829,plane,4781,19,0.47070,0.73023,0.002045,0.12949,0.09497,17.59,-0.11986,-0.21318
1779370269.6790,plane,4782,19,0.49359,0.84773,0.002299,0.14482,0.09723,17.23,0.23843,1.22370
1779370269.7739,plane,4783,,,,,,,,,
1779370269.8858,plane,4784,,,,,,,,,
1779370269.9826,plane,4785,19,0.45514,0.86920,0.002421,0.09732,0.08582,10.47,-0.39642,0.22135
1779370270.0775,plane,4786,,,,,,,,,
1779370270.1737,plane,4787,,,,,,,,,
1779370270.2853,plane,4788,,,,,,,,,
1779370270.3826,plane,4789,19,0.44640,0.76943,0.006785,0.08713,0.06574,18.16,-0.09007,-1.02802
1779370270.4778,plane,4790,,,,,,,,,
1779370270.5738,plane,4791,,,,,,,,,
1779370270.6868,plane,4792,19,0.49190,0.80681,0.003711,0.07461,0.06906,28.47,0.40338,0.33141
1779370270.7830,plane,4793,19,0.51438,0.80511,0.006151,0.08602,0.06283,23.42,0.23338,-0.01773
1779370270.8788,plane,4794,19,0.53240,0.80903,0.005347,0.08335,0.06279,24.71,0.18852,0.04109
1779370270.9748,plane,4795,19,0.55971,0.83475,0.004505,0.07860,0.06625,26.26,0.28420,0.26762
1779370271.0869,plane,4796,19,0.58511,0.83545,0.005807,0.08883,0.06027,75.18,0.22630,0.00623
1779370271.1829,plane,4797,19,0.59554,0.86675,0.004306,0.07823,0.06715,32.41,0.10883,0.32644
1779370271.2791,plane,4798,19,0.59918,0.95075,0.004464,0.08007,0.06462,136.79,0.03779,0.87247
1779370271.3740,plane,4799,,,,,,,,,
1779370271.4871,plane,4800,19,0.62756,0.89171,0.003328,0.08064,0.06443,34.34,0.25029,-0.52065
1779370271.5827,plane,4801,19,0.65080,0.88861,0.004834,0.07759,0.06460,2.73,0.24323,-0.03251
1779370271.6775,plane,4802,,,,,,,,,
1779370271.7744,plane,4803,19,0.70778,0.84635,0.002129,0.13431,0.09572,159.77,0.58839,-0.43635
1779370271.8854,plane,4804,,,,,,,,,
1779370271.9823,plane,4805,19,0.72130,0.95570,0.003291,0.09220,0.08107,29.40,0.13994,1.13171
1779370272.0784,plane,4806,,,,,,,,,
1779370272.1739,plane,4807,,,,,,,,,
1779370272.2861,plane,4808,,,,,,,,,
1779370272.3822,plane,4809,19,0.78101,0.95646,0.002146,1.20039,0.25456,0.00,0.62023,0.00786
1779370272.4783,plane,4810,19,0.69164,0.87897,0.004776,0.07932,0.07108,166.28,-0.92999,-0.80636
1779370272.5744,plane,4811,19,0.75232,0.94428,0.004059,0.08960,0.06644,56.12,0.63195,0.68014
1779370272.6868,plane,4812,19,0.76637,0.85305,0.004937,0.07998,0.06687,139.91,0.12519,-0.81248
1779370272.7828,plane,4813,19,0.79456,0.84655,0.002843,0.11123,0.08379,73.66,0.29307,-0.06761
1779370272.8784,plane,4814,19,0.73225,0.95782,0.002813,0.09227,0.08990,136.09,-0.65214,1.16472
1779370272.9748,plane,4815,19,0.77686,0.85217,0.004878,0.08985,0.06275,140.35,0.46309,-1.09689
1779370273.0861,plane,4816,,,,,,,,,
1779370273.1827,plane,4817,19,0.78313,0.93268,0.006005,0.08555,0.06625,9.02,0.06497,0.83371
1779370273.2785,plane,4818,19,0.77159,0.84634,0.005649,0.08815,0.06727,110.63,-0.12053,-0.90153
1779370273.3743,plane,4819,,,,,,,,,
1779370273.4865,plane,4820,19,0.75471,0.91231,0.003755,0.08252,0.06588,24.51,-0.15076,0.58935
1779370273.5828,plane,4821,19,0.73789,0.93290,0.005866,0.08416,0.06380,16.63,-0.17437,0.21337
1779370273.6781,plane,4822,19,0.73172,0.95274,0.003109,0.18489,0.10285,116.32,-0.06479,0.20838
1779370273.7746,plane,4823,19,0.69405,0.95723,0.003103,0.10502,0.08476,153.69,-0.38998,0.04644
1779370273.8865,plane,4824,19,0.69146,0.92547,0.004225,0.09117,0.06184,114.57,-0.02315,-0.28431
1779370273.9828,plane,4825,19,0.70453,0.88727,0.003081,0.08810,0.07928,89.43,0.13537,-0.39571
1779370274.0779,plane,4826,,,,,,,,,
1779370274.1737,plane,4827,,,,,,,,,
1779370274.2868,plane,4828,19,0.72079,0.81985,0.002223,0.12179,0.08845,22.73,0.14392,-0.59662
1779370274.3818,plane,4829,,,,,,,,,
1779370274.4782,plane,4830,19,0.71469,0.90224,0.008382,0.08615,0.07121,45.38,-0.06336,0.85535
1779370274.5747,plane,4831,19,0.69164,0.83651,0.002563,0.09212,0.07940,91.71,-0.23917,-0.68183
1779370274.6869,plane,4832,19,0.65450,0.85964,0.005224,0.08487,0.06224,105.81,-0.33088,0.20606
1779370274.7823,plane,4833,,,,,,,,,
1779370274.8785,plane,4834,19,0.70657,0.76433,0.002718,0.10244,0.08308,79.96,0.54076,-0.98988
1779370274.9742,plane,4835,19,0.62512,0.86022,0.002930,0.09297,0.08916,160.06,-0.85173,1.00276
1779370275.0866,plane,4836,19,0.67644,0.76138,0.004395,0.09334,0.07879,149.89,0.45652,-0.87926
1779370275.1819,plane,4837,,,,,,,,,
1779370275.2783,plane,4838,19,0.70296,0.86088,0.003393,0.07792,0.07282,73.17,0.27510,1.03205
1779370275.3741,plane,4839,19,0.63869,0.76613,0.002979,0.09535,0.08523,73.85,-0.67079,-0.98898
1779370275.4866,plane,4840,19,0.68295,0.84717,0.004720,0.09283,0.08799,59.34,0.39411,0.72166
1779370275.5822,plane,4841,,,,,,,,,
1779370275.6776,plane,4842,,,,,,,,,
1779370275.7744,plane,4843,19,0.65976,0.87574,0.002996,0.09403,0.08693,99.13,-0.24014,0.29579
1779370275.8866,plane,4844,19,0.66815,0.77691,0.004028,0.09039,0.08604,118.77,0.07464,-0.87902
1779370275.9827,plane,4845,19,0.67629,0.84281,0.002090,0.10821,0.09033,160.18,0.08472,0.68630
1779370276.0782,plane,4846,19,0.67384,0.85054,0.002831,0.11491,0.08547,104.89,-0.02568,0.08110
1779370276.1741,plane,4847,,,,,,,,,
1779370276.2865,plane,4848,19,0.64567,0.85934,0.003764,0.08590,0.08198,42.49,-0.25125,0.07851
1779370276.3826,plane,4849,19,0.69383,0.77919,0.002035,0.16152,0.10322,34.75,0.49980,-0.83181
1779370276.4775,plane,4850,,,,,,,,,
1779370276.5751,plane,4851,19,0.68081,0.85388,0.007490,0.08923,0.06542,45.44,-0.13379,0.76741
1779370276.6880,plane,4852,19,0.66015,0.79748,0.003020,0.08219,0.07573,86.90,-0.18297,-0.49965
1779370276.7830,plane,4853,19,0.62675,0.80475,0.006583,0.08873,0.06353,106.09,-0.35147,0.07651
1779370276.8782,plane,4854,,,,,,,,,
1779370276.9747,plane,4855,19,0.67646,0.69551,0.002653,0.10840,0.08595,75.07,0.51507,-1.13189
1779370277.0865,plane,4856,19,0.58548,0.78006,0.002806,0.09097,0.08920,82.59,-0.81508,0.75749
1779370277.1833,plane,4857,19,0.63961,0.69977,0.005235,0.08198,0.07562,95.58,0.55881,-0.82888
1779370277.2778,plane,4858,,,,,,,,,
1779370277.3749,plane,4859,19,0.67552,0.80695,0.003521,0.07589,0.07276,52.27,0.37008,1.10444
1779370277.4866,plane,4860,19,0.62459,0.70520,0.003704,0.10581,0.08563,19.71,-0.45498,-0.90894
1779370277.5832,plane,4861,19,0.65581,0.79507,0.004162,0.10226,0.09201,149.35,0.32403,0.93286
1779370277.6781,plane,4862,,,,,,,,,
1779370277.7745,plane,4863,19,0.66124,0.73422,0.002462,0.08570,0.06925,129.79,0.05645,-0.63299
1779370277.8865,plane,4864,19,0.63609,0.82655,0.004220,0.09277,0.08489,134.36,-0.22413,0.82287
1779370277.9823,plane,4865,19,0.64529,0.73991,0.004150,0.09385,0.08461,129.21,0.09627,-0.90630
1779370278.0778,plane,4866,,,,,,,,,
1779370278.1739,plane,4867,19,0.65289,0.81627,0.002360,0.15145,0.09254,105.26,0.07915,0.79487
1779370278.2864,plane,4868,19,0.65649,0.69555,0.002931,0.09057,0.08126,21.57,0.03195,-1.07362
1779370278.3824,plane,4869,19,0.60345,0.74913,0.003140,0.09378,0.08005,61.51,-0.55278,0.55838
1779370278.4791,plane,4870,19,0.66249,0.74135,0.003805,0.09640,0.08012,29.45,0.61219,-0.08072
1779370278.5748,plane,4871,19,0.65555,0.81761,0.004613,0.07935,0.06777,24.30,-0.07236,0.79449
1779370278.6864,plane,4872,19,0.66282,0.87173,0.002094,0.14671,0.09937,162.67,0.06523,0.48549
1779370278.7824,plane,4873,19,0.59591,0.82180,0.004761,0.08736,0.07436,151.82,-0.69573,-0.51916
1779370278.8776,plane,4874,19,0.66164,0.83342,0.003860,0.07733,0.07464,75.43,0.69054,0.12207
1779370278.9738,plane,4875,19,0.66034,0.75949,0.003983,0.07658,0.07294,135.12,-0.01357,-0.76947
1779370279.0859,plane,4876,,,,,,,,,
1779370279.1819,plane,4877,19,0.60880,0.83052,0.002925,0.09199,0.08205,9.03,-0.53668,0.73959
1779370279.2782,plane,4878,19,0.67771,0.76006,0.002550,0.13747,0.09841,53.23,0.71662,-0.73275
1779370279.3741,plane,4879,,,,,,,,,
1779370279.4872,plane,4880,19,0.66342,0.81834,0.006532,0.08780,0.06333,38.39,-0.12665,0.51669
1779370279.5824,plane,4881,19,0.64633,0.74255,0.003048,0.11745,0.08403,73.54,-0.17940,-0.79548
1779370279.6787,plane,4882,19,0.62467,0.79308,0.003555,0.07858,0.07713,83.89,-0.22440,0.52366
1779370279.7731,plane,4883,,,,,,,,,
1779370279.8863,plane,4884,19,0.64124,0.69535,0.002838,0.09166,0.08187,110.78,0.14660,-0.86463
1779370279.9826,plane,4885,19,0.60735,0.80430,0.002874,0.09365,0.08280,16.81,-0.35164,1.13030
1779370280.0780,plane,4886,19,0.63331,0.73898,0.003713,0.09174,0.08255,147.49,0.27260,-0.68584
1779370280.1741,plane,4887,,,,,,,,,
1779370280.2863,plane,4888,19,0.61618,0.81507,0.002462,0.14196,0.09470,149.47,-0.15266,0.67803
1779370280.3829,plane,4889,19,0.62402,0.67513,0.002423,0.10776,0.08772,173.50,0.08144,-1.45307
1779370280.4782,plane,4890,19,0.61268,0.77824,0.003226,0.08517,0.07050,72.42,-0.11857,1.07836
1779370280.5733,plane,4891,,,,,,,,,
1779370280.6855,plane,4892,,,,,,,,,
1779370280.7821,plane,4893,19,0.63628,0.81145,0.002982,0.08574,0.08190,178.96,0.24433,0.34386
1779370280.8786,plane,4894,19,0.60060,0.70228,0.002243,0.11454,0.09198,13.52,-0.37083,-1.13472
1779370280.9740,plane,4895,,,,,,,,,
1779370281.0854,plane,4896,,,,,,,,,
1779370281.1823,plane,4897,19,0.64884,0.67522,0.002475,0.14425,0.09654,26.99,0.49807,-0.27933
1779370281.2786,plane,4898,19,0.58456,0.79775,0.002553,0.10432,0.08600,13.36,-0.66964,1.27649
1779370281.3740,plane,4899,,,,,,,,,
1779370281.4865,plane,4900,19,0.57992,0.71489,0.005271,0.08179,0.06338,21.13,-0.04137,-0.73797
1779370281.5821,plane,4901,,,,,,,,,
1779370281.6798,plane,4902,19,0.62698,0.69955,0.002297,0.13268,0.09528,152.17,0.48264,-0.15735
1779370281.7745,plane,4903,19,0.63684,0.78798,0.005112,0.08332,0.06293,117.96,0.10414,0.93389
1779370281.8866,plane,4904,19,0.64723,0.78307,0.006407,0.08702,0.06238,141.70,0.09242,-0.04365
1779370281.9836,plane,4905,19,0.67528,0.75206,0.002245,0.13882,0.09675,25.60,0.28971,-0.32031
1779370282.0788,plane,4906,19,0.69281,0.74739,0.004232,0.07992,0.06478,108.13,0.18425,-0.04912
1779370282.1745,plane,4907,19,0.69270,0.64842,0.002706,0.10839,0.08696,152.26,-0.00121,-1.03223
1779370282.2863,plane,4908,19,0.70683,0.66523,0.002741,0.08155,0.07624,76.52,0.12641,0.15032
1779370282.3833,plane,4909,19,0.71945,0.76101,0.002631,0.11755,0.08845,33.21,0.13034,0.98970
1779370282.4790,plane,4910,,,,,,,,,
1779370282.5751,plane,4911,19,0.74735,0.72633,0.002516,0.10873,0.08835,20.66,0.29054,-0.36106
1779370282.6877,plane,4912,19,0.75215,0.65704,0.005768,0.08519,0.06277,22.82,0.04266,-0.61598
1779370282.7818,plane,4913,,,,,,,,,
1779370282.8779,plane,4914,,,,,,,,,
1779370282.9745,plane,4915,19,0.77471,0.65894,0.004651,0.08325,0.07466,157.89,0.23409,0.01969
1779370283.0854,plane,4916,,,,,,,,,
1779370283.1819,plane,4917,19,0.81144,0.71366,0.003075,0.07720,0.07396,75.27,0.38046,0.56684
1779370283.2785,plane,4918,19,0.83728,0.70944,0.003523,0.07413,0.06846,14.65,0.26808,-0.04380
1779370283.3747,plane,4919,19,0.88609,0.75262,0.004457,0.08040,0.06565,70.02,0.50784,0.44928
1779370283.4859,plane,4920,,,,,,,,,
1779370283.5820,plane,4921,,,,,,,,,
1779370283.6789,plane,4922,19,0.95142,0.74321,0.004474,0.09181,0.07976,83.10,0.67622,-0.09746
1779370283.7738,plane,4923,,,,,,,,,
1779370283.8861,plane,4924,19,0.94580,0.67056,0.008574,0.09168,0.07811,1.57,-0.05012,-0.64706
1779370283.9826,plane,4925,19,0.92801,0.72750,0.004835,0.07665,0.07232,44.67,-0.18512,0.59243
1779370284.0792,plane,4926,19,0.91333,0.72894,0.006499,0.08509,0.06640,9.63,-0.15122,0.01483
1779370284.1744,plane,4927,19,0.90056,0.73625,0.006553,0.08875,0.06277,26.85,-0.13472,0.07716
1779370284.2867,plane,4928,19,0.87685,0.72529,0.006427,0.08577,0.06470,23.89,-0.21049,-0.09730
1779370284.3831,plane,4929,19,0.86918,0.70705,0.007360,0.09053,0.06583,49.94,-0.07967,-0.18942
1779370284.4785,plane,4930,19,0.83948,0.70272,0.007077,0.08900,0.06522,49.51,-0.31176,-0.04548
1779370284.5746,plane,4931,19,0.84006,0.64688,0.006978,0.08861,0.06514,42.71,0.00598,-0.58064
1779370284.6869,plane,4932,19,0.81351,0.62981,0.007414,0.09008,0.06483,45.29,-0.23635,-0.15197
1779370284.7828,plane,4933,19,0.80512,0.58760,0.008323,0.08614,0.07334,44.52,-0.08730,-0.43912
1779370284.8795,plane,4934,19,0.78244,0.56164,0.007494,0.08860,0.06651,35.23,-0.23577,-0.26984
1779370284.9747,plane,4935,19,0.76282,0.53472,0.007345,0.08606,0.06707,32.07,-0.20503,-0.28133
1779370285.0863,plane,4936,19,0.73987,0.50949,0.007585,0.08655,0.06829,27.50,-0.20593,-0.22649
1779370285.1833,plane,4937,19,0.71866,0.48926,0.007673,0.08565,0.07114,22.89,-0.21884,-0.20867
1779370285.2787,plane,4938,19,0.69418,0.46995,0.007316,0.08618,0.06846,21.91,-0.25646,-0.20231
1779370285.3746,plane,4939,19,0.67094,0.45441,0.007046,0.08641,0.06673,22.66,-0.24180,-0.16164
1779370285.4865,plane,4940,19,0.64600,0.43847,0.007248,0.08613,0.06823,17.71,-0.22324,-0.14266
1779370285.5832,plane,4941,19,0.62152,0.37801,0.002867,0.11250,0.09002,18.05,-0.25314,-0.62522
1779370285.6782,plane,4942,19,0.60922,0.41281,0.003667,0.07580,0.06633,28.46,-0.12929,0.36606
1779370285.7746,plane,4943,19,0.62373,0.46531,0.005954,0.08863,0.06399,52.77,0.15090,0.54630
1779370285.8858,plane,4944,,,,,,,,,
1779370285.9823,plane,4945,19,0.60654,0.36581,0.006860,0.09126,0.06762,159.50,-0.17830,-1.03229
1779370286.0787,plane,4946,19,0.58204,0.39362,0.002241,0.10751,0.08841,53.18,-0.25433,0.28866
1779370286.1747,plane,4947,19,0.55291,0.38499,0.002818,0.10589,0.08709,165.19,-0.30377,-0.09002
1779370286.2859,plane,4948,19,0.53940,0.43005,0.003803,0.08219,0.07509,79.23,-0.12131,0.40466
1779370286.3823,plane,4949,19,0.57128,0.44011,0.005727,0.08998,0.06633,123.60,0.32992,0.10408
1779370286.4787,plane,4950,19,0.59835,0.46019,0.002097,0.13761,0.09764,44.72,0.28193,0.20913
1779370286.5741,plane,4951,,,,,,,,,
1779370286.6865,plane,4952,19,0.58275,0.48669,0.004769,0.08050,0.06855,166.68,-0.13888,0.23582
1779370286.7826,plane,4953,19,0.57098,0.53240,0.004659,0.08032,0.06400,156.29,-0.12278,0.47708
1779370286.8790,plane,4954,19,0.54878,0.53882,0.006178,0.08777,0.06256,101.73,-0.22971,0.06635
1779370286.9745,plane,4955,19,0.53065,0.55179,0.005497,0.08478,0.06362,119.30,-0.19050,0.13633
1779370287.0869,plane,4956,19,0.55034,0.67655,0.003489,0.07809,0.06819,65.39,0.17484,1.10797
1779370287.1821,plane,4957,,,,,,,,,
1779370287.2781,plane,4958,19,0.53172,0.60619,0.006317,0.08457,0.06481,159.53,-0.19381,-0.73247
1779370287.3739,plane,4959,19,0.50551,0.63843,0.003901,0.07530,0.06273,161.68,-0.27396,0.33696
1779370287.4862,plane,4960,19,0.46582,0.61753,0.004225,0.08223,0.07009,76.59,-0.35378,-0.18631
1779370287.5837,plane,4961,19,0.47435,0.66925,0.003120,0.08278,0.07593,95.13,0.08737,0.52967
1779370287.6775,plane,4962,,,,,,,,,
1779370287.7733,plane,4963,,,,,,,,,
1779370287.8867,plane,4964,19,0.46780,0.73465,0.004015,0.07701,0.06340,100.74,-0.05788,0.57795
1779370287.9816,plane,4965,,,,,,,,,
1779370288.0777,plane,4966,,,,,,,,,
1779370288.1747,plane,4967,19,0.40775,0.73366,0.002999,0.11583,0.08760,61.94,-0.62039,-0.01027
1779370288.2869,plane,4968,19,0.46069,0.60778,0.002833,0.09375,0.08281,178.86,0.47169,-1.12159
1779370288.3828,plane,4969,19,0.41188,0.69939,0.002431,0.24414,0.12271,0.00,-0.50972,0.95662
1779370288.4778,plane,4970,,,,,,,,,
1779370288.5742,plane,4971,19,0.41237,0.63372,0.005110,0.08034,0.06794,28.18,0.00513,-0.68182
1779370288.6863,plane,4972,19,0.43506,0.71359,0.006838,0.08926,0.06380,123.38,0.20288,0.71406
1779370288.7825,plane,4973,19,0.45183,0.68558,0.004059,0.07948,0.06594,107.05,0.17382,-0.29048
1779370288.8786,plane,4974,19,0.47622,0.65064,0.005001,0.09172,0.06973,79.74,0.25518,-0.36550
1779370288.9733,plane,4975,,,,,,,,,
1779370289.0866,plane,4976,19,0.47971,0.60416,0.002502,0.10589,0.08726,146.43,0.03084,-0.41024
1779370289.1824,plane,4977,19,0.47721,0.60384,0.007351,0.09164,0.07489,109.20,-0.02616,-0.00334
1779370289.2778,plane,4978,,,,,,,,,
1779370289.3737,plane,4979,,,,,,,,,
1779370289.4859,plane,4980,19,0.45552,0.59297,0.003309,0.11794,0.08684,165.99,-0.19352,-0.09701
1779370289.5830,plane,4981,19,0.48675,0.47634,0.003131,0.11183,0.08694,7.89,0.32186,-1.20203
1779370289.6777,plane,4982,,,,,,,,,
1779370289.7737,plane,4983,,,,,,,,,
1779370289.8863,plane,4984,19,0.44361,0.45830,0.003026,0.09091,0.08242,178.40,-0.38295,-0.16014
1779370289.9824,plane,4985,19,0.49113,0.58289,0.003516,0.08279,0.07713,6.35,0.49492,1.29786
1779370290.0775,plane,4986,,,,,,,,,
1779370290.1733,plane,4987,,,,,,,,,
1779370290.2862,plane,4988,19,0.44436,0.59479,0.003740,0.08473,0.08076,102.23,-0.41505,0.10556
1779370290.3826,plane,4989,19,0.49108,0.47264,0.003316,0.11094,0.08866,0.75,0.48388,-1.26512
1779370290.4790,plane,4990,19,0.44085,0.55903,0.003086,0.09740,0.09071,166.21,-0.52183,0.89749
1779370290.5735,plane,4991,,,,,,,,,
1779370290.6864,plane,4992,19,0.43513,0.50367,0.005491,0.08052,0.06942,178.78,-0.05059,-0.49039
1779370290.7823,plane,4993,19,0.46905,0.56510,0.007974,0.09487,0.06922,96.17,0.35390,0.64098
1779370290.8783,plane,4994,19,0.47897,0.52779,0.003526,0.07827,0.07269,96.35,0.10371,-0.38985
1779370290.9746,plane,4995,19,0.50362,0.49905,0.004111,0.07889,0.07151,73.05,0.25492,-0.29721
1779370291.0863,plane,4996,19,0.51332,0.49920,0.003192,0.08026,0.07691,37.94,0.08713,0.00128
1779370291.1826,plane,4997,19,0.50867,0.46070,0.002297,0.15655,0.09996,152.63,-0.04824,-0.39906
1779370291.2786,plane,4998,19,0.50257,0.44885,0.006946,0.09452,0.07490,117.34,-0.06379,-0.12381
1779370291.3745,plane,4999,,,,,,,,,
1779370291.4850,plane,5000,,,,,,,,,
1779370291.5821,plane,5001,19,0.48959,0.44056,0.003991,0.08524,0.07809,54.56,-0.13360,-0.08537
1779370291.6783,plane,5002,19,0.51440,0.33739,0.002808,0.10852,0.09060,1.05,0.25823,-1.07396
1779370291.7733,plane,5003,,,,,,,,,
1779370291.8865,plane,5004,19,0.52297,0.45199,0.002633,0.09434,0.08784,14.62,0.07593,1.01486
1779370291.9821,plane,5005,19,0.46184,0.36306,0.004489,0.08307,0.07058,148.11,-0.63717,-0.92685
1779370292.0779,plane,5006,19,0.53027,0.42388,0.003801,0.07748,0.07529,84.19,0.71539,0.63579
1779370292.1738,plane,5007,19,0.52301,0.32461,0.005259,0.08313,0.06334,127.64,-0.07567,-1.03471
1779370292.2852,plane,5008,,,,,,,,,
1779370292.3829,plane,5009,19,0.47879,0.43753,0.003159,0.08477,0.07993,2.77,-0.45273,1.15613
1779370292.4780,plane,5010,19,0.53611,0.31405,0.002806,0.10271,0.08395,18.45,0.60148,-1.29576
1779370292.5737,plane,5011,,,,,,,,,
1779370292.6867,plane,5012,19,0.53439,0.40679,0.006212,0.08551,0.06636,22.54,-0.01529,0.82225
1779370292.7816,plane,5013,,,,,,,,,
1779370292.8786,plane,5014,19,0.49079,0.40444,0.002911,0.09267,0.08275,153.54,-0.44957,-0.02429
1779370292.9740,plane,5015,19,0.48890,0.32012,0.004574,0.08031,0.06569,124.67,-0.01988,-0.88630
1779370293.0859,plane,5016,19,0.47952,0.32907,0.006071,0.08557,0.06424,157.21,-0.08359,0.07985
1779370293.1829,plane,5017,19,0.46327,0.40659,0.004632,0.07996,0.06747,33.76,-0.16797,0.80127
1779370293.2786,plane,5018,19,0.44358,0.38388,0.003014,0.09283,0.07850,101.12,-0.20523,-0.23681
1779370293.3742,plane,5019,19,0.41202,0.38819,0.006278,0.08832,0.06504,92.29,-0.33095,0.04520
1779370293.4861,plane,5020,,,,,,,,,
1779370293.5822,plane,5021,19,0.40542,0.24401,0.002467,0.10665,0.08739,165.84,-0.06857,-1.49729
1779370293.6777,plane,5022,,,,,,,,,
1779370293.7744,plane,5023,19,0.42614,0.29578,0.004320,0.08037,0.06391,112.89,0.21489,0.53686
1779370293.8871,plane,5024,19,0.41451,0.36070,0.003315,0.07522,0.07347,41.99,-0.10307,0.57569
1779370293.9820,plane,5025,,,,,,,,,
1779370294.0779,plane,5026,,,,,,,,,
1779370294.1746,plane,5027,19,0.40517,0.37544,0.005954,0.08221,0.06599,7.12,-0.09645,0.15228
1779370294.2862,plane,5028,19,0.37124,0.35279,0.002106,0.18121,0.10498,72.33,-0.30456,-0.20330
1779370294.3822,plane,5029,19,0.31422,0.37010,0.002887,0.08302,0.07720,89.73,-0.59282,0.17992
1779370294.4805,plane,5030,19,0.33290,0.42550,0.002045,0.15623,0.10183,156.41,0.19059,0.56522
1779370294.5739,plane,5031,19,0.36273,0.32229,0.002291,0.12143,0.09186,14.71,0.31847,-1.10189
1779370294.6853,plane,5032,,,,,,,,,
1779370294.7826,plane,5033,19,0.36393,0.41406,0.005093,0.08125,0.06427,24.83,0.01237,0.94573
1779370294.8777,plane,5034,,,,,,,,,
1779370294.9734,plane,5035,,,,,,,,,
1779370295.0865,plane,5036,19,0.31887,0.38866,0.002190,0.16900,0.10247,115.71,-0.39894,-0.22486
1779370295.1831,plane,5037,19,0.29862,0.37681,0.005578,0.08479,0.06286,41.63,-0.20903,-0.12235
1779370295.2781,plane,5038,19,0.28302,0.36705,0.005295,0.08426,0.06174,41.20,-0.16431,-0.10285
1779370295.3746,plane,5039,19,0.25719,0.33573,0.004834,0.08155,0.06449,45.47,-0.26723,-0.32398
1779370295.4873,plane,5040,19,0.23009,0.32048,0.007107,0.09121,0.06470,88.51,-0.24106,-0.13565
1779370295.5830,plane,5041,19,0.20143,0.30520,0.003794,0.07755,0.06899,103.52,-0.29898,-0.15946
1779370295.6780,plane,5042,19,0.21753,0.25398,0.002557,0.11095,0.08773,170.85,0.16960,-0.53968
1779370295.7745,plane,5043,19,0.19648,0.24871,0.005403,0.08415,0.06372,72.44,-0.21759,-0.05449
1779370295.8851,plane,5044,,,,,,,,,
1779370295.9818,plane,5045,,,,,,,,,
1779370296.0788,plane,5046,19,0.19750,0.21309,0.007195,0.09010,0.06489,57.03,0.01050,-0.36735
1779370296.1749,plane,5047,19,0.15432,0.17147,0.003720,0.07764,0.07669,114.55,-0.44830,-0.43210
1779370296.2865,plane,5048,19,0.13459,0.12982,0.004851,0.08236,0.06327,145.97,-0.17716,-0.37409
1779370296.3827,plane,5049,19,0.14808,0.03062,0.002229,0.12883,0.09612,27.75,0.13994,-1.02892
1779370296.4782,plane,5050,19,0.15012,0.02673,0.002828,0.21909,0.12331,142.85,0.02131,-0.04081
1779370296.5744,plane,5051,19,0.10153,0.08578,0.008723,0.09004,0.07415,18.60,-0.50422,0.61275
1779370296.6866,plane,5052,19,0.14259,0.06879,0.004652,0.07905,0.07249,70.57,0.36672,-0.15170
1779370296.7825,plane,5053,19,0.17421,0.15733,0.002240,0.14572,0.09670,118.90,0.32940,0.92206
1779370296.8779,plane,5054,,,,,,,,,
1779370296.9742,plane,5055,19,0.10932,0.08084,0.005163,0.08772,0.06182,44.03,-0.67347,-0.79372
1779370297.0864,plane,5056,19,0.14298,0.16667,0.002433,0.12319,0.09346,38.87,0.29972,0.76427
1779370297.1824,plane,5057,19,0.09777,0.15090,0.002540,0.09609,0.08133,97.05,-0.47191,-0.16467
1779370297.2793,plane,5058,19,0.13763,0.06175,0.002250,0.09035,0.08315,84.21,0.41056,-0.91822
1779370297.3754,plane,5059,19,0.11269,0.15640,0.005685,0.08248,0.06407,174.85,-0.25943,0.98436
1779370297.4865,plane,5060,19,0.13759,0.11014,0.007618,0.08872,0.06640,55.98,0.22449,-0.41701
1779370297.5816,plane,5061,,,,,,,,,
1779370297.6774,plane,5062,,,,,,,,,
1779370297.7746,plane,5063,19,0.13642,0.12809,0.004688,0.08008,0.06540,34.98,-0.01201,0.18446
1779370297.8866,plane,5064,19,0.12836,0.21563,0.003116,0.09310,0.08418,26.97,-0.07201,0.78187
1779370297.9820,plane,5065,19,0.13550,0.17528,0.002991,0.07925,0.07270,177.42,0.07479,-0.42276
1779370298.0778,plane,5066,,,,,,,,,
1779370298.1763,plane,5067,19,0.14612,0.22764,0.003652,0.07844,0.07191,125.44,0.10753,0.53010
1779370298.2864,plane,5068,19,0.11867,0.13428,0.003821,0.07892,0.07482,83.17,-0.24941,-0.84844
1779370298.3846,plane,5069,,,,,,,,,
1779370298.4783,plane,5070,19,0.11929,0.21057,0.008114,0.08732,0.07139,158.80,0.00657,0.81322
1779370298.5750,plane,5071,19,0.14490,0.16066,0.004567,0.07790,0.06471,18.70,0.26490,-0.51627
1779370298.6869,plane,5072,19,0.17667,0.20912,0.003152,0.08538,0.08017,158.88,0.28389,0.43303
1779370298.7824,plane,5073,19,0.16767,0.16369,0.004384,0.07834,0.06683,28.57,-0.09442,-0.47671
1779370298.8787,plane,5074,19,0.12733,0.12194,0.003450,0.07897,0.07476,24.41,-0.41793,-0.43256
1779370298.9744,plane,5075,19,0.22966,0.18581,0.003160,0.07688,0.07534,97.41,1.07189,0.66897
1779370299.0865,plane,5076,19,0.15491,0.10085,0.003754,0.07820,0.07305,72.81,-0.66597,-0.75694
1779370299.1822,plane,5077,19,0.15804,0.19846,0.006687,0.08980,0.06384,131.42,0.03274,1.02108
1779370299.2783,plane,5078,19,0.12705,0.18699,0.003760,0.07582,0.06895,156.98,-0.32206,-0.11914
1779370299.3744,plane,5079,,,,,,,,,
1779370299.4863,plane,5080,19,0.14767,0.19396,0.005351,0.08599,0.06392,134.89,0.18486,0.06250
1779370299.5830,plane,5081,19,0.15925,0.11822,0.007358,0.08883,0.06576,41.40,0.11959,-0.78170
1779370299.6783,plane,5082,19,0.16564,0.11473,0.007712,0.08987,0.06696,40.11,0.06697,-0.03660
1779370299.7748,plane,5083,19,0.17684,0.17870,0.005497,0.07629,0.07510,71.46,0.11600,0.66231
1779370299.8865,plane,5084,19,0.19911,0.17044,0.006536,0.08520,0.06634,7.63,0.19960,-0.07404
1779370299.9841,plane,5085,19,0.21502,0.19287,0.006712,0.09009,0.06244,139.38,0.16274,0.22952
1779370300.0792,plane,5086,19,0.23907,0.19342,0.006356,0.08796,0.06219,141.81,0.25280,0.00571
1779370300.1746,plane,5087,19,0.23918,0.14271,0.005288,0.08364,0.06397,140.30,0.00115,-0.53279
1779370300.2864,plane,5088,19,0.26678,0.14082,0.005927,0.08694,0.06185,147.73,0.24626,-0.01679
1779370300.3821,plane,5089,19,0.26589,0.06147,0.005693,0.08612,0.06630,48.27,-0.00933,-0.83094
1779370300.4783,plane,5090,19,0.29355,0.06049,0.004459,0.07894,0.06740,45.81,0.28709,-0.01022
1779370300.5748,plane,5091,19,0.27725,0.11561,0.005120,0.08285,0.06862,46.31,-0.16918,0.57198
1779370300.6869,plane,5092,19,0.30655,0.10980,0.004086,0.07758,0.07442,52.56,0.26136,-0.05182
1779370300.7836,plane,5093,19,0.31688,0.18972,0.005553,0.08463,0.06653,103.03,0.10694,0.82722
1779370300.8783,plane,5094,19,0.32919,0.13777,0.004388,0.07781,0.06796,21.13,0.12962,-0.54716
1779370300.9741,plane,5095,19,0.29879,0.06853,0.003082,0.09462,0.08378,107.53,-0.31806,-0.72463
1779370301.0868,plane,5096,19,0.39450,0.16107,0.004762,0.07854,0.06416,3.35,0.84743,0.81946
1779370301.1820,plane,5097,19,0.32906,0.08670,0.003323,0.08194,0.07948,169.02,-0.68807,-0.78193
1779370301.2794,plane,5098,19,0.32179,0.17145,0.005834,0.08593,0.06389,141.55,-0.07474,0.87162
1779370301.3743,plane,5099,19,0.29506,0.18059,0.002190,0.12057,0.08977,79.20,-0.28103,0.09610
1779370301.4861,plane,5100,19,0.39151,0.10093,0.002557,0.12765,0.09037,79.97,0.86272,-0.71254
1779370301.5821,plane,5101,19,0.33739,0.18880,0.006234,0.08782,0.06524,82.14,-0.56371,0.91525
1779370301.6783,plane,5102,19,0.32574,0.08170,0.002106,0.16607,0.10452,151.50,-0.12127,-1.11557
1779370301.7746,plane,5103,19,0.29872,0.07357,0.002996,0.08749,0.07792,104.62,-0.28037,-0.08433
1779370301.8863,plane,5104,19,0.32595,0.18669,0.002918,0.10384,0.08506,20.45,0.24350,1.01146
1779370301.9826,plane,5105,19,0.31127,0.11051,0.004176,0.09815,0.07978,69.85,-0.15270,-0.79230
1779370302.0782,plane,5106,19,0.32425,0.13734,0.004105,0.08426,0.06187,113.15,0.13563,0.28039
1779370302.1740,plane,5107,19,0.34065,0.06428,0.003674,0.07816,0.07289,45.32,0.17139,-0.76343
1779370302.2871,plane,5108,19,0.34656,0.03317,0.003650,0.09716,0.09151,153.12,0.05225,-0.27476
1779370302.3821,plane,5109,19,0.37121,0.16413,0.003893,0.07953,0.07353,103.48,0.25984,1.38044
1779370302.4788,plane,5110,19,0.34325,0.05324,0.003713,0.10553,0.07966,151.49,-0.28897,-1.14570
1779370302.5735,plane,5111,,,,,,,,,
1779370302.6863,plane,5112,19,0.33682,0.17787,0.002502,0.11259,0.09104,4.83,-0.05706,1.10633
1779370302.7825,plane,5113,,,,,,,,,
1779370302.8783,plane,5114,19,0.31859,0.11730,0.004734,0.08037,0.07327,155.52,-0.19026,-0.63226
1779370302.9742,plane,5115,19,0.33483,0.06897,0.004062,0.07685,0.06807,15.96,0.16929,-0.50406
1779370303.0860,plane,5116,19,0.37359,0.03301,0.002357,0.18971,0.11055,36.89,0.34706,-0.32190
1779370303.1812,plane,5117,,,,,,,,,
1779370303.2780,plane,5118,19,0.33325,0.05011,0.004142,0.08727,0.07955,7.40,-0.41712,0.17679
1779370303.3737,plane,5119,,,,,,,,,
1779370303.4865,plane,5120,19,0.33973,0.13583,0.008002,0.08732,0.07234,148.86,0.05744,0.75937
1779370303.5832,plane,5121,19,0.36299,0.05988,0.003009,0.13422,0.08724,107.98,0.24065,-0.78577
1779370303.6777,plane,5122,,,,,,,,,
1779370303.7742,plane,5123,19,0.40683,0.04649,0.004081,0.08014,0.07736,78.66,0.45483,-0.13893
1779370303.8861,plane,5124,19,0.38625,0.02920,0.003176,0.09099,0.08457,80.32,-0.18377,-0.15446
1779370303.9819,plane,5125,19,0.42268,0.13378,0.004503,0.07719,0.06499,168.05,0.38014,1.09145
1779370304.0787,plane,5126,19,0.38895,0.07618,0.008862,0.09693,0.07291,89.34,-0.34911,-0.59622
1779370304.1744,plane,5127,19,0.37122,0.10547,0.003972,0.07849,0.07508,106.24,-0.18497,0.30549
1779370304.2860,plane,5128,19,0.35355,0.15175,0.003301,0.09094,0.08103,154.64,-0.15832,0.41463
1779370304.3822,plane,5129,19,0.34497,0.16531,0.005512,0.08680,0.06086,68.65,-0.08919,0.14097
1779370304.4784,plane,5130,19,0.35761,0.19752,0.003821,0.07785,0.07414,73.73,0.13161,0.33537
1779370304.5746,plane,5131,19,0.35601,0.22295,0.005237,0.08418,0.07021,124.27,-0.01663,0.26401
1779370304.6852,plane,5132,,,,,,,,,
1779370304.7816,plane,5133,,,,,,,,,
1779370304.8787,plane,5134,19,0.38298,0.26894,0.007170,0.09184,0.07058,110.17,0.27707,0.47238
1779370304.9744,plane,5135,19,0.35016,0.31102,0.003711,0.07737,0.07357,90.82,-0.34293,0.43972
1779370305.0861,plane,5136,19,0.34914,0.34936,0.006022,0.08617,0.06464,85.35,-0.00908,0.34316
1779370305.1820,plane,5137,19,0.35363,0.38576,0.005822,0.08713,0.06459,132.27,0.04680,0.37974
1779370305.2777,plane,5138,,,,,,,,,
1779370305.3745,plane,5139,19,0.29322,0.43954,0.003479,0.07882,0.06340,44.53,-0.62584,0.55710
1779370305.4858,plane,5140,,,,,,,,,
1779370305.5827,plane,5141,19,0.30831,0.51496,0.006483,0.08848,0.06177,147.38,0.15599,0.77947
1779370305.6793,plane,5142,19,0.32548,0.46706,0.002613,0.10411,0.08245,81.64,0.17755,-0.49541
1779370305.7741,plane,5143,19,0.36052,0.49085,0.005858,0.08560,0.06244,74.40,0.36924,0.25062
1779370305.8858,plane,5144,,,,,,,,,
1779370305.9824,plane,5145,19,0.31649,0.36082,0.003020,0.10516,0.08566,126.46,-0.45503,-1.34366
1779370306.0788,plane,5146,19,0.37017,0.48676,0.003984,0.09467,0.08289,37.99,0.55740,1.30760
1779370306.1751,plane,5147,19,0.32250,0.41021,0.004110,0.09441,0.08295,70.58,-0.49540,-0.79563
1779370306.2859,plane,5148,,,,,,,,,
1779370306.3825,plane,5149,19,0.32969,0.46201,0.005617,0.08457,0.06309,155.93,0.07450,0.53694
1779370306.4784,plane,5150,19,0.34671,0.38029,0.006917,0.09218,0.07120,70.50,0.17712,-0.85053
1779370306.5750,plane,5151,19,0.36493,0.40927,0.002930,0.08427,0.07814,101.58,0.18905,0.30065
1779370306.6869,plane,5152,19,0.39223,0.43645,0.005551,0.09432,0.06061,119.63,0.24383,0.24282
1779370306.7820,plane,5153,,,,,,,,,
1779370306.8776,plane,5154,,,,,,,,,
1779370306.9745,plane,5155,19,0.39287,0.47769,0.005327,0.08110,0.07666,85.54,0.00659,0.42584
1779370307.0866,plane,5156,19,0.37343,0.51841,0.003172,0.08632,0.07988,41.86,-0.17374,0.36390
1779370307.1833,plane,5157,19,0.35253,0.54169,0.006127,0.08851,0.06406,81.59,-0.21580,0.24043
1779370307.2786,plane,5158,19,0.34484,0.56581,0.005478,0.08369,0.06634,116.76,-0.08073,0.25320
1779370307.3742,plane,5159,,,,,,,,,
1779370307.4867,plane,5160,19,0.28815,0.61471,0.002136,0.09199,0.08582,169.93,-0.50427,0.43493
1779370307.5818,plane,5161,,,,,,,,,
1779370307.6782,plane,5162,19,0.29143,0.69136,0.006419,0.08669,0.06438,157.73,0.03403,0.79519
1779370307.7746,plane,5163,19,0.31184,0.64657,0.002245,0.12372,0.08907,86.00,0.21161,-0.46444
1779370307.8865,plane,5164,19,0.34888,0.67632,0.005827,0.08698,0.06087,69.75,0.33150,0.26621
1779370307.9819,plane,5165,,,,,,,,,
1779370308.0787,plane,5166,19,0.29703,0.56063,0.003074,0.09119,0.08217,123.63,-0.53580,-1.19559
1779370308.1749,plane,5167,19,0.35824,0.67823,0.003430,0.10050,0.08556,18.60,0.63623,1.22253
1779370308.2856,plane,5168,,,,,,,,,
1779370308.3816,plane,5169,,,,,,,,,
1779370308.4783,plane,5170,19,0.30715,0.67893,0.003711,0.10930,0.08566,66.39,-0.52912,0.00727
1779370308.5738,plane,5171,,,,,,,,,
1779370308.6866,plane,5172,19,0.31302,0.60628,0.005871,0.09119,0.06254,18.11,0.05203,-0.64408
1779370308.7825,plane,5173,19,0.32586,0.62450,0.004308,0.08695,0.06038,69.89,0.13390,0.18994
1779370308.8784,plane,5174,19,0.35169,0.60044,0.002446,0.12460,0.09271,156.73,0.26942,-0.25103
1779370308.9739,plane,5175,,,,,,,,,
1779370309.0866,plane,5176,19,0.36404,0.65374,0.003238,0.08542,0.07926,176.56,0.10972,0.47329
1779370309.1828,plane,5177,19,0.36171,0.74008,0.002738,0.11743,0.08703,114.14,-0.02429,0.89711
1779370309.2784,plane,5178,19,0.31448,0.72999,0.002592,0.09521,0.08020,99.08,-0.49463,-0.10573
1779370309.3738,plane,5179,,,,,,,,,
1779370309.4860,plane,5180,19,0.32947,0.75685,0.002621,0.09273,0.08234,62.20,0.13361,0.23940
1779370309.5824,plane,5181,,,,,,,,,
1779370309.6782,plane,5182,,,,,,,,,
1779370309.7739,plane,5183,,,,,,,,,
1779370309.8856,plane,5184,,,,,,,,,
1779370309.9827,plane,5185,19,0.30274,0.70705,0.008419,0.08880,0.07500,15.23,-0.27585,-0.51400
1779370310.0788,plane,5186,19,0.32867,0.76992,0.002109,0.26617,0.12636,88.52,0.26943,0.65343
1779370310.1739,plane,5187,,,,,,,,,
1779370310.2866,plane,5188,19,0.35361,0.79810,0.002297,0.09858,0.08293,60.77,0.22135,0.25007
1779370310.3815,plane,5189,,,,,,,,,
1779370310.4779,plane,5190,,,,,,,,,
1779370310.5747,plane,5191,19,0.31603,0.81323,0.003184,0.10170,0.08080,69.13,-0.38838,0.15638
1779370310.6865,plane,5192,,,,,,,,,
1779370310.7829,plane,5193,19,0.32581,0.74308,0.006131,0.09099,0.06218,23.74,0.10122,-0.72611
1779370310.8782,plane,5194,19,0.34616,0.76780,0.003281,0.08637,0.06792,76.25,0.21340,0.25937
1779370310.9735,plane,5195,,,,,,,,,
1779370311.0864,plane,5196,19,0.37757,0.87702,0.002012,0.13435,0.09567,159.83,0.27847,0.96799
1779370311.1823,plane,5197,19,0.33560,0.83434,0.002479,0.08239,0.07343,19.09,-0.43751,-0.44481
1779370311.2778,plane,5198,,,,,,,,,
1779370311.3752,plane,5199,19,0.34484,0.88085,0.002777,0.10829,0.08523,62.22,0.09474,0.47695
1779370311.4857,plane,5200,,,,,,,,,
1779370311.5825,plane,5201,,,,,,,,,
1779370311.6781,plane,5202,,,,,,,,,
1779370311.7737,plane,5203,,,,,,,,,
1779370311.8867,plane,5204,19,0.32256,0.84569,0.007346,0.09091,0.06631,169.29,-0.19667,-0.31044
1779370311.9823,plane,5205,19,0.35216,0.83462,0.002875,0.08443,0.07677,82.61,0.30961,-0.11578
1779370312.0788,plane,5206,19,0.38487,0.85590,0.004617,0.08013,0.06629,72.92,0.34031,0.22140
1779370312.1741,plane,5207,,,,,,,,,
1779370312.2861,plane,5208,19,0.35572,0.74192,0.002782,0.09580,0.08281,163.82,-0.26014,-1.01711
1779370312.3825,plane,5209,19,0.40291,0.84770,0.002104,0.12668,0.08242,32.04,0.49064,1.09967
1779370312.4782,plane,5210,,,,,,,,,
1779370312.5740,plane,5211,,,,,,,,,
1779370312.6868,plane,5212,19,0.36901,0.84937,0.003630,0.08571,0.06953,117.17,-0.30129,0.01490
1779370312.7829,plane,5213,19,0.42042,0.74698,0.002484,0.08729,0.05907,140.97,0.53350,-1.06246
1779370312.8785,plane,5214,19,0.35801,0.79146,0.003289,0.10057,0.08443,104.45,-0.65287,0.46525
1779370312.9739,plane,5215,,,,,,,,,
1779370313.0869,plane,5216,19,0.36397,0.77424,0.005317,0.08040,0.07340,15.36,0.05275,-0.15259
1779370313.1828,plane,5217,19,0.39172,0.81147,0.007324,0.09798,0.06235,101.32,0.28968,0.38861
1779370313.2779,plane,5218,,,,,,,,,
1779370313.3735,plane,5219,,,,,,,,,
1779370313.4870,plane,5220,19,0.40243,0.80646,0.003547,0.07893,0.07257,103.40,0.09450,-0.04422
1779370313.5829,plane,5221,19,0.40739,0.69593,0.003355,0.10054,0.08645,157.92,0.05160,-1.15105
1779370313.6783,plane,5222,19,0.40150,0.76001,0.002626,0.09005,0.07695,14.61,-0.06163,0.67084
1779370313.7742,plane,5223,,,,,,,,,
1779370313.8870,plane,5224,19,0.41931,0.68692,0.003177,0.09121,0.09013,34.53,0.15799,-0.64841
1779370313.9824,plane,5225,19,0.40345,0.79461,0.002219,0.14450,0.09906,161.14,-0.16632,1.12981
1779370314.0776,plane,5226,,,,,,,,,
1779370314.1735,plane,5227,,,,,,,,,
1779370314.2859,plane,5228,19,0.42910,0.81770,0.002477,0.11079,0.08955,22.48,0.22812,0.20539
1779370314.3830,plane,5229,19,0.38319,0.68718,0.002753,0.13877,0.09237,166.57,-0.47360,-1.34656
1779370314.4791,plane,5230,,,,,,,,,
1779370314.5747,plane,5231,19,0.37844,0.78481,0.006836,0.08858,0.06684,162.56,-0.04971,1.02211
1779370314.6861,plane,5232,,,,,,,,,
1779370314.7827,plane,5233,19,0.41641,0.77097,0.003459,0.08637,0.08361,46.09,0.39327,-0.14337
1779370314.8786,plane,5234,19,0.42334,0.71246,0.006259,0.08586,0.06352,23.42,0.07258,-0.61247
1779370314.9747,plane,5235,19,0.43578,0.70457,0.006868,0.08710,0.06468,23.11,0.12889,-0.08181
1779370315.0865,plane,5236,19,0.46503,0.72293,0.003077,0.08713,0.07595,87.63,0.26159,0.16416
1779370315.1825,plane,5237,19,0.49564,0.71867,0.005520,0.08599,0.07024,75.88,0.31965,-0.04445
1779370315.2778,plane,5238,,,,,,,,,
1779370315.3751,plane,5239,19,0.47085,0.82853,0.005371,0.08381,0.07444,16.26,-0.25579,1.13360
1779370315.4865,plane,5240,19,0.48110,0.74205,0.002265,0.16356,0.10195,122.87,0.09188,-0.77541
1779370315.5823,plane,5241,,,,,,,,,
1779370315.6787,plane,5242,19,0.49773,0.76874,0.004055,0.07898,0.06864,25.65,0.17250,0.27672
1779370315.7743,plane,5243,19,0.51247,0.80503,0.004066,0.07706,0.06798,31.88,0.15423,0.37981
1779370315.8874,plane,5244,19,0.54436,0.80954,0.007122,0.09538,0.06469,97.67,0.28220,0.03991
1779370315.9824,plane,5245,19,0.55613,0.82481,0.006471,0.09294,0.06316,61.90,0.12383,0.16067
1779370316.0785,plane,5246,19,0.52999,0.95555,0.003323,0.08868,0.08053,26.15,-0.27166,1.35922
1779370316.1738,plane,5247,,,,,,,,,
1779370316.2864,plane,5248,19,0.54471,0.86763,0.006232,0.08900,0.06400,29.94,0.13074,-0.78106
1779370316.3825,plane,5249,19,0.56770,0.91706,0.002565,0.09069,0.07892,87.95,0.23907,0.51409
1779370316.4784,plane,5250,19,0.62536,0.89144,0.002636,0.11174,0.08512,67.24,0.60421,-0.26844
1779370316.5746,plane,5251,19,0.61325,0.94738,0.004125,0.07998,0.06605,103.13,-0.12539,0.57938
1779370316.6857,plane,5252,,,,,,,,,
1779370316.7826,plane,5253,19,0.65440,0.83050,0.002375,0.14886,0.09952,27.40,0.42533,-1.20812
1779370316.8788,plane,5254,19,0.59279,0.95304,0.002857,0.09980,0.08238,158.00,-0.64000,1.27299
1779370316.9742,plane,5255,19,0.65431,0.87157,0.002313,0.10054,0.08966,14.36,0.64484,-0.85401
1779370317.0855,plane,5256,,,,,,,,,
1779370317.1822,plane,5257,19,0.65549,0.92853,0.006760,0.08596,0.06601,15.34,0.01220,0.58907
1779370317.2788,plane,5258,19,0.62746,0.85399,0.004218,0.07810,0.07323,169.05,-0.29115,-0.77432
1779370317.3749,plane,5259,19,0.60275,0.94122,0.003732,0.07847,0.06870,71.72,-0.25670,0.90599
1779370317.4858,plane,5260,,,,,,,,,
1779370317.5827,plane,5261,19,0.62837,0.83600,0.003230,0.12029,0.08715,72.32,0.26474,-1.08734
1779370317.6789,plane,5262,19,0.58854,0.94039,0.004176,0.09295,0.08202,135.52,-0.41449,1.08632
1779370317.7752,plane,5263,19,0.61898,0.87843,0.004313,0.09746,0.08481,109.81,0.31612,-0.64345
1779370317.8853,plane,5264,,,,,,,,,
1779370317.9826,plane,5265,19,0.61536,0.94188,0.002948,0.12903,0.09003,115.02,-0.03739,0.65448
1779370318.0783,plane,5266,19,0.60154,0.82961,0.003118,0.09803,0.09049,18.59,-0.14394,-1.16993
1779370318.1748,plane,5267,19,0.60060,0.91455,0.003677,0.09297,0.08846,63.32,-0.00978,0.88265
1779370318.2858,plane,5268,,,,,,,,,
1779370318.3818,plane,5269,19,0.60963,0.83526,0.002007,0.15436,0.09878,69.15,0.09412,-0.82613
1779370318.4784,plane,5270,19,0.61727,0.95028,0.002875,0.10258,0.08801,168.74,0.07928,1.19468
1779370318.5736,plane,5271,,,,,,,,,
1779370318.6862,plane,5272,,,,,,,,,
1779370318.7813,plane,5273,,,,,,,,,
1779370318.8786,plane,5274,19,0.63316,0.86424,0.007709,0.09551,0.06894,1.71,0.16395,-0.88766
1779370318.9749,plane,5275,19,0.59906,0.90974,0.002248,0.15700,0.10289,116.06,-0.35363,0.47192
1779370319.0866,plane,5276,19,0.56097,0.85256,0.004803,0.08175,0.06992,55.95,-0.34122,-0.51226
1779370319.1823,plane,5277,,,,,,,,,
1779370319.2784,plane,5278,19,0.61410,0.95522,0.003089,0.09511,0.08824,158.19,0.55277,1.06802
1779370319.3745,plane,5279,19,0.54088,0.86912,0.003330,0.09284,0.08970,10.77,-0.76438,-0.89874
1779370319.4865,plane,5280,19,0.61266,0.91293,0.002604,0.09295,0.09110,156.53,0.64029,0.39069
1779370319.5819,plane,5281,,,,,,,,,
1779370319.6793,plane,5282,19,0.61359,0.84639,0.003510,0.09884,0.08719,83.77,0.00955,-0.68194
1779370319.7754,plane,5283,19,0.56276,0.93734,0.003491,0.09528,0.09033,38.11,-0.52918,0.94681
1779370319.8869,plane,5284,19,0.61297,0.89390,0.002938,0.11353,0.09071,81.22,0.45017,-0.38958
1779370319.9819,plane,5285,,,,,,,,,
1779370320.0782,plane,5286,19,0.59866,0.94828,0.003481,0.09779,0.08218,99.69,-0.14849,0.56466
1779370320.1746,plane,5287,19,0.57507,0.84887,0.003211,0.10091,0.09145,179.70,-0.24552,-1.03443
1779370320.2868,plane,5288,19,0.58715,0.92193,0.002619,0.09574,0.09062,115.93,0.10737,0.64929
1779370320.3818,plane,5289,,,,,,,,,
1779370320.4771,plane,5290,,,,,,,,,
1779370320.5745,plane,5291,19,0.57518,0.94879,0.002279,0.10602,0.09298,21.57,-0.12293,0.27589
1779370320.6872,plane,5292,19,0.56986,0.87045,0.002440,0.09524,0.08921,158.63,-0.04726,-0.69585
1779370320.7823,plane,5293,,,,,,,,,
1779370320.8773,plane,5294,,,,,,,,,
1779370320.9736,plane,5295,,,,,,,,,
1779370321.0861,plane,5296,19,0.54964,0.94395,0.002489,0.11122,0.08835,3.52,-0.17986,0.65355
1779370321.1814,plane,5297,,,,,,,,,
1779370321.2774,plane,5298,,,,,,,,,
1779370321.3745,plane,5299,19,0.61011,0.95670,0.003009,0.09427,0.08576,150.39,0.62407,0.13164
1779370321.4869,plane,5300,19,0.54843,0.85211,0.002575,0.13537,0.09573,169.44,-0.54794,-0.92925
1779370321.5818,plane,5301,,,,,,,,,
1779370321.6780,plane,5302,,,,,,,,,
1779370321.7743,plane,5303,19,0.60681,0.85164,0.003174,0.09892,0.09103,57.34,0.60413,-0.00483
1779370321.8866,plane,5304,19,0.55773,0.94297,0.003318,0.08444,0.08233,118.56,-0.43798,0.81500
1779370321.9826,plane,5305,19,0.60905,0.91392,0.002770,0.10195,0.08650,105.71,0.53344,-0.30203
1779370322.0783,plane,5306,,,,,,,,,
1779370322.1747,plane,5307,19,0.59137,0.95762,0.003077,0.08820,0.06994,90.34,-0.18359,0.45387
1779370322.2863,plane,5308,19,0.56999,0.85447,0.003231,0.10920,0.09067,1.46,-0.19117,-0.92202
1779370322.3823,plane,5309,19,0.58694,0.92219,0.002140,0.08700,0.06227,81.35,0.17691,0.70675
1779370322.4786,plane,5310,,,,,,,,,
1779370322.5737,plane,5311,,,,,,,,,
1779370322.6863,plane,5312,19,0.58903,0.94935,0.003006,0.09298,0.08272,177.40,0.01857,0.24139
1779370322.7822,plane,5313,19,0.58909,0.91176,0.002126,0.11430,0.09248,86.47,0.00068,-0.39215
1779370322.8780,plane,5314,,,,,,,,,
1779370322.9735,plane,5315,,,,,,,,,
1779370323.0863,plane,5316,19,0.59440,0.83950,0.002470,0.10687,0.08752,2.97,0.04714,-0.64158
1779370323.1824,plane,5317,,,,,,,,,
1779370323.2775,plane,5318,,,,,,,,,
1779370323.3739,plane,5319,,,,,,,,,
1779370323.4866,plane,5320,19,0.60968,0.90727,0.006773,0.09145,0.06470,175.69,0.13587,0.60265
1779370323.5828,plane,5321,19,0.57230,0.87228,0.002541,0.13193,0.09364,48.58,-0.38801,-0.36328
1779370323.6793,plane,5322,19,0.53881,0.94946,0.004084,0.07906,0.06538,106.50,-0.34687,0.79930
1779370323.7740,plane,5323,,,,,,,,,
1779370323.8870,plane,5324,19,0.58466,0.84409,0.002658,0.12443,0.09070,29.41,0.40536,-0.93155
1779370323.9822,plane,5325,19,0.52966,0.93905,0.002570,0.12891,0.09150,19.80,-0.57642,0.99538
1779370324.0777,plane,5326,,,,,,,,,
1779370324.1751,plane,5327,19,0.52512,0.86592,0.003979,0.07503,0.06491,7.74,-0.04661,-0.75064
1779370324.2875,plane,5328,19,0.55272,0.94731,0.005471,0.08733,0.05847,108.02,0.24624,0.72633
1779370324.3833,plane,5329,19,0.55910,0.90847,0.003472,0.08962,0.06869,83.02,0.06643,-0.40426
1779370324.4785,plane,5330,19,0.58135,0.88313,0.005203,0.08532,0.06034,70.97,0.23415,-0.26664
1779370324.5748,plane,5331,,,,,,,,,
1779370324.6868,plane,5332,,,,,,,,,
1779370324.7826,plane,5333,19,0.59482,0.83262,0.006049,0.08843,0.06167,46.13,0.14025,-0.52612
1779370324.8792,plane,5334,19,0.57480,0.79902,0.003711,0.07675,0.06528,37.77,-0.20756,-0.34833
1779370324.9753,plane,5335,19,0.55599,0.78292,0.005958,0.08624,0.06380,84.63,-0.19553,-0.16741
1779370325.0866,plane,5336,19,0.54747,0.75869,0.005827,0.08579,0.06367,42.68,-0.07654,-0.21751
1779370325.1827,plane,5337,19,0.56064,0.64972,0.003433,0.08312,0.07791,35.48,0.13706,-1.13402
1779370325.2777,plane,5338,,,,,,,,,
1779370325.3747,plane,5339,19,0.54707,0.74283,0.007641,0.09064,0.06580,45.35,-0.14007,0.96117
1779370325.4867,plane,5340,19,0.52357,0.69022,0.002443,0.10736,0.08389,101.92,-0.20954,-0.46910
1779370325.5827,plane,5341,19,0.48426,0.69815,0.005385,0.08731,0.05871,110.15,-0.41124,0.08295
1779370325.6788,plane,5342,,,,,,,,,
1779370325.7738,plane,5343,,,,,,,,,
1779370325.8866,plane,5344,19,0.46361,0.70501,0.003137,0.09184,0.08504,29.66,-0.18336,0.06091
1779370325.9832,plane,5345,19,0.51089,0.58267,0.002726,0.10645,0.08535,20.11,0.48819,-1.26321
1779370326.0780,plane,5346,19,0.46370,0.67916,0.003511,0.09354,0.07666,143.76,-0.49805,1.01821
1779370326.1737,plane,5347,,,,,,,,,
1779370326.2872,plane,5348,19,0.46238,0.57466,0.002172,0.10033,0.08928,122.16,-0.01162,-0.91967
1779370326.3825,plane,5349,19,0.48959,0.69344,0.004210,0.08920,0.07458,73.01,0.28587,1.24794
1779370326.4793,plane,5350,19,0.45860,0.61182,0.002207,0.11998,0.09360,131.03,-0.31957,-0.84169
1779370326.5735,plane,5351,,,,,,,,,
1779370326.6870,plane,5352,19,0.47695,0.71192,0.002684,0.10628,0.08632,12.63,0.16207,0.88401
1779370326.7823,plane,5353,,,,,,,,,
1779370326.8791,plane,5354,19,0.50241,0.65944,0.004990,0.08296,0.06237,58.54,0.26301,-0.54215
1779370326.9747,plane,5355,19,0.49028,0.61240,0.003230,0.08303,0.07625,93.12,-0.12685,-0.49201
1779370327.0868,plane,5356,19,0.46002,0.62947,0.002228,0.12790,0.09365,17.02,-0.27003,0.15232
1779370327.1826,plane,5357,19,0.44618,0.62473,0.004398,0.08070,0.06244,71.52,-0.14440,-0.04941
1779370327.2786,plane,5358,,,,,,,,,
1779370327.3739,plane,5359,,,,,,,,,
1779370327.4861,plane,5360,19,0.46273,0.63879,0.002063,0.14526,0.09758,18.39,0.14754,0.12527
1779370327.5827,plane,5361,19,0.40870,0.53998,0.005266,0.08157,0.06708,163.59,-0.55969,-1.02356
1779370327.6785,plane,5362,19,0.46323,0.61347,0.002943,0.15957,0.09177,23.30,0.56868,0.76648
1779370327.7749,plane,5363,19,0.47140,0.51033,0.005585,0.08536,0.06256,121.03,0.08493,-1.07184
1779370327.8857,plane,5364,,,,,,,,,
1779370327.9823,plane,5365,19,0.41940,0.62821,0.002848,0.10667,0.08491,21.22,-0.53849,1.22073
1779370328.0784,plane,5366,19,0.48304,0.50865,0.003150,0.09366,0.07673,157.42,0.66326,-1.24602
1779370328.1749,plane,5367,19,0.41146,0.57679,0.002209,0.13866,0.09803,47.64,-0.74035,0.70474
1779370328.2861,plane,5368,,,,,,,,,
1779370328.3829,plane,5369,19,0.41845,0.52199,0.005678,0.08696,0.06733,36.63,0.07202,-0.56398
1779370328.4793,plane,5370,19,0.44846,0.59059,0.005497,0.08962,0.06209,103.58,0.31136,0.71192
1779370328.5743,plane,5371,,,,,,,,,
1779370328.6859,plane,5372,,,,,,,,,
1779370328.7826,plane,5373,19,0.45698,0.61204,0.003123,0.09065,0.08150,48.13,0.08812,0.22161
1779370328.8787,plane,5374,19,0.48154,0.49503,0.003647,0.09211,0.08615,138.25,0.25528,-1.21655
1779370328.9749,plane,5375,19,0.45949,0.57025,0.002850,0.08543,0.07433,1.56,-0.22915,0.78197
1779370329.0861,plane,5376,,,,,,,,,
1779370329.1826,plane,5377,19,0.47664,0.48099,0.002260,0.11199,0.09398,147.30,0.17694,-0.92091
1779370329.2784,plane,5378,19,0.47374,0.60395,0.002772,0.12263,0.09059,156.78,-0.03034,1.28375
1779370329.3746,plane,5379,19,0.48901,0.50730,0.002709,0.10114,0.08905,12.47,0.15902,-1.00638
1779370329.4859,plane,5380,,,,,,,,,
1779370329.5829,plane,5381,19,0.49055,0.62595,0.002035,0.15759,0.10211,16.58,0.01591,1.22411
1779370329.6786,plane,5382,19,0.43701,0.53063,0.005269,0.08479,0.06596,159.24,-0.55870,-0.99468
1779370329.7747,plane,5383,19,0.49878,0.58999,0.002867,0.07957,0.06887,107.28,0.64382,0.61877
1779370329.8868,plane,5384,19,0.50324,0.50018,0.005034,0.08217,0.06227,142.01,0.03981,-0.80046
1779370329.9822,plane,5385,,,,,,,,,
1779370330.0790,plane,5386,19,0.45546,0.60548,0.003082,0.08591,0.08408,133.85,-0.49393,1.08849
1779370330.1752,plane,5387,19,0.51285,0.49122,0.003182,0.11737,0.08955,6.87,0.59522,-1.18507
1779370330.2861,plane,5388,,,,,,,,,
1779370330.3844,plane,5389,19,0.51763,0.57818,0.006022,0.08411,0.06787,12.17,0.04882,0.88934
1779370330.4794,plane,5390,19,0.49376,0.48607,0.002714,0.12207,0.08566,62.65,-0.24952,-0.96317
1779370330.5747,plane,5391,19,0.48425,0.57058,0.002362,0.10390,0.08421,98.44,-0.10005,0.88855
1779370330.6875,plane,5392,19,0.45638,0.52063,0.006710,0.08823,0.06542,108.15,-0.24667,-0.44207
1779370330.7831,plane,5393,19,0.43365,0.50823,0.002007,0.12737,0.09505,166.95,-0.23826,-0.12995
1779370330.8784,plane,5394,19,0.40488,0.62759,0.003860,0.07508,0.06559,160.74,-0.30187,1.25258
1779370330.9746,plane,5395,19,0.43575,0.55901,0.006210,0.09069,0.07365,102.03,0.32015,-0.71126
1779370331.0861,plane,5396,19,0.44365,0.58747,0.004323,0.08097,0.06482,71.74,0.07078,0.25511
1779370331.1831,plane,5397,19,0.44569,0.62449,0.003860,0.08913,0.06938,121.83,0.02110,0.38160
1779370331.2789,plane,5398,19,0.45206,0.64175,0.003389,0.08201,0.07823,140.98,0.06654,0.18044
1779370331.3747,plane,5399,,,,,,,,,
1779370331.4867,plane,5400,19,0.44551,0.72484,0.002206,0.11669,0.09299,82.48,-0.05864,0.74343
1779370331.5830,plane,5401,,,,,,,,,
1779370331.6788,plane,5402,19,0.47061,0.77519,0.002058,0.17365,0.10716,34.12,0.26126,0.52398
1779370331.7750,plane,5403,19,0.45323,0.64588,0.002097,0.11460,0.09011,170.27,-0.18114,-1.34785
1779370331.8861,plane,5404,,,,,,,,,
1779370331.9818,plane,5405,,,,,,,,,
1779370332.0773,plane,5406,,,,,,,,,
1779370332.1751,plane,5407,19,0.43718,0.72314,0.006727,0.08614,0.06636,0.42,-0.16427,0.79070
1779370332.2863,plane,5408,,,,,,,,,
1779370332.3826,plane,5409,19,0.47433,0.71796,0.002799,0.07847,0.07455,68.58,0.38563,-0.05380
1779370332.4792,plane,5410,19,0.49597,0.70723,0.004862,0.08124,0.06252,37.81,0.22415,-0.11106
1779370332.5753,plane,5411,19,0.51919,0.69574,0.003871,0.07841,0.06848,76.48,0.24147,-0.11954
1779370332.6869,plane,5412,19,0.55661,0.73933,0.004957,0.08350,0.06716,105.30,0.33506,0.39041
1779370332.7822,plane,5413,19,0.51555,0.76925,0.005258,0.08995,0.06420,52.52,-0.43066,0.31378
1779370332.8782,plane,5414,19,0.50443,0.80626,0.003642,0.07680,0.07277,47.63,-0.11598,0.38609
1779370332.9750,plane,5415,19,0.51306,0.85984,0.003426,0.07789,0.07343,48.42,0.08911,0.55333
1779370333.0874,plane,5416,19,0.55332,0.82651,0.005658,0.09018,0.06146,85.64,0.35830,-0.29669
1779370333.1824,plane,5417,,,,,,,,,
1779370333.2781,plane,5418,19,0.59056,0.93812,0.002967,0.09117,0.07788,103.66,0.38953,1.16744
1779370333.3749,plane,5419,19,0.54423,0.84012,0.002943,0.08658,0.07088,45.38,-0.47951,-1.01437
1779370333.4865,plane,5420,19,0.57095,0.93161,0.002957,0.09226,0.08131,139.14,0.23891,0.81822
1779370333.5818,plane,5421,,,,,,,,,
1779370333.6782,plane,5422,,,,,,,,,
1779370333.7743,plane,5423,,,,,,,,,
1779370333.8872,plane,5424,19,0.55804,0.85855,0.002135,0.14410,0.09842,24.90,-0.11437,-0.64720
1779370333.9816,plane,5425,,,,,,,,,
1779370334.0784,plane,5426,,,,,,,,,
1779370334.1738,plane,5427,,,,,,,,,
1779370334.2867,plane,5428,19,0.53752,0.94628,0.002423,0.10633,0.08781,172.90,-0.18178,0.77722
1779370334.3823,plane,5429,,,,,,,,,
1779370334.4778,plane,5430,,,,,,,,,
1779370334.5746,plane,5431,19,0.60033,0.96003,0.002001,0.18443,0.11078,136.19,0.64904,0.14206
1779370334.6865,plane,5432,19,0.52041,0.89647,0.006085,0.08867,0.06583,166.13,-0.71528,-0.56881
1779370334.7840,plane,5433,19,0.58353,0.92123,0.004103,0.07931,0.07571,158.94,0.64673,0.25366
1779370334.8789,plane,5434,19,0.59763,0.84853,0.003177,0.10355,0.08059,69.19,0.14851,-0.76562
1779370334.9747,plane,5435,19,0.60783,0.82154,0.002316,0.13336,0.09173,77.19,0.10674,-0.28238
1779370335.0864,plane,5436,19,0.53996,0.90597,0.003254,0.13302,0.09290,26.39,-0.60642,0.75436
1779370335.1823,plane,5437,19,0.58785,0.83171,0.003452,0.09310,0.08984,139.49,0.49969,-0.77472
1779370335.2771,plane,5438,,,,,,,,,
1779370335.3743,plane,5439,19,0.59368,0.90539,0.003055,0.08680,0.07700,99.77,0.05994,0.75839
1779370335.4861,plane,5440,19,0.56449,0.80123,0.004354,0.09634,0.08441,40.08,-0.26103,-0.93150
1779370335.5823,plane,5441,19,0.58101,0.88294,0.002850,0.09759,0.08399,128.22,0.17219,0.85175
1779370335.6783,plane,5442,,,,,,,,,
1779370335.7741,plane,5443,19,0.57883,0.80880,0.002118,0.29292,0.13080,65.57,-0.02273,-0.77376
1779370335.8870,plane,5444,19,0.55834,0.91410,0.002959,0.10937,0.09041,41.46,-0.18183,0.93471
1779370335.9827,plane,5445,19,0.56464,0.84001,0.002998,0.09351,0.08872,145.43,0.06562,-0.77246
1779370336.0785,plane,5446,,,,,,,,,
1779370336.1745,plane,5447,,,,,,,,,
1779370336.2863,plane,5448,19,0.58256,0.79913,0.002928,0.10639,0.08611,17.56,0.16053,-0.36615
1779370336.3826,plane,5449,19,0.54982,0.89970,0.002041,0.10332,0.09404,156.45,-0.33924,1.04200
1779370336.4774,plane,5450,,,,,,,,,
1779370336.5741,plane,5451,,,,,,,,,
1779370336.6871,plane,5452,19,0.58869,0.92387,0.002879,0.08103,0.07494,91.48,0.34331,0.21351
1779370336.7822,plane,5453,19,0.53847,0.80857,0.002314,0.13852,0.09587,1.00,-0.52817,-1.21292
1779370336.8779,plane,5454,,,,,,,,,
1779370336.9743,plane,5455,,,,,,,,,
1779370337.0861,plane,5456,19,0.59243,0.80253,0.002330,0.11170,0.09364,27.89,0.48259,-0.05396
1779370337.1825,plane,5457,19,0.53665,0.90625,0.003959,0.09211,0.08119,153.12,-0.57872,1.07596
1779370337.2786,plane,5458,19,0.59722,0.85744,0.002625,0.11298,0.09150,79.49,0.63105,-0.50852
1779370337.3745,plane,5459,19,0.51337,0.82154,0.002157,0.20194,0.10968,95.51,-0.87329,-0.37388
1779370337.4865,plane,5460,19,0.58351,0.91177,0.003503,0.09330,0.08264,95.76,0.62672,0.80622
1779370337.5824,plane,5461,19,0.53916,0.81532,0.003767,0.09548,0.08952,27.65,-0.46227,-1.00515
1779370337.6784,plane,5462,19,0.57709,0.87161,0.003732,0.09544,0.08604,75.32,0.39582,0.58741
1779370337.7753,plane,5463,19,0.52477,0.89899,0.002501,0.14551,0.09311,79.71,-0.53887,0.28202
1779370337.8867,plane,5464,19,0.56787,0.80018,0.003053,0.09622,0.08889,70.97,0.38730,-0.88794
1779370337.9824,plane,5465,19,0.55534,0.91030,0.004033,0.09211,0.08520,134.03,-0.13066,1.14843
1779370338.0780,plane,5466,19,0.56386,0.84288,0.003172,0.09373,0.08731,126.09,0.08941,-0.70720
1779370338.1748,plane,5467,,,,,,,,,
1779370338.2862,plane,5468,19,0.55094,0.92761,0.002918,0.10731,0.09218,149.58,-0.11592,0.76016
1779370338.3822,plane,5469,19,0.57326,0.79842,0.003043,0.11172,0.08964,6.95,0.23286,-1.34759
1779370338.4785,plane,5470,19,0.54163,0.89839,0.002957,0.10685,0.08912,7.47,-0.32819,1.03702
1779370338.5734,plane,5471,,,,,,,,,
1779370338.6857,plane,5472,,,,,,,,,
1779370338.7822,plane,5473,19,0.58241,0.92570,0.003187,0.09142,0.08195,164.21,0.42195,0.28259
1779370338.8781,plane,5474,19,0.52721,0.80707,0.002138,0.12210,0.09180,170.81,-0.57690,-1.23969
1779370338.9737,plane,5475,,,,,,,,,
1779370339.0864,plane,5476,19,0.51818,0.89797,0.005680,0.08302,0.06442,160.29,-0.08008,0.80665
1779370339.1815,plane,5477,,,,,,,,,
1779370339.2788,plane,5478,19,0.56020,0.90744,0.002545,0.12330,0.09253,48.24,0.43307,0.09763
1779370339.3752,plane,5479,19,0.57512,0.84274,0.006092,0.08850,0.06166,40.19,0.15452,-0.66977
1779370339.4852,plane,5480,,,,,,,,,
1779370339.5824,plane,5481,19,0.64156,0.93801,0.003579,0.09075,0.08800,166.94,0.68420,0.98110
1779370339.6785,plane,5482,19,0.59592,0.84281,0.003231,0.09555,0.09191,130.73,-0.47450,-0.98956
1779370339.7757,plane,5483,19,0.64926,0.88871,0.003384,0.08848,0.06694,70.12,0.55051,0.47369
1779370339.8862,plane,5484,,,,,,,,,
1779370339.9824,plane,5485,19,0.63945,0.82587,0.003452,0.09113,0.08306,112.26,-0.10213,-0.65417
1779370340.0785,plane,5486,19,0.62054,0.92351,0.003825,0.10082,0.09179,172.49,-0.19644,1.01430
1779370340.1740,plane,5487,19,0.63995,0.87865,0.003667,0.10647,0.08804,92.43,0.20311,-0.46954
1779370340.2856,plane,5488,,,,,,,,,
1779370340.3824,plane,5489,19,0.62826,0.93374,0.003552,0.09104,0.08125,87.26,-0.12077,0.56906
1779370340.4783,plane,5490,19,0.63299,0.82657,0.002691,0.10275,0.08977,10.64,0.04948,-1.11986
1779370340.5752,plane,5491,19,0.62380,0.90144,0.002465,0.08756,0.07165,67.86,-0.09468,0.77140
1779370340.6855,plane,5492,,,,,,,,,
1779370340.7826,plane,5493,19,0.61685,0.80914,0.002007,0.09738,0.09093,33.44,-0.07168,-0.95115
1779370340.8786,plane,5494,19,0.65475,0.93777,0.002689,0.11794,0.08939,160.51,0.39469,1.33960
1779370340.9735,plane,5495,,,,,,,,,
1779370341.0864,plane,5496,19,0.65327,0.84662,0.008309,0.08990,0.07077,143.52,-0.01309,-0.80730
1779370341.1819,plane,5497,,,,,,,,,
1779370341.2787,plane,5498,19,0.61701,0.90618,0.003520,0.07287,0.06527,176.99,-0.37443,0.61514
1779370341.3743,plane,5499,19,0.60093,0.90450,0.005037,0.07884,0.06367,170.86,-0.16826,-0.01764
1779370341.4872,plane,5500,19,0.57730,0.91814,0.006985,0.08893,0.06783,2.02,-0.20925,0.12082
1779370341.5828,plane,5501,19,0.55255,0.92521,0.006822,0.08996,0.06641,30.25,-0.25936,0.07408
1779370341.6784,plane,5502,19,0.52576,0.92706,0.006368,0.08526,0.06375,22.83,-0.27959,0.01931
1779370341.7749,plane,5503,19,0.50935,0.88698,0.005180,0.07971,0.06933,176.38,-0.17035,-0.41620
1779370341.8868,plane,5504,19,0.47953,0.88559,0.005659,0.08027,0.06509,174.86,-0.26620,-0.01240
1779370341.9838,plane,5505,19,0.46374,0.89227,0.005347,0.08404,0.06379,155.10,-0.16309,0.06900
1779370342.0787,plane,5506,19,0.43323,0.88893,0.004924,0.08092,0.06513,157.49,-0.32080,-0.03510
1779370342.1748,plane,5507,19,0.41274,0.95126,0.005503,0.08665,0.07088,79.52,-0.21333,0.64873
1779370342.2862,plane,5508,19,0.38332,0.94723,0.006551,0.08724,0.06859,64.70,-0.26399,-0.03608
1779370342.3822,plane,5509,19,0.37323,0.89736,0.004169,0.08189,0.06811,79.52,-0.10511,-0.51960
1779370342.4781,plane,5510,19,0.35865,0.87373,0.004727,0.08024,0.06528,28.24,-0.15200,-0.24639
1779370342.5738,plane,5511,,,,,,,,,
1779370342.6859,plane,5512,,,,,,,,,
1779370342.7826,plane,5513,19,0.32618,0.87802,0.007462,0.09436,0.06557,45.27,-0.33660,0.04438
1779370342.8790,plane,5514,19,0.29280,0.85352,0.004498,0.08028,0.06366,37.15,-0.34547,-0.25353
1779370342.9742,plane,5515,19,0.25553,0.84276,0.006192,0.08833,0.06259,108.05,-0.39141,-0.11305
1779370343.0862,plane,5516,19,0.26069,0.81408,0.002591,0.11005,0.08644,104.57,0.04611,-0.25608
1779370343.1818,plane,5517,,,,,,,,,
1779370343.2784,plane,5518,19,0.19219,0.82494,0.002945,0.10459,0.08629,30.52,-0.71155,0.11281
1779370343.3744,plane,5519,19,0.26424,0.75391,0.005154,0.09119,0.06009,14.98,0.74824,-0.73768
1779370343.4865,plane,5520,19,0.19637,0.77974,0.004098,0.07853,0.06699,108.20,-0.60693,0.23104
1779370343.5827,plane,5521,19,0.18765,0.71580,0.005210,0.08335,0.06354,20.18,-0.09052,-0.66350
1779370343.6782,plane,5522,19,0.17001,0.68395,0.003277,0.08133,0.07596,95.16,-0.18451,-0.33315
1779370343.7740,plane,5523,19,0.23507,0.78341,0.002452,0.10577,0.08858,169.78,0.68034,1.03996
1779370343.8866,plane,5524,19,0.18764,0.68883,0.003425,0.09824,0.08587,162.87,-0.42051,-0.83836
1779370343.9813,plane,5525,,,,,,,,,
1779370344.0783,plane,5526,19,0.18447,0.77062,0.006126,0.08462,0.06609,158.55,-0.03262,0.84177
1779370344.1742,plane,5527,19,0.19791,0.68612,0.004705,0.08099,0.06559,54.60,0.14012,-0.88054
1779370344.2863,plane,5528,19,0.21032,0.72346,0.002523,0.14100,0.09539,122.25,0.11070,0.33315
1779370344.3820,plane,5529,19,0.23271,0.73852,0.004395,0.07932,0.06983,87.70,0.23403,0.15732
1779370344.4780,plane,5530,19,0.21846,0.74932,0.003052,0.08454,0.07861,109.11,-0.14882,0.11277
1779370344.5737,plane,5531,,,,,,,,,
1779370344.6862,plane,5532,19,0.21321,0.82037,0.003584,0.07641,0.07403,19.83,-0.04664,0.63172
1779370344.7824,plane,5533,19,0.19986,0.83165,0.003196,0.08720,0.08082,48.10,-0.13900,0.11750
1779370344.8777,plane,5534,,,,,,,,,
1779370344.9740,plane,5535,19,0.21274,0.77017,0.007261,0.09154,0.06726,22.61,0.13381,-0.63874
1779370345.0867,plane,5536,19,0.23299,0.82282,0.004500,0.07585,0.06062,179.73,0.17967,0.46731
1779370345.1823,plane,5537,19,0.26154,0.79526,0.005378,0.08349,0.06451,99.52,0.29873,-0.28837
1779370345.2784,plane,5538,19,0.25621,0.81731,0.004174,0.07682,0.07041,35.89,-0.05562,0.22996
1779370345.3745,plane,5539,19,0.22611,0.91416,0.003123,0.09640,0.08195,63.76,-0.31252,1.00564
1779370345.4857,plane,5540,19,0.31724,0.85731,0.003603,0.07663,0.07099,41.27,0.81893,-0.51081
1779370345.5823,plane,5541,19,0.24705,0.88395,0.004250,0.07870,0.07276,96.14,-0.72864,0.27648
1779370345.6790,plane,5542,19,0.24115,0.82874,0.004588,0.07800,0.06444,16.40,-0.06091,-0.57015
1779370345.7750,plane,5543,19,0.22478,0.78222,0.002387,0.12783,0.09047,109.51,-0.17083,-0.48547
1779370345.8870,plane,5544,19,0.28112,0.88850,0.003064,0.08222,0.08059,26.20,0.50287,0.94871
1779370345.9822,plane,5545,19,0.25854,0.78375,0.003886,0.07924,0.07477,85.03,-0.23656,-1.09741
1779370346.0778,plane,5546,,,,,,,,,
1779370346.1746,plane,5547,19,0.21836,0.88519,0.003886,0.07675,0.06993,140.08,-0.41621,1.05091
1779370346.2862,plane,5548,19,0.25651,0.79028,0.003262,0.08522,0.07856,151.13,0.34113,-0.84873
1779370346.3853,plane,5549,19,0.22783,0.85957,0.003508,0.08893,0.07888,66.13,-0.29111,0.70321
1779370346.4779,plane,5550,,,,,,,,,
1779370346.5749,plane,5551,19,0.23457,0.81805,0.004408,0.07593,0.06242,5.56,0.06955,-0.42810
1779370346.6859,plane,5552,19,0.24789,0.88953,0.005966,0.08940,0.06137,109.34,0.12001,0.64409
1779370346.7820,plane,5553,19,0.26930,0.86408,0.003667,0.07956,0.07729,94.02,0.22282,-0.26490
1779370346.8781,plane,5554,19,0.26053,0.83060,0.003908,0.07947,0.07520,75.52,-0.09151,-0.34909
1779370346.9745,plane,5555,19,0.25503,0.79552,0.003974,0.07766,0.06305,158.59,-0.05686,-0.36314
1779370347.0854,plane,5556,,,,,,,,,
1779370347.1826,plane,5557,19,0.26970,0.78174,0.002648,0.11196,0.08661,57.90,0.15070,-0.14168
1779370347.2775,plane,5558,,,,,,,,,
1779370347.3734,plane,5559,,,,,,,,,
1779370347.4870,plane,5560,19,0.24674,0.82239,0.003342,0.08492,0.07934,28.76,-0.20218,0.35796
1779370347.5818,plane,5561,,,,,,,,,
1779370347.6778,plane,5562,19,0.24467,0.73812,0.007585,0.08770,0.06863,11.37,-0.02156,-0.87968
1779370347.7739,plane,5563,19,0.27063,0.78781,0.002882,0.09182,0.07795,80.09,0.26945,0.51576
1779370347.8851,plane,5564,,,,,,,,,
1779370347.9823,plane,5565,19,0.29982,0.80683,0.002708,0.09335,0.08208,46.96,0.30090,0.19608
1779370348.0777,plane,5566,19,0.25469,0.76511,0.002165,0.16448,0.10141,113.05,-0.47230,-0.43662
1779370348.1735,plane,5567,,,,,,,,,
1779370348.2858,plane,5568,19,0.26808,0.81314,0.006504,0.08788,0.06282,141.37,0.11941,0.42840
1779370348.3817,plane,5569,19,0.29017,0.74069,0.004598,0.08027,0.06362,33.13,0.22999,-0.75416
1779370348.4789,plane,5570,19,0.29373,0.78295,0.003145,0.07862,0.07523,103.46,0.03672,0.43673
1779370348.5732,plane,5571,,,,,,,,,
1779370348.6860,plane,5572,19,0.29420,0.73447,0.004608,0.07617,0.06604,164.47,0.00417,-0.42988
1779370348.7828,plane,5573,19,0.31361,0.78861,0.008189,0.09319,0.06701,113.63,0.20102,0.56055
1779370348.8778,plane,5574,19,0.33678,0.76220,0.004879,0.08305,0.06136,107.57,0.24336,-0.27741
1779370348.9736,plane,5575,19,0.34078,0.71787,0.004008,0.08861,0.06638,76.23,0.04192,-0.46356
1779370349.0858,plane,5576,19,0.33185,0.69868,0.003991,0.07770,0.06606,136.39,-0.07948,-0.17072
1779370349.1808,plane,5577,,,,,,,,,
1779370349.2785,plane,5578,19,0.33582,0.65417,0.002584,0.08017,0.05552,168.54,0.04068,-0.45643
1779370349.3734,plane,5579,,,,,,,,,
1779370349.4860,plane,5580,19,0.35323,0.59018,0.002265,0.11123,0.09087,137.34,0.15470,-0.56864
1779370349.5824,plane,5581,19,0.33021,0.71015,0.002435,0.10476,0.08751,9.75,-0.23924,1.24689
1779370349.6771,plane,5582,,,,,,,,,
1779370349.7729,plane,5583,,,,,,,,,
1779370349.8856,plane,5584,19,0.36913,0.72871,0.002209,0.10599,0.08864,20.00,0.34537,0.16470
1779370349.9816,plane,5585,19,0.32218,0.59638,0.003866,0.08352,0.07612,21.40,-0.48962,-1.38015
1779370350.0773,plane,5586,,,,,,,,,
1779370350.1734,plane,5587,19,0.32322,0.70121,0.008411,0.08796,0.07114,136.50,0.01080,1.09065
1779370350.2852,plane,5588,19,0.34581,0.63482,0.002394,0.17473,0.09782,97.08,0.20210,-0.59412
1779370350.3814,plane,5589,19,0.39147,0.67988,0.002387,0.12775,0.09358,152.86,0.47429,0.46810
1779370350.4771,plane,5590,,,,,,,,,
1779370350.5748,plane,5591,19,0.33932,0.61145,0.003645,0.07632,0.07155,172.55,-0.53326,-0.69972
1779370350.6854,plane,5592,,,,,,,,,
1779370350.7823,plane,5593,19,0.35243,0.59339,0.004386,0.08320,0.06998,48.13,0.13558,-0.18678
1779370350.8781,plane,5594,19,0.38013,0.64756,0.006056,0.09350,0.05936,104.54,0.28843,0.56404
1779370350.9744,plane,5595,19,0.39257,0.63243,0.005224,0.08504,0.05886,109.54,0.12964,-0.15756
1779370351.0869,plane,5596,19,0.40345,0.59400,0.003925,0.08867,0.08203,41.99,0.09668,-0.34159
1779370351.1820,plane,5597,19,0.41082,0.57919,0.004795,0.08177,0.06508,110.33,0.07726,-0.15539
1779370351.2774,plane,5598,,,,,,,,,
1779370351.3739,plane,5599,19,0.40238,0.51675,0.002679,0.09434,0.08029,66.20,-0.08730,-0.64593
1779370351.4849,plane,5600,,,,,,,,,
1779370351.5817,plane,5601,19,0.43133,0.44697,0.002292,0.13053,0.09514,155.06,0.29965,-0.72219
1779370351.6783,plane,5602,19,0.40476,0.57392,0.003337,0.09076,0.08010,23.17,-0.27469,1.31219
1779370351.7733,plane,5603,,,,,,,,,
1779370351.8851,plane,5604,,,,,,,,,
1779370351.9814,plane,5605,19,0.44211,0.59006,0.002331,0.10389,0.08791,17.38,0.38693,0.16716
1779370352.0781,plane,5606,19,0.38736,0.50502,0.006921,0.09308,0.06572,165.51,-0.56696,-0.88068
1779370352.1738,plane,5607,19,0.44247,0.55457,0.004093,0.07792,0.07010,100.85,0.57508,0.51706
1779370352.2861,plane,5608,19,0.45850,0.46439,0.004310,0.07854,0.06541,147.39,0.14272,-0.80274
1779370352.3809,plane,5609,,,,,,,,,
1779370352.4775,plane,5610,19,0.40460,0.55552,0.004047,0.09104,0.08365,159.37,-0.55900,0.94511
1779370352.5737,plane,5611,19,0.46296,0.46214,0.002950,0.10352,0.09143,17.25,0.60614,-0.96997
1779370352.6849,plane,5612,,,,,,,,,
1779370352.7816,plane,5613,19,0.46594,0.53149,0.004749,0.07651,0.06962,17.43,0.03101,0.72018
1779370352.8784,plane,5614,19,0.43141,0.45199,0.007011,0.09576,0.06729,103.54,-0.35559,-0.81859
1779370352.9733,plane,5615,19,0.42695,0.50209,0.002858,0.10076,0.08321,58.76,-0.04698,0.52807
1779370353.0858,plane,5616,19,0.38712,0.52529,0.005303,0.08642,0.06245,69.27,-0.35369,0.20595
1779370353.1815,plane,5617,19,0.37029,0.53452,0.003370,0.09313,0.07969,105.98,-0.17634,0.09676
1779370353.2772,plane,5618,,,,,,,,,
1779370353.3735,plane,5619,19,0.38497,0.57166,0.004549,0.08172,0.07000,6.51,0.15257,0.38605
1779370353.4852,plane,5620,19,0.40171,0.60868,0.005044,0.08282,0.06185,25.60,0.14979,0.33124
1779370353.5818,plane,5621,19,0.42766,0.61269,0.006926,0.09462,0.06646,86.89,0.26857,0.04155
1779370353.6776,plane,5622,19,0.44084,0.63090,0.005413,0.08380,0.06387,52.95,0.13752,0.19005
1779370353.7743,plane,5623,19,0.42477,0.75225,0.002862,0.10372,0.08618,35.43,-0.16646,1.25721
1779370353.8855,plane,5624,,,,,,,,,
1779370353.9820,plane,5625,19,0.43815,0.67297,0.006305,0.08750,0.06676,28.72,0.13840,-0.81987
1779370354.0773,plane,5626,19,0.46286,0.70600,0.003967,0.07583,0.06413,20.52,0.25934,0.34671
1779370354.1737,plane,5627,19,0.50364,0.67184,0.002830,0.10745,0.08909,16.95,0.42357,-0.35489
1779370354.2860,plane,5628,19,0.49508,0.72576,0.003754,0.07562,0.07124,160.99,-0.07608,0.47965
1779370354.3805,plane,5629,,,,,,,,,
1779370354.4768,plane,5630,,,,,,,,,
1779370354.5736,plane,5631,19,0.48646,0.77754,0.002352,0.11404,0.09253,26.63,-0.08926,0.53610
1779370354.6849,plane,5632,,,,,,,,,
1779370354.7816,plane,5633,19,0.49232,0.69836,0.006882,0.08697,0.06644,25.33,0.06060,-0.81928
1779370354.8775,plane,5634,,,,,,,,,
1779370354.9741,plane,5635,19,0.53422,0.71802,0.002431,0.11037,0.08953,146.10,0.43362,0.20344
1779370355.0859,plane,5636,19,0.53601,0.79305,0.004940,0.08244,0.06269,151.03,0.01597,0.66969
1779370355.1819,plane,5637,19,0.54696,0.80318,0.006829,0.08730,0.06653,163.76,0.11410,0.10559
1779370355.2771,plane,5638,19,0.57687,0.78171,0.003306,0.09524,0.08900,81.31,0.31396,-0.22537
1779370355.3740,plane,5639,19,0.60232,0.78987,0.004737,0.08222,0.06213,107.08,0.26311,0.08430
1779370355.4859,plane,5640,19,0.60565,0.67972,0.002455,0.11378,0.09168,170.71,0.02974,-0.98382
1779370355.5809,plane,5641,,,,,,,,,
1779370355.6786,plane,5642,19,0.63813,0.76972,0.003206,0.13105,0.08736,98.85,0.33388,0.92519
1779370355.7750,plane,5643,19,0.61625,0.67336,0.002847,0.09381,0.09025,44.64,-0.22618,-0.99570
1779370355.8855,plane,5644,19,0.61371,0.76238,0.003664,0.09569,0.08855,16.99,-0.02292,0.80548
1779370355.9812,plane,5645,,,,,,,,,
1779370356.0770,plane,5646,,,,,,,,,
1779370356.1738,plane,5647,19,0.64120,0.79610,0.002779,0.11265,0.09007,164.71,0.28448,0.34895
1779370356.2867,plane,5648,19,0.60102,0.68284,0.003103,0.12307,0.09190,4.51,-0.35529,-1.00147
1779370356.3810,plane,5649,,,,,,,,,
1779370356.4768,plane,5650,,,,,,,,,
1779370356.5740,plane,5651,19,0.65796,0.66236,0.002279,0.18330,0.10768,34.69,0.58514,-0.21041
1779370356.6857,plane,5652,19,0.58035,0.72249,0.006282,0.09225,0.06448,20.31,-0.69566,0.53893
1779370356.7822,plane,5653,19,0.64227,0.70464,0.004086,0.08162,0.07627,143.25,0.64151,-0.18497
1779370356.8779,plane,5654,19,0.65650,0.77070,0.004120,0.07767,0.06620,24.32,0.14842,0.68905
1779370356.9737,plane,5655,19,0.65392,0.79393,0.006682,0.08483,0.06734,2.80,-0.02699,0.24321
1779370357.0855,plane,5656,19,0.61992,0.73473,0.004428,0.07832,0.07413,141.69,-0.30329,-0.52815
1779370357.1817,plane,5657,19,0.58917,0.82246,0.004311,0.08306,0.07464,68.20,-0.31953,0.91157
1779370357.2773,plane,5658,,,,,,,,,
1779370357.3738,plane,5659,19,0.63416,0.72134,0.003432,0.10053,0.08518,78.98,0.46622,-1.04793
1779370357.4858,plane,5660,19,0.59549,0.82331,0.004013,0.10496,0.08759,166.99,-0.34590,0.91206
1779370357.5817,plane,5661,19,0.62475,0.75778,0.003540,0.09355,0.08726,119.35,0.30447,-0.68200
1779370357.6767,plane,5662,,,,,,,,,
1779370357.7743,plane,5663,19,0.62467,0.82149,0.003440,0.12527,0.08696,101.00,-0.00077,0.65404
1779370357.8860,plane,5664,19,0.61119,0.71848,0.003352,0.10583,0.08711,21.73,-0.12068,-0.92230
