time,surface,frame,blob_id,x,y,area,major,minor,angle,vx,vy
1779374911.8725,plane,1,,,,,,,,,
1779374911.9674,plane,2,,,,,,,,,
1779374912.0785,plane,3,,,,,,,,,
1779374912.1740,plane,4,,,,,,,,,
1779374912.2698,plane,5,,,,,,,,,
1779374912.3807,plane,6,,,,,,,,,
1779374912.4929,plane,7,,,,,,,,,
1779374912.5866,plane,8,,,,,,,,,
1779374912.6841,plane,9,,,,,,,,,
1779374912.7801,plane,10,,,,,,,,,
1779374912.8928,plane,11,,,,,,,,,
1779374912.9881,plane,12,,,,,,,,,
1779374913.0838,plane,13,,,,,,,,,
1779374913.1808,plane,14,,,,,,,,,
1779374913.2929,plane,15,,,,,,,,,
1779374913.3867,plane,16,,,,,,,,,
1779374913.4845,plane,17,,,,,,,,,
1779374913.5790,plane,18,,,,,,,,,
1779374913.6914,plane,19,,,,,,,,,
1779374913.7836,plane,20,,,,,,,,,
1779374913.8837,plane,21,,,,,,,,,
1779374913.9785,plane,22,,,,,,,,,
1779374914.0915,plane,23,,,,,,,,,
1779374914.1880,plane,24,,,,,,,,,
1779374914.2814,plane,25,,,,,,,,,
1779374914.3766,plane,26,,,,,,,,,
1779374914.4891,plane,27,,,,,,,,,
1779374914.5843,plane,28,,,,,,,,,
1779374914.6819,plane,29,,,,,,,,,
1779374914.7762,plane,30,,,,,,,,,
1779374914.8890,plane,31,,,,,,,,,
1779374914.9862,plane,32,,,,,,,,,
1779374915.0715,plane,33,,,,,,,,,
1779374915.1697,plane,34,0,0.50340,0.49886,0.886675,0.96875,0.53125,0.00,0.00000,0.00000
1779374915.2826,plane,35,0,0.50239,0.49748,0.889616,0.96875,0.53125,0.00,-0.00898,-0.01220
1779374915.3766,plane,36,,,,,,,,,
1779374915.4730,plane,37,,,,,,,,,
1779374915.5668,plane,38,,,,,,,,,
1779374915.6784,plane,39,,,,,,,,,
1779374915.7741,plane,40,,,,,,,,,
1779374915.8703,plane,41,,,,,,,,,
1779374915.9665,plane,42,,,,,,,,,
1779374916.0784,plane,43,,,,,,,,,
1779374916.1742,plane,44,,,,,,,,,
1779374916.2700,plane,45,,,,,,,,,
1779374916.3661,plane,46,,,,,,,,,
1779374916.4782,plane,47,,,,,,,,,
1779374916.5741,plane,48,,,,,,,,,
1779374916.6702,plane,49,,,,,,,,,
1779374916.7667,plane,50,,,,,,,,,
1779374916.8782,plane,51,,,,,,,,,
1779374916.9742,plane,52,,,,,,,,,
1779374917.0702,plane,53,,,,,,,,,
1779374917.1660,plane,54,,,,,,,,,
1779374917.2785,plane,55,,,,,,,,,
1779374917.3740,plane,56,,,,,,,,,
1779374917.4705,plane,57,,,,,,,,,
1779374917.5664,plane,58,,,,,,,,,
1779374917.6782,plane,59,,,,,,,,,
1779374917.7739,plane,60,,,,,,,,,
1779374917.8702,plane,61,,,,,,,,,
1779374917.9668,plane,62,,,,,,,,,
1779374918.0782,plane,63,,,,,,,,,
1779374918.1742,plane,64,,,,,,,,,
1779374918.2696,plane,65,,,,,,,,,
1779374918.3663,plane,66,,,,,,,,,
1779374918.4780,plane,67,,,,,,,,,
1779374918.5740,plane,68,,,,,,,,,
1779374918.6705,plane,69,,,,,,,,,
1779374918.7662,plane,70,,,,,,,,,
1779374918.8780,plane,71,,,,,,,,,
1779374918.9740,plane,72,,,,,,,,,
1779374919.0705,plane,73,,,,,,,,,
1779374919.1660,plane,74,,,,,,,,,
1779374919.2784,plane,75,,,,,,,,,
1779374919.3746,plane,76,,,,,,,,,
1779374919.4697,plane,77,,,,,,,,,
1779374919.5664,plane,78,,,,,,,,,
1779374919.6780,plane,79,,,,,,,,,
1779374919.7741,plane,80,,,,,,,,,
1779374919.8700,plane,81,,,,,,,,,
1779374919.9661,plane,82,,,,,,,,,
1779374920.0781,plane,83,,,,,,,,,
1779374920.1742,plane,84,,,,,,,,,
1779374920.2702,plane,85,,,,,,,,,
1779374920.3664,plane,86,,,,,,,,,
1779374920.4778,plane,87,,,,,,,,,
1779374920.5742,plane,88,,,,,,,,,
1779374920.6704,plane,89,,,,,,,,,
1779374920.7663,plane,90,,,,,,,,,
1779374920.8786,plane,91,,,,,,,,,
1779374920.9743,plane,92,,,,,,,,,
1779374921.0700,plane,93,,,,,,,,,
1779374921.1660,plane,94,,,,,,,,,
1779374921.2783,plane,95,,,,,,,,,
1779374921.3741,plane,96,,,,,,,,,
1779374921.4700,plane,97,,,,,,,,,
1779374921.5660,plane,98,,,,,,,,,
1779374921.6779,plane,99,,,,,,,,,
1779374921.7744,plane,100,,,,,,,,,
1779374921.8700,plane,101,,,,,,,,,
1779374921.9661,plane,102,,,,,,,,,
1779374922.0778,plane,103,,,,,,,,,
1779374922.1739,plane,104,,,,,,,,,
1779374922.2700,plane,105,,,,,,,,,
1779374922.3662,plane,106,,,,,,,,,
1779374922.4777,plane,107,,,,,,,,,
1779374922.5739,plane,108,,,,,,,,,
1779374922.6699,plane,109,,,,,,,,,
1779374922.7663,plane,110,,,,,,,,,
1779374922.8777,plane,111,,,,,,,,,
1779374922.9745,plane,112,,,,,,,,,
1779374923.0703,plane,113,,,,,,,,,
1779374923.1664,plane,114,,,,,,,,,
1779374923.2785,plane,115,,,,,,,,,
1779374923.3747,plane,116,,,,,,,,,
1779374923.4696,plane,117,,,,,,,,,
1779374923.5661,plane,118,,,,,,,,,
1779374923.6782,plane,119,,,,,,,,,
1779374923.7739,plane,120,,,,,,,,,
1779374923.8693,plane,121,,,,,,,,,
1779374923.9664,plane,122,,,,,,,,,
1779374924.0794,plane,123,1,0.96601,0.63436,0.004807,0.54847,0.14166,63.55,0.00000,0.00000
1779374924.1763,plane,124,1,0.94463,0.53273,0.017081,0.33764,0.16051,39.52,-0.22101,-1.05063
1779374924.1763,plane,124,2,0.96992,0.91734,0.003391,0.19547,0.03798,23.86,0.00000,0.00000
1779374924.2722,plane,125,1,0.92396,0.43132,0.033127,0.59350,0.11229,0.00,-0.21528,-1.05628
1779374924.2722,plane,125,2,0.94663,0.84696,0.020274,0.39186,0.09429,28.92,-0.24252,-0.73308
1779374924.3680,plane,126,1,0.91190,0.53379,0.087513,0.46975,0.17943,6.60,-0.12583,1.06902
1779374924.3680,plane,126,2,0.97302,0.93001,0.002021,0.17730,0.02013,0.00,0.27527,0.86635
1779374924.4787,plane,127,1,0.89953,0.52094,0.130685,0.47166,0.19846,2.14,-0.11168,-0.11605
1779374924.5748,plane,128,1,0.88441,0.50731,0.165448,0.44275,0.23439,175.91,-0.15738,-0.14180
1779374924.6715,plane,129,1,0.87377,0.50149,0.187135,0.43908,0.24901,174.30,-0.11000,-0.06018
1779374924.7671,plane,130,1,0.86695,0.50098,0.201063,0.44892,0.27449,171.98,-0.07136,-0.00538
1779374924.8795,plane,131,1,0.85885,0.49915,0.216814,0.44045,0.27643,170.14,-0.07217,-0.01634
1779374924.9753,plane,132,1,0.85137,0.49758,0.231581,0.43964,0.28422,167.57,-0.07790,-0.01628
1779374925.0712,plane,133,1,0.84599,0.49667,0.242410,0.43756,0.29321,166.85,-0.05609,-0.00949
1779374925.1672,plane,134,1,0.84098,0.49630,0.252465,0.45077,0.32193,159.81,-0.05214,-0.00387
1779374925.2792,plane,135,1,0.83536,0.49560,0.263265,0.46127,0.34617,153.41,-0.05019,-0.00627
1779374925.3751,plane,136,1,0.82739,0.49442,0.277805,0.47158,0.36643,150.76,-0.08319,-0.01224
1779374925.4712,plane,137,1,0.81373,0.49051,0.300054,0.47975,0.39271,153.27,-0.14209,-0.04072
1779374925.5674,plane,138,1,0.79834,0.49068,0.331940,0.49481,0.41417,149.70,-0.16000,0.00182
1779374925.6792,plane,139,1,0.78272,0.49006,0.362798,0.50100,0.43457,137.73,-0.13979,-0.00557
1779374925.7759,plane,140,1,0.76751,0.48801,0.389396,0.54455,0.48538,119.48,-0.15776,-0.02125
1779374925.8718,plane,141,1,0.75198,0.48378,0.411533,0.55438,0.50724,116.37,-0.16132,-0.04398
1779374925.9676,plane,142,1,0.73771,0.48039,0.431018,0.56073,0.53344,123.06,-0.14931,-0.03548
1779374926.0798,plane,143,1,0.72908,0.47752,0.441525,0.56318,0.51441,118.00,-0.07688,-0.02557
1779374926.1758,plane,144,1,0.72981,0.47284,0.432566,0.55466,0.50015,115.85,0.00763,-0.04870
1779374926.2717,plane,145,1,0.73084,0.46813,0.423316,0.54509,0.49177,114.81,0.01068,-0.04910
1779374926.3674,plane,146,1,0.73431,0.45930,0.405796,0.53457,0.46110,114.26,0.03627,-0.09222
1779374926.4794,plane,147,1,0.74313,0.44713,0.374878,0.51691,0.42893,121.58,0.07867,-0.10849
1779374926.5758,plane,148,1,0.75027,0.43890,0.350542,0.49991,0.41433,130.94,0.07420,-0.08554
1779374926.6708,plane,149,1,0.75650,0.42453,0.320257,0.47548,0.41565,147.79,0.06550,-0.15124
1779374926.7678,plane,150,1,0.77317,0.40757,0.266295,0.48884,0.37037,27.09,0.17209,-0.17494
1779374926.7678,plane,150,3,0.53791,0.07004,0.010098,0.16223,0.08776,58.47,0.00000,0.00000
1779374926.8789,plane,151,1,0.77118,0.36639,0.238395,0.43398,0.35847,31.21,-0.01790,-0.37022
1779374926.9754,plane,152,1,0.76473,0.32557,0.211526,0.39446,0.34521,44.53,-0.06689,-0.42289
1779374927.0709,plane,153,1,0.75670,0.28879,0.184643,0.38612,0.32403,58.61,-0.08406,-0.38542
1779374927.1671,plane,154,1,0.74618,0.25839,0.158332,0.39885,0.29052,62.86,-0.10953,-0.31617
1779374927.2800,plane,155,1,0.76019,0.24970,0.114085,0.38387,0.23725,46.44,0.12448,-0.07718
1779374927.2800,plane,155,3,0.57735,0.15540,0.020457,0.95052,0.10432,23.32,0.35022,0.75793
1779374927.3763,plane,156,1,0.74495,0.23053,0.101941,0.34309,0.22707,53.52,-0.15806,-0.19873
1779374927.3763,plane,156,3,0.56283,0.13515,0.016447,0.37924,0.07838,22.79,-0.15056,-0.20994
1779374927.4723,plane,157,1,0.73431,0.21576,0.092077,0.32449,0.21494,59.98,-0.11041,-0.15330
1779374927.4723,plane,157,3,0.55347,0.12109,0.013068,0.28597,0.06908,23.12,-0.09712,-0.14603
1779374927.5684,plane,158,1,0.72304,0.20218,0.083825,0.31202,0.19501,67.18,-0.11736,-0.14144
1779374927.5684,plane,158,3,0.54290,0.10920,0.011005,0.21580,0.06640,20.19,-0.11014,-0.12372
1779374927.6794,plane,159,1,0.70803,0.19029,0.076921,0.30094,0.18715,71.41,-0.13514,-0.10700
1779374927.6794,plane,159,3,0.52998,0.09501,0.008852,0.19843,0.06654,18.61,-0.11625,-0.12774
1779374927.7759,plane,160,1,0.69546,0.18254,0.071949,0.29826,0.17800,73.02,-0.13086,-0.08071
1779374927.7759,plane,160,3,0.51886,0.08566,0.007401,0.18309,0.06591,17.80,-0.11582,-0.09741
1779374927.8720,plane,161,1,0.64370,0.18164,0.048628,0.23233,0.16491,55.04,-0.53883,-0.00940
1779374927.8720,plane,161,3,0.51000,0.07930,0.006432,0.18033,0.06592,17.31,-0.09225,-0.06625
1779374927.8720,plane,161,4,0.78854,0.16720,0.019765,0.30341,0.06573,26.28,0.00000,0.00000
1779374927.9688,plane,162,1,0.63421,0.17582,0.046431,0.22924,0.15899,58.71,-0.09824,-0.06024
1779374927.9688,plane,162,3,0.50119,0.07219,0.005427,0.19787,0.06926,16.80,-0.09115,-0.07360
1779374927.9688,plane,162,4,0.77772,0.16188,0.018892,0.26266,0.06454,27.34,-0.11199,-0.05502
1779374928.0810,plane,163,1,0.66004,0.17843,0.023683,0.42251,0.07195,28.71,0.22974,0.02320
1779374928.0810,plane,163,3,0.48783,0.06353,0.004116,0.18481,0.06808,16.32,-0.11888,-0.07694
1779374928.0810,plane,163,4,0.76212,0.15487,0.017785,0.25367,0.06415,28.00,-0.13866,-0.06238
1779374928.0810,plane,163,5,0.57198,0.15608,0.019772,0.37681,0.07386,25.31,0.00000,0.00000
1779374928.1774,plane,164,1,0.63901,0.16978,0.022185,0.39161,0.07068,29.49,-0.21746,-0.08941
1779374928.1774,plane,164,3,0.46956,0.05297,0.002650,0.14268,0.06381,17.39,-0.18882,-0.10918
1779374928.1774,plane,164,4,0.74105,0.14729,0.016886,0.24463,0.06454,28.76,-0.21786,-0.07829
1779374928.1774,plane,164,5,0.55164,0.14635,0.018378,0.39100,0.07613,24.54,-0.21022,-0.10056
1779374928.2727,plane,165,1,0.61312,0.15961,0.020823,0.32998,0.07025,30.88,-0.27200,-0.10691
1779374928.2727,plane,165,3,0.52668,0.13462,0.016617,0.33965,0.07621,25.01,0.60004,0.85772
1779374928.2727,plane,165,4,0.71442,0.13880,0.016018,0.22079,0.06559,29.99,-0.27974,-0.08919
1779374928.3688,plane,166,1,0.58697,0.14868,0.018909,0.22715,0.07064,32.78,-0.27200,-0.11369
1779374928.3688,plane,166,3,0.50009,0.12299,0.014506,0.26677,0.07363,24.14,-0.27667,-0.12097
1779374928.3688,plane,166,4,0.68607,0.13199,0.014935,0.18031,0.06589,33.77,-0.29503,-0.07088
1779374928.4808,plane,167,1,0.56232,0.13555,0.016746,0.19988,0.06974,34.10,-0.22066,-0.11745
1779374928.4808,plane,167,3,0.47651,0.11002,0.012065,0.27016,0.07341,23.07,-0.21097,-0.11607
1779374928.4808,plane,167,4,0.65849,0.12101,0.013448,0.16603,0.06506,35.63,-0.24678,-0.09830
1779374928.5749,plane,168,1,0.54452,0.11523,0.040872,0.26508,0.11620,87.55,-0.18840,-0.21527
1779374928.6714,plane,169,1,0.54056,0.10881,0.025972,0.19698,0.10162,75.60,-0.04114,-0.06658
1779374928.6714,plane,169,3,0.41563,0.08202,0.007229,0.22281,0.07126,21.94,-0.63184,-0.29063
1779374928.7689,plane,170,1,0.50053,0.08826,0.018526,0.17959,0.08857,82.90,-0.40929,-0.21017
1779374928.7689,plane,170,3,0.37314,0.06489,0.004410,0.15776,0.06628,16.70,-0.43454,-0.17512
1779374928.8793,plane,171,1,0.45048,0.07111,0.012597,0.18707,0.06008,86.33,-0.45451,-0.15568
1779374928.8793,plane,171,3,0.32743,0.05064,0.002423,0.12023,0.06478,9.42,-0.41504,-0.12944
1779374928.9765,plane,172,1,0.45481,0.05932,0.004200,0.27795,0.08962,26.54,0.04459,-0.12125
1779374928.9765,plane,172,3,0.28457,0.04790,0.002057,0.11208,0.06360,6.52,-0.44081,-0.02816
1779374928.9765,plane,172,6,0.36538,0.07091,0.006212,0.13287,0.06600,33.62,0.00000,0.00000
1779374929.0721,plane,173,1,0.36526,0.07408,0.013513,0.18671,0.06751,79.94,-0.93736,0.15446
1779374929.0721,plane,173,3,0.24475,0.05709,0.003362,0.13518,0.06771,10.46,-0.41681,0.09622
1779374929.1682,plane,174,1,0.32726,0.08456,0.017495,0.19129,0.09242,73.07,-0.39501,0.10898
1779374929.1682,plane,174,3,0.20267,0.06794,0.005173,0.16127,0.07192,13.68,-0.43735,0.11278
1779374929.2794,plane,175,1,0.28588,0.09420,0.020643,0.19696,0.10251,69.80,-0.37283,0.08681
1779374929.2794,plane,175,3,0.15875,0.07718,0.006790,0.18973,0.07540,14.54,-0.39584,0.08326
1779374929.3758,plane,176,1,0.24544,0.10151,0.024445,0.22370,0.11684,62.52,-0.41863,0.07572
1779374929.3758,plane,176,3,0.11330,0.08538,0.008341,0.20260,0.07722,15.39,-0.47042,0.08484
1779374929.4722,plane,177,1,0.20156,0.11239,0.027551,0.22199,0.12528,57.79,-0.45558,0.11298
1779374929.4722,plane,177,3,0.07095,0.09457,0.010279,0.23918,0.08272,15.34,-0.43967,0.09547
1779374929.5683,plane,178,1,0.16208,0.12171,0.030916,0.22682,0.13209,55.02,-0.41090,0.09692
1779374929.5683,plane,178,3,0.04132,0.10057,0.008542,0.98505,0.09954,0.00,-0.30844,0.06241
1779374929.6797,plane,179,1,0.12368,0.13452,0.035575,0.23939,0.13914,51.10,-0.34440,0.11496
1779374929.6797,plane,179,3,0.02737,0.07522,0.002658,0.08708,0.05825,85.74,-0.12503,-0.22736
1779374929.7753,plane,180,1,0.09514,0.13771,0.036443,0.46299,0.19800,15.95,-0.29858,0.03333
1779374929.8713,plane,181,1,0.08043,0.14222,0.031275,0.39071,0.14885,12.58,-0.15355,0.04706
1779374929.9675,plane,182,1,0.06541,0.16514,0.030340,0.47303,0.12672,12.24,-0.15589,0.23794
1779374930.0789,plane,183,1,0.05819,0.18725,0.030589,0.40253,0.10903,13.29,-0.06464,0.19799
1779374930.1754,plane,184,1,0.05394,0.20292,0.030384,0.45136,0.10056,12.18,-0.04410,0.16263
1779374930.2706,plane,185,1,0.04910,0.20972,0.027705,0.45227,0.09071,12.04,-0.05086,0.07150
1779374930.3675,plane,186,1,0.04352,0.20766,0.022924,0.41735,0.08667,13.73,-0.05775,-0.02126
1779374930.4788,plane,187,1,0.03700,0.19223,0.016157,0.68775,0.13111,20.95,-0.05848,-0.13846
1779374930.5749,plane,188,1,0.03231,0.17386,0.011276,0.40570,0.07140,13.59,-0.04876,-0.19126
1779374930.6711,plane,189,1,0.03065,0.16236,0.009340,0.30583,0.04304,9.95,-0.01729,-0.11944
1779374930.7667,plane,190,1,0.03126,0.15820,0.009311,0.63216,0.06885,5.55,0.00636,-0.04349
1779374930.8785,plane,191,1,0.03187,0.15337,0.009237,0.26102,0.03987,8.46,0.00549,-0.04331
1779374930.9751,plane,192,1,0.03228,0.16939,0.010663,0.32344,0.07846,14.62,0.00422,0.16572
1779374931.0711,plane,193,1,0.03367,0.25483,0.018444,1.84896,0.04623,8.95,0.01449,0.88947
1779374931.1671,plane,194,1,0.03776,0.39066,0.036580,1.97712,0.10946,4.14,0.04262,1.41510
1779374931.2789,plane,195,1,0.04964,0.43908,0.061861,0.86032,0.08481,4.26,0.10631,0.43335
1779374931.3751,plane,196,1,0.06135,0.45434,0.084729,0.85859,0.11451,4.31,0.12185,0.15882
1779374931.4708,plane,197,1,0.07227,0.45614,0.103780,0.97023,0.13262,3.04,0.11391,0.01884
1779374931.5673,plane,198,1,0.08668,0.45938,0.129573,0.92894,0.16521,2.85,0.14942,0.03358
1779374931.6792,plane,199,1,0.10115,0.46551,0.158239,0.91709,0.19576,2.47,0.12927,0.05477
1779374931.7754,plane,200,1,0.11261,0.46690,0.180084,0.88748,0.22312,2.71,0.11921,0.01448
1779374931.8712,plane,201,1,0.12304,0.46838,0.199727,0.83875,0.24766,2.58,0.10899,0.01544
1779374931.9672,plane,202,1,0.13679,0.47026,0.225757,0.85382,0.27922,2.00,0.14294,0.01952
1779374932.0789,plane,203,1,0.15211,0.47270,0.255005,0.79939,0.31779,2.95,0.13715,0.02187
1779374932.1758,plane,204,1,0.16585,0.47329,0.280919,0.81884,0.34980,3.39,0.14211,0.00603
1779374932.2712,plane,205,1,0.17695,0.47334,0.301665,0.83708,0.37547,2.69,0.11610,0.00060
1779374932.3669,plane,206,1,0.18770,0.47392,0.321891,0.84249,0.39996,2.97,0.11231,0.00603
1779374932.4794,plane,207,1,0.19716,0.47403,0.339652,0.84652,0.42215,4.10,0.08433,0.00100
1779374932.5753,plane,208,1,0.20193,0.47202,0.348134,0.92948,0.43219,2.52,0.04956,-0.02094
1779374932.6710,plane,209,1,0.20030,0.46660,0.343282,0.96191,0.44292,4.31,-0.01701,-0.05666
1779374932.7674,plane,210,1,0.18931,0.45575,0.317781,1.00348,0.44093,6.62,-0.11409,-0.11269
1779374932.8790,plane,211,1,0.16651,0.43817,0.267683,1.23142,0.40558,7.67,-0.20407,-0.15733
1779374932.9748,plane,212,1,0.13551,0.41292,0.200936,0.59150,0.30959,0.00,-0.32293,-0.26301
1779374933.0708,plane,213,1,0.10081,0.37402,0.129084,1.57705,1.18655,35.59,-0.36195,-0.40583
1779374933.1669,plane,214,1,0.06962,0.31934,0.070131,2.66386,0.11074,17.11,-0.32470,-0.56910
1779374933.2789,plane,215,1,0.05346,0.25423,0.038200,0.39802,0.12027,23.05,-0.14429,-0.58151
1779374933.3748,plane,216,1,0.05124,0.26266,0.038108,0.16258,0.05597,0.00,-0.02311,0.08773
1779374933.4703,plane,217,1,0.07127,0.24839,0.052071,0.46826,0.11939,8.02,0.20980,-0.14948
1779374933.5673,plane,218,1,0.04367,0.18331,0.019840,0.32323,0.08243,13.87,-0.28443,-0.67070
1779374933.5673,plane,218,7,0.13891,0.19000,0.031314,0.27860,0.09795,16.46,0.00000,0.00000
1779374933.6797,plane,219,1,0.07689,0.16755,0.035041,0.39470,0.14462,8.11,0.29655,-0.14072
1779374933.6797,plane,219,7,0.22007,0.12348,0.016635,0.20955,0.08562,18.40,0.72463,-0.59390
1779374933.7762,plane,220,1,0.11535,0.13048,0.041631,0.23232,0.19752,52.94,0.39835,-0.38389
1779374933.7762,plane,220,7,0.30169,0.08076,0.008443,0.18496,0.08334,20.29,0.84527,-0.44242
1779374933.8713,plane,221,1,0.17337,0.11228,0.032876,0.48037,0.21591,43.18,0.60819,-0.19085
1779374933.8713,plane,221,7,0.38758,0.05788,0.004032,0.19563,0.08658,17.80,0.90039,-0.23988
1779374933.9680,plane,222,1,0.31223,0.08716,0.022759,0.20292,0.09284,84.82,1.44063,-0.26053
1779374933.9680,plane,222,7,0.49244,0.05746,0.003937,0.20614,0.08647,19.55,1.08798,-0.00432
1779374934.0798,plane,223,1,0.43221,0.10504,0.030745,0.21479,0.15397,80.71,1.07235,0.15980
1779374934.0798,plane,223,7,0.61174,0.07480,0.007178,0.21171,0.08263,24.40,1.06618,0.15490
1779374934.1759,plane,224,1,0.54737,0.13273,0.040348,0.23850,0.13295,83.03,1.19533,0.28742
1779374934.1759,plane,224,7,0.72797,0.09928,0.012063,0.20569,0.08032,27.36,1.20640,0.25415
1779374934.2726,plane,225,1,0.60601,0.15998,0.025102,0.30713,0.09296,19.83,0.60799,0.28247
1779374934.2726,plane,225,7,0.71001,0.16765,0.027047,0.30209,0.08884,27.55,-0.18617,0.70883
1779374934.2726,plane,225,8,0.84368,0.12917,0.018088,0.23894,0.08265,27.78,0.00000,0.00000
1779374934.2726,plane,225,9,0.50323,0.06165,0.004771,0.14815,0.08036,15.07,0.00000,0.00000
1779374934.3687,plane,226,1,0.61009,0.08455,0.009191,0.15089,0.08347,13.80,0.04244,-0.78507
1779374934.3687,plane,226,7,0.76381,0.18685,0.063280,0.26441,0.18335,60.67,0.55995,0.19991
1779374934.3687,plane,226,8,0.93861,0.16874,0.019589,0.21980,0.08289,26.34,0.98810,0.41190
1779374934.4797,plane,227,7,0.82394,0.18914,0.088467,0.29532,0.20423,86.92,0.54254,0.02064
1779374934.5750,plane,228,7,0.86337,0.21718,0.092972,0.27200,0.18698,128.13,0.41260,0.29345
1779374934.6711,plane,229,7,0.88216,0.23829,0.084469,0.29209,0.17906,155.64,0.19542,0.21954
1779374934.7677,plane,230,7,0.88753,0.24151,0.078857,0.30034,0.18654,170.57,0.05549,0.03325
1779374934.7677,plane,230,10,0.97019,0.48730,0.004920,0.67789,0.16918,0.00,0.00000,0.00000
1779374934.8783,plane,231,7,0.90127,0.28077,0.082152,0.31097,0.16546,167.51,0.12422,0.35491
1779374934.9747,plane,232,7,0.91113,0.31331,0.081518,0.33579,0.15543,171.64,0.10234,0.33779
1779374935.0707,plane,233,7,0.91607,0.33690,0.081161,0.36083,0.14574,174.42,0.05151,0.24628
1779374935.1672,plane,234,7,0.91702,0.36109,0.084050,0.37151,0.14900,175.80,0.00990,0.25070
1779374935.2786,plane,235,7,0.91757,0.38757,0.087694,0.38350,0.15906,178.57,0.00493,0.23732
1779374935.3750,plane,236,7,0.91890,0.41845,0.090135,0.40441,0.16423,0.73,0.01382,0.31985
1779374935.4706,plane,237,7,0.92107,0.44361,0.089274,0.42452,0.15658,2.45,0.02264,0.26344
1779374935.5670,plane,238,7,0.92548,0.46848,0.083684,0.45006,0.14639,4.65,0.04590,0.25848
1779374935.6786,plane,239,7,0.93210,0.50609,0.071577,0.48380,0.13411,6.82,0.05911,0.33625
1779374935.7751,plane,240,7,0.93746,0.54609,0.057022,0.43966,0.11826,9.49,0.05568,0.41505
1779374935.8718,plane,241,7,0.93447,0.53470,0.045346,0.41491,0.12875,22.01,-0.03102,-0.11793
1779374935.8718,plane,241,11,0.97007,0.88703,0.005186,0.17106,0.04671,15.64,0.00000,0.00000
1779374935.9683,plane,242,7,0.93111,0.54690,0.048993,0.47243,0.14582,25.83,-0.03464,0.12610
1779374935.9683,plane,242,11,0.96812,0.88716,0.005931,0.26761,0.07264,26.66,-0.02013,0.00128
1779374936.0787,plane,243,7,0.93120,0.58357,0.064460,0.42982,0.14038,14.96,0.00076,0.33235
1779374936.1744,plane,244,7,0.92945,0.58598,0.065947,0.43198,0.14066,14.99,-0.01822,0.02516
1779374936.2711,plane,245,7,0.92506,0.56597,0.056402,0.55429,0.15122,27.49,-0.04545,-0.20687
1779374936.2711,plane,245,11,0.96430,0.88916,0.007100,0.12683,0.03036,0.73,-0.03945,0.02073
1779374936.3672,plane,246,7,0.92586,0.58966,0.074293,0.45419,0.14433,17.00,0.00837,0.24699
1779374936.4790,plane,247,7,0.91803,0.54294,0.102714,0.46017,0.20968,16.14,-0.07014,-0.41821
1779374936.5751,plane,248,7,0.90119,0.49658,0.135490,0.46771,0.22484,2.50,-0.17490,-0.48149
1779374936.6708,plane,249,7,0.88108,0.45408,0.165324,0.45552,0.23551,172.38,-0.20987,-0.44365
1779374936.7669,plane,250,7,0.85879,0.40873,0.185616,0.43710,0.26380,166.24,-0.23190,-0.47183
1779374936.8788,plane,251,7,0.83874,0.37199,0.194843,0.41501,0.28037,159.63,-0.17913,-0.32826
1779374936.9754,plane,252,7,0.82461,0.34554,0.195541,0.39697,0.28955,155.02,-0.14709,-0.27519
1779374937.0713,plane,253,7,0.82051,0.33438,0.193702,0.38489,0.28836,149.39,-0.04262,-0.11608
1779374937.1673,plane,254,7,0.82206,0.32860,0.190238,0.39096,0.28158,149.43,0.01614,-0.06010
1779374937.2785,plane,255,7,0.82464,0.31837,0.182578,0.37963,0.27247,141.71,0.02315,-0.09195
1779374937.3751,plane,256,7,0.83739,0.31457,0.169086,0.37116,0.25359,139.59,0.13237,-0.03948
1779374937.4713,plane,257,7,0.85711,0.32333,0.153400,0.36678,0.22809,149.65,0.20486,0.09103
1779374937.5669,plane,258,7,0.87299,0.32866,0.136705,0.36854,0.21004,154.66,0.16572,0.05564
1779374937.6784,plane,259,7,0.88027,0.33044,0.127945,0.36392,0.19596,159.66,0.06528,0.01596
1779374937.7751,plane,260,7,0.88335,0.34065,0.126695,0.37315,0.19111,162.85,0.03189,0.10564
1779374937.8711,plane,261,7,0.88710,0.36012,0.126251,0.39302,0.20488,167.73,0.03911,0.20320
1779374937.9673,plane,262,7,0.89213,0.37664,0.121111,0.39523,0.20119,174.66,0.05226,0.17180
1779374938.0793,plane,263,7,0.89910,0.39824,0.118829,0.41151,0.19997,175.76,0.06218,0.19268
1779374938.1748,plane,264,7,0.90448,0.41488,0.115411,0.41838,0.19176,176.30,0.05628,0.17400
1779374938.2709,plane,265,7,0.90812,0.42572,0.112707,0.43234,0.18590,178.21,0.03795,0.11296
1779374938.3670,plane,266,7,0.91240,0.44113,0.108609,0.45257,0.16284,179.30,0.04454,0.16038
1779374938.4788,plane,267,7,0.91555,0.45531,0.105199,0.48006,0.15575,1.03,0.02815,0.12665
1779374938.5749,plane,268,7,0.91581,0.46381,0.105686,0.47873,0.15495,1.23,0.00270,0.08861
1779374938.6711,plane,269,7,0.91500,0.46956,0.108229,0.49644,0.15154,1.58,-0.00840,0.05976
1779374938.7673,plane,270,7,0.91535,0.48286,0.109521,0.48072,0.15755,1.78,0.00358,0.13819
1779374938.8789,plane,271,7,0.91667,0.49549,0.106389,0.46123,0.14457,8.27,0.01186,0.11304
1779374938.9751,plane,272,7,0.91631,0.50648,0.104714,0.47028,0.14451,10.24,-0.00380,0.11450
1779374939.0712,plane,273,7,0.91533,0.52392,0.103431,0.49235,0.15693,13.21,-0.01021,0.18108
1779374939.1668,plane,274,7,0.91234,0.54067,0.106289,0.50716,0.16788,15.73,-0.03127,0.17534
1779374939.2789,plane,275,7,0.90671,0.55062,0.116263,0.51554,0.17181,16.56,-0.05019,0.08862
1779374939.3750,plane,276,7,0.90074,0.56028,0.127504,0.52573,0.17552,17.48,-0.06225,0.10084
1779374939.4713,plane,277,7,0.89482,0.56850,0.138367,0.54953,0.18574,19.85,-0.06152,0.08544
1779374939.5674,plane,278,7,0.88624,0.56788,0.156119,0.57549,0.19849,22.34,-0.08932,-0.00645
1779374939.6792,plane,279,7,0.87672,0.56248,0.176336,0.57426,0.20084,22.65,-0.08503,-0.04830
1779374939.7750,plane,280,7,0.86578,0.55647,0.198895,1.08478,0.56748,0.00,-0.11402,-0.06264
1779374939.8707,plane,281,7,0.85772,0.55195,0.213370,1.85423,0.69882,0.00,-0.08425,-0.04727
1779374939.9670,plane,282,7,0.84991,0.54939,0.227120,4.04146,1.02378,0.00,-0.08108,-0.02652
1779374940.0797,plane,283,7,0.84150,0.54633,0.242944,3.58090,0.96703,0.00,-0.07475,-0.02722
1779374940.1757,plane,284,7,0.83466,0.54327,0.258167,1.73940,0.69593,0.00,-0.07124,-0.03183
1779374940.2716,plane,285,7,0.83005,0.54009,0.268097,2.92536,0.91794,0.00,-0.04795,-0.03314
1779374940.3672,plane,286,7,0.82882,0.54028,0.271379,4.37975,1.13052,0.00,-0.01291,0.00203
1779374940.4790,plane,287,7,0.83053,0.54392,0.268153,8.23207,1.54609,0.00,0.01529,0.03253
1779374940.5749,plane,288,7,0.83438,0.54603,0.260515,1.31954,0.60737,0.00,0.04017,0.02200
1779374940.6716,plane,289,7,0.83701,0.54611,0.255291,1.30354,0.60879,0.00,0.02725,0.00080
1779374940.7674,plane,290,7,0.84050,0.54768,0.248305,5.54994,1.21017,0.00,0.03651,0.01643
1779374940.8792,plane,291,7,0.84759,0.55383,0.235377,1.21029,0.54704,0.00,0.06333,0.05498
1779374940.9763,plane,292,7,0.85311,0.56084,0.225142,8.05257,1.15093,50.29,0.05682,0.07226
1779374940.9763,plane,292,12,0.63133,0.03824,0.002460,0.54848,0.28482,0.00,0.00000,0.00000
1779374941.0723,plane,293,7,0.85462,0.56466,0.221820,0.95330,0.29937,34.71,0.01579,0.03992
1779374941.0723,plane,293,12,0.63351,0.04682,0.005759,0.80174,0.31148,45.19,0.02270,0.08964
1779374941.1684,plane,294,7,0.85588,0.56377,0.215335,0.71899,0.23144,28.84,0.01313,-0.00926
1779374941.1684,plane,294,12,0.62621,0.04796,0.006163,0.56105,0.24783,49.26,-0.07582,0.01180
1779374941.2797,plane,295,7,0.85318,0.56280,0.221163,0.78981,0.25930,31.70,-0.02422,-0.00877
1779374941.2797,plane,295,12,0.61582,0.05225,0.008135,0.37158,0.19013,57.22,-0.09320,0.03852
1779374941.3761,plane,296,7,0.85118,0.56198,0.225806,1.00683,0.30436,35.49,-0.02071,-0.00843
1779374941.3761,plane,296,12,0.60627,0.06231,0.013070,0.31278,0.19819,58.43,-0.09912,0.10444
1779374941.4722,plane,297,7,0.84774,0.55785,0.232045,0.93120,0.29062,34.54,-0.03588,-0.04304
1779374941.4722,plane,297,12,0.58653,0.06593,0.014962,0.22967,0.12569,77.72,-0.20569,0.03768
1779374941.5683,plane,298,7,0.83967,0.55314,0.249852,1.15954,0.34665,37.92,-0.08382,-0.04890
1779374941.5683,plane,298,12,0.56214,0.07148,0.018233,0.22392,0.10736,83.35,-0.25334,0.05765
1779374941.6790,plane,299,7,0.83638,0.55144,0.258170,1.69105,0.44318,41.02,-0.02968,-0.01533
1779374941.6790,plane,299,12,0.54720,0.08637,0.026808,0.25173,0.13150,79.09,-0.13474,0.13431
1779374941.7755,plane,300,7,0.84698,0.56052,0.237176,2.49478,0.51083,40.34,0.10978,0.09402
1779374941.7755,plane,300,12,0.55683,0.11289,0.040412,0.31204,0.16323,62.43,0.09968,0.27462
1779374941.8717,plane,301,7,0.86032,0.57121,0.213608,42.02966,1.93426,39.71,0.13871,0.11112
1779374941.8717,plane,301,12,0.57985,0.13985,0.056044,0.32704,0.16996,63.82,0.23942,0.28032
1779374941.9678,plane,302,7,0.80050,0.45734,0.267712,0.62505,0.36600,164.79,-0.62353,-1.18692
1779374942.0793,plane,303,7,0.81513,0.45333,0.266922,0.56716,0.30377,169.55,0.13144,-0.03609
1779374942.1751,plane,304,7,0.84142,0.48240,0.265662,0.73399,0.35146,2.13,0.27384,0.30278
1779374942.2709,plane,305,7,0.85607,0.48991,0.240634,0.96186,0.29728,178.76,0.15252,0.07823
1779374942.3671,plane,306,7,0.86431,0.49057,0.225238,0.97839,0.27763,178.72,0.08589,0.00682
1779374942.4788,plane,307,7,0.86674,0.49214,0.220629,0.88440,0.27547,178.63,0.02170,0.01404
1779374942.5755,plane,308,7,0.86219,0.49242,0.229121,0.82812,0.29320,178.71,-0.04708,0.00296
1779374942.6707,plane,309,7,0.85447,0.49239,0.243644,0.81455,0.31285,178.86,-0.08098,-0.00029
1779374942.7673,plane,310,7,0.85103,0.49194,0.250064,0.79862,0.32231,178.54,-0.03582,-0.00469
1779374942.8792,plane,311,7,0.85978,0.49223,0.233583,0.82410,0.29931,179.04,0.07813,0.00259
1779374942.9750,plane,312,7,0.88646,0.49800,0.183478,1.05241,0.25116,1.62,0.27814,0.06010
1779374943.0715,plane,313,7,0.92198,0.51941,0.115434,7.57793,3.06029,40.03,0.36808,0.22185
1779374943.1670,plane,314,7,0.94869,0.60400,0.055728,0.71363,0.19595,11.30,0.27927,0.88453
1779374943.2786,plane,315,7,0.97137,0.74792,0.012210,0.21040,0.06389,0.00,0.20355,1.29185
1779374943.3743,plane,316,,,,,,,,,
1779374943.4699,plane,317,,,,,,,,,
1779374943.5659,plane,318,,,,,,,,,
1779374943.6785,plane,319,7,0.97070,0.88271,0.005108,0.07282,0.02881,0.00,-0.00599,1.19785
1779374943.7747,plane,320,7,0.95893,0.82810,0.015923,0.29809,0.09021,12.94,-0.12244,-0.56857
1779374943.8711,plane,321,7,0.94791,0.78046,0.030757,0.16485,0.10116,0.00,-0.11459,-0.49508
1779374943.9670,plane,322,7,0.93800,0.75420,0.044542,0.18006,0.15999,0.00,-0.10285,-0.27262
1779374944.0789,plane,323,7,0.92784,0.73287,0.059594,0.53092,0.21145,52.85,-0.09086,-0.19068
1779374944.1753,plane,324,7,0.91702,0.71377,0.076530,0.84768,0.32319,36.95,-0.11236,-0.19841
1779374944.2711,plane,325,7,0.90513,0.69866,0.095213,0.56664,0.24154,27.41,-0.12450,-0.15819
1779374944.3672,plane,326,7,0.89014,0.67937,0.121195,0.59838,0.27901,30.08,-0.15570,-0.20045
1779374944.4788,plane,327,7,0.87435,0.65679,0.152507,0.65485,0.32149,33.73,-0.14112,-0.20173
1779374944.5750,plane,328,7,0.85955,0.63857,0.182955,0.68345,0.35775,36.50,-0.15456,-0.19021
1779374944.6713,plane,329,7,0.84418,0.62201,0.215435,0.70707,0.38561,37.62,-0.15936,-0.17176
1779374944.7668,plane,330,7,0.83172,0.61158,0.240819,0.70231,0.40581,36.41,-0.13017,-0.10890
1779374944.8789,plane,331,7,0.82286,0.60690,0.257407,0.70150,0.42313,37.60,-0.07931,-0.04195
1779374944.9755,plane,332,7,0.81663,0.60481,0.268261,0.69790,0.43548,38.98,-0.06422,-0.02153
1779374945.0704,plane,333,7,0.80999,0.59960,0.282422,0.70307,0.44686,38.45,-0.07001,-0.05489
1779374945.1675,plane,334,7,0.80071,0.58936,0.305240,0.72115,0.46376,37.42,-0.09580,-0.10580
1779374945.2794,plane,335,7,0.79183,0.58014,0.327318,0.74093,0.48056,36.04,-0.07933,-0.08231
1779374945.3751,plane,336,7,0.78609,0.57954,0.337070,0.74491,0.48775,34.90,-0.05995,-0.00628
1779374945.4712,plane,337,7,0.78014,0.57777,0.348180,0.74712,0.49866,34.83,-0.06179,-0.01844
1779374945.5673,plane,338,7,0.77600,0.57937,0.353116,0.74304,0.50608,34.89,-0.04324,0.01672
1779374945.6793,plane,339,7,0.77442,0.58823,0.347071,0.72246,0.50618,35.65,-0.01407,0.07907
1779374945.7760,plane,340,7,0.77523,0.59722,0.337118,0.70589,0.49978,38.15,0.00838,0.09276
1779374945.8706,plane,341,7,0.78296,0.61399,0.311210,0.68306,0.47929,44.32,0.08180,0.17758
1779374945.9671,plane,342,7,0.79616,0.63868,0.271379,0.64704,0.44293,44.57,0.13692,0.25599
1779374946.0788,plane,343,7,0.81463,0.65636,0.232363,0.61914,0.40591,47.81,0.16498,0.15792
1779374946.1748,plane,344,7,0.84608,0.66986,0.180410,0.69054,0.36855,59.55,0.32794,0.14081
1779374946.2710,plane,345,7,0.91023,0.71771,0.077855,3.35698,0.63650,0.00,0.66665,0.49725
1779374946.3661,plane,346,,,,,,,,,
1779374946.4781,plane,347,,,,,,,,,
1779374946.5740,plane,348,,,,,,,,,
1779374946.6695,plane,349,,,,,,,,,
1779374946.7660,plane,350,,,,,,,,,
1779374946.8778,plane,351,,,,,,,,,
1779374946.9738,plane,352,,,,,,,,,
1779374947.0698,plane,353,,,,,,,,,
1779374947.1659,plane,354,,,,,,,,,
1779374947.2778,plane,355,,,,,,,,,
1779374947.3742,plane,356,,,,,,,,,
1779374947.4701,plane,357,,,,,,,,,
1779374947.5665,plane,358,,,,,,,,,
1779374947.6778,plane,359,,,,,,,,,
1779374947.7742,plane,360,,,,,,,,,
1779374947.8701,plane,361,,,,,,,,,
1779374947.9663,plane,362,,,,,,,,,
1779374948.0777,plane,363,,,,,,,,,
1779374948.1737,plane,364,,,,,,,,,
1779374948.2700,plane,365,,,,,,,,,
1779374948.3662,plane,366,,,,,,,,,
1779374948.4780,plane,367,,,,,,,,,
1779374948.5739,plane,368,,,,,,,,,
1779374948.6699,plane,369,,,,,,,,,
1779374948.7656,plane,370,,,,,,,,,
1779374948.8779,plane,371,,,,,,,,,
1779374948.9736,plane,372,,,,,,,,,
1779374949.0699,plane,373,,,,,,,,,
1779374949.1655,plane,374,,,,,,,,,
1779374949.2775,plane,375,,,,,,,,,
1779374949.3739,plane,376,,,,,,,,,
1779374949.4695,plane,377,,,,,,,,,
1779374949.5655,plane,378,,,,,,,,,
1779374949.6776,plane,379,,,,,,,,,
1779374949.7742,plane,380,,,,,,,,,
1779374949.8696,plane,381,,,,,,,,,
1779374949.9657,plane,382,,,,,,,,,
1779374950.0779,plane,383,,,,,,,,,
1779374950.1738,plane,384,,,,,,,,,
1779374950.2691,plane,385,,,,,,,,,
1779374950.3658,plane,386,,,,,,,,,
1779374950.4774,plane,387,,,,,,,,,
1779374950.5736,plane,388,,,,,,,,,
1779374950.6701,plane,389,,,,,,,,,
1779374950.7655,plane,390,,,,,,,,,
1779374950.8778,plane,391,,,,,,,,,
1779374950.9740,plane,392,,,,,,,,,
1779374951.0693,plane,393,,,,,,,,,
1779374951.1655,plane,394,,,,,,,,,
1779374951.2771,plane,395,,,,,,,,,
1779374951.3738,plane,396,,,,,,,,,
1779374951.4696,plane,397,,,,,,,,,
1779374951.5659,plane,398,,,,,,,,,
1779374951.6775,plane,399,,,,,,,,,
1779374951.7739,plane,400,,,,,,,,,
1779374951.8697,plane,401,,,,,,,,,
1779374951.9653,plane,402,,,,,,,,,
1779374952.0775,plane,403,,,,,,,,,
1779374952.1742,plane,404,,,,,,,,,
1779374952.2693,plane,405,,,,,,,,,
1779374952.3658,plane,406,,,,,,,,,
1779374952.4782,plane,407,,,,,,,,,
1779374952.5743,plane,408,,,,,,,,,
1779374952.6698,plane,409,,,,,,,,,
1779374952.7661,plane,410,,,,,,,,,
1779374952.8777,plane,411,,,,,,,,,
1779374952.9740,plane,412,,,,,,,,,
1779374953.0693,plane,413,,,,,,,,,
1779374953.1657,plane,414,,,,,,,,,
1779374953.2774,plane,415,,,,,,,,,
1779374953.3736,plane,416,,,,,,,,,
1779374953.4698,plane,417,,,,,,,,,
1779374953.5656,plane,418,,,,,,,,,
1779374953.6775,plane,419,,,,,,,,,
1779374953.7743,plane,420,,,,,,,,,
1779374953.8695,plane,421,,,,,,,,,
1779374953.9659,plane,422,,,,,,,,,
1779374954.0774,plane,423,,,,,,,,,
1779374954.1734,plane,424,,,,,,,,,
1779374954.2693,plane,425,,,,,,,,,
1779374954.3655,plane,426,,,,,,,,,
1779374954.4782,plane,427,,,,,,,,,
1779374954.5737,plane,428,,,,,,,,,
1779374954.6701,plane,429,,,,,,,,,
1779374954.7658,plane,430,,,,,,,,,
1779374954.8775,plane,431,,,,,,,,,
1779374954.9737,plane,432,,,,,,,,,
1779374955.0693,plane,433,,,,,,,,,
1779374955.1658,plane,434,,,,,,,,,
1779374955.2775,plane,435,,,,,,,,,
1779374955.3736,plane,436,,,,,,,,,
1779374955.4697,plane,437,,,,,,,,,
1779374955.5659,plane,438,,,,,,,,,
1779374955.6778,plane,439,,,,,,,,,
1779374955.7735,plane,440,,,,,,,,,
1779374955.8696,plane,441,,,,,,,,,
1779374955.9658,plane,442,,,,,,,,,
1779374956.0778,plane,443,,,,,,,,,
1779374956.1745,plane,444,13,0.96146,0.82385,0.005815,0.14528,0.06227,47.06,0.00000,0.00000
1779374956.2716,plane,445,13,0.94323,0.88857,0.013757,0.17424,0.07090,48.13,-0.18848,0.66892
1779374956.2716,plane,445,14,0.93759,0.69581,0.013363,0.21997,0.06699,49.66,0.00000,0.00000
1779374956.3678,plane,446,13,0.93105,0.83972,0.026786,0.17270,0.13926,16.59,-0.12660,-0.50804
1779374956.3678,plane,446,14,0.92061,0.62211,0.019102,0.29269,0.07141,52.41,-0.17666,-0.76655
1779374956.4801,plane,447,13,0.91712,0.73652,0.056802,0.27865,0.16651,9.08,-0.12423,-0.91985
1779374956.4801,plane,447,15,0.96528,0.29431,0.004618,0.13830,0.08405,88.93,0.00000,0.00000
1779374956.5761,plane,448,13,0.90960,0.74167,0.069316,0.33320,0.23915,37.47,-0.07801,0.05343
1779374956.5761,plane,448,15,0.95742,0.31204,0.007302,0.20576,0.09405,83.84,-0.08151,0.18399
1779374956.6711,plane,449,13,0.90144,0.74071,0.077477,0.52096,0.27911,61.51,-0.08607,-0.01011
1779374956.6711,plane,449,15,0.94905,0.31683,0.010668,0.43495,0.12264,78.76,-0.08833,0.05047
1779374956.7677,plane,450,13,0.88978,0.73681,0.089766,0.50363,0.26233,59.06,-0.12073,-0.04037
1779374956.7677,plane,450,15,0.93849,0.31798,0.014996,0.34998,0.10736,74.19,-0.10928,0.01195
1779374956.8789,plane,451,13,0.88629,0.67433,0.121816,0.43271,0.22383,16.33,-0.03130,-0.56039
1779374956.9751,plane,452,13,0.87421,0.66604,0.143416,0.41939,0.22866,20.35,-0.12593,-0.08635
1779374957.0709,plane,453,13,0.86261,0.66252,0.161034,0.42548,0.24164,28.35,-0.12100,-0.03676
1779374957.1677,plane,454,13,0.85062,0.65815,0.180184,0.78341,0.44118,55.69,-0.12359,-0.04499
1779374957.2793,plane,455,13,0.84446,0.66171,0.185518,0.73505,0.38769,51.21,-0.05534,0.03196
1779374957.3749,plane,456,13,0.83730,0.65463,0.196413,0.73254,0.28011,70.72,-0.07485,-0.07401
1779374957.4705,plane,457,13,0.82568,0.67287,0.193834,0.79837,0.28043,77.28,-0.12127,0.19036
1779374957.5671,plane,458,13,0.82076,0.67460,0.200222,0.69594,0.41664,66.49,-0.05101,0.01797
1779374957.6790,plane,459,13,0.81583,0.66565,0.212136,1.22783,0.77660,36.72,-0.04396,-0.07978
1779374957.7747,plane,460,13,0.81037,0.67528,0.213353,0.84634,0.52783,38.46,-0.05718,0.10092
1779374957.8707,plane,461,13,0.80435,0.67617,0.221078,0.53890,0.31353,33.83,-0.06265,0.00922
1779374957.9668,plane,462,13,0.79433,0.66601,0.241116,0.97044,0.56369,56.29,-0.10458,-0.10602
1779374958.0792,plane,463,13,0.78194,0.67139,0.253435,0.58365,0.36334,48.57,-0.10997,0.04774
1779374958.1750,plane,464,13,0.76912,0.66340,0.277501,0.60615,0.42120,64.45,-0.13406,-0.08355
1779374958.2708,plane,465,13,0.75349,0.65627,0.298208,0.65643,0.44665,53.02,-0.16275,-0.07421
1779374958.3670,plane,466,13,0.74356,0.65167,0.312202,0.65974,0.45719,51.27,-0.10347,-0.04797
1779374958.4793,plane,467,13,0.73130,0.63721,0.337453,0.67752,0.45729,55.92,-0.10918,-0.12874
1779374958.5756,plane,468,13,0.72094,0.61985,0.363890,0.67146,0.47249,57.99,-0.10756,-0.18034
1779374958.6711,plane,469,13,0.71143,0.61470,0.378242,0.71272,0.46996,57.97,-0.09972,-0.05397
1779374958.7677,plane,470,13,0.70443,0.59665,0.400967,0.73129,0.49420,48.90,-0.07243,-0.18679
1779374958.8788,plane,471,13,0.69311,0.68164,0.304259,0.70373,0.34855,75.36,-0.10177,0.76427
1779374958.9753,plane,472,13,0.68470,0.67398,0.315603,0.72251,0.35218,74.33,-0.08728,-0.07948
1779374959.0711,plane,473,13,0.67776,0.66548,0.326041,0.74012,0.35241,74.46,-0.07224,-0.08844
1779374959.1666,plane,474,13,0.66941,0.65767,0.327742,0.74359,0.34516,74.56,-0.08740,-0.08173
1779374959.2787,plane,475,13,0.65847,0.64143,0.344321,0.75680,0.35284,73.50,-0.09781,-0.14511
1779374959.3755,plane,476,13,0.64752,0.62252,0.360965,0.75937,0.36322,72.89,-0.11322,-0.19564
1779374959.4711,plane,477,13,0.63838,0.60557,0.366940,0.74950,0.37398,70.80,-0.09537,-0.17682
1779374959.5670,plane,478,13,0.63054,0.59175,0.378933,0.76147,0.38014,69.68,-0.08191,-0.14436
1779374959.6791,plane,479,13,0.62592,0.58479,0.386553,0.76875,0.38232,69.52,-0.04115,-0.06210
1779374959.7752,plane,480,13,0.62740,0.58915,0.380653,0.76970,0.37984,69.83,0.01536,0.04531
1779374959.8706,plane,481,13,0.63041,0.59680,0.376158,0.76721,0.37622,70.41,0.03149,0.08006
1779374959.9676,plane,482,13,0.63370,0.60368,0.372101,0.77232,0.36871,71.72,0.03404,0.07132
1779374960.0791,plane,483,13,0.64313,0.61926,0.356717,0.77241,0.35802,72.49,0.08441,0.13942
1779374960.1752,plane,484,13,0.65962,0.65006,0.332791,0.76684,0.34203,74.39,0.17226,0.32164
1779374960.2714,plane,485,13,0.68040,0.68327,0.302314,0.73044,0.33362,76.52,0.21518,0.34407
1779374960.3671,plane,486,13,0.70120,0.71475,0.269146,0.71654,0.31510,79.97,0.21694,0.32824
1779374960.4785,plane,487,13,0.71940,0.73985,0.240195,0.69826,0.30269,82.50,0.16382,0.22592
1779374960.5753,plane,488,13,0.73498,0.76040,0.211504,0.67457,0.28503,84.65,0.16113,0.21254
1779374960.6713,plane,489,13,0.74656,0.77630,0.184635,0.57022,0.21956,82.77,0.12011,0.16500
1779374960.7670,plane,490,13,0.75772,0.78244,0.168694,0.56540,0.21794,85.83,0.11695,0.06429
1779374960.8792,plane,491,13,0.77415,0.77767,0.159030,0.51769,0.23180,86.43,0.14668,-0.04256
1779374960.9748,plane,492,13,0.79254,0.76121,0.159298,0.46032,0.24527,79.40,0.19154,-0.17134
1779374961.0708,plane,493,13,0.80395,0.73889,0.171093,0.45355,0.24398,70.01,0.11903,-0.23297
1779374961.1668,plane,494,13,0.81158,0.71168,0.184970,0.49703,0.28449,65.82,0.07939,-0.28304
1779374961.2785,plane,495,13,0.81520,0.67635,0.206055,1.43348,0.55563,78.38,0.03242,-0.31607
1779374961.3753,plane,496,13,0.80773,0.61463,0.234363,0.60510,0.38405,59.93,-0.07750,-0.63970
1779374961.4713,plane,497,13,0.79178,0.51626,0.259191,0.59828,0.36915,47.11,-0.16594,-1.02360
1779374961.5669,plane,498,13,0.77391,0.40768,0.253820,0.51709,0.36639,46.42,-0.18687,-1.13561
1779374961.6794,plane,499,13,0.74744,0.34424,0.223992,0.58185,0.29587,57.94,-0.23593,-0.56546
1779374961.7757,plane,500,13,0.70985,0.28047,0.205778,0.60256,0.29866,58.84,-0.38881,-0.65946
1779374961.8705,plane,501,13,0.66243,0.23758,0.184401,0.60635,0.29013,62.26,-0.49961,-0.45198
1779374961.9667,plane,502,13,0.60847,0.21495,0.162769,0.60306,0.27323,66.77,-0.56235,-0.23580
1779374962.0799,plane,503,13,0.57124,0.21741,0.136502,0.67203,0.23317,58.99,-0.32908,0.02178
1779374962.0799,plane,503,16,0.36541,0.08811,0.012283,0.54366,0.07335,53.72,0.00000,0.00000
1779374962.1753,plane,504,13,0.51548,0.20884,0.130529,0.62114,0.23294,60.10,-0.58316,-0.08970
1779374962.1753,plane,504,16,0.30465,0.07944,0.009552,0.21960,0.05137,0.00,-0.63537,-0.09068
1779374962.2710,plane,505,13,0.46202,0.20146,0.124415,0.57479,0.22892,60.55,-0.55926,-0.07719
1779374962.2710,plane,505,16,0.24917,0.07324,0.007696,1.17349,0.14205,41.42,-0.58044,-0.06492
1779374962.3677,plane,506,13,0.41023,0.19523,0.119132,0.50982,0.21800,63.08,-0.53818,-0.06474
1779374962.3677,plane,506,16,0.19586,0.06903,0.006548,0.26937,0.07729,41.44,-0.55391,-0.04376
1779374962.4799,plane,507,13,0.36040,0.19315,0.118769,0.47968,0.21545,65.01,-0.44236,-0.01844
1779374962.4799,plane,507,16,0.14555,0.06609,0.006044,0.21689,0.07526,40.87,-0.44666,-0.02607
1779374962.5762,plane,508,13,0.33135,0.20323,0.125297,0.51207,0.23089,61.38,-0.30324,0.10518
1779374962.5762,plane,508,16,0.11717,0.07584,0.008289,0.34569,0.08965,39.55,-0.29625,0.10183
1779374962.6719,plane,509,13,0.33067,0.22323,0.138329,0.58780,0.24378,57.42,-0.00706,0.20831
1779374962.6719,plane,509,16,0.12198,0.09324,0.013523,0.21905,0.07180,0.00,0.05009,0.18117
1779374962.7670,plane,510,13,0.31880,0.22030,0.165448,0.56570,0.29478,66.43,-0.12430,-0.03064
1779374962.8784,plane,511,13,0.31209,0.22392,0.177343,0.66484,0.32703,60.80,-0.06036,0.03251
1779374962.9754,plane,512,13,0.33883,0.24015,0.219725,0.99970,0.37085,60.18,0.27607,0.16761
1779374963.0711,plane,513,13,0.39968,0.26723,0.277898,1.74056,0.47191,56.57,0.63391,0.28207
1779374963.1670,plane,514,13,0.43614,0.28284,0.311639,4.88093,0.75701,53.86,0.38132,0.16320
1779374963.2792,plane,515,13,0.45137,0.29076,0.337945,7.01560,0.97015,52.73,0.13571,0.07065
1779374963.3758,plane,516,13,0.45852,0.30272,0.367293,3.50395,0.71378,0.00,0.07420,0.12411
1779374963.4710,plane,517,13,0.46231,0.31440,0.383479,0.85861,0.39428,74.84,0.03959,0.12194
1779374963.5674,plane,518,13,0.46048,0.32484,0.394024,0.87848,0.39026,75.39,-0.01913,0.10880
1779374963.6788,plane,519,13,0.45505,0.34237,0.407065,0.90361,0.38513,75.68,-0.04850,0.15678
1779374963.7754,plane,520,13,0.44649,0.35330,0.415329,0.95348,0.37483,75.27,-0.08897,0.11348
1779374963.8713,plane,521,13,0.43733,0.35662,0.421663,1.02347,0.36514,74.85,-0.09533,0.03458
1779374963.9674,plane,522,13,0.42955,0.35387,0.426853,1.08442,0.36004,74.74,-0.08080,-0.02846
1779374964.0785,plane,523,13,0.42229,0.34426,0.426463,1.15209,0.35292,74.60,-0.06538,-0.08652
1779374964.1755,plane,524,13,0.41706,0.31220,0.418542,1.14581,0.35484,76.48,-0.05401,-0.33136
1779374964.2710,plane,525,13,0.44849,0.25416,0.389769,1.17825,0.32860,79.70,0.32832,-0.60622
1779374964.3674,plane,526,13,0.55616,0.19018,0.276622,0.89794,0.28295,88.75,1.12407,-0.66805
1779374964.4791,plane,527,13,0.66575,0.18337,0.197712,0.73477,0.25343,89.48,0.97862,-0.06080
1779374964.5751,plane,528,17,0.80125,0.38576,0.191047,0.48862,0.31521,70.25,0.00000,0.00000
1779374964.6700,plane,529,18,0.96611,0.86305,0.007958,2.34747,0.44036,57.68,0.00000,0.00000
1779374964.7653,plane,530,,,,,,,,,
1779374964.8787,plane,531,13,0.74928,0.22545,0.077240,0.39589,0.19804,113.49,0.73707,0.37134
1779374964.9749,plane,532,13,0.74972,0.22534,0.076591,0.37977,0.20027,115.33,0.00452,-0.00114
1779374965.0710,plane,533,13,0.74888,0.22507,0.076903,0.37445,0.19913,114.63,-0.00882,-0.00286
1779374965.1670,plane,534,13,0.75193,0.24265,0.089049,0.32777,0.23278,84.20,0.03175,0.18275
1779374965.2778,plane,535,,,,,,,,,
1779374965.3736,plane,536,,,,,,,,,
1779374965.4698,plane,537,,,,,,,,,
1779374965.5669,plane,538,19,0.84898,0.05899,0.002597,0.06856,0.03723,108.16,0.00000,0.00000
1779374965.6779,plane,539,,,,,,,,,
1779374965.7748,plane,540,19,0.82150,0.08237,0.014318,0.44832,0.06544,117.92,-0.28324,0.24100
1779374965.8708,plane,541,19,0.85225,0.05914,0.002623,0.05300,0.04437,91.40,0.32106,-0.24256
1779374965.9673,plane,542,19,0.85232,0.05934,0.002628,0.05397,0.04381,83.61,0.00066,0.00206
1779374966.0789,plane,543,19,0.82476,0.09640,0.013835,0.15986,0.09003,91.86,-0.24735,0.33273
1779374966.1748,plane,544,19,0.85543,0.06049,0.002818,0.05604,0.05082,179.26,0.31917,-0.37380
1779374966.2706,plane,545,19,0.85540,0.06058,0.002826,0.06815,0.04686,1.74,-0.00032,0.00097
1779374966.3668,plane,546,19,0.82784,0.10409,0.015274,0.12584,0.11122,75.27,-0.28556,0.45091
1779374966.4784,plane,547,19,0.85855,0.06251,0.003264,0.08032,0.04408,91.61,0.27502,-0.37247
1779374966.5749,plane,548,19,0.85847,0.06222,0.003237,0.08871,0.04798,179.67,-0.00079,-0.00302
1779374966.6702,plane,549,19,0.83097,0.11043,0.017615,0.14247,0.10180,85.29,-0.28850,0.50585
1779374966.7664,plane,550,19,0.86176,0.06535,0.003849,0.06079,0.05393,100.69,0.32003,-0.46857
1779374966.8782,plane,551,19,0.86148,0.06545,0.003844,0.06222,0.05883,127.20,-0.00252,0.00093
1779374966.9747,plane,552,19,0.83435,0.11724,0.020616,0.15605,0.11497,91.56,-0.28101,0.53632
1779374967.0707,plane,553,19,0.86505,0.06898,0.004659,0.08359,0.06099,174.88,0.32130,-0.50498
1779374967.1667,plane,554,19,0.86448,0.06891,0.004639,0.06981,0.05914,85.30,-0.00600,-0.00066
1779374967.2782,plane,555,19,0.83749,0.12487,0.024183,0.19100,0.12635,93.70,-0.24172,0.50110
1779374967.3743,plane,556,19,0.86826,0.07328,0.005634,0.12477,0.06161,178.37,0.32033,-0.53708
1779374967.4703,plane,557,19,0.86765,0.07337,0.005620,0.09002,0.06334,91.23,-0.00636,0.00101
1779374967.5667,plane,558,19,0.84081,0.13329,0.028468,0.19491,0.14468,0.55,-0.27896,0.62285
1779374967.6788,plane,559,19,0.87146,0.07796,0.006761,0.08748,0.07623,177.07,0.27310,-0.49306
1779374967.7748,plane,560,19,0.87088,0.07789,0.006694,0.09585,0.07241,9.42,-0.00605,-0.00078
1779374967.8709,plane,561,19,0.84394,0.14209,0.033378,0.19511,0.14811,83.51,-0.27954,0.66620
1779374967.9666,plane,562,19,0.87458,0.08261,0.008067,0.11019,0.07122,95.49,0.31969,-0.62061
1779374968.0782,plane,563,19,0.87420,0.08265,0.008101,0.08745,0.07374,95.89,-0.00340,0.00040
1779374968.1749,plane,564,19,0.84719,0.15179,0.039113,0.25041,0.14832,91.17,-0.28043,0.71780
1779374968.2710,plane,565,19,0.87798,0.08776,0.009594,0.10636,0.08513,98.70,0.31921,-0.66374
1779374968.3666,plane,566,19,0.87728,0.08831,0.009611,0.09455,0.08964,36.51,-0.00734,0.00575
1779374968.4787,plane,567,19,0.85036,0.16246,0.045892,0.23830,0.17567,92.76,-0.23998,0.66093
1779374968.5751,plane,568,19,0.88136,0.09345,0.011422,0.11515,0.09955,175.44,0.32091,-0.71444
1779374968.6707,plane,569,19,0.88063,0.09399,0.011587,0.14043,0.08627,94.75,-0.00759,0.00560
1779374968.7670,plane,570,19,0.85389,0.17384,0.054058,0.22107,0.21097,117.23,-0.27676,0.82646
1779374968.8784,plane,571,19,0.88457,0.09961,0.013589,0.12201,0.10068,77.91,0.27585,-0.66749
1779374968.9747,plane,572,19,0.88411,0.10065,0.013879,0.11984,0.10257,75.51,-0.00468,0.01069
1779374969.0708,plane,573,19,0.85736,0.18638,0.063590,0.26995,0.21262,13.05,-0.27891,0.89384
1779374969.1669,plane,574,19,0.88790,0.10670,0.016179,0.12951,0.11704,3.25,0.31764,-0.82863
1779374969.2788,plane,575,19,0.88763,0.10767,0.016512,0.14406,0.11625,169.15,-0.00243,0.00866
1779374969.3746,plane,576,19,0.86081,0.20016,0.074678,0.25292,0.24417,169.54,-0.27939,0.96346
1779374969.4709,plane,577,19,0.89137,0.11417,0.019333,0.14771,0.12839,3.25,0.31860,-0.89660
1779374969.5680,plane,578,19,0.89107,0.11504,0.019633,0.15090,0.12572,0.73,-0.00315,0.00908
1779374969.6786,plane,579,19,0.86427,0.21471,0.087653,0.31887,0.28020,115.32,-0.24078,0.89554
1779374969.7747,plane,580,19,0.89490,0.12230,0.023058,0.14699,0.13220,99.99,0.32018,-0.96608
1779374969.8711,plane,581,19,0.89462,0.12310,0.023334,0.19548,0.12950,0.76,-0.00288,0.00827
1779374969.9667,plane,582,19,0.86285,0.23092,0.099040,0.43056,0.25097,82.94,-0.33300,1.13005
1779374970.0788,plane,583,19,0.89862,0.13142,0.027478,0.16056,0.14821,153.59,0.31918,-0.88774
1779374970.1747,plane,584,19,0.89789,0.13200,0.027829,0.16834,0.15106,168.81,-0.00753,0.00595
1779374970.2713,plane,585,19,0.85826,0.24637,0.110553,0.34622,0.28593,73.51,-0.41180,1.18822
1779374970.3666,plane,586,19,0.90211,0.14156,0.032861,0.18306,0.17716,38.86,0.45895,-1.09685
1779374970.4787,plane,587,19,0.90121,0.14184,0.033137,0.19048,0.15587,160.17,-0.00807,0.00256
1779374970.5757,plane,588,19,0.85245,0.25984,0.122960,0.37320,0.32994,67.79,-0.50131,1.21313
1779374970.6702,plane,589,19,0.90562,0.15237,0.039203,0.19915,0.16988,97.45,0.56251,-1.13689
1779374970.7667,plane,590,19,0.90479,0.15287,0.039466,0.22089,0.17500,178.89,-0.00858,0.00514
1779374970.8784,plane,591,19,0.84696,0.27059,0.135103,0.41632,0.32468,86.35,-0.51728,1.05292
1779374970.9750,plane,592,19,0.90438,0.16184,0.043028,0.50644,0.15378,87.10,0.59744,-1.13146
1779374971.0707,plane,593,19,0.90389,0.16226,0.043427,0.48159,0.15290,87.69,-0.00513,0.00437
1779374971.1664,plane,594,19,0.84267,0.27779,0.145043,0.43138,0.31505,83.75,-0.64076,1.20932
1779374971.2790,plane,595,19,0.90149,0.17182,0.047863,0.57450,0.16526,89.22,0.52180,-0.94017
1779374971.3746,plane,596,19,0.90127,0.17217,0.048131,0.22830,0.19209,79.58,-0.00236,0.00366
1779374971.4709,plane,597,19,0.83896,0.28282,0.152793,0.47289,0.32559,89.90,-0.64527,1.14587
1779374971.5669,plane,598,19,0.89780,0.18105,0.053201,0.23705,0.20734,73.50,0.61397,-1.06177
1779374971.6781,plane,599,19,0.89754,0.18162,0.053538,0.63499,0.17363,88.15,-0.00232,0.00511
1779374971.7744,plane,600,19,0.83532,0.28751,0.159809,0.51702,0.32622,91.96,-0.64694,1.10090
1779374971.8709,plane,601,19,0.89322,0.19017,0.059308,0.33218,0.20795,89.59,0.59990,-1.00843
1779374971.9674,plane,602,19,0.89309,0.19045,0.059531,0.28991,0.20779,84.70,-0.00134,0.00285
1779374972.0791,plane,603,19,0.83296,0.28991,0.164788,0.52448,0.33717,98.21,-0.53604,0.88662
1779374972.1743,plane,604,19,0.88835,0.19957,0.066096,1.52206,0.19455,90.33,0.58340,-0.95148
1779374972.2704,plane,605,19,0.88828,0.19992,0.066271,0.27290,0.22800,26.64,-0.00077,0.00358
1779374972.3664,plane,606,19,0.83021,0.29429,0.170268,0.55510,0.34204,99.95,-0.60522,0.98368
1779374972.4783,plane,607,19,0.88327,0.20905,0.073495,0.31495,0.22138,8.51,0.47484,-0.76291
1779374972.5749,plane,608,19,0.88300,0.20916,0.073693,0.50557,0.21151,88.61,-0.00271,0.00116
1779374972.6707,plane,609,19,0.82977,0.29261,0.171527,0.53214,0.33851,97.45,-0.55662,0.87260
1779374972.7668,plane,610,19,0.87765,0.21896,0.081762,0.31066,0.25618,6.45,0.49716,-0.76474
1779374972.8787,plane,611,19,0.87742,0.21879,0.081897,0.30069,0.23856,30.19,-0.00205,-0.00159
1779374972.9748,plane,612,19,0.82906,0.29301,0.172399,0.56381,0.34237,102.78,-0.50025,0.76769
1779374973.0702,plane,613,19,0.87161,0.22911,0.091027,0.31641,0.26514,59.00,0.44709,-0.67131
1779374973.1668,plane,614,19,0.87155,0.22911,0.091092,0.30725,0.24873,47.97,-0.00065,0.00001
1779374973.2791,plane,615,19,0.82881,0.29332,0.173033,0.55835,0.34364,102.10,-0.38005,0.57092
1779374973.3747,plane,616,19,0.86518,0.24028,0.101581,0.31722,0.27769,36.65,0.38055,-0.55495
1779374973.4706,plane,617,19,0.86510,0.24041,0.101661,0.31804,0.27326,43.64,-0.00076,0.00133
1779374973.5660,plane,618,,,,,,,,,
1779374973.6776,plane,619,,,,,,,,,
1779374973.7739,plane,620,,,,,,,,,
1779374973.8698,plane,621,,,,,,,,,
1779374973.9664,plane,622,,,,,,,,,
1779374974.0783,plane,623,,,,,,,,,
1779374974.1737,plane,624,,,,,,,,,
1779374974.2703,plane,625,,,,,,,,,
1779374974.3657,plane,626,,,,,,,,,
1779374974.4783,plane,627,,,,,,,,,
1779374974.5747,plane,628,,,,,,,,,
1779374974.6700,plane,629,,,,,,,,,
1779374974.7664,plane,630,,,,,,,,,
1779374974.8776,plane,631,,,,,,,,,
1779374974.9748,plane,632,,,,,,,,,
1779374975.0695,plane,633,,,,,,,,,
1779374975.1657,plane,634,,,,,,,,,
1779374975.2779,plane,635,,,,,,,,,
1779374975.3742,plane,636,,,,,,,,,
1779374975.4698,plane,637,,,,,,,,,
1779374975.5660,plane,638,,,,,,,,,
1779374975.6777,plane,639,,,,,,,,,
1779374975.7740,plane,640,,,,,,,,,
1779374975.8700,plane,641,,,,,,,,,
1779374975.9661,plane,642,,,,,,,,,
1779374976.0787,plane,643,,,,,,,,,
1779374976.1737,plane,644,,,,,,,,,
1779374976.2694,plane,645,,,,,,,,,
1779374976.3661,plane,646,,,,,,,,,
1779374976.4781,plane,647,,,,,,,,,
1779374976.5740,plane,648,,,,,,,,,
1779374976.6698,plane,649,,,,,,,,,
1779374976.7656,plane,650,,,,,,,,,
1779374976.8777,plane,651,,,,,,,,,
1779374976.9735,plane,652,,,,,,,,,
1779374977.0694,plane,653,,,,,,,,,
1779374977.1658,plane,654,,,,,,,,,
1779374977.2776,plane,655,,,,,,,,,
1779374977.3738,plane,656,,,,,,,,,
1779374977.4696,plane,657,,,,,,,,,
1779374977.5657,plane,658,,,,,,,,,
1779374977.6776,plane,659,,,,,,,,,
1779374977.7739,plane,660,,,,,,,,,
1779374977.8699,plane,661,,,,,,,,,
1779374977.9659,plane,662,,,,,,,,,
1779374978.0781,plane,663,,,,,,,,,
1779374978.1738,plane,664,,,,,,,,,
1779374978.2701,plane,665,,,,,,,,,
1779374978.3663,plane,666,,,,,,,,,
1779374978.4778,plane,667,,,,,,,,,
1779374978.5740,plane,668,,,,,,,,,
1779374978.6698,plane,669,,,,,,,,,
1779374978.7663,plane,670,,,,,,,,,
1779374978.8782,plane,671,,,,,,,,,
1779374978.9742,plane,672,,,,,,,,,
1779374979.0696,plane,673,,,,,,,,,
1779374979.1663,plane,674,,,,,,,,,
1779374979.2779,plane,675,,,,,,,,,
1779374979.3740,plane,676,,,,,,,,,
1779374979.4696,plane,677,,,,,,,,,
1779374979.5661,plane,678,,,,,,,,,
1779374979.6775,plane,679,,,,,,,,,
1779374979.7740,plane,680,,,,,,,,,
1779374979.8700,plane,681,,,,,,,,,
1779374979.9657,plane,682,,,,,,,,,
1779374980.0775,plane,683,,,,,,,,,
1779374980.1739,plane,684,,,,,,,,,
1779374980.2697,plane,685,,,,,,,,,
1779374980.3662,plane,686,,,,,,,,,
1779374980.4781,plane,687,,,,,,,,,
1779374980.5737,plane,688,,,,,,,,,
1779374980.6697,plane,689,,,,,,,,,
1779374980.7659,plane,690,,,,,,,,,
1779374980.8778,plane,691,,,,,,,,,
1779374980.9737,plane,692,,,,,,,,,
1779374981.0693,plane,693,,,,,,,,,
1779374981.1659,plane,694,,,,,,,,,
1779374981.2776,plane,695,,,,,,,,,
1779374981.3743,plane,696,,,,,,,,,
1779374981.4697,plane,697,,,,,,,,,
1779374981.5662,plane,698,,,,,,,,,
1779374981.6776,plane,699,,,,,,,,,
1779374981.7737,plane,700,,,,,,,,,
1779374981.8696,plane,701,,,,,,,,,
1779374981.9661,plane,702,,,,,,,,,
1779374982.0777,plane,703,,,,,,,,,
1779374982.1736,plane,704,,,,,,,,,
1779374982.2697,plane,705,,,,,,,,,
1779374982.3656,plane,706,,,,,,,,,
1779374982.4774,plane,707,,,,,,,,,
1779374982.5736,plane,708,,,,,,,,,
1779374982.6694,plane,709,,,,,,,,,
1779374982.7654,plane,710,,,,,,,,,
1779374982.8774,plane,711,,,,,,,,,
1779374982.9739,plane,712,,,,,,,,,
1779374983.0693,plane,713,,,,,,,,,
1779374983.1660,plane,714,,,,,,,,,
1779374983.2775,plane,715,,,,,,,,,
1779374983.3734,plane,716,,,,,,,,,
1779374983.4695,plane,717,,,,,,,,,
1779374983.5657,plane,718,,,,,,,,,
1779374983.6777,plane,719,,,,,,,,,
1779374983.7739,plane,720,,,,,,,,,
1779374983.8699,plane,721,,,,,,,,,
1779374983.9660,plane,722,,,,,,,,,
1779374984.0780,plane,723,,,,,,,,,
1779374984.1742,plane,724,,,,,,,,,
1779374984.2695,plane,725,,,,,,,,,
1779374984.3661,plane,726,,,,,,,,,
1779374984.4774,plane,727,,,,,,,,,
1779374984.5736,plane,728,,,,,,,,,
1779374984.6694,plane,729,,,,,,,,,
1779374984.7657,plane,730,,,,,,,,,
1779374984.8779,plane,731,,,,,,,,,
1779374984.9735,plane,732,,,,,,,,,
1779374985.0696,plane,733,,,,,,,,,
1779374985.1661,plane,734,,,,,,,,,
1779374985.2773,plane,735,,,,,,,,,
1779374985.3738,plane,736,,,,,,,,,
1779374985.4693,plane,737,,,,,,,,,
1779374985.5654,plane,738,,,,,,,,,
1779374985.6776,plane,739,,,,,,,,,
1779374985.7737,plane,740,,,,,,,,,
1779374985.8697,plane,741,,,,,,,,,
1779374985.9656,plane,742,,,,,,,,,
1779374986.0782,plane,743,,,,,,,,,
1779374986.1741,plane,744,,,,,,,,,
1779374986.2699,plane,745,,,,,,,,,
1779374986.3657,plane,746,,,,,,,,,
1779374986.4780,plane,747,,,,,,,,,
1779374986.5743,plane,748,,,,,,,,,
1779374986.6693,plane,749,,,,,,,,,
1779374986.7656,plane,750,,,,,,,,,
1779374986.8776,plane,751,,,,,,,,,
1779374986.9737,plane,752,,,,,,,,,
1779374987.0696,plane,753,,,,,,,,,
1779374987.1655,plane,754,,,,,,,,,
1779374987.2774,plane,755,,,,,,,,,
1779374987.3737,plane,756,,,,,,,,,
1779374987.4698,plane,757,,,,,,,,,
1779374987.5659,plane,758,,,,,,,,,
1779374987.6777,plane,759,,,,,,,,,
1779374987.7734,plane,760,,,,,,,,,
1779374987.8694,plane,761,,,,,,,,,
1779374987.9657,plane,762,,,,,,,,,
1779374988.0773,plane,763,,,,,,,,,
1779374988.1738,plane,764,,,,,,,,,
1779374988.2698,plane,765,,,,,,,,,
1779374988.3660,plane,766,,,,,,,,,
1779374988.4775,plane,767,,,,,,,,,
1779374988.5737,plane,768,,,,,,,,,
1779374988.6695,plane,769,,,,,,,,,
1779374988.7657,plane,770,,,,,,,,,
1779374988.8778,plane,771,,,,,,,,,
1779374988.9739,plane,772,,,,,,,,,
1779374989.0697,plane,773,,,,,,,,,
1779374989.1660,plane,774,,,,,,,,,
1779374989.2776,plane,775,,,,,,,,,
1779374989.3738,plane,776,,,,,,,,,
1779374989.4696,plane,777,,,,,,,,,
1779374989.5657,plane,778,,,,,,,,,
1779374989.6775,plane,779,,,,,,,,,
1779374989.7737,plane,780,,,,,,,,,
1779374989.8696,plane,781,,,,,,,,,
1779374989.9667,plane,782,,,,,,,,,
1779374990.0781,plane,783,,,,,,,,,
1779374990.1737,plane,784,,,,,,,,,
1779374990.2693,plane,785,,,,,,,,,
1779374990.3657,plane,786,,,,,,,,,
1779374990.4777,plane,787,,,,,,,,,
1779374990.5743,plane,788,,,,,,,,,
1779374990.6694,plane,789,,,,,,,,,
1779374990.7657,plane,790,,,,,,,,,
1779374990.8778,plane,791,,,,,,,,,
1779374990.9738,plane,792,,,,,,,,,
1779374991.0694,plane,793,,,,,,,,,
1779374991.1657,plane,794,,,,,,,,,
1779374991.2773,plane,795,,,,,,,,,
1779374991.3735,plane,796,,,,,,,,,
1779374991.4693,plane,797,,,,,,,,,
1779374991.5654,plane,798,,,,,,,,,
1779374991.6776,plane,799,,,,,,,,,
1779374991.7736,plane,800,,,,,,,,,
1779374991.8694,plane,801,,,,,,,,,
1779374991.9657,plane,802,,,,,,,,,
1779374992.0778,plane,803,,,,,,,,,
1779374992.1737,plane,804,,,,,,,,,
1779374992.2696,plane,805,,,,,,,,,
1779374992.3656,plane,806,,,,,,,,,
1779374992.4779,plane,807,,,,,,,,,
1779374992.5736,plane,808,,,,,,,,,
1779374992.6696,plane,809,,,,,,,,,
1779374992.7659,plane,810,,,,,,,,,
1779374992.8776,plane,811,,,,,,,,,
1779374992.9739,plane,812,,,,,,,,,
1779374993.0693,plane,813,,,,,,,,,
1779374993.1655,plane,814,,,,,,,,,
1779374993.2780,plane,815,,,,,,,,,
1779374993.3743,plane,816,,,,,,,,,
1779374993.4697,plane,817,,,,,,,,,
1779374993.5659,plane,818,,,,,,,,,
1779374993.6780,plane,819,,,,,,,,,
1779374993.7742,plane,820,,,,,,,,,
1779374993.8696,plane,821,,,,,,,,,
1779374993.9661,plane,822,,,,,,,,,
1779374994.0774,plane,823,,,,,,,,,
1779374994.1745,plane,824,,,,,,,,,
1779374994.2697,plane,825,,,,,,,,,
1779374994.3656,plane,826,,,,,,,,,
1779374994.4779,plane,827,,,,,,,,,
1779374994.5741,plane,828,,,,,,,,,
1779374994.6695,plane,829,,,,,,,,,
1779374994.7657,plane,830,,,,,,,,,
1779374994.8774,plane,831,,,,,,,,,
1779374994.9737,plane,832,,,,,,,,,
1779374995.0698,plane,833,,,,,,,,,
1779374995.1660,plane,834,,,,,,,,,
1779374995.2778,plane,835,,,,,,,,,
1779374995.3739,plane,836,,,,,,,,,
1779374995.4693,plane,837,,,,,,,,,
1779374995.5661,plane,838,,,,,,,,,
1779374995.6778,plane,839,,,,,,,,,
1779374995.7742,plane,840,,,,,,,,,
1779374995.8697,plane,841,,,,,,,,,
1779374995.9661,plane,842,,,,,,,,,
1779374996.0775,plane,843,,,,,,,,,
1779374996.1743,plane,844,,,,,,,,,
1779374996.2700,plane,845,,,,,,,,,
1779374996.3661,plane,846,,,,,,,,,
1779374996.4777,plane,847,,,,,,,,,
1779374996.5741,plane,848,,,,,,,,,
1779374996.6700,plane,849,,,,,,,,,
1779374996.7660,plane,850,,,,,,,,,
1779374996.8777,plane,851,,,,,,,,,
1779374996.9741,plane,852,,,,,,,,,
1779374997.0696,plane,853,,,,,,,,,
1779374997.1658,plane,854,,,,,,,,,
1779374997.2786,plane,855,20,0.96241,0.48621,0.004637,0.12187,0.06047,62.52,0.00000,0.00000
1779374997.3762,plane,856,20,0.94889,0.47977,0.008126,0.13359,0.06245,64.04,-0.13892,-0.06619
1779374997.3762,plane,856,21,0.96379,0.30436,0.004311,0.11846,0.06058,61.44,0.00000,0.00000
1779374997.3762,plane,856,22,0.96888,0.60033,0.002769,0.08124,0.05531,72.35,0.00000,0.00000
1779374997.4728,plane,857,20,0.93664,0.51151,0.011256,0.17762,0.06437,66.58,-0.12676,0.32844
1779374997.4728,plane,857,21,0.95104,0.33712,0.007679,0.12775,0.06311,64.13,-0.13200,0.33902
1779374997.4728,plane,857,22,0.95749,0.63511,0.005412,0.11010,0.05847,74.02,-0.11783,0.35993
1779374997.5689,plane,858,20,0.92996,0.55305,0.013970,0.30705,0.07207,65.40,-0.06982,0.43397
1779374997.5689,plane,858,21,0.94315,0.38566,0.010422,0.16073,0.07108,69.06,-0.08245,0.50703
1779374997.5689,plane,858,22,0.94973,0.68223,0.007167,0.13279,0.05896,72.74,-0.08103,0.49221
1779374997.6796,plane,859,20,0.93080,0.51983,0.028539,0.20896,0.10779,18.98,0.00752,-0.29849
1779374997.6796,plane,859,22,0.94476,0.72365,0.008387,0.15626,0.05951,71.37,-0.04468,0.37216
1779374997.7753,plane,860,20,0.93320,0.59366,0.039681,0.24088,0.12983,4.60,0.02521,0.77540
1779374997.8708,plane,861,20,0.93026,0.60188,0.042935,0.24339,0.16171,3.48,-0.03062,0.08573
1779374997.9670,plane,862,20,0.92434,0.59367,0.050325,0.24931,0.17142,3.62,-0.06145,-0.08509
1779374998.0785,plane,863,20,0.91691,0.57683,0.059935,0.26703,0.20583,17.37,-0.06676,-0.15138
1779374998.1747,plane,864,20,0.91061,0.55985,0.067390,0.27738,0.22510,17.96,-0.06538,-0.17613
1779374998.2707,plane,865,20,0.90508,0.56125,0.072720,0.28962,0.25595,38.48,-0.05777,0.01461
1779374998.3673,plane,866,20,0.90259,0.56523,0.075002,0.30909,0.27073,59.92,-0.02572,0.04113
1779374998.4790,plane,867,20,0.90058,0.56386,0.076886,0.32046,0.27148,64.79,-0.01804,-0.01226
1779374998.5748,plane,868,20,0.89869,0.55712,0.079135,0.30210,0.27057,58.87,-0.01967,-0.07026
1779374998.6710,plane,869,20,0.89823,0.55199,0.079980,0.31616,0.27316,63.75,-0.00483,-0.05357
1779374998.7670,plane,870,20,0.89898,0.55079,0.079415,0.29965,0.26879,53.98,0.00783,-0.01242
1779374998.8783,plane,871,20,0.89944,0.54909,0.079000,0.29883,0.26564,50.81,0.00412,-0.01526
1779374998.9753,plane,872,20,0.89804,0.54373,0.080772,0.29756,0.26509,45.90,-0.01448,-0.05548
1779374999.0724,plane,873,20,0.89242,0.52605,0.087131,0.32791,0.28044,63.88,-0.05777,-0.18182
1779374999.0724,plane,873,23,0.97144,0.07255,0.002407,0.06816,0.04571,148.82,0.00000,0.00000
1779374999.1677,plane,874,20,0.88353,0.49080,0.097232,0.37093,0.29149,74.32,-0.09327,-0.36951
1779374999.1677,plane,874,23,0.96272,0.06421,0.003481,0.09095,0.04743,122.42,-0.09151,-0.08740
1779374999.2799,plane,875,20,0.87132,0.44691,0.109412,0.37604,0.28971,72.91,-0.10916,-0.39240
1779374999.2799,plane,875,23,0.95564,0.05284,0.003225,0.09301,0.04562,118.39,-0.06328,-0.10168
1779374999.3761,plane,876,20,0.85922,0.41532,0.121585,0.39746,0.29027,71.67,-0.12575,-0.32821
1779374999.3761,plane,876,23,0.95227,0.04805,0.002975,0.12084,0.03258,105.41,-0.03496,-0.04976
1779374999.4711,plane,877,20,0.85300,0.38991,0.133918,0.40151,0.30106,62.42,-0.06528,-0.26706
1779374999.5665,plane,878,20,0.84635,0.38775,0.142673,0.40127,0.30130,61.58,-0.06967,-0.02261
1779374999.6792,plane,879,20,0.84013,0.38133,0.150077,0.40565,0.30334,63.41,-0.05523,-0.05705
1779374999.7753,plane,880,20,0.83305,0.37268,0.157656,0.41461,0.30543,65.42,-0.07366,-0.08991
1779374999.8707,plane,881,20,0.82696,0.36428,0.162933,0.43266,0.30441,67.97,-0.06378,-0.08797
1779374999.9667,plane,882,20,0.82086,0.35799,0.168649,0.43812,0.30498,70.18,-0.06355,-0.06554
1779375000.0789,plane,883,20,0.81453,0.35192,0.174388,0.44237,0.30524,71.91,-0.05646,-0.05415
1779375000.1752,plane,884,20,0.80665,0.34123,0.179983,0.45885,0.30185,74.91,-0.08191,-0.11118
1779375000.2712,plane,885,20,0.79795,0.33025,0.186513,0.45895,0.30262,77.16,-0.09061,-0.11430
1779375000.3675,plane,886,20,0.78944,0.32784,0.194502,0.47520,0.30283,77.01,-0.08834,-0.02500
1779375000.4798,plane,887,20,0.78042,0.32782,0.203517,0.48490,0.30631,76.64,-0.08042,-0.00020
1779375000.5751,plane,888,20,0.76749,0.32498,0.214384,0.49895,0.30688,77.34,-0.13530,-0.02967
1779375000.6710,plane,889,20,0.75494,0.31943,0.222790,0.51431,0.30583,77.38,-0.13134,-0.05811
1779375000.7673,plane,890,20,0.74624,0.32007,0.230160,0.55614,0.30607,76.19,-0.09029,0.00662
1779375000.8791,plane,891,20,0.74218,0.32231,0.233602,0.55584,0.30712,76.32,-0.03620,0.01996
1779375000.9748,plane,892,20,0.73634,0.32103,0.233880,0.55289,0.30403,76.21,-0.06110,-0.01336
1779375001.0711,plane,893,20,0.73388,0.31461,0.229741,0.54496,0.29992,76.54,-0.02550,-0.06680
1779375001.1676,plane,894,20,0.73087,0.31426,0.228414,0.54004,0.29608,77.32,-0.03119,-0.00355
1779375001.2791,plane,895,20,0.72767,0.31987,0.230140,0.54119,0.29206,77.06,-0.02868,0.05031
1779375001.3746,plane,896,20,0.72271,0.32135,0.231615,0.54772,0.29242,78.18,-0.05195,0.01554
1779375001.4708,plane,897,20,0.71644,0.32002,0.234061,0.56145,0.29035,79.43,-0.06517,-0.01382
1779375001.5672,plane,898,20,0.70914,0.32063,0.237840,0.56864,0.28920,81.01,-0.07591,0.00627
1779375001.6795,plane,899,20,0.70181,0.32592,0.242800,0.57068,0.29021,80.53,-0.06517,0.04698
1779375001.7756,plane,900,20,0.69585,0.33513,0.247301,0.57087,0.29651,80.39,-0.06232,0.09633
1779375001.8714,plane,901,20,0.68971,0.34313,0.250707,0.56697,0.29946,80.21,-0.06387,0.08327
1779375001.9680,plane,902,20,0.68283,0.34566,0.252852,0.57295,0.30153,80.44,-0.07123,0.02617
1779375002.0786,plane,903,20,0.67500,0.34357,0.255676,0.58238,0.29888,81.12,-0.07068,-0.01889
1779375002.1753,plane,904,20,0.66668,0.34193,0.259125,0.61428,0.30069,83.65,-0.08624,-0.01694
1779375002.2717,plane,905,20,0.66008,0.34521,0.261300,0.60885,0.29737,82.41,-0.06843,0.03396
1779375002.3674,plane,906,20,0.65562,0.34873,0.262178,0.61756,0.29805,82.65,-0.04646,0.03668
1779375002.4790,plane,907,20,0.65317,0.35130,0.261181,0.61124,0.29558,81.01,-0.02205,0.02307
1779375002.5757,plane,908,20,0.65096,0.35478,0.260435,0.61413,0.30058,81.57,-0.02282,0.03604
1779375002.6710,plane,909,20,0.64829,0.34739,0.259355,0.63043,0.29337,82.46,-0.02793,-0.07732
1779375002.7670,plane,910,20,0.64517,0.33826,0.258791,0.64416,0.28907,83.74,-0.03261,-0.09540
1779375002.8799,plane,911,20,0.64165,0.34486,0.259971,0.64374,0.29081,83.21,-0.03124,0.05848
1779375002.9751,plane,912,20,0.63837,0.36391,0.260072,0.64279,0.30764,84.15,-0.03423,0.19915
1779375003.0712,plane,913,20,0.63420,0.38302,0.260132,0.67846,0.31111,86.30,-0.04359,0.19949
1779375003.1675,plane,914,20,0.62915,0.39594,0.261303,0.68900,0.30773,85.76,-0.05225,0.13377
1779375003.2787,plane,915,20,0.62498,0.41063,0.262658,0.71511,0.30199,86.39,-0.03760,0.13225
1779375003.3754,plane,916,20,0.62372,0.42446,0.261393,0.72230,0.30174,86.18,-0.01297,0.14310
1779375003.4719,plane,917,20,0.62606,0.42421,0.257051,0.72101,0.29881,86.83,0.02415,-0.00252
1779375003.5671,plane,918,20,0.63137,0.41084,0.250436,0.70231,0.29599,86.69,0.05591,-0.14082
1779375003.6792,plane,919,20,0.63794,0.37983,0.242855,0.68406,0.29196,86.83,0.05861,-0.27649
1779375003.7752,plane,920,20,0.64480,0.32785,0.236189,0.67125,0.28033,87.25,0.07131,-0.54020
1779375003.8708,plane,921,20,0.65527,0.27466,0.224508,0.74757,0.23787,88.51,0.10983,-0.55775
1779375003.9672,plane,922,20,0.66478,0.22412,0.212197,0.78177,0.21524,89.36,0.09842,-0.52334
1779375004.0789,plane,923,20,0.67573,0.18531,0.193456,0.78660,0.18873,89.76,0.09817,-0.34790
1779375004.1751,plane,924,20,0.68451,0.16121,0.162779,0.93688,0.18844,89.12,0.09117,-0.25013
1779375004.2707,plane,925,20,0.69023,0.13780,0.134806,0.88231,0.13643,91.00,0.05983,-0.24505
1779375004.3667,plane,926,20,0.70603,0.11197,0.099264,0.82020,0.10535,92.79,0.16455,-0.26894
1779375004.4786,plane,927,20,0.73358,0.08481,0.062924,0.55889,0.09923,95.64,0.24613,-0.24264
1779375004.5749,plane,928,20,0.78855,0.06932,0.035877,0.72524,0.08397,97.99,0.57187,-0.16124
1779375004.6712,plane,929,20,0.85948,0.06818,0.022936,0.49394,0.07928,100.11,0.73471,-0.01177
1779375004.7675,plane,930,20,0.85837,0.06631,0.022049,0.54332,0.09710,102.31,-0.01166,-0.01956
1779375004.8786,plane,931,20,0.85670,0.06673,0.022405,0.55540,0.12119,104.66,-0.01496,0.00371
1779375004.9753,plane,932,20,0.85422,0.06590,0.022310,0.36789,0.15474,0.00,-0.02565,-0.00861
1779375005.0707,plane,933,20,0.84801,0.06136,0.020532,0.37809,0.15388,0.00,-0.06483,-0.04736
1779375005.1680,plane,934,20,0.84621,0.05418,0.016215,0.23384,0.15151,0.00,-0.01852,-0.07388
1779375005.1680,plane,934,24,0.36156,0.04518,0.006609,0.32007,0.04671,81.75,0.00000,0.00000
1779375005.2797,plane,935,20,0.86326,0.04442,0.008648,1.04782,0.24099,108.03,0.15295,-0.08751
1779375005.2797,plane,935,24,0.35467,0.05404,0.007485,0.18340,0.07748,0.00,-0.06176,0.07953
1779375005.3757,plane,936,24,0.34752,0.06383,0.006509,0.17300,0.03957,74.71,-0.07453,0.10198
1779375005.3757,plane,936,25,0.27126,0.05203,0.003065,0.45348,0.09400,40.04,0.00000,0.00000
1779375005.4708,plane,937,24,0.33256,0.07387,0.017283,4.14216,0.73671,38.26,-0.15682,0.10525
1779375005.5681,plane,938,20,0.87315,0.03442,0.002082,0.16917,0.01555,90.19,0.10216,-0.10341
1779375005.5681,plane,938,24,0.35436,0.09884,0.029912,0.19901,0.16046,0.00,0.22537,0.25811
1779375005.6801,plane,939,20,0.86596,0.03540,0.002635,0.09003,0.01312,0.00,-0.06401,0.00871
1779375005.6801,plane,939,24,0.37248,0.10993,0.034373,0.19337,0.16015,0.00,0.16145,0.09886
1779375005.7751,plane,940,24,0.39047,0.11497,0.034069,0.72402,0.15147,46.68,0.18903,0.05289
1779375005.8705,plane,941,24,0.39799,0.11331,0.031404,0.45353,0.18006,57.31,0.07869,-0.01729
1779375005.9673,plane,942,24,0.40423,0.11259,0.029290,0.37528,0.11438,38.96,0.06460,-0.00747
1779375006.0790,plane,943,24,0.42506,0.11939,0.031211,0.52299,0.16410,45.36,0.18662,0.06092
1779375006.1751,plane,944,24,0.45519,0.13132,0.036423,0.71497,0.27289,99.85,0.31320,0.12402
1779375006.2703,plane,945,24,0.54611,0.12602,0.051293,0.47647,0.21177,62.14,0.95324,-0.05559
1779375006.3669,plane,946,24,0.58612,0.13046,0.060389,0.44010,0.25478,56.60,0.41430,0.04595
1779375006.4787,plane,947,24,0.60208,0.13830,0.058853,0.39148,0.31468,46.68,0.14300,0.07024
1779375006.5749,plane,948,24,0.60189,0.14598,0.053245,10.50991,1.21189,99.53,-0.00206,0.07966
1779375006.6712,plane,949,24,0.61379,0.15155,0.053530,3.98654,0.77489,0.00,0.12395,0.05808
1779375006.7674,plane,950,24,0.62863,0.15431,0.056152,6.14364,0.99234,0.00,0.15418,0.02860
1779375006.8790,plane,951,24,0.63614,0.15092,0.056224,0.77102,0.31021,93.23,0.06726,-0.03029
1779375006.9749,plane,952,24,0.64487,0.14509,0.058121,1.34996,0.41365,96.62,0.09124,-0.06101
1779375007.0711,plane,953,24,0.65258,0.14282,0.061395,0.70668,0.29931,93.27,0.08010,-0.02353
1779375007.1666,plane,954,24,0.65453,0.13927,0.061629,0.47861,0.18484,80.02,0.02043,-0.03716
1779375007.2789,plane,955,24,0.66346,0.14091,0.067056,0.47541,0.28523,89.13,0.07954,0.01462
1779375007.3750,plane,956,24,0.67464,0.14127,0.072632,0.45963,0.27438,89.76,0.11605,0.00375
1779375007.4705,plane,957,24,0.68259,0.13827,0.077328,0.47236,0.19597,80.75,0.08345,-0.03148
1779375007.5672,plane,958,24,0.69053,0.13744,0.082572,0.45065,0.19802,82.85,0.08194,-0.00856
1779375007.6788,plane,959,24,0.70089,0.14608,0.089883,0.46955,0.19705,76.96,0.09296,0.07757
1779375007.7751,plane,960,24,0.70791,0.15314,0.095573,0.65376,0.22298,66.40,0.07274,0.07308
1779375007.8706,plane,961,24,0.70725,0.14997,0.096451,0.50405,0.19633,73.75,-0.00684,-0.03324
1779375007.9680,plane,962,24,0.70338,0.13404,0.090546,0.45024,0.21595,89.52,-0.03967,-0.16324
1779375008.0783,plane,963,24,0.70449,0.12068,0.084895,0.65300,0.24760,103.17,0.01001,-0.12105
1779375008.1753,plane,964,24,0.71136,0.11429,0.082523,0.58891,0.20836,103.44,0.07108,-0.06618
1779375008.2708,plane,965,24,0.72065,0.11310,0.084062,0.49721,0.19306,104.57,0.09705,-0.01242
1779375008.3666,plane,966,24,0.72814,0.12036,0.093187,0.59604,0.11862,91.01,0.07824,0.07592
1779375008.4795,plane,967,24,0.73281,0.13515,0.107914,0.58002,0.16798,90.90,0.04147,0.13137
1779375008.5753,plane,968,24,0.73462,0.15235,0.125456,0.62506,0.20005,89.08,0.01881,0.17858
1779375008.6707,plane,969,24,0.73563,0.16169,0.135710,0.68206,0.21704,89.01,0.01064,0.09811
1779375008.7668,plane,970,24,0.73737,0.16528,0.140367,0.68219,0.22264,90.31,0.01804,0.03731
1779375008.8792,plane,971,24,0.74188,0.17362,0.147288,0.68763,0.23561,91.18,0.04022,0.07435
1779375008.9751,plane,972,24,0.74897,0.19387,0.161407,0.64157,0.22133,94.17,0.07387,0.21103
1779375009.0712,plane,973,24,0.75552,0.22206,0.177619,0.60194,0.24144,94.84,0.06808,0.29316
1779375009.1669,plane,974,24,0.76920,0.24155,0.182460,0.56944,0.25462,98.67,0.14297,0.20363
1779375009.2787,plane,975,24,0.79150,0.24835,0.173277,0.57103,0.26225,104.74,0.19934,0.06082
1779375009.3751,plane,976,24,0.82061,0.25102,0.154897,0.72566,0.27832,109.15,0.30207,0.02770
1779375009.4707,plane,977,24,0.84968,0.25261,0.133084,1.09644,0.35116,111.82,0.30467,0.01665
1779375009.5672,plane,978,24,0.87509,0.25014,0.107342,1.75537,0.50406,113.35,0.26288,-0.02554
1779375009.6785,plane,979,24,0.89877,0.24319,0.080685,0.72985,0.30813,125.43,0.21253,-0.06242
1779375009.7745,plane,980,24,0.91641,0.23494,0.059909,0.44082,0.21011,135.07,0.18381,-0.08597
1779375009.8708,plane,981,24,0.91699,0.26666,0.063292,0.27831,0.16627,159.45,0.00606,0.33007
1779375009.9672,plane,982,24,0.91484,0.30758,0.072015,0.29202,0.19779,169.22,-0.02239,0.42440
1779375010.0788,plane,983,24,0.91396,0.37480,0.073719,0.30948,0.18446,178.89,-0.00783,0.60138
1779375010.1747,plane,984,24,0.91173,0.45645,0.073834,0.30931,0.16284,176.05,-0.02333,0.85311
1779375010.2707,plane,985,24,0.90254,0.58487,0.082440,0.30039,0.18764,13.09,-0.09556,1.33515
1779375010.3670,plane,986,24,0.89499,0.68563,0.084615,0.28927,0.22121,29.48,-0.07865,1.05033
1779375010.4788,plane,987,24,0.88852,0.68676,0.090671,0.30876,0.26660,49.11,-0.05778,0.01005
1779375010.5752,plane,988,24,0.87999,0.64947,0.099319,0.34862,0.28559,73.42,-0.08832,-0.38607
1779375010.6708,plane,989,24,0.87746,0.62920,0.098236,0.32148,0.27231,82.70,-0.02649,-0.21230
1779375010.7668,plane,990,24,0.87807,0.62954,0.095201,0.28501,0.26486,91.65,0.00639,0.00362
1779375010.8792,plane,991,24,0.87585,0.64482,0.094932,0.28652,0.26118,83.51,-0.01984,0.13611
1779375010.8792,plane,991,26,0.97262,0.24812,0.002499,0.08419,0.06107,139.69,0.00000,0.00000
1779375010.9761,plane,992,24,0.87026,0.66618,0.095864,0.31622,0.25610,79.31,-0.05787,0.22112
1779375010.9761,plane,992,26,0.95995,0.29816,0.005949,0.10067,0.06604,124.17,-0.13108,0.51797
1779375011.0709,plane,993,24,0.87060,0.64587,0.108139,0.34734,0.25251,20.72,0.00363,-0.21264
1779375011.1669,plane,994,24,0.86178,0.63449,0.116623,0.34319,0.27323,37.55,-0.09242,-0.11928
1779375011.2792,plane,995,24,0.84974,0.61787,0.126124,0.36669,0.28661,55.85,-0.10699,-0.14764
1779375011.3750,plane,996,24,0.83381,0.60772,0.135310,0.39747,0.28553,69.33,-0.16585,-0.10563
1779375011.4708,plane,997,24,0.81538,0.59728,0.142568,0.38996,0.28238,72.98,-0.19273,-0.10920
1779375011.5675,plane,998,24,0.79006,0.58998,0.151118,0.39425,0.28668,78.56,-0.26150,-0.07543
1779375011.6785,plane,999,24,0.76602,0.57970,0.161062,0.40945,0.28891,82.66,-0.21688,-0.09276
1779375011.7750,plane,1000,24,0.74476,0.55612,0.171953,0.44909,0.28880,86.30,-0.21989,-0.24384
1779375011.8707,plane,1001,24,0.72348,0.51473,0.185237,0.48280,0.29084,88.50,-0.22244,-0.43265
1779375011.9667,plane,1002,24,0.70290,0.47921,0.200048,0.51143,0.29303,87.02,-0.21476,-0.37064
1779375012.0794,plane,1003,24,0.68778,0.45984,0.213620,0.54390,0.29352,87.44,-0.13395,-0.17162
1779375012.1749,plane,1004,24,0.67297,0.45860,0.226200,0.57254,0.29831,87.50,-0.15534,-0.01296
1779375012.2710,plane,1005,24,0.65780,0.46176,0.237008,0.60289,0.30213,86.85,-0.15764,0.03276
1779375012.3678,plane,1006,24,0.65042,0.47546,0.241085,0.63824,0.30365,89.52,-0.07647,0.14192
1779375012.4790,plane,1007,24,0.64919,0.51148,0.238712,0.64336,0.30205,89.00,-0.01098,0.32358
1779375012.5750,plane,1008,24,0.64977,0.54830,0.234595,0.65694,0.29863,90.43,0.00595,0.38281
1779375012.6709,plane,1009,24,0.65750,0.57383,0.225087,0.62384,0.29155,89.94,0.08078,0.26680
1779375012.7667,plane,1010,24,0.66989,0.59638,0.213598,0.57327,0.28694,86.08,0.12902,0.23481
1779375012.8790,plane,1011,24,0.67769,0.60637,0.206545,0.55488,0.28175,85.31,0.06961,0.08919
1779375012.9758,plane,1012,24,0.68003,0.60023,0.204837,0.54644,0.27918,84.51,0.02426,-0.06349
1779375013.0710,plane,1013,24,0.67673,0.58402,0.207857,0.56451,0.28390,85.81,-0.03464,-0.16981
1779375013.1667,plane,1014,24,0.67333,0.57397,0.211702,0.56772,0.28101,84.92,-0.03555,-0.10529
1779375013.2792,plane,1015,24,0.67195,0.57944,0.214159,0.58418,0.28733,86.49,-0.01232,0.04865
1779375013.3747,plane,1016,24,0.67087,0.58621,0.215322,0.57622,0.28569,85.32,-0.01124,0.07089
1779375013.4712,plane,1017,24,0.66963,0.58737,0.215803,0.58136,0.28556,84.72,-0.01284,0.01199
1779375013.5674,plane,1018,24,0.66894,0.58767,0.215198,0.58903,0.28475,85.64,-0.00715,0.00316
1779375013.6788,plane,1019,24,0.66879,0.59072,0.213886,0.58943,0.28196,85.24,-0.00143,0.02741
1779375013.7751,plane,1020,24,0.66818,0.59027,0.213040,0.59546,0.28241,85.70,-0.00629,-0.00463
1779375013.8707,plane,1021,24,0.66615,0.58617,0.213977,0.60343,0.27955,85.63,-0.02118,-0.04291
1779375013.9671,plane,1022,24,0.66280,0.57908,0.216454,0.61762,0.27939,86.43,-0.03483,-0.07352
1779375014.0786,plane,1023,24,0.65935,0.57465,0.218769,0.63271,0.28132,87.02,-0.03092,-0.03975
1779375014.1749,plane,1024,24,0.65618,0.57242,0.221129,0.63997,0.28257,87.06,-0.03303,-0.02320
1779375014.2707,plane,1025,24,0.65249,0.57116,0.224172,0.65544,0.28480,87.24,-0.03842,-0.01320
1779375014.3669,plane,1026,24,0.64880,0.57296,0.227402,0.67079,0.28364,87.61,-0.03834,0.01882
1779375014.4790,plane,1027,24,0.64560,0.57647,0.230052,0.68432,0.28329,87.62,-0.02848,0.03125
1779375014.5754,plane,1028,24,0.64302,0.57939,0.232013,0.68942,0.28662,87.75,-0.02702,0.03040
1779375014.6712,plane,1029,24,0.64021,0.57955,0.234309,0.70630,0.28317,87.80,-0.02918,0.00165
1779375014.7670,plane,1030,24,0.63709,0.58157,0.237334,0.72190,0.28324,87.78,-0.03245,0.02111
1779375014.8788,plane,1031,24,0.63311,0.58403,0.241308,0.73857,0.28710,87.17,-0.03571,0.02199
1779375014.9755,plane,1032,24,0.62866,0.58016,0.245928,0.75964,0.29050,86.51,-0.04596,-0.03993
1779375015.0710,plane,1033,24,0.62432,0.57032,0.251314,0.78234,0.29588,86.51,-0.04554,-0.10331
1779375015.1673,plane,1034,24,0.62117,0.56476,0.255263,0.79752,0.29454,86.91,-0.03263,-0.05769
1779375015.2789,plane,1035,24,0.61974,0.57246,0.256531,0.79649,0.29735,86.95,-0.01280,0.06903
1779375015.3755,plane,1036,24,0.61961,0.59345,0.255173,0.78433,0.29680,86.06,-0.00136,0.21824
1779375015.4712,plane,1037,24,0.61902,0.61722,0.252477,0.75316,0.30047,84.74,-0.00615,0.24756
1779375015.5673,plane,1038,24,0.62532,0.63530,0.243851,0.72480,0.30268,84.16,0.06576,0.18868
1779375015.6794,plane,1039,24,0.63153,0.63775,0.235523,0.70871,0.30316,84.84,0.05521,0.02180
1779375015.7756,plane,1040,24,0.63699,0.63471,0.229231,0.69637,0.29751,85.34,0.05674,-0.03158
1779375015.8707,plane,1041,24,0.64136,0.63135,0.221917,0.68858,0.29695,85.47,0.04603,-0.03531
1779375015.9671,plane,1042,24,0.64331,0.63159,0.220412,0.68341,0.29589,85.89,0.02013,0.00242
1779375016.0794,plane,1043,24,0.64549,0.63464,0.218341,0.67976,0.29716,85.61,0.01945,0.02726
1779375016.1748,plane,1044,24,0.64935,0.63527,0.213294,0.66890,0.29440,86.04,0.04034,0.00661
1779375016.2712,plane,1045,24,0.65464,0.62981,0.208049,0.65320,0.29204,86.68,0.05511,-0.05682
1779375016.3669,plane,1046,24,0.66035,0.62171,0.203598,0.63394,0.29178,87.08,0.05945,-0.08441
1779375016.4784,plane,1047,24,0.66713,0.62839,0.197735,0.61400,0.29234,86.18,0.06080,0.05990
1779375016.5751,plane,1048,24,0.67336,0.64228,0.192534,0.59489,0.29006,85.18,0.06471,0.14415
1779375016.6711,plane,1049,24,0.67720,0.64865,0.188675,0.58756,0.28256,84.70,0.03979,0.06609
1779375016.7668,plane,1050,24,0.67968,0.64817,0.186520,0.58167,0.28315,84.95,0.02596,-0.00501
1779375016.8790,plane,1051,24,0.68187,0.64727,0.184691,0.57739,0.28141,84.91,0.01958,-0.00801
1779375016.9755,plane,1052,24,0.68452,0.64464,0.182690,0.56950,0.28307,85.38,0.02739,-0.02716
1779375017.0711,plane,1053,24,0.68668,0.64349,0.180946,0.56573,0.28182,85.43,0.02260,-0.01209
1779375017.1671,plane,1054,24,0.68892,0.64262,0.179354,0.55534,0.28250,85.31,0.02330,-0.00906
1779375017.2793,plane,1055,24,0.69150,0.64313,0.176826,0.54297,0.28024,84.34,0.02307,0.00459
1779375017.3749,plane,1056,24,0.69640,0.64590,0.166695,0.56279,0.23665,82.50,0.05122,0.02892
1779375017.4711,plane,1057,24,0.71602,0.65531,0.136046,0.88741,0.16225,82.74,0.20405,0.09792
1779375017.5667,plane,1058,24,0.75023,0.65157,0.109755,2.35148,0.19271,81.00,0.35747,-0.03910
1779375017.6790,plane,1059,24,0.76334,0.66465,0.105559,0.83658,0.15180,75.97,0.11662,0.11637
1779375017.7751,plane,1060,24,0.76490,0.67257,0.103672,0.82043,0.14912,75.36,0.01626,0.08265
1779375017.8709,plane,1061,24,0.76951,0.66521,0.099794,0.85022,0.14631,76.79,0.04792,-0.07655
1779375017.9674,plane,1062,24,0.76582,0.63896,0.099230,1.30495,0.15441,79.81,-0.03824,-0.27248
1779375018.0796,plane,1063,24,0.76305,0.59480,0.099969,2.06021,0.17691,81.81,-0.02471,-0.39343
1779375018.1755,plane,1064,24,0.75970,0.54339,0.101635,2.68916,0.19352,82.66,-0.03491,-0.53572
1779375018.2708,plane,1065,24,0.75629,0.48317,0.104584,3.62395,0.22174,83.41,-0.03582,-0.63280
1779375018.3671,plane,1066,24,0.74999,0.42009,0.109760,205.21597,1.57826,0.00,-0.06528,-0.65372
1779375018.4785,plane,1067,24,0.73869,0.36007,0.119036,20.93901,0.51542,85.03,-0.10138,-0.53836
1779375018.5747,plane,1068,24,0.72958,0.30452,0.127926,8.13981,0.33439,85.98,-0.09472,-0.57803
1779375018.6707,plane,1069,24,0.72639,0.26032,0.133638,7.19017,0.31228,0.00,-0.03329,-0.46112
1779375018.7671,plane,1070,24,0.72653,0.22685,0.137782,62.25278,0.93966,87.50,0.00138,-0.34654
1779375018.8787,plane,1071,24,0.72224,0.20092,0.140066,1.61907,0.17337,88.59,-0.03849,-0.23259
1779375018.9757,plane,1072,24,0.70920,0.18070,0.143633,1.41285,0.15891,89.82,-0.13505,-0.20941
1779375019.0709,plane,1073,24,0.69739,0.16650,0.146537,1.26700,0.15107,90.45,-0.12333,-0.14834
1779375019.1668,plane,1074,24,0.69545,0.16468,0.147854,1.22670,0.15015,90.86,-0.02030,-0.01908
1779375019.2787,plane,1075,24,0.70240,0.17783,0.147917,1.51036,0.16193,90.32,0.06193,0.11715
1779375019.3748,plane,1076,24,0.71794,0.20762,0.142788,2.52144,0.20362,89.25,0.16172,0.31008
1779375019.4707,plane,1077,24,0.73071,0.24979,0.133018,2.58073,0.21056,88.15,0.13320,0.43986
1779375019.5672,plane,1078,24,0.73685,0.29911,0.125387,2.38438,0.19788,87.70,0.06390,0.51284
1779375019.6792,plane,1079,24,0.73820,0.35109,0.120919,1.87284,0.17278,86.83,0.01200,0.46422
1779375019.7755,plane,1080,24,0.73829,0.40464,0.118817,1.19189,0.15111,85.62,0.00094,0.55509
1779375019.8711,plane,1081,24,0.73832,0.44931,0.118373,0.97360,0.14475,84.50,0.00030,0.46719
1779375019.9675,plane,1082,24,0.73528,0.48381,0.120658,0.92348,0.14602,84.47,-0.03143,0.35740
1779375020.0786,plane,1083,24,0.73154,0.51135,0.123869,0.88417,0.14751,84.42,-0.03368,0.24773
1779375020.1747,plane,1084,24,0.72667,0.53572,0.128303,0.88446,0.15278,85.24,-0.05063,0.25354
1779375020.2706,plane,1085,24,0.71868,0.56341,0.135718,0.85258,0.15675,86.46,-0.08360,0.28956
1779375020.3668,plane,1086,24,0.70901,0.59783,0.144189,0.92937,0.17025,89.42,-0.10033,0.35717
1779375020.4787,plane,1087,24,0.69779,0.63925,0.155287,0.81597,0.18597,89.84,-0.10017,0.36988
1779375020.5750,plane,1088,24,0.68550,0.67858,0.168423,0.78049,0.20438,88.64,-0.12795,0.40938
1779375020.6713,plane,1089,24,0.67136,0.70146,0.183953,0.80976,0.21835,86.85,-0.14650,0.23694
1779375020.7668,plane,1090,24,0.65783,0.70673,0.199804,0.82867,0.23142,85.89,-0.14213,0.05537
1779375020.8792,plane,1091,24,0.64387,0.70798,0.215524,0.86923,0.24208,85.22,-0.12390,0.01110
1779375020.9753,plane,1092,24,0.63113,0.71174,0.230006,0.89357,0.25190,84.58,-0.13286,0.03917
1779375021.0715,plane,1093,24,0.61764,0.71981,0.246721,0.91221,0.26752,83.79,-0.14021,0.08392
1779375021.1670,plane,1094,24,0.60460,0.72862,0.265550,0.93210,0.27584,83.78,-0.13668,0.09230
1779375021.2792,plane,1095,24,0.59821,0.73604,0.283839,0.92011,0.31858,83.17,-0.05688,0.06606
1779375021.3751,plane,1096,24,0.59522,0.73919,0.305057,0.86474,0.41791,83.55,-0.03108,0.03279
1779375021.4708,plane,1097,24,0.59309,0.73806,0.322988,0.85503,0.49266,86.60,-0.02235,-0.01177
1779375021.5671,plane,1098,24,0.59696,0.73110,0.336322,0.83373,0.49748,82.42,0.04020,-0.07229
1779375021.6791,plane,1099,24,0.59900,0.72039,0.352932,0.82843,0.51760,76.96,0.01826,-0.09586
1779375021.7750,plane,1100,24,0.59943,0.71053,0.368407,0.83148,0.50358,72.32,0.00453,-0.10239
1779375021.8709,plane,1101,24,0.60104,0.70503,0.374820,0.84107,0.54848,79.41,0.01679,-0.05754
1779375021.9679,plane,1102,24,0.60250,0.70238,0.379405,0.85073,0.56143,81.35,0.01508,-0.02732
1779375022.0793,plane,1103,24,0.60325,0.70149,0.380963,0.86667,0.59154,82.34,0.00671,-0.00792
1779375022.1751,plane,1104,24,0.60303,0.70137,0.378547,0.88080,0.61726,81.21,-0.00238,-0.00128
1779375022.2713,plane,1105,24,0.60181,0.70144,0.376446,0.84400,0.54936,79.69,-0.01264,0.00074
1779375022.3673,plane,1106,24,0.60010,0.70220,0.372370,0.82688,0.51474,75.11,-0.01778,0.00792
1779375022.4794,plane,1107,24,0.59726,0.70475,0.362205,0.83258,0.50210,79.78,-0.02538,0.02268
1779375022.5757,plane,1108,24,0.59093,0.70951,0.342751,0.87010,0.42273,83.18,-0.06563,0.04941
1779375022.6712,plane,1109,24,0.59226,0.71301,0.308002,0.89137,0.39421,86.43,0.01398,0.03677
1779375022.7672,plane,1110,24,0.60597,0.71191,0.263816,0.88455,0.31167,85.52,0.14247,-0.01149
1779375022.8786,plane,1111,24,0.62797,0.70198,0.226524,0.88324,0.25124,86.13,0.19761,-0.08921
1779375022.9752,plane,1112,24,0.65546,0.67774,0.194192,0.84787,0.22206,86.87,0.28448,-0.25080
1779375023.0708,plane,1113,24,0.68019,0.63235,0.165643,0.84449,0.18928,88.40,0.25903,-0.47530
1779375023.1670,plane,1114,24,0.70663,0.57012,0.140606,0.83726,0.16218,88.49,0.27429,-0.64570
1779375023.2787,plane,1115,24,0.72872,0.48741,0.121597,0.70487,0.15300,88.62,0.19762,-0.74008
1779375023.3747,plane,1116,24,0.74729,0.38459,0.110402,0.58834,0.15826,88.24,0.19418,-1.07469
1779375023.4713,plane,1117,24,0.76285,0.27834,0.103519,0.55027,0.16145,87.71,0.16057,-1.09680
1779375023.5667,plane,1118,24,0.77465,0.18169,0.098860,0.52851,0.16040,86.54,0.12396,-1.01506
1779375023.6787,plane,1119,24,0.77892,0.12359,0.072745,0.55411,0.11881,86.03,0.03810,-0.51894
1779375023.7750,plane,1120,24,0.77410,0.08939,0.045819,0.35464,0.11527,90.74,-0.05016,-0.35574
1779375023.8704,plane,1121,24,0.76485,0.06377,0.024711,0.41959,0.08487,92.82,-0.09655,-0.26759
1779375023.9674,plane,1122,24,0.84035,0.03769,0.002382,0.45531,0.23861,128.66,0.78026,-0.26958
1779375023.9674,plane,1122,27,0.65687,0.05234,0.005224,0.05771,0.04633,104.12,0.00000,0.00000
1779375024.0777,plane,1123,,,,,,,,,
1779375024.1736,plane,1124,,,,,,,,,
1779375024.2700,plane,1125,,,,,,,,,
1779375024.3656,plane,1126,,,,,,,,,
1779375024.4782,plane,1127,,,,,,,,,
1779375024.5738,plane,1128,,,,,,,,,
1779375024.6692,plane,1129,,,,,,,,,
1779375024.7657,plane,1130,,,,,,,,,
1779375024.8619,plane,1131,,,,,,,,,
1779375024.9736,plane,1132,,,,,,,,,
1779375025.0694,plane,1133,,,,,,,,,
1779375025.1658,plane,1134,,,,,,,,,
1779375025.2614,plane,1135,,,,,,,,,
1779375025.3735,plane,1136,,,,,,,,,
1779375025.4695,plane,1137,,,,,,,,,
1779375025.5664,plane,1138,28,0.64741,0.04405,0.002830,0.10529,0.03955,75.75,0.00000,0.00000
1779375025.6626,plane,1139,28,0.77896,0.04274,0.009744,0.36083,0.02823,89.36,1.37016,-0.01359
1779375025.7751,plane,1140,28,0.78560,0.04506,0.011056,0.37093,0.02861,89.57,0.05892,0.02059
1779375025.8714,plane,1141,28,0.70107,0.04489,0.003530,1.32391,0.33439,38.42,-0.87696,-0.00174
1779375025.8714,plane,1141,29,0.89845,0.04181,0.004183,0.14098,0.06534,90.49,0.00000,0.00000
1779375025.9659,plane,1142,,,,,,,,,
1779375026.0618,plane,1143,,,,,,,,,
1779375026.1742,plane,1144,,,,,,,,,
1779375026.2695,plane,1145,,,,,,,,,
1779375026.3654,plane,1146,,,,,,,,,
1779375026.4618,plane,1147,,,,,,,,,
1779375026.5739,plane,1148,,,,,,,,,
1779375026.6696,plane,1149,,,,,,,,,
1779375026.7661,plane,1150,,,,,,,,,
1779375026.8621,plane,1151,,,,,,,,,
1779375026.9741,plane,1152,,,,,,,,,
1779375027.0695,plane,1153,,,,,,,,,
1779375027.1656,plane,1154,,,,,,,,,
1779375027.2616,plane,1155,,,,,,,,,
1779375027.3737,plane,1156,,,,,,,,,
1779375027.4701,plane,1157,,,,,,,,,
1779375027.5659,plane,1158,,,,,,,,,
1779375027.6615,plane,1159,,,,,,,,,
1779375027.7737,plane,1160,,,,,,,,,
1779375027.8698,plane,1161,,,,,,,,,
1779375027.9657,plane,1162,,,,,,,,,
1779375028.0617,plane,1163,,,,,,,,,
1779375028.1740,plane,1164,,,,,,,,,
1779375028.2700,plane,1165,,,,,,,,,
1779375028.3657,plane,1166,,,,,,,,,
1779375028.4616,plane,1167,,,,,,,,,
1779375028.5736,plane,1168,,,,,,,,,
1779375028.6695,plane,1169,,,,,,,,,
1779375028.7657,plane,1170,,,,,,,,,
1779375028.8615,plane,1171,,,,,,,,,
1779375028.9735,plane,1172,,,,,,,,,
1779375029.0693,plane,1173,,,,,,,,,
1779375029.1656,plane,1174,,,,,,,,,
1779375029.2620,plane,1175,,,,,,,,,
1779375029.3741,plane,1176,,,,,,,,,
1779375029.4696,plane,1177,,,,,,,,,
1779375029.5658,plane,1178,,,,,,,,,
1779375029.6615,plane,1179,,,,,,,,,
1779375029.7735,plane,1180,,,,,,,,,
1779375029.8705,plane,1181,,,,,,,,,
1779375029.9660,plane,1182,,,,,,,,,
1779375030.0616,plane,1183,,,,,,,,,
1779375030.1740,plane,1184,,,,,,,,,
1779375030.2695,plane,1185,,,,,,,,,
1779375030.3659,plane,1186,,,,,,,,,
1779375030.4618,plane,1187,,,,,,,,,
1779375030.5736,plane,1188,,,,,,,,,
1779375030.6698,plane,1189,,,,,,,,,
1779375030.7661,plane,1190,,,,,,,,,
1779375030.8615,plane,1191,,,,,,,,,
1779375030.9741,plane,1192,,,,,,,,,
1779375031.0696,plane,1193,,,,,,,,,
1779375031.1659,plane,1194,,,,,,,,,
1779375031.2616,plane,1195,,,,,,,,,
1779375031.3738,plane,1196,,,,,,,,,
1779375031.4698,plane,1197,,,,,,,,,
1779375031.5659,plane,1198,,,,,,,,,
1779375031.6618,plane,1199,,,,,,,,,
1779375031.7739,plane,1200,,,,,,,,,
1779375031.8696,plane,1201,,,,,,,,,
1779375031.9664,plane,1202,,,,,,,,,
1779375032.0617,plane,1203,,,,,,,,,
1779375032.1740,plane,1204,,,,,,,,,
1779375032.2705,plane,1205,,,,,,,,,
1779375032.3661,plane,1206,,,,,,,,,
1779375032.4619,plane,1207,,,,,,,,,
1779375032.5737,plane,1208,,,,,,,,,
1779375032.6701,plane,1209,,,,,,,,,
1779375032.7659,plane,1210,,,,,,,,,
1779375032.8618,plane,1211,,,,,,,,,
1779375032.9739,plane,1212,,,,,,,,,
1779375033.0698,plane,1213,,,,,,,,,
1779375033.1658,plane,1214,,,,,,,,,
1779375033.2614,plane,1215,,,,,,,,,
1779375033.3737,plane,1216,,,,,,,,,
1779375033.4698,plane,1217,,,,,,,,,
1779375033.5656,plane,1218,,,,,,,,,
1779375033.6618,plane,1219,,,,,,,,,
1779375033.7741,plane,1220,,,,,,,,,
1779375033.8697,plane,1221,,,,,,,,,
1779375033.9658,plane,1222,,,,,,,,,
1779375034.0617,plane,1223,,,,,,,,,
1779375034.1738,plane,1224,,,,,,,,,
1779375034.2697,plane,1225,,,,,,,,,
1779375034.3661,plane,1226,,,,,,,,,
1779375034.4617,plane,1227,,,,,,,,,
1779375034.5742,plane,1228,,,,,,,,,
1779375034.6703,plane,1229,,,,,,,,,
1779375034.7655,plane,1230,,,,,,,,,
1779375034.8615,plane,1231,,,,,,,,,
1779375034.9736,plane,1232,,,,,,,,,
1779375035.0700,plane,1233,,,,,,,,,
1779375035.1658,plane,1234,,,,,,,,,
1779375035.2617,plane,1235,,,,,,,,,
1779375035.3736,plane,1236,,,,,,,,,
1779375035.4701,plane,1237,,,,,,,,,
1779375035.5664,plane,1238,,,,,,,,,
1779375035.6618,plane,1239,,,,,,,,,
1779375035.7737,plane,1240,,,,,,,,,
1779375035.8699,plane,1241,,,,,,,,,
1779375035.9657,plane,1242,,,,,,,,,
1779375036.0619,plane,1243,,,,,,,,,
1779375036.1736,plane,1244,,,,,,,,,
1779375036.2698,plane,1245,,,,,,,,,
1779375036.3655,plane,1246,,,,,,,,,
1779375036.4617,plane,1247,,,,,,,,,
1779375036.5740,plane,1248,,,,,,,,,
1779375036.6695,plane,1249,,,,,,,,,
1779375036.7655,plane,1250,,,,,,,,,
1779375036.8616,plane,1251,,,,,,,,,
1779375036.9739,plane,1252,,,,,,,,,
1779375037.0699,plane,1253,,,,,,,,,
1779375037.1657,plane,1254,,,,,,,,,
1779375037.2619,plane,1255,,,,,,,,,
1779375037.3740,plane,1256,,,,,,,,,
1779375037.4694,plane,1257,,,,,,,,,
1779375037.5659,plane,1258,,,,,,,,,
1779375037.6619,plane,1259,,,,,,,,,
1779375037.7737,plane,1260,,,,,,,,,
1779375037.8697,plane,1261,,,,,,,,,
1779375037.9659,plane,1262,,,,,,,,,
1779375038.0618,plane,1263,,,,,,,,,
1779375038.1740,plane,1264,,,,,,,,,
1779375038.2696,plane,1265,,,,,,,,,
1779375038.3656,plane,1266,,,,,,,,,
1779375038.4616,plane,1267,,,,,,,,,
1779375038.5736,plane,1268,,,,,,,,,
1779375038.6698,plane,1269,,,,,,,,,
1779375038.7662,plane,1270,,,,,,,,,
1779375038.8618,plane,1271,,,,,,,,,
1779375038.9738,plane,1272,,,,,,,,,
1779375039.0699,plane,1273,,,,,,,,,
1779375039.1657,plane,1274,,,,,,,,,
1779375039.2615,plane,1275,,,,,,,,,
1779375039.3737,plane,1276,,,,,,,,,
1779375039.4694,plane,1277,,,,,,,,,
1779375039.5658,plane,1278,,,,,,,,,
1779375039.6617,plane,1279,,,,,,,,,
1779375039.7737,plane,1280,,,,,,,,,
1779375039.8699,plane,1281,,,,,,,,,
1779375039.9656,plane,1282,,,,,,,,,
1779375040.0616,plane,1283,,,,,,,,,
1779375040.1735,plane,1284,,,,,,,,,
1779375040.2698,plane,1285,,,,,,,,,
1779375040.3659,plane,1286,,,,,,,,,
1779375040.4625,plane,1287,,,,,,,,,
1779375040.5735,plane,1288,,,,,,,,,
1779375040.6699,plane,1289,,,,,,,,,
1779375040.7658,plane,1290,,,,,,,,,
1779375040.8615,plane,1291,,,,,,,,,
1779375040.9741,plane,1292,,,,,,,,,
1779375041.0695,plane,1293,,,,,,,,,
1779375041.1659,plane,1294,,,,,,,,,
1779375041.2617,plane,1295,,,,,,,,,
1779375041.3738,plane,1296,,,,,,,,,
1779375041.4704,plane,1297,,,,,,,,,
1779375041.5657,plane,1298,,,,,,,,,
1779375041.6615,plane,1299,,,,,,,,,
1779375041.7745,plane,1300,,,,,,,,,
1779375041.8700,plane,1301,,,,,,,,,
1779375041.9658,plane,1302,,,,,,,,,
1779375042.0617,plane,1303,,,,,,,,,
1779375042.1737,plane,1304,,,,,,,,,
1779375042.2697,plane,1305,,,,,,,,,
1779375042.3656,plane,1306,,,,,,,,,
1779375042.4617,plane,1307,,,,,,,,,
1779375042.5740,plane,1308,,,,,,,,,
1779375042.6697,plane,1309,,,,,,,,,
1779375042.7662,plane,1310,,,,,,,,,
1779375042.8620,plane,1311,,,,,,,,,
1779375042.9735,plane,1312,,,,,,,,,
1779375043.0696,plane,1313,,,,,,,,,
1779375043.1664,plane,1314,,,,,,,,,
1779375043.2616,plane,1315,,,,,,,,,
1779375043.3735,plane,1316,,,,,,,,,
1779375043.4699,plane,1317,,,,,,,,,
1779375043.5661,plane,1318,,,,,,,,,
1779375043.6615,plane,1319,,,,,,,,,
1779375043.7738,plane,1320,,,,,,,,,
1779375043.8694,plane,1321,,,,,,,,,
1779375043.9660,plane,1322,,,,,,,,,
1779375044.0617,plane,1323,,,,,,,,,
1779375044.1739,plane,1324,,,,,,,,,
1779375044.2702,plane,1325,,,,,,,,,
1779375044.3660,plane,1326,,,,,,,,,
1779375044.4615,plane,1327,,,,,,,,,
1779375044.5734,plane,1328,,,,,,,,,
1779375044.6694,plane,1329,,,,,,,,,
1779375044.7654,plane,1330,,,,,,,,,
1779375044.8614,plane,1331,,,,,,,,,
1779375044.9737,plane,1332,,,,,,,,,
1779375045.0695,plane,1333,,,,,,,,,
1779375045.1658,plane,1334,,,,,,,,,
1779375045.2613,plane,1335,,,,,,,,,
1779375045.3735,plane,1336,,,,,,,,,
1779375045.4695,plane,1337,,,,,,,,,
1779375045.5658,plane,1338,,,,,,,,,
1779375045.6620,plane,1339,,,,,,,,,
1779375045.7736,plane,1340,,,,,,,,,
1779375045.8700,plane,1341,,,,,,,,,
1779375045.9662,plane,1342,,,,,,,,,
1779375046.0616,plane,1343,,,,,,,,,
1779375046.1739,plane,1344,,,,,,,,,
1779375046.2694,plane,1345,,,,,,,,,
1779375046.3658,plane,1346,,,,,,,,,
1779375046.4616,plane,1347,,,,,,,,,
1779375046.5738,plane,1348,,,,,,,,,
1779375046.6700,plane,1349,,,,,,,,,
1779375046.7656,plane,1350,,,,,,,,,
1779375046.8615,plane,1351,,,,,,,,,
1779375046.9737,plane,1352,,,,,,,,,
1779375047.0698,plane,1353,,,,,,,,,
1779375047.1657,plane,1354,,,,,,,,,
1779375047.2615,plane,1355,,,,,,,,,
1779375047.3737,plane,1356,,,,,,,,,
1779375047.4695,plane,1357,,,,,,,,,
1779375047.5656,plane,1358,,,,,,,,,
1779375047.6620,plane,1359,,,,,,,,,
1779375047.7744,plane,1360,,,,,,,,,
1779375047.8697,plane,1361,,,,,,,,,
1779375047.9657,plane,1362,,,,,,,,,
1779375048.0620,plane,1363,,,,,,,,,
1779375048.1736,plane,1364,,,,,,,,,
1779375048.2693,plane,1365,,,,,,,,,
1779375048.3656,plane,1366,,,,,,,,,
1779375048.4620,plane,1367,,,,,,,,,
1779375048.5741,plane,1368,,,,,,,,,
1779375048.6695,plane,1369,,,,,,,,,
1779375048.7660,plane,1370,,,,,,,,,
1779375048.8621,plane,1371,,,,,,,,,
1779375048.9736,plane,1372,,,,,,,,,
1779375049.0694,plane,1373,,,,,,,,,
1779375049.1658,plane,1374,,,,,,,,,
1779375049.2617,plane,1375,,,,,,,,,
1779375049.3735,plane,1376,,,,,,,,,
1779375049.4699,plane,1377,,,,,,,,,
1779375049.5658,plane,1378,,,,,,,,,
1779375049.6615,plane,1379,,,,,,,,,
1779375049.7738,plane,1380,,,,,,,,,
1779375049.8702,plane,1381,,,,,,,,,
1779375049.9664,plane,1382,,,,,,,,,
1779375050.0614,plane,1383,,,,,,,,,
1779375050.1741,plane,1384,,,,,,,,,
1779375050.2700,plane,1385,,,,,,,,,
1779375050.3657,plane,1386,,,,,,,,,
1779375050.4614,plane,1387,,,,,,,,,
1779375050.5741,plane,1388,,,,,,,,,
1779375050.6694,plane,1389,,,,,,,,,
1779375050.7659,plane,1390,,,,,,,,,
1779375050.8616,plane,1391,,,,,,,,,
1779375050.9741,plane,1392,,,,,,,,,
1779375051.0700,plane,1393,,,,,,,,,
1779375051.1660,plane,1394,,,,,,,,,
1779375051.2616,plane,1395,,,,,,,,,
1779375051.3739,plane,1396,,,,,,,,,
1779375051.4697,plane,1397,,,,,,,,,
1779375051.5658,plane,1398,,,,,,,,,
1779375051.6617,plane,1399,,,,,,,,,
1779375051.7737,plane,1400,,,,,,,,,
1779375051.8697,plane,1401,,,,,,,,,
1779375051.9655,plane,1402,,,,,,,,,
1779375052.0620,plane,1403,,,,,,,,,
1779375052.1736,plane,1404,,,,,,,,,
1779375052.2696,plane,1405,,,,,,,,,
1779375052.3662,plane,1406,,,,,,,,,
1779375052.4616,plane,1407,,,,,,,,,
1779375052.5738,plane,1408,,,,,,,,,
1779375052.6695,plane,1409,,,,,,,,,
1779375052.7654,plane,1410,,,,,,,,,
1779375052.8620,plane,1411,,,,,,,,,
1779375052.9739,plane,1412,,,,,,,,,
1779375053.0695,plane,1413,,,,,,,,,
1779375053.1660,plane,1414,,,,,,,,,
1779375053.2621,plane,1415,,,,,,,,,
1779375053.3734,plane,1416,,,,,,,,,
1779375053.4693,plane,1417,,,,,,,,,
1779375053.5660,plane,1418,,,,,,,,,
1779375053.6624,plane,1419,,,,,,,,,
1779375053.7736,plane,1420,,,,,,,,,
1779375053.8698,plane,1421,,,,,,,,,
1779375053.9658,plane,1422,,,,,,,,,
1779375054.0615,plane,1423,,,,,,,,,
1779375054.1738,plane,1424,,,,,,,,,
1779375054.2698,plane,1425,,,,,,,,,
1779375054.3661,plane,1426,,,,,,,,,
1779375054.4617,plane,1427,,,,,,,,,
1779375054.5740,plane,1428,,,,,,,,,
1779375054.6703,plane,1429,,,,,,,,,
1779375054.7655,plane,1430,,,,,,,,,
1779375054.8618,plane,1431,,,,,,,,,
1779375054.9740,plane,1432,,,,,,,,,
1779375055.0700,plane,1433,,,,,,,,,
1779375055.1660,plane,1434,,,,,,,,,
1779375055.2614,plane,1435,,,,,,,,,
1779375055.3741,plane,1436,,,,,,,,,
1779375055.4695,plane,1437,,,,,,,,,
1779375055.5656,plane,1438,,,,,,,,,
1779375055.6614,plane,1439,,,,,,,,,
1779375055.7739,plane,1440,,,,,,,,,
1779375055.8696,plane,1441,,,,,,,,,
1779375055.9659,plane,1442,,,,,,,,,
1779375056.0615,plane,1443,,,,,,,,,
1779375056.1737,plane,1444,,,,,,,,,
1779375056.2698,plane,1445,,,,,,,,,
1779375056.3657,plane,1446,,,,,,,,,
1779375056.4620,plane,1447,,,,,,,,,
1779375056.5740,plane,1448,,,,,,,,,
1779375056.6696,plane,1449,,,,,,,,,
1779375056.7659,plane,1450,,,,,,,,,
1779375056.8622,plane,1451,,,,,,,,,
1779375056.9739,plane,1452,,,,,,,,,
1779375057.0696,plane,1453,,,,,,,,,
1779375057.1655,plane,1454,,,,,,,,,
1779375057.2615,plane,1455,,,,,,,,,
1779375057.3735,plane,1456,,,,,,,,,
1779375057.4695,plane,1457,,,,,,,,,
1779375057.5658,plane,1458,,,,,,,,,
1779375057.6617,plane,1459,,,,,,,,,
1779375057.7737,plane,1460,,,,,,,,,
1779375057.8694,plane,1461,,,,,,,,,
1779375057.9657,plane,1462,,,,,,,,,
1779375058.0617,plane,1463,,,,,,,,,
1779375058.1738,plane,1464,,,,,,,,,
1779375058.2699,plane,1465,,,,,,,,,
1779375058.3660,plane,1466,,,,,,,,,
1779375058.4618,plane,1467,,,,,,,,,
1779375058.5736,plane,1468,,,,,,,,,
1779375058.6699,plane,1469,,,,,,,,,
1779375058.7662,plane,1470,,,,,,,,,
1779375058.8617,plane,1471,,,,,,,,,
1779375058.9742,plane,1472,,,,,,,,,
1779375059.0701,plane,1473,,,,,,,,,
1779375059.1659,plane,1474,,,,,,,,,
1779375059.2619,plane,1475,,,,,,,,,
1779375059.3739,plane,1476,,,,,,,,,
1779375059.4698,plane,1477,,,,,,,,,
1779375059.5662,plane,1478,,,,,,,,,
1779375059.6618,plane,1479,,,,,,,,,
1779375059.7736,plane,1480,,,,,,,,,
1779375059.8696,plane,1481,,,,,,,,,
1779375059.9659,plane,1482,,,,,,,,,
1779375060.0621,plane,1483,,,,,,,,,
1779375060.1735,plane,1484,,,,,,,,,
1779375060.2699,plane,1485,,,,,,,,,
1779375060.3663,plane,1486,,,,,,,,,
1779375060.4617,plane,1487,,,,,,,,,
1779375060.5738,plane,1488,,,,,,,,,
1779375060.6697,plane,1489,,,,,,,,,
1779375060.7660,plane,1490,,,,,,,,,
1779375060.8618,plane,1491,,,,,,,,,
1779375060.9734,plane,1492,,,,,,,,,
1779375061.0700,plane,1493,,,,,,,,,
1779375061.1663,plane,1494,,,,,,,,,
1779375061.2616,plane,1495,,,,,,,,,
1779375061.3737,plane,1496,,,,,,,,,
1779375061.4701,plane,1497,,,,,,,,,
1779375061.5658,plane,1498,,,,,,,,,
1779375061.6617,plane,1499,,,,,,,,,
1779375061.7738,plane,1500,,,,,,,,,
1779375061.8700,plane,1501,,,,,,,,,
1779375061.9660,plane,1502,,,,,,,,,
1779375062.0615,plane,1503,,,,,,,,,
1779375062.1740,plane,1504,,,,,,,,,
1779375062.2702,plane,1505,,,,,,,,,
1779375062.3658,plane,1506,,,,,,,,,
1779375062.4613,plane,1507,,,,,,,,,
1779375062.5735,plane,1508,,,,,,,,,
1779375062.6695,plane,1509,,,,,,,,,
1779375062.7657,plane,1510,,,,,,,,,
1779375062.8616,plane,1511,,,,,,,,,
1779375062.9738,plane,1512,,,,,,,,,
1779375063.0696,plane,1513,,,,,,,,,
1779375063.1657,plane,1514,,,,,,,,,
1779375063.2621,plane,1515,,,,,,,,,
1779375063.3741,plane,1516,,,,,,,,,
1779375063.4698,plane,1517,,,,,,,,,
1779375063.5654,plane,1518,,,,,,,,,
1779375063.6623,plane,1519,,,,,,,,,
1779375063.7734,plane,1520,,,,,,,,,
1779375063.8699,plane,1521,,,,,,,,,
1779375063.9658,plane,1522,,,,,,,,,
1779375064.0618,plane,1523,,,,,,,,,
1779375064.1740,plane,1524,,,,,,,,,
1779375064.2700,plane,1525,,,,,,,,,
1779375064.3660,plane,1526,,,,,,,,,
1779375064.4614,plane,1527,,,,,,,,,
1779375064.5734,plane,1528,,,,,,,,,
1779375064.6698,plane,1529,,,,,,,,,
1779375064.7658,plane,1530,,,,,,,,,
1779375064.8620,plane,1531,,,,,,,,,
1779375064.9740,plane,1532,,,,,,,,,
1779375065.0700,plane,1533,,,,,,,,,
1779375065.1655,plane,1534,,,,,,,,,
1779375065.2618,plane,1535,,,,,,,,,
1779375065.3738,plane,1536,,,,,,,,,
1779375065.4695,plane,1537,,,,,,,,,
1779375065.5657,plane,1538,,,,,,,,,
1779375065.6617,plane,1539,,,,,,,,,
1779375065.7737,plane,1540,,,,,,,,,
1779375065.8697,plane,1541,,,,,,,,,
1779375065.9658,plane,1542,,,,,,,,,
1779375066.0621,plane,1543,,,,,,,,,
1779375066.1739,plane,1544,,,,,,,,,
1779375066.2696,plane,1545,,,,,,,,,
1779375066.3658,plane,1546,,,,,,,,,
1779375066.4616,plane,1547,,,,,,,,,
1779375066.5737,plane,1548,,,,,,,,,
1779375066.6696,plane,1549,,,,,,,,,
1779375066.7661,plane,1550,,,,,,,,,
1779375066.8622,plane,1551,,,,,,,,,
1779375066.9735,plane,1552,,,,,,,,,
1779375067.0698,plane,1553,,,,,,,,,
1779375067.1656,plane,1554,,,,,,,,,
1779375067.2618,plane,1555,,,,,,,,,
1779375067.3739,plane,1556,,,,,,,,,
1779375067.4702,plane,1557,,,,,,,,,
1779375067.5661,plane,1558,,,,,,,,,
1779375067.6618,plane,1559,,,,,,,,,
1779375067.7736,plane,1560,,,,,,,,,
1779375067.8695,plane,1561,,,,,,,,,
1779375067.9661,plane,1562,,,,,,,,,
1779375068.0617,plane,1563,,,,,,,,,
1779375068.1735,plane,1564,,,,,,,,,
1779375068.2701,plane,1565,,,,,,,,,
1779375068.3661,plane,1566,,,,,,,,,
1779375068.4614,plane,1567,,,,,,,,,
1779375068.5739,plane,1568,,,,,,,,,
1779375068.6701,plane,1569,,,,,,,,,
1779375068.7658,plane,1570,,,,,,,,,
1779375068.8618,plane,1571,,,,,,,,,
1779375068.9738,plane,1572,,,,,,,,,
1779375069.0697,plane,1573,,,,,,,,,
1779375069.1658,plane,1574,,,,,,,,,
1779375069.2614,plane,1575,,,,,,,,,
1779375069.3739,plane,1576,,,,,,,,,
1779375069.4699,plane,1577,,,,,,,,,
1779375069.5655,plane,1578,,,,,,,,,
1779375069.6617,plane,1579,,,,,,,,,
1779375069.7734,plane,1580,,,,,,,,,
1779375069.8697,plane,1581,,,,,,,,,
1779375069.9656,plane,1582,,,,,,,,,
1779375070.0613,plane,1583,,,,,,,,,
1779375070.1739,plane,1584,,,,,,,,,
1779375070.2699,plane,1585,,,,,,,,,
1779375070.3658,plane,1586,,,,,,,,,
1779375070.4627,plane,1587,,,,,,,,,
1779375070.5751,plane,1588,30,0.96718,0.57978,0.002680,0.09056,0.04168,56.44,0.00000,0.00000
1779375070.6719,plane,1589,30,0.96208,0.57692,0.003581,0.09428,0.04209,58.43,-0.05289,-0.02970
1779375070.6719,plane,1589,31,0.96851,0.45592,0.002433,0.09213,0.04152,55.42,0.00000,0.00000
1779375070.7682,plane,1590,30,0.95665,0.56749,0.004493,0.10378,0.04274,60.81,-0.05633,-0.09781
1779375070.7682,plane,1590,31,0.96386,0.44815,0.003318,0.09579,0.04279,57.69,-0.04825,-0.08075
1779375070.8639,plane,1591,30,0.95576,0.57938,0.009018,0.23644,0.12144,91.58,-0.00936,0.12405
1779375070.8639,plane,1591,31,0.95804,0.43262,0.004354,0.10598,0.04337,59.75,-0.06078,-0.16207
1779375070.9750,plane,1592,30,0.94887,0.50402,0.018467,0.16714,0.08897,5.42,-0.06212,-0.68030
1779375071.0716,plane,1593,30,0.94218,0.48717,0.024979,0.19001,0.14419,23.10,-0.06898,-0.17361
1779375071.1673,plane,1594,30,0.93568,0.46445,0.030568,0.26277,0.19287,62.39,-0.06830,-0.23873
1779375071.2630,plane,1595,30,0.92980,0.45189,0.034895,0.19589,0.14035,16.54,-0.06105,-0.13036
1779375071.3752,plane,1596,30,0.92616,0.44976,0.038552,0.30320,0.20212,71.31,-0.03254,-0.01910
1779375071.4712,plane,1597,30,0.92354,0.45423,0.040365,0.28183,0.19993,68.08,-0.02722,0.04643
1779375071.5670,plane,1598,30,0.92231,0.45312,0.041211,0.27799,0.19707,64.65,-0.01288,-0.01154
1779375071.6630,plane,1599,30,0.92012,0.44250,0.042826,0.27456,0.19618,64.75,-0.02272,-0.11041
1779375071.7745,plane,1600,30,0.91740,0.42593,0.045476,0.27286,0.19743,62.82,-0.02446,-0.14852
1779375071.8715,plane,1601,30,0.91141,0.39880,0.050301,0.27960,0.20022,66.15,-0.06186,-0.28051
1779375071.8715,plane,1601,32,0.97000,0.08911,0.002296,0.08195,0.05109,101.56,0.00000,0.00000
1779375071.9686,plane,1602,30,0.90220,0.36003,0.057492,0.29620,0.20086,64.69,-0.09520,-0.40057
1779375071.9686,plane,1602,32,0.96080,0.06203,0.003465,0.07276,0.04688,110.08,-0.09508,-0.27983
1779375072.0660,plane,1603,30,0.89155,0.32029,0.065642,0.31060,0.20100,64.27,-0.10873,-0.40593
1779375072.0660,plane,1603,32,0.95292,0.04572,0.002462,0.07532,0.03800,101.88,-0.08045,-0.16662
1779375072.1754,plane,1604,30,0.88178,0.28313,0.076084,0.33465,0.21124,62.10,-0.08969,-0.34078
1779375072.2715,plane,1605,30,0.87074,0.26182,0.083840,0.34751,0.21346,70.78,-0.11454,-0.22113
1779375072.3672,plane,1606,30,0.86124,0.25167,0.090269,0.35394,0.21489,71.98,-0.09908,-0.10593
1779375072.4629,plane,1607,30,0.85260,0.25015,0.096956,0.35647,0.21800,72.87,-0.09051,-0.01593
1779375072.5750,plane,1608,30,0.84528,0.25202,0.103226,0.37411,0.22057,72.38,-0.06524,0.01669
1779375072.6709,plane,1609,30,0.83916,0.25609,0.109828,0.38791,0.22483,71.48,-0.06395,0.04255
1779375072.7668,plane,1610,30,0.83380,0.26374,0.116831,0.38872,0.22856,69.95,-0.05564,0.07948
1779375072.8626,plane,1611,30,0.83082,0.27768,0.125380,0.37246,0.23432,70.08,-0.03110,0.14560
1779375072.9745,plane,1612,30,0.82823,0.29015,0.133747,0.37223,0.23970,69.10,-0.02320,0.11144
1779375073.0706,plane,1613,30,0.82512,0.29910,0.140088,0.41364,0.25230,63.08,-0.03229,0.09312
1779375073.1670,plane,1614,30,0.82271,0.30910,0.144336,0.41261,0.26166,59.66,-0.02511,0.10398
1779375073.2635,plane,1615,30,0.82271,0.32038,0.145960,0.41667,0.26639,58.48,-0.00000,0.11672
1779375073.3748,plane,1616,30,0.82483,0.33880,0.144502,0.42023,0.26345,57.19,0.01909,0.16555
1779375073.4712,plane,1617,30,0.82737,0.36011,0.142478,0.42347,0.25996,56.75,0.02630,0.22071
1779375073.5667,plane,1618,30,0.83032,0.38739,0.140325,0.42246,0.25870,57.02,0.03091,0.28585
1779375073.6633,plane,1619,30,0.83204,0.41370,0.138792,0.42025,0.25793,56.15,0.01782,0.27303
1779375073.7752,plane,1620,30,0.83188,0.43195,0.138724,0.41945,0.25777,56.22,-0.00143,0.16263
1779375073.8711,plane,1621,30,0.83077,0.45521,0.139774,0.42004,0.25734,55.57,-0.01152,0.24313
1779375073.9679,plane,1622,30,0.82770,0.48503,0.141541,0.41760,0.25812,55.63,-0.03170,0.30776
1779375074.0628,plane,1623,30,0.82093,0.50979,0.145060,0.41735,0.25974,56.73,-0.07145,0.26109
1779375074.1755,plane,1624,30,0.81143,0.52745,0.149745,0.42005,0.26190,58.33,-0.08416,0.15653
1779375074.2709,plane,1625,30,0.80016,0.54665,0.156064,0.42447,0.26609,59.50,-0.11837,0.20167
1779375074.3675,plane,1626,30,0.78871,0.56411,0.162450,0.42993,0.26917,60.90,-0.11833,0.18038
1779375074.4629,plane,1627,30,0.77655,0.58019,0.169222,0.44477,0.27082,62.43,-0.12736,0.16845
1779375074.5751,plane,1628,30,0.76505,0.59090,0.176827,0.45714,0.27357,63.63,-0.10286,0.09580
1779375074.6713,plane,1629,30,0.75427,0.59860,0.184913,0.47303,0.27614,65.71,-0.11168,0.07978
1779375074.7669,plane,1630,30,0.74463,0.60455,0.191588,0.49587,0.27639,67.60,-0.10115,0.06243
1779375074.8633,plane,1631,30,0.73792,0.61240,0.194675,0.50802,0.27586,68.34,-0.06933,0.08115
1779375074.9749,plane,1632,30,0.73496,0.62544,0.189606,0.50707,0.26805,68.12,-0.02664,0.11697
1779375075.0708,plane,1633,30,0.73215,0.63531,0.190633,0.51432,0.26788,68.98,-0.02917,0.10282
1779375075.1672,plane,1634,30,0.73107,0.63974,0.190282,0.51795,0.26534,69.27,-0.01130,0.04603
1779375075.2630,plane,1635,30,0.73042,0.63872,0.190358,0.51879,0.26566,69.33,-0.00676,-0.01056
1779375075.3752,plane,1636,30,0.73058,0.63843,0.189874,0.51986,0.26438,69.20,0.00145,-0.00259
1779375075.4711,plane,1637,30,0.73053,0.63616,0.189679,0.51772,0.26518,69.43,-0.00048,-0.02380
1779375075.5671,plane,1638,30,0.73014,0.63272,0.190121,0.51931,0.26403,69.32,-0.00405,-0.03571
1779375075.6633,plane,1639,30,0.72886,0.62804,0.190969,0.52272,0.26420,69.33,-0.01334,-0.04868
1779375075.7755,plane,1640,30,0.72584,0.61675,0.192624,0.52844,0.26397,70.05,-0.02689,-0.10053
1779375075.8710,plane,1641,30,0.72093,0.60112,0.196184,0.53800,0.26533,70.25,-0.05158,-0.16397
1779375075.9666,plane,1642,30,0.71520,0.58222,0.200575,0.54426,0.26746,71.24,-0.05975,-0.19733
1779375076.0628,plane,1643,30,0.70938,0.55745,0.204458,0.56368,0.26650,72.44,-0.06060,-0.25784
1779375076.1749,plane,1644,30,0.70470,0.53222,0.207284,0.57785,0.26372,73.83,-0.04179,-0.22520
1779375076.2706,plane,1645,30,0.69970,0.51532,0.211823,0.59101,0.26601,74.29,-0.05215,-0.17622
1779375076.3674,plane,1646,30,0.69608,0.50324,0.215507,0.60217,0.26424,74.67,-0.03741,-0.12505
1779375076.4637,plane,1647,30,0.69386,0.49611,0.217658,0.60724,0.26662,75.06,-0.02309,-0.07391
1779375076.5748,plane,1648,30,0.69218,0.49128,0.219699,0.60915,0.26646,74.91,-0.01509,-0.04352
1779375076.6713,plane,1649,30,0.69125,0.48934,0.220510,0.60956,0.26927,74.93,-0.00967,-0.02007
1779375076.7675,plane,1650,30,0.69012,0.48679,0.221408,0.61441,0.26854,74.95,-0.01171,-0.02644
1779375076.8633,plane,1651,30,0.68817,0.48223,0.223623,0.62248,0.26841,74.88,-0.02042,-0.04773
1779375076.9759,plane,1652,30,0.68758,0.47903,0.221641,0.62126,0.26601,74.81,-0.00520,-0.02836
1779375077.0709,plane,1653,30,0.68695,0.48237,0.220101,0.63101,0.26196,74.75,-0.00663,0.03522
1779375077.1674,plane,1654,30,0.68633,0.48603,0.218279,0.63199,0.26048,74.81,-0.00643,0.03785
1779375077.2629,plane,1655,30,0.68501,0.48205,0.218664,0.62821,0.26055,74.80,-0.01390,-0.04179
1779375077.3761,plane,1656,30,0.68404,0.47646,0.219508,0.63026,0.26055,75.08,-0.00856,-0.04956
1779375077.4718,plane,1657,30,0.68387,0.47177,0.220039,0.63130,0.26097,74.97,-0.00182,-0.04889
1779375077.5676,plane,1658,30,0.68448,0.47119,0.219693,0.63659,0.25922,74.80,0.00643,-0.00605
1779375077.6628,plane,1659,30,0.68549,0.47027,0.218757,0.62725,0.26077,74.79,0.01061,-0.00967
1779375077.7754,plane,1660,30,0.68636,0.46914,0.218184,0.62616,0.26012,74.76,0.00772,-0.01002
1779375077.8715,plane,1661,30,0.68728,0.46897,0.217484,0.61966,0.26333,74.78,0.00950,-0.00179
1779375077.9674,plane,1662,30,0.68861,0.46937,0.216804,0.62251,0.26188,74.39,0.01389,0.00417
1779375078.0628,plane,1663,30,0.69319,0.47028,0.213152,0.60548,0.26334,74.39,0.04789,0.00957
1779375078.1752,plane,1664,30,0.70085,0.46509,0.207947,0.57565,0.26654,74.09,0.06843,-0.04640
1779375078.2713,plane,1665,30,0.71223,0.45679,0.199615,0.53974,0.26693,73.49,0.11811,-0.08612
1779375078.3674,plane,1666,30,0.72523,0.43933,0.190811,0.50593,0.26717,72.89,0.13544,-0.18189
1779375078.4631,plane,1667,30,0.74064,0.41485,0.182463,0.47065,0.26918,70.32,0.16069,-0.25528
1779375078.5747,plane,1668,30,0.75959,0.38897,0.172538,0.44754,0.26642,67.98,0.17005,-0.23227
1779375078.6713,plane,1669,30,0.78177,0.36158,0.161857,0.42932,0.26552,65.61,0.22921,-0.28301
1779375078.7674,plane,1670,30,0.80588,0.33304,0.151803,0.42290,0.26456,63.15,0.25181,-0.29805
1779375078.8632,plane,1671,30,0.83022,0.30633,0.139421,0.42387,0.25995,63.46,0.25325,-0.27787
1779375078.9747,plane,1672,30,0.84867,0.29715,0.119841,0.37928,0.23737,71.57,0.16542,-0.08232
1779375079.0710,plane,1673,30,0.86415,0.29039,0.101427,0.35797,0.23206,71.33,0.16114,-0.07043
1779375079.1673,plane,1674,30,0.87774,0.28495,0.086002,0.33694,0.22642,66.62,0.14087,-0.05638
1779375079.2631,plane,1675,30,0.88896,0.28442,0.072861,0.31640,0.22236,68.88,0.11727,-0.00555
1779375079.3751,plane,1676,30,0.90014,0.28174,0.063895,0.29582,0.22006,65.92,0.09974,-0.02385
1779375079.4707,plane,1677,30,0.90865,0.27746,0.056727,0.28416,0.21720,62.74,0.08924,-0.04487
1779375079.5670,plane,1678,30,0.91422,0.26842,0.051858,0.28557,0.21577,65.28,0.05761,-0.09354
1779375079.6626,plane,1679,30,0.91733,0.24878,0.049315,0.29402,0.21642,65.09,0.03263,-0.20614
1779375079.7750,plane,1680,30,0.91710,0.22095,0.048169,0.28797,0.21583,61.17,-0.00208,-0.24688
1779375079.8707,plane,1681,30,0.91271,0.18957,0.044115,0.21540,0.18376,88.31,-0.04595,-0.32885
1779375079.9674,plane,1682,30,0.90769,0.15078,0.037269,0.23537,0.14227,95.14,-0.05183,-0.40053
1779375080.0625,plane,1683,30,0.89937,0.10677,0.028502,0.21044,0.14353,107.14,-0.08749,-0.46297
1779375080.1748,plane,1684,30,0.89957,0.06833,0.014309,0.20089,0.11084,99.02,0.00175,-0.34214
1779375080.2695,plane,1685,,,,,,,,,
1779375080.3660,plane,1686,,,,,,,,,
1779375080.4619,plane,1687,,,,,,,,,
1779375080.5736,plane,1688,,,,,,,,,
1779375080.6702,plane,1689,,,,,,,,,
1779375080.7661,plane,1690,,,,,,,,,
1779375080.8618,plane,1691,,,,,,,,,
1779375080.9740,plane,1692,,,,,,,,,
1779375081.0699,plane,1693,,,,,,,,,
1779375081.1661,plane,1694,,,,,,,,,
1779375081.2615,plane,1695,,,,,,,,,
1779375081.3737,plane,1696,,,,,,,,,
1779375081.4712,plane,1697,33,0.85672,0.06195,0.017178,0.28376,0.07653,87.29,0.00000,0.00000
1779375081.5678,plane,1698,33,0.86271,0.12573,0.049147,0.28376,0.16077,93.89,0.06194,0.65946
1779375081.6625,plane,1699,33,0.88317,0.17805,0.059360,0.25111,0.15752,101.04,0.21584,0.55183
1779375081.7748,plane,1700,33,0.89099,0.21317,0.067647,0.25629,0.22789,70.47,0.06971,0.31289
1779375081.8715,plane,1701,33,0.89767,0.24639,0.067752,0.29380,0.22729,65.21,0.06907,0.34353
1779375081.9675,plane,1702,33,0.90612,0.29817,0.060701,0.29938,0.22695,67.04,0.08803,0.53970
1779375082.0632,plane,1703,33,0.91323,0.36275,0.054116,0.29004,0.22206,62.35,0.07409,0.67322
1779375082.1747,plane,1704,33,0.91694,0.40332,0.050420,0.29680,0.21964,61.56,0.03330,0.36397
1779375082.2704,plane,1705,33,0.91708,0.42648,0.050091,0.29999,0.22075,63.75,0.00148,0.24192
1779375082.3669,plane,1706,33,0.91590,0.44515,0.051224,0.27337,0.20861,50.80,-0.01227,0.19408
1779375082.4633,plane,1707,33,0.91236,0.46660,0.054625,0.28823,0.21469,55.47,-0.03661,0.22206
1779375082.5756,plane,1708,33,0.90527,0.47545,0.060588,0.29178,0.21916,58.36,-0.06311,0.07873
1779375082.5756,plane,1708,34,0.96864,0.14057,0.002821,0.08568,0.05694,101.96,0.00000,0.00000
1779375082.6716,plane,1709,33,0.89568,0.46463,0.069153,0.30998,0.22533,63.06,-0.10032,-0.11329
1779375082.6716,plane,1709,34,0.96049,0.12815,0.004947,0.11576,0.06423,95.33,-0.08537,-0.12999
1779375082.7681,plane,1710,33,0.88565,0.45166,0.078863,0.35594,0.23183,67.93,-0.10369,-0.13401
1779375082.7681,plane,1710,34,0.95079,0.11331,0.007767,0.15121,0.07057,87.49,-0.10020,-0.15333
1779375082.8629,plane,1711,33,0.88260,0.40189,0.100798,0.35650,0.22684,24.80,-0.03205,-0.52347
1779375082.9746,plane,1712,33,0.87349,0.39202,0.114009,0.35277,0.24248,25.80,-0.08177,-0.08849
1779375083.0711,plane,1713,33,0.86437,0.38403,0.126336,0.35411,0.26087,27.29,-0.09456,-0.08289
1779375083.1668,plane,1714,33,0.85445,0.37551,0.139345,0.35881,0.28090,38.26,-0.10337,-0.08892
1779375083.2629,plane,1715,33,0.84428,0.36824,0.152195,0.36324,0.29110,45.90,-0.10586,-0.07566
1779375083.3747,plane,1716,33,0.83430,0.36008,0.162208,0.38189,0.29547,60.33,-0.08926,-0.07287
1779375083.4709,plane,1717,33,0.82596,0.35344,0.169708,0.40232,0.29414,66.34,-0.08694,-0.06929
1779375083.5676,plane,1718,33,0.81880,0.34741,0.175500,0.43419,0.29190,68.28,-0.07387,-0.06220
1779375083.6635,plane,1719,33,0.81266,0.34255,0.180162,0.45734,0.28389,71.72,-0.06435,-0.05095
1779375083.7751,plane,1720,33,0.81006,0.34058,0.182098,0.45259,0.29087,70.67,-0.02316,-0.01752
1779375083.8711,plane,1721,33,0.81195,0.34291,0.181134,0.44435,0.29233,69.48,0.01973,0.02439
1779375083.9672,plane,1722,33,0.81690,0.35084,0.179833,0.42748,0.29228,69.54,0.05126,0.08215
1779375084.0627,plane,1723,33,0.82396,0.35729,0.174284,0.40670,0.29621,66.47,0.07418,0.06771
1779375084.1749,plane,1724,33,0.84305,0.32750,0.141556,0.43818,0.27758,70.33,0.16962,-0.26478
1779375084.2710,plane,1725,35,0.92330,0.17492,0.037526,0.25753,0.17085,122.23,0.00000,0.00000
1779375084.3659,plane,1726,,,,,,,,,
1779375084.4615,plane,1727,,,,,,,,,
1779375084.5745,plane,1728,35,0.91356,0.18053,0.039327,0.18150,0.18063,32.80,-0.08624,0.04969
1779375084.6705,plane,1729,35,0.91354,0.18053,0.039342,0.20302,0.17805,80.91,-0.00027,-0.00002
1779375084.7675,plane,1730,35,0.91356,0.18048,0.039325,0.70472,0.15770,90.02,0.00026,-0.00058
1779375084.8618,plane,1731,,,,,,,,,
1779375084.9738,plane,1732,,,,,,,,,
1779375085.0700,plane,1733,,,,,,,,,
1779375085.1662,plane,1734,,,,,,,,,
1779375085.2617,plane,1735,,,,,,,,,
1779375085.3735,plane,1736,,,,,,,,,
1779375085.4692,plane,1737,,,,,,,,,
1779375085.5657,plane,1738,,,,,,,,,
1779375085.6614,plane,1739,,,,,,,,,
1779375085.7737,plane,1740,,,,,,,,,
1779375085.8696,plane,1741,,,,,,,,,
1779375085.9665,plane,1742,,,,,,,,,
1779375086.0622,plane,1743,,,,,,,,,
1779375086.1740,plane,1744,,,,,,,,,
1779375086.2698,plane,1745,,,,,,,,,
1779375086.3659,plane,1746,,,,,,,,,
1779375086.4614,plane,1747,,,,,,,,,
1779375086.5739,plane,1748,,,,,,,,,
1779375086.6699,plane,1749,,,,,,,,,
1779375086.7657,plane,1750,,,,,,,,,
1779375086.8614,plane,1751,,,,,,,,,
1779375086.9738,plane,1752,,,,,,,,,
1779375087.0701,plane,1753,,,,,,,,,
1779375087.1660,plane,1754,,,,,,,,,
1779375087.2616,plane,1755,,,,,,,,,
1779375087.3740,plane,1756,,,,,,,,,
1779375087.4700,plane,1757,,,,,,,,,
1779375087.5657,plane,1758,,,,,,,,,
1779375087.6618,plane,1759,,,,,,,,,
1779375087.7738,plane,1760,,,,,,,,,
1779375087.8703,plane,1761,,,,,,,,,
1779375087.9660,plane,1762,,,,,,,,,
1779375088.0615,plane,1763,,,,,,,,,
1779375088.1736,plane,1764,,,,,,,,,
1779375088.2712,plane,1765,36,0.11290,0.07600,0.011373,0.27723,0.14304,156.44,0.00000,0.00000
1779375088.2712,plane,1765,37,0.30797,0.05784,0.005476,0.35552,0.15537,167.69,0.00000,0.00000
1779375088.3679,plane,1766,36,0.14655,0.13569,0.032603,0.31229,0.14313,149.93,0.34849,0.61822
1779375088.3679,plane,1766,37,0.34498,0.10795,0.021093,0.46998,0.16473,161.26,0.38326,0.51908
1779375088.4642,plane,1767,36,0.16448,0.18030,0.048087,0.37077,0.14452,149.20,0.18597,0.46268
1779375088.4642,plane,1767,37,0.36033,0.14744,0.035327,0.49228,0.15858,156.71,0.15929,0.40963
1779375088.5762,plane,1768,36,0.17550,0.20802,0.058099,0.43840,0.14632,148.86,0.09841,0.24739
1779375088.5762,plane,1768,37,0.37055,0.17437,0.045232,0.50263,0.15593,154.95,0.09115,0.24029
1779375088.6721,plane,1769,36,0.23830,0.22034,0.129703,0.41086,0.24550,95.31,0.65706,0.12899
1779375088.6721,plane,1769,38,0.49483,0.06164,0.005951,0.35049,0.14195,167.44,0.00000,0.00000
1779375088.7671,plane,1770,36,0.23830,0.23604,0.174798,0.45083,0.26730,83.46,-0.00001,0.16427
1779375088.8628,plane,1771,36,0.21517,0.26932,0.195889,0.42627,0.24537,65.15,-0.24216,0.34839
1779375088.9757,plane,1772,36,0.20436,0.29618,0.203623,0.50291,0.28575,40.02,-0.09566,0.23778
1779375089.0721,plane,1773,36,0.20186,0.28446,0.181039,0.34051,0.31047,88.81,-0.02598,-0.12196
1779375089.0721,plane,1773,39,0.03083,0.57145,0.008959,0.41673,0.21392,141.05,0.00000,0.00000
1779375089.1681,plane,1774,36,0.18267,0.30019,0.185849,0.43842,0.26837,40.56,-0.19894,0.16306
1779375089.2633,plane,1775,36,0.14660,0.32818,0.157637,0.43785,0.23909,29.73,-0.38038,0.29509
1779375089.3752,plane,1776,36,0.14163,0.34189,0.158564,0.45288,0.24192,26.00,-0.04432,0.12239
1779375089.4711,plane,1777,36,0.14195,0.36276,0.169752,0.46612,0.24329,23.90,0.00331,0.21735
1779375089.5675,plane,1778,36,0.14725,0.37862,0.184865,0.47626,0.24325,25.64,0.05511,0.16496
1779375089.6630,plane,1779,36,0.15769,0.39074,0.204948,0.48904,0.28075,16.91,0.10911,0.12665
1779375089.7749,plane,1780,36,0.17130,0.40145,0.226218,0.48992,0.30446,16.63,0.12172,0.09581
1779375089.8719,plane,1781,36,0.18103,0.42777,0.261987,0.51146,0.27996,29.26,0.10023,0.27096
1779375089.9674,plane,1782,36,0.19358,0.44259,0.294596,0.50434,0.29148,30.86,0.13180,0.15573
1779375090.0633,plane,1783,36,0.20721,0.45497,0.329983,0.50181,0.30227,30.94,0.14167,0.12859
1779375090.1747,plane,1784,36,0.21936,0.46156,0.358431,0.50166,0.31403,32.65,0.10906,0.05921
1779375090.2717,plane,1785,36,0.22475,0.46454,0.370728,0.50368,0.31949,34.91,0.05565,0.03075
1779375090.3672,plane,1786,36,0.22662,0.46568,0.375644,0.49686,0.32395,36.64,0.01957,0.01187
1779375090.4631,plane,1787,36,0.23318,0.46742,0.389523,0.51876,0.32475,34.27,0.06871,0.01827
1779375090.5752,plane,1788,36,0.24538,0.47016,0.413072,0.55477,0.35270,55.51,0.10855,0.02434
1779375090.6710,plane,1789,36,0.26034,0.47184,0.440084,0.60806,0.36611,53.22,0.15678,0.01760
1779375090.7675,plane,1790,36,0.27482,0.47133,0.462828,0.62036,0.38964,53.65,0.14927,-0.00523
1779375090.8631,plane,1791,36,0.28625,0.47389,0.481847,0.62900,0.41813,51.74,0.11983,0.02682
1779375090.9755,plane,1792,36,0.29608,0.47551,0.500054,0.64469,0.44357,47.19,0.08748,0.01440
1779375091.0720,plane,1793,36,0.30032,0.47874,0.512466,0.64538,0.43058,51.13,0.04393,0.03349
1779375091.1675,plane,1794,36,0.30219,0.48178,0.522191,0.66242,0.43413,51.00,0.01964,0.03190
1779375091.2632,plane,1795,36,0.30397,0.48552,0.530365,0.70327,0.42268,51.07,0.01853,0.03899
1779375091.3754,plane,1796,36,0.30082,0.49016,0.526927,0.47433,0.40722,113.87,-0.02808,0.04135
1779375091.4713,plane,1797,36,0.28681,0.49214,0.489634,0.45873,0.37248,152.97,-0.14593,0.02060
1779375091.5666,plane,1798,36,0.29383,0.49581,0.504262,0.47093,0.37704,146.21,0.07367,0.03847
1779375091.6633,plane,1799,36,0.30557,0.49655,0.528022,0.47601,0.39270,138.56,0.12199,0.00769
1779375091.7758,plane,1800,36,0.31140,0.49609,0.535943,0.48428,0.39557,136.81,0.05169,-0.00408
1779375091.8713,plane,1801,36,0.32639,0.49620,0.565904,0.49262,0.40719,119.72,0.15729,0.00119
1779375091.9681,plane,1802,36,0.33956,0.49560,0.591868,0.52997,0.40799,105.65,0.13562,-0.00612
1779375092.0633,plane,1803,36,0.33973,0.49409,0.588774,0.51119,0.40773,104.72,0.00185,-0.01592
1779375092.1757,plane,1804,36,0.34869,0.49402,0.606639,0.53119,0.41564,105.05,0.07977,-0.00067
1779375092.2713,plane,1805,36,0.35776,0.49426,0.624634,0.55819,0.41423,99.46,0.09451,0.00255
1779375092.3674,plane,1806,36,0.36201,0.49423,0.631185,0.57463,0.40579,97.34,0.04440,-0.00037
1779375092.4631,plane,1807,36,0.36579,0.49499,0.638168,0.57397,0.41280,100.51,0.03933,0.00794
1779375092.5755,plane,1808,36,0.37100,0.49510,0.648517,0.59442,0.41520,97.98,0.04652,0.00098
1779375092.6714,plane,1809,36,0.35904,0.49325,0.621723,0.56696,0.44797,80.83,-0.12436,-0.01917
1779375092.7673,plane,1810,36,0.35428,0.49278,0.611162,0.57099,0.45320,79.89,-0.04976,-0.00494
1779375092.8630,plane,1811,36,0.35996,0.49431,0.624276,0.56741,0.44606,84.27,0.05932,0.01598
1779375092.9754,plane,1812,36,0.36180,0.49238,0.624702,0.57799,0.45329,84.10,0.01635,-0.01726
1779375093.0711,plane,1813,36,0.36825,0.49324,0.638384,0.58825,0.44094,85.98,0.06741,0.00905
1779375093.1675,plane,1814,36,0.37417,0.49375,0.650850,0.77854,0.43129,78.70,0.06132,0.00525
1779375093.2630,plane,1815,36,0.37461,0.49167,0.648302,0.82819,0.45772,81.30,0.00461,-0.02178
1779375093.3754,plane,1816,36,0.37915,0.49283,0.658052,0.81293,0.46651,80.84,0.04031,0.01031
1779375093.4710,plane,1817,36,0.38487,0.49444,0.670074,0.82241,0.49254,81.45,0.05993,0.01680
1779375093.5681,plane,1818,36,0.38600,0.49374,0.669927,0.85390,0.50800,84.03,0.01163,-0.00718
1779375093.6632,plane,1819,36,0.40023,0.49377,0.694358,0.87071,0.58735,87.44,0.14902,0.00031
1779375093.7753,plane,1820,36,0.40868,0.49449,0.709829,0.92046,0.63347,94.83,0.07569,0.00646
1779375093.8718,plane,1821,36,0.40109,0.49684,0.699019,0.96940,0.67339,102.53,-0.07845,0.02423
1779375093.9674,plane,1822,36,0.39223,0.50219,0.688490,1.11430,0.69276,102.27,-0.09280,0.05601
1779375094.0636,plane,1823,36,0.38534,0.50545,0.676208,0.78824,0.48062,106.10,-0.07146,0.03386
1779375094.1753,plane,1824,36,0.38817,0.50469,0.679501,1.91608,0.72912,98.86,0.02533,-0.00684
1779375094.2716,plane,1825,36,0.39912,0.50411,0.695930,1.79527,0.67470,103.51,0.11356,-0.00597
1779375094.3680,plane,1826,36,0.40911,0.50280,0.709812,1.91159,0.69871,105.42,0.10396,-0.01362
1779375094.4637,plane,1827,36,0.41917,0.49625,0.713438,1.31664,0.66614,109.90,0.10482,-0.06830
1779375094.5752,plane,1828,36,0.42630,0.49603,0.728673,1.22774,0.65759,109.34,0.06394,-0.00197
1779375094.6712,plane,1829,36,0.44151,0.49040,0.743939,1.02273,0.64995,106.08,0.15872,-0.05871
1779375094.7677,plane,1830,36,0.45449,0.48327,0.746553,0.92616,0.64997,101.22,0.13474,-0.07404
1779375094.8636,plane,1831,36,0.46050,0.48000,0.748337,0.90384,0.68032,101.93,0.06246,-0.03391
1779375094.9751,plane,1832,36,0.46154,0.47817,0.747377,0.90631,0.69088,103.18,0.00933,-0.01643
1779375095.0710,plane,1833,36,0.46335,0.47452,0.740272,0.91214,0.70356,106.76,0.01888,-0.03810
1779375095.1675,plane,1834,36,0.46886,0.47151,0.741182,0.92903,0.76395,118.64,0.05698,-0.03112
1779375095.2636,plane,1835,36,0.47321,0.47002,0.746497,0.95930,0.79452,126.63,0.04544,-0.01559
1779375095.3750,plane,1836,36,0.47713,0.46674,0.740239,1.00864,0.82348,139.98,0.03510,-0.02938
1779375095.4713,plane,1837,36,0.47823,0.46576,0.740141,1.03896,0.83151,142.93,0.01148,-0.01015
1779375095.5671,plane,1838,36,0.47212,0.46725,0.741277,1.01612,0.83325,139.50,-0.06370,0.01550
1779375095.6628,plane,1839,36,0.45146,0.47418,0.742413,0.91461,0.71843,97.87,-0.21582,0.07241
1779375095.7748,plane,1840,36,0.41555,0.48823,0.723399,1.41149,0.69005,102.26,-0.32066,0.12539
1779375095.8714,plane,1841,36,0.36039,0.49264,0.620283,0.64782,0.43171,115.26,-0.57281,0.04584
1779375095.9675,plane,1842,36,0.29202,0.47488,0.438878,0.57747,0.50678,77.46,-0.70911,-0.18424
1779375096.0631,plane,1843,36,0.24568,0.46386,0.252007,0.57529,0.43193,140.92,-0.48632,-0.11565
1779375096.1768,plane,1844,36,0.23564,0.36164,0.090810,0.82888,0.07811,0.00,-0.08838,-0.89973
1779375096.1768,plane,1844,40,0.06861,0.78740,0.038027,0.58217,0.10150,149.86,0.00000,0.00000
1779375096.2725,plane,1845,36,0.12016,0.36931,0.059999,1.12616,0.10778,146.39,-1.20323,0.07999
1779375096.2725,plane,1845,40,0.03261,0.92800,0.003408,0.40524,0.05010,150.33,-0.37508,1.46501
1779375096.3665,plane,1846,36,0.04925,0.43679,0.014055,0.20927,0.06047,156.43,-0.75343,0.71691
1779375096.4619,plane,1847,,,,,,,,,
1779375096.5735,plane,1848,,,,,,,,,
1779375096.6692,plane,1849,,,,,,,,,
1779375096.7655,plane,1850,,,,,,,,,
1779375096.8615,plane,1851,,,,,,,,,
1779375096.9743,plane,1852,,,,,,,,,
1779375097.0699,plane,1853,,,,,,,,,
1779375097.1656,plane,1854,,,,,,,,,
1779375097.2621,plane,1855,,,,,,,,,
1779375097.3737,plane,1856,,,,,,,,,
1779375097.4693,plane,1857,,,,,,,,,
1779375097.5660,plane,1858,,,,,,,,,
1779375097.6622,plane,1859,,,,,,,,,
1779375097.7738,plane,1860,,,,,,,,,
1779375097.8694,plane,1861,,,,,,,,,
1779375097.9662,plane,1862,,,,,,,,,
1779375098.0617,plane,1863,,,,,,,,,
1779375098.1737,plane,1864,,,,,,,,,
1779375098.2698,plane,1865,,,,,,,,,
1779375098.3658,plane,1866,,,,,,,,,
1779375098.4615,plane,1867,,,,,,,,,
1779375098.5739,plane,1868,,,,,,,,,
1779375098.6697,plane,1869,,,,,,,,,
1779375098.7656,plane,1870,,,,,,,,,
1779375098.8620,plane,1871,,,,,,,,,
1779375098.9741,plane,1872,,,,,,,,,
1779375099.0695,plane,1873,,,,,,,,,
1779375099.1658,plane,1874,,,,,,,,,
1779375099.2616,plane,1875,,,,,,,,,
1779375099.3740,plane,1876,,,,,,,,,
1779375099.4696,plane,1877,,,,,,,,,
1779375099.5658,plane,1878,,,,,,,,,
1779375099.6614,plane,1879,,,,,,,,,
1779375099.7735,plane,1880,,,,,,,,,
1779375099.8695,plane,1881,,,,,,,,,
1779375099.9663,plane,1882,,,,,,,,,
1779375100.0623,plane,1883,,,,,,,,,
1779375100.1739,plane,1884,,,,,,,,,
1779375100.2695,plane,1885,,,,,,,,,
1779375100.3657,plane,1886,,,,,,,,,
1779375100.4618,plane,1887,,,,,,,,,
1779375100.5736,plane,1888,,,,,,,,,
1779375100.6695,plane,1889,,,,,,,,,
1779375100.7660,plane,1890,,,,,,,,,
1779375100.8622,plane,1891,,,,,,,,,
1779375100.9742,plane,1892,,,,,,,,,
1779375101.0698,plane,1893,,,,,,,,,
1779375101.1657,plane,1894,,,,,,,,,
1779375101.2615,plane,1895,,,,,,,,,
1779375101.3736,plane,1896,,,,,,,,,
1779375101.4694,plane,1897,,,,,,,,,
1779375101.5659,plane,1898,,,,,,,,,
1779375101.6666,plane,1899,41,0.08915,0.09654,0.014103,0.22208,0.12526,41.60,0.00000,0.00000
1779375101.6666,plane,1899,42,0.87344,0.07279,0.007975,0.18301,0.09284,140.67,0.00000,0.00000
1779375101.6666,plane,1899,43,0.93826,0.22587,0.003243,0.10766,0.04004,139.74,0.00000,0.00000
1779375101.6666,plane,1899,44,0.79561,0.12982,0.003184,0.10679,0.03272,115.59,0.00000,0.00000
1779375101.7770,plane,1900,41,0.10087,0.10840,0.007660,0.42236,0.36104,176.39,0.10593,0.10725
1779375101.7770,plane,1900,42,0.88572,0.10937,0.009576,0.19268,0.07328,126.00,0.11104,0.33075
1779375101.7770,plane,1900,44,0.80746,0.13236,0.002928,0.09275,0.04151,118.32,0.10711,0.02294
1779375101.8721,plane,1901,41,0.09195,0.10503,0.020572,0.17167,0.14488,36.41,-0.09374,-0.03546
1779375101.8721,plane,1901,42,0.87305,0.13196,0.022300,0.20982,0.13661,121.65,-0.13319,0.23754
1779375101.9674,plane,1902,45,0.50127,0.50093,0.876957,2.21728,0.63641,89.34,0.00000,0.00000
1779375102.0632,plane,1903,45,0.50176,0.50297,0.880159,3.03174,0.57394,89.63,0.00506,0.02132
1779375102.1752,plane,1904,45,0.50221,0.50235,0.887088,0.96875,0.53125,0.00,0.00403,-0.00556
1779375102.2712,plane,1905,45,0.50224,0.50408,0.890430,0.96875,0.53125,0.00,0.00031,0.01805
1779375102.3677,plane,1906,45,0.50162,0.50301,0.891071,0.96875,0.53125,0.00,-0.00644,-0.01099
1779375102.4630,plane,1907,45,0.50258,0.50273,0.891071,0.96875,0.53125,0.00,0.01015,-0.00293
1779375102.5753,plane,1908,45,0.50159,0.50427,0.891071,0.96875,0.53125,0.00,-0.00885,0.01367
1779375102.6710,plane,1909,45,0.50264,0.50218,0.891071,0.96875,0.53125,0.00,0.01093,-0.02185
1779375102.7673,plane,1910,45,0.50133,0.50334,0.891071,0.96875,0.53125,0.00,-0.01360,0.01209
1779375102.8636,plane,1911,45,0.50282,0.50343,0.891071,0.96875,0.53125,0.00,0.01545,0.00096
1779375102.9755,plane,1912,45,0.50130,0.50180,0.891071,0.96875,0.53125,0.00,-0.01359,-0.01458
1779375103.0713,plane,1913,45,0.50287,0.50399,0.891071,0.96875,0.53125,0.00,0.01632,0.02272
1779375103.1671,plane,1914,45,0.50125,0.50250,0.891071,0.96875,0.53125,0.00,-0.01696,-0.01556
1779375103.2634,plane,1915,45,0.50287,0.50264,0.891071,0.96875,0.53125,0.00,0.01686,0.00145
1779375103.3753,plane,1916,45,0.50128,0.50413,0.891071,0.96875,0.53125,0.00,-0.01423,0.01327
1779375103.4713,plane,1917,45,0.50287,0.50194,0.891071,0.96875,0.53125,0.00,0.01665,-0.02280
1779375103.5673,plane,1918,45,0.50141,0.50348,0.891071,0.96875,0.53125,0.00,-0.01522,0.01594
1779375103.6627,plane,1919,45,0.50253,0.50306,0.891071,0.96875,0.53125,0.00,0.01177,-0.00438
1779375103.7755,plane,1920,45,0.50141,0.50190,0.891071,0.96875,0.53125,0.00,-0.01000,-0.01034
1779375103.8712,plane,1921,45,0.50251,0.50408,0.891071,0.96875,0.53125,0.00,0.01143,0.02275
1779375103.9675,plane,1922,45,0.50193,0.50241,0.891071,0.96875,0.53125,0.00,-0.00598,-0.01740
1779375104.0631,plane,1923,45,0.50227,0.50311,0.891071,0.96875,0.53125,0.00,0.00356,0.00731
1779375104.1755,plane,1924,45,0.50185,0.50432,0.891071,0.96875,0.53125,0.00,-0.00371,0.01072
1779375104.2712,plane,1925,45,0.50214,0.50204,0.891071,0.96875,0.53125,0.00,0.00301,-0.02387
1779375104.3672,plane,1926,45,0.50238,0.50404,0.891071,0.96875,0.53125,0.00,0.00245,0.02077
1779375104.4629,plane,1927,45,0.50180,0.50311,0.891071,0.96875,0.53125,0.00,-0.00601,-0.00971
1779375104.5754,plane,1928,45,0.50240,0.50227,0.891071,0.96875,0.53125,0.00,0.00534,-0.00744
1779375104.6709,plane,1929,45,0.50499,0.50513,0.733504,16.05231,0.79845,0.24,0.02718,0.03005
1779375104.7670,plane,1930,45,0.50609,0.50286,0.733193,14.70053,0.79842,0.17,0.01141,-0.02365
1779375104.8635,plane,1931,45,0.50517,0.50422,0.733197,18.34972,0.80308,0.15,-0.00953,0.01406
1779375104.9739,plane,1932,,,,,,,,,
1779375105.0697,plane,1933,,,,,,,,,
1779375105.1655,plane,1934,,,,,,,,,
1779375105.2614,plane,1935,,,,,,,,,
1779375105.3746,plane,1936,46,0.34819,0.30060,0.003681,0.08286,0.05933,178.35,0.00000,0.00000
1779375105.4703,plane,1937,,,,,,,,,
1779375105.5658,plane,1938,,,,,,,,,
1779375105.6620,plane,1939,,,,,,,,,
1779375105.7735,plane,1940,,,,,,,,,
1779375105.8698,plane,1941,,,,,,,,,
1779375105.9659,plane,1942,,,,,,,,,
1779375106.0617,plane,1943,,,,,,,,,
1779375106.1739,plane,1944,,,,,,,,,
1779375106.2697,plane,1945,,,,,,,,,
1779375106.3656,plane,1946,,,,,,,,,
1779375106.4618,plane,1947,,,,,,,,,
1779375106.5737,plane,1948,,,,,,,,,
1779375106.6694,plane,1949,,,,,,,,,
1779375106.7657,plane,1950,,,,,,,,,
1779375106.8616,plane,1951,,,,,,,,,
1779375106.9741,plane,1952,,,,,,,,,
1779375107.0697,plane,1953,,,,,,,,,
1779375107.1661,plane,1954,,,,,,,,,
1779375107.2616,plane,1955,,,,,,,,,
1779375107.3743,plane,1956,,,,,,,,,
1779375107.4698,plane,1957,,,,,,,,,
1779375107.5662,plane,1958,,,,,,,,,
1779375107.6622,plane,1959,,,,,,,,,
1779375107.7738,plane,1960,,,,,,,,,
1779375107.8700,plane,1961,,,,,,,,,
1779375107.9663,plane,1962,,,,,,,,,
1779375108.0622,plane,1963,,,,,,,,,
1779375108.1736,plane,1964,,,,,,,,,
1779375108.2700,plane,1965,,,,,,,,,
1779375108.3657,plane,1966,,,,,,,,,
1779375108.4615,plane,1967,,,,,,,,,
1779375108.5739,plane,1968,,,,,,,,,
1779375108.6694,plane,1969,,,,,,,,,
1779375108.7656,plane,1970,,,,,,,,,
1779375108.8616,plane,1971,,,,,,,,,
1779375108.9734,plane,1972,,,,,,,,,
1779375109.0700,plane,1973,,,,,,,,,
1779375109.1658,plane,1974,,,,,,,,,
1779375109.2614,plane,1975,,,,,,,,,
1779375109.3736,plane,1976,,,,,,,,,
1779375109.4703,plane,1977,,,,,,,,,
1779375109.5662,plane,1978,,,,,,,,,
1779375109.6617,plane,1979,,,,,,,,,
1779375109.7740,plane,1980,,,,,,,,,
1779375109.8697,plane,1981,,,,,,,,,
1779375109.9670,plane,1982,,,,,,,,,
1779375110.0616,plane,1983,,,,,,,,,
1779375110.1737,plane,1984,,,,,,,,,
1779375110.2698,plane,1985,,,,,,,,,
1779375110.3660,plane,1986,,,,,,,,,
1779375110.4617,plane,1987,,,,,,,,,
1779375110.5735,plane,1988,,,,,,,,,
1779375110.6697,plane,1989,,,,,,,,,
1779375110.7658,plane,1990,,,,,,,,,
1779375110.8616,plane,1991,,,,,,,,,
1779375110.9737,plane,1992,,,,,,,,,
1779375111.0697,plane,1993,,,,,,,,,
1779375111.1656,plane,1994,,,,,,,,,
1779375111.2613,plane,1995,,,,,,,,,
1779375111.3739,plane,1996,,,,,,,,,
1779375111.4696,plane,1997,,,,,,,,,
1779375111.5658,plane,1998,,,,,,,,,
1779375111.6616,plane,1999,,,,,,,,,
1779375111.7737,plane,2000,,,,,,,,,
1779375111.8702,plane,2001,,,,,,,,,
1779375111.9659,plane,2002,,,,,,,,,
1779375112.0616,plane,2003,,,,,,,,,
1779375112.1739,plane,2004,,,,,,,,,
1779375112.2700,plane,2005,,,,,,,,,
1779375112.3661,plane,2006,,,,,,,,,
1779375112.4618,plane,2007,,,,,,,,,
1779375112.5739,plane,2008,,,,,,,,,
1779375112.6705,plane,2009,47,0.02931,0.35516,0.003776,0.17363,0.09898,114.91,0.00000,0.00000
1779375112.7677,plane,2010,47,0.08298,0.40505,0.028368,0.30595,0.11142,117.57,0.55507,0.51606
1779375112.7677,plane,2010,48,0.05942,0.69496,0.015033,0.24111,0.09857,109.51,0.00000,0.00000
1779375112.8649,plane,2011,47,0.11963,0.45232,0.046553,0.53725,0.12289,114.04,0.37647,0.48549
1779375112.8649,plane,2011,48,0.09482,0.74118,0.029561,0.38589,0.10349,111.13,0.36353,0.47466
1779375112.8649,plane,2011,49,0.08362,0.08897,0.015864,0.16172,0.08848,104.26,0.00000,0.00000
1779375112.9781,plane,2012,47,0.14616,0.47832,0.061959,0.83156,0.13708,112.47,0.23437,0.22974
1779375112.9781,plane,2012,48,0.11906,0.76443,0.042289,1.05943,0.13833,111.03,0.21414,0.20538
1779375112.9781,plane,2012,49,0.11642,0.11381,0.029709,0.25448,0.11003,111.60,0.28974,0.21948
1779375112.9781,plane,2012,50,0.03958,0.94764,0.002602,0.41262,0.04729,107.59,0.00000,0.00000
1779375113.0730,plane,2013,47,0.14837,0.59952,0.128340,0.37937,0.29533,135.79,0.02322,1.27445
1779375113.0730,plane,2013,49,0.13712,0.12257,0.037874,0.34942,0.12243,112.85,0.21776,0.09212
1779375113.0730,plane,2013,50,0.04576,0.94660,0.003409,0.30273,0.03841,110.02,0.06495,-0.01093
1779375113.1687,plane,2014,47,0.15251,0.60696,0.142466,0.41831,0.31076,122.83,0.04349,0.07825
1779375113.1687,plane,2014,49,0.14555,0.12716,0.042582,0.38876,0.12714,110.68,0.08857,0.04815
1779375113.1687,plane,2014,50,0.04570,0.94746,0.003286,0.27595,0.04870,0.00,-0.00061,0.00903
1779375113.2648,plane,2015,47,0.15332,0.63227,0.149641,0.47297,0.31517,116.06,0.00841,0.26209
1779375113.2648,plane,2015,49,0.14275,0.14372,0.048326,0.36293,0.13296,111.49,-0.02904,0.17158
1779375113.2648,plane,2015,50,0.03969,0.94326,0.002867,0.06701,0.04708,122.54,-0.06224,-0.04349
1779375113.3765,plane,2016,47,0.15319,0.65199,0.156791,0.57210,0.34691,106.14,-0.00117,0.17658
1779375113.3765,plane,2016,49,0.14423,0.14844,0.051173,0.36717,0.14242,113.52,0.01329,0.04221
1779375113.4720,plane,2017,47,0.14813,0.65160,0.150704,0.50198,0.34247,107.88,-0.05300,-0.00414
1779375113.4720,plane,2017,49,0.13793,0.14757,0.048776,0.33996,0.14154,114.81,-0.06601,-0.00910
1779375113.5678,plane,2018,47,0.14520,0.63969,0.152866,0.48672,0.34824,111.77,-0.03058,-0.12441
1779375113.5678,plane,2018,49,0.13960,0.13523,0.044730,0.33636,0.14096,115.47,0.01749,-0.12888
1779375113.6651,plane,2019,47,0.14939,0.61922,0.141530,0.39432,0.30589,138.65,0.04306,-0.21062
1779375113.6651,plane,2019,49,0.14070,0.12865,0.042523,0.33963,0.14202,115.94,0.01133,-0.06776
1779375113.6651,plane,2019,50,0.04317,0.93738,0.004233,0.13369,0.05743,133.08,0.03581,-0.06050
1779375113.7759,plane,2020,47,0.14779,0.63864,0.146773,0.40097,0.33107,136.26,-0.01441,0.17515
1779375113.7759,plane,2020,49,0.14110,0.13451,0.045091,0.33454,0.14122,114.49,0.00361,0.05289
1779375113.8723,plane,2021,47,0.14917,0.65157,0.147296,0.39329,0.30980,144.30,0.01436,0.13438
1779375113.8723,plane,2021,49,0.14115,0.14139,0.047736,0.34083,0.14302,114.53,0.00051,0.07148
1779375113.9686,plane,2022,47,0.15048,0.65772,0.147083,0.38643,0.32911,134.73,0.01363,0.06395
1779375113.9686,plane,2022,49,0.14106,0.14669,0.049811,0.34841,0.14391,114.29,-0.00100,0.05507
1779375114.0638,plane,2023,47,0.15196,0.65627,0.151688,0.39380,0.31446,137.18,0.01550,-0.01525
1779375114.0638,plane,2023,49,0.14536,0.14392,0.050135,0.36173,0.14567,114.57,0.04516,-0.02895
1779375114.1754,plane,2024,47,0.15291,0.65202,0.155640,0.40218,0.30818,142.12,0.00846,-0.03794
1779375114.1754,plane,2024,49,0.14854,0.13994,0.049564,0.36474,0.14454,114.10,0.02832,-0.03560
1779375114.2713,plane,2025,47,0.15345,0.64443,0.159261,0.41384,0.32741,135.05,0.00562,-0.07912
1779375114.2713,plane,2025,49,0.15151,0.13293,0.047592,0.36649,0.14466,113.80,0.03097,-0.07303
1779375114.3679,plane,2026,47,0.15461,0.64104,0.159298,0.43507,0.34171,123.66,0.01200,-0.03515
1779375114.3679,plane,2026,49,0.15292,0.13120,0.047295,0.36297,0.14309,113.26,0.01465,-0.01797
1779375114.4640,plane,2027,47,0.15416,0.64345,0.157416,0.42169,0.33855,129.69,-0.00468,0.02523
1779375114.4640,plane,2027,49,0.15174,0.13244,0.047524,0.36544,0.14527,113.99,-0.01238,0.01293
1779375114.5761,plane,2028,47,0.15362,0.64542,0.154516,0.40832,0.33618,136.73,-0.00480,0.01753
1779375114.5761,plane,2028,49,0.15013,0.13314,0.047326,0.36018,0.14462,114.34,-0.01430,0.00628
1779375114.6720,plane,2029,47,0.15279,0.64850,0.151623,0.41184,0.33825,130.15,-0.00862,0.03204
1779375114.6720,plane,2029,49,0.14762,0.13510,0.047465,0.35317,0.14413,114.29,-0.02610,0.02037
1779375114.7686,plane,2030,47,0.15354,0.65217,0.151776,0.41246,0.34228,122.40,0.00771,0.03800
1779375114.7686,plane,2030,49,0.14739,0.13749,0.048462,0.35602,0.14496,114.08,-0.00242,0.02476
1779375114.8639,plane,2031,47,0.15616,0.65638,0.144667,0.39238,0.31043,129.81,0.02746,0.04401
1779375114.8639,plane,2031,49,0.14763,0.14070,0.049037,0.37470,0.14067,113.84,0.00251,0.03353
1779375114.9757,plane,2032,47,0.15775,0.65785,0.147169,0.39673,0.31484,127.33,0.01418,0.01320
1779375114.9757,plane,2032,49,0.15017,0.14170,0.050279,0.38533,0.14196,113.65,0.02276,0.00900
1779375115.0716,plane,2033,47,0.16037,0.65303,0.155677,0.43636,0.34371,114.05,0.02738,-0.05044
1779375115.0716,plane,2033,49,0.15717,0.13610,0.050159,0.39306,0.14235,113.17,0.07313,-0.05853
1779375115.1683,plane,2034,47,0.16507,0.63446,0.155131,0.42543,0.31447,129.69,0.04857,-0.19183
1779375115.1683,plane,2034,49,0.16496,0.12398,0.045953,0.42017,0.13491,112.40,0.08046,-0.12526
1779375115.2646,plane,2035,47,0.16895,0.61372,0.162284,0.45110,0.31891,126.31,0.04030,-0.21531
1779375115.2646,plane,2035,49,0.17568,0.11323,0.042782,0.42762,0.13042,111.93,0.11133,-0.11154
1779375115.2646,plane,2035,51,0.04185,0.94165,0.003555,0.76830,0.07901,107.48,0.00000,0.00000
1779375115.3762,plane,2036,47,0.17009,0.60411,0.182451,0.47299,0.35030,123.03,0.01025,-0.08616
1779375115.3762,plane,2036,49,0.19003,0.10402,0.040512,0.61046,0.14570,112.35,0.12859,-0.08265
1779375115.4713,plane,2037,47,0.18117,0.50840,0.244963,0.46455,0.40900,168.05,0.11608,-1.00296
1779375115.5667,plane,2038,47,0.18664,0.51101,0.271011,0.46530,0.38202,6.56,0.05736,0.02730
1779375115.6633,plane,2039,47,0.18864,0.52143,0.285082,0.47459,0.37714,5.55,0.02074,0.10832
1779375115.7753,plane,2040,47,0.18855,0.54420,0.275699,0.53426,0.42507,140.06,-0.00075,0.20264
1779375115.8709,plane,2041,47,0.19526,0.58830,0.263894,0.53334,0.29978,136.90,0.07029,0.46195
1779375115.9676,plane,2042,47,0.20676,0.63413,0.252881,0.53670,0.29948,128.51,0.11873,0.47341
1779375116.0632,plane,2043,47,0.21009,0.66363,0.236354,0.53598,0.29645,119.52,0.03493,0.30920
1779375116.1756,plane,2044,47,0.21225,0.67646,0.232035,0.52942,0.28168,117.40,0.01930,0.11443
1779375116.2718,plane,2045,47,0.21454,0.67865,0.233649,0.53196,0.28393,116.10,0.02367,0.02273
1779375116.2718,plane,2045,52,0.02717,0.09289,0.002950,0.13101,0.08368,56.86,0.00000,0.00000
1779375116.3678,plane,2046,47,0.21571,0.67659,0.234999,0.53534,0.28340,116.03,0.01223,-0.02154
1779375116.3678,plane,2046,52,0.02943,0.09024,0.003620,0.14059,0.08260,58.45,0.02356,-0.02758
1779375116.4644,plane,2047,47,0.21905,0.67083,0.243039,0.55930,0.29420,115.08,0.03461,-0.05958
1779375116.4644,plane,2047,52,0.03189,0.08446,0.004127,0.11315,0.06657,48.01,0.02553,-0.05985
1779375116.5759,plane,2048,47,0.22063,0.66705,0.247833,0.55815,0.29623,115.73,0.01413,-0.03397
1779375116.5759,plane,2048,52,0.03341,0.08200,0.004362,0.09919,0.06031,41.20,0.01359,-0.02208
1779375116.6724,plane,2049,47,0.21886,0.66746,0.243003,0.56278,0.30138,114.33,-0.01827,0.00424
1779375116.6724,plane,2049,52,0.03344,0.08152,0.004313,0.09930,0.06163,45.27,0.00032,-0.00495
1779375116.7678,plane,2050,47,0.21937,0.66608,0.245032,0.56879,0.30039,114.10,0.00538,-0.01451
1779375116.7678,plane,2050,52,0.03413,0.08119,0.004466,0.10807,0.06333,49.59,0.00723,-0.00345
1779375116.8639,plane,2051,47,0.21998,0.66433,0.247360,0.56723,0.30264,114.75,0.00631,-0.01815
1779375116.8639,plane,2051,52,0.03488,0.08100,0.004640,0.11156,0.06380,50.62,0.00785,-0.00203
1779375116.9763,plane,2052,47,0.21815,0.66560,0.241974,0.56629,0.30288,114.07,-0.01624,0.01129
1779375116.9763,plane,2052,52,0.03513,0.08187,0.004766,0.11549,0.06580,52.66,0.00222,0.00777
1779375117.0722,plane,2053,47,0.21545,0.67136,0.234190,0.56046,0.30133,112.65,-0.02811,0.06009
1779375117.0722,plane,2053,52,0.03400,0.08683,0.004810,0.11659,0.07138,53.08,-0.01178,0.05175
1779375117.1677,plane,2054,47,0.21222,0.67870,0.224572,0.56945,0.29829,111.30,-0.03389,0.07682
1779375117.1677,plane,2054,52,0.03175,0.09688,0.004371,0.22009,0.10042,66.68,-0.02351,0.10517
1779375117.2635,plane,2055,47,0.20903,0.68367,0.214525,0.55580,0.29196,111.23,-0.03322,0.05178
1779375117.2635,plane,2055,52,0.03001,0.10643,0.003584,0.26780,0.10349,66.35,-0.01814,0.09952
1779375117.3760,plane,2056,47,0.20918,0.68346,0.214895,0.55905,0.29146,111.27,0.00135,-0.00188
1779375117.3760,plane,2056,52,0.03068,0.10815,0.003806,0.22097,0.09584,65.99,0.00599,0.01540
1779375117.4723,plane,2057,47,0.20858,0.67968,0.215793,0.53967,0.29249,112.65,-0.00620,-0.03920
1779375117.4723,plane,2057,52,0.03014,0.10079,0.003479,0.16334,0.08094,64.08,-0.00566,-0.07633
1779375117.5679,plane,2058,47,0.20750,0.66743,0.220776,0.55445,0.29301,114.83,-0.01134,-0.12816
1779375117.5679,plane,2058,52,0.02843,0.07879,0.002831,0.12806,0.06834,58.85,-0.01784,-0.23017
1779375117.6632,plane,2059,47,0.20300,0.64572,0.229026,0.53189,0.29963,118.00,-0.04715,-0.22780
1779375117.7752,plane,2060,47,0.19650,0.63226,0.227580,0.51203,0.29666,124.06,-0.05797,-0.11987
1779375117.8709,plane,2061,47,0.18917,0.62115,0.220652,0.50206,0.29811,127.67,-0.07672,-0.11635
1779375117.9670,plane,2062,47,0.17959,0.60824,0.208103,0.48126,0.33211,127.83,-0.09952,-0.13406
1779375118.0634,plane,2063,47,0.16700,0.59451,0.181803,0.44714,0.36205,135.39,-0.13107,-0.14293
1779375118.1769,plane,2064,47,0.18284,0.70619,0.064819,1.30782,0.12063,110.82,0.13948,0.98326
1779375118.1769,plane,2064,53,0.15236,0.33464,0.053606,1.05573,0.13271,105.60,0.00000,0.00000
1779375118.1769,plane,2064,54,0.08615,0.90603,0.020859,0.06427,0.06424,0.00,0.00000,0.00000
1779375118.2724,plane,2065,47,0.15575,0.74016,0.051012,1.37264,0.11942,111.63,-0.28343,0.35552
1779375118.2724,plane,2065,53,0.12535,0.35068,0.038891,0.53449,0.09811,110.45,-0.28263,0.16795
1779375118.2724,plane,2065,54,0.05636,0.93157,0.007368,0.29265,0.06482,120.80,-0.31177,0.26730
1779375118.3679,plane,2066,47,0.12521,0.79321,0.036643,0.68596,0.09590,112.44,-0.32009,0.55594
1779375118.3679,plane,2066,53,0.09343,0.39128,0.025277,0.32247,0.08794,112.60,-0.33455,0.42542
1779375118.4638,plane,2067,47,0.09208,0.84352,0.022417,0.27615,0.07961,112.11,-0.34540,0.52449
1779375118.4638,plane,2067,53,0.05643,0.43337,0.011397,0.22896,0.07800,113.92,-0.38572,0.43882
1779375118.5748,plane,2068,47,0.05792,0.88086,0.011310,0.21083,0.07323,113.33,-0.30734,0.33601
1779375118.6703,plane,2069,47,0.03535,0.91266,0.004006,0.10642,0.05812,106.99,-0.23637,0.33296
1779375118.7654,plane,2070,,,,,,,,,
1779375118.8615,plane,2071,,,,,,,,,
1779375118.9739,plane,2072,,,,,,,,,
1779375119.0704,plane,2073,,,,,,,,,
1779375119.1659,plane,2074,,,,,,,,,
1779375119.2618,plane,2075,,,,,,,,,
1779375119.3737,plane,2076,,,,,,,,,
1779375119.4697,plane,2077,,,,,,,,,
1779375119.5660,plane,2078,,,,,,,,,
1779375119.6615,plane,2079,,,,,,,,,
1779375119.7734,plane,2080,,,,,,,,,
1779375119.8697,plane,2081,,,,,,,,,
1779375119.9658,plane,2082,,,,,,,,,
1779375120.0618,plane,2083,,,,,,,,,
1779375120.1736,plane,2084,,,,,,,,,
1779375120.2699,plane,2085,,,,,,,,,
1779375120.3661,plane,2086,,,,,,,,,
1779375120.4617,plane,2087,,,,,,,,,
1779375120.5734,plane,2088,,,,,,,,,
1779375120.6695,plane,2089,,,,,,,,,
1779375120.7661,plane,2090,,,,,,,,,
1779375120.8617,plane,2091,,,,,,,,,
1779375120.9741,plane,2092,,,,,,,,,
1779375121.0700,plane,2093,,,,,,,,,
1779375121.1664,plane,2094,55,0.06486,0.70056,0.019923,0.32457,0.11972,112.55,0.00000,0.00000
1779375121.2635,plane,2095,55,0.10165,0.68955,0.038734,0.40435,0.12498,111.26,0.38079,-0.11391
1779375121.2635,plane,2095,56,0.05074,0.94309,0.004525,0.26558,0.04294,113.27,0.00000,0.00000
1779375121.3757,plane,2096,55,0.13227,0.67820,0.060445,0.89145,0.16554,107.27,0.27239,-0.10101
1779375121.3757,plane,2096,56,0.07201,0.92795,0.011107,0.70418,0.06879,110.54,0.18925,-0.13467
1779375121.4712,plane,2097,55,0.14727,0.72094,0.112393,0.41901,0.20352,115.43,0.15730,0.44809
1779375121.5671,plane,2098,55,0.16839,0.72163,0.137112,0.48494,0.20804,110.88,0.21943,0.00719
1779375121.6628,plane,2099,55,0.18581,0.72667,0.159256,0.52654,0.21405,107.32,0.18254,0.05287
1779375121.7750,plane,2100,55,0.20523,0.72780,0.186161,0.74404,0.24908,101.51,0.17257,0.01004
1779375121.8708,plane,2101,55,0.21701,0.72111,0.204483,0.77902,0.25954,100.88,0.12337,-0.07008
1779375121.9683,plane,2102,55,0.22753,0.70933,0.224487,0.73035,0.26392,102.08,0.10764,-0.12054
1779375121.9683,plane,2102,57,0.02748,0.20147,0.004227,0.38572,0.20459,75.77,0.00000,0.00000
1779375122.0632,plane,2103,55,0.23493,0.66938,0.273124,0.59421,0.35485,138.56,0.07838,-0.42347
1779375122.1752,plane,2104,55,0.24210,0.65068,0.301612,0.62815,0.31019,129.21,0.06368,-0.16605
1779375122.2707,plane,2105,55,0.24268,0.63286,0.323729,0.68625,0.33736,120.25,0.00608,-0.18654
1779375122.3671,plane,2106,55,0.25013,0.61411,0.347694,0.63175,0.43452,135.29,0.07748,-0.19494
1779375122.4630,plane,2107,55,0.25526,0.59725,0.370500,0.67479,0.48076,120.99,0.05335,-0.17553
1779375122.5745,plane,2108,55,0.26358,0.57045,0.409639,0.72264,0.65353,88.12,0.07465,-0.24032
1779375122.6730,plane,2109,55,0.26796,0.53113,0.464142,0.68996,0.62797,157.35,0.04475,-0.40170
1779375122.6730,plane,2109,58,0.79485,0.11113,0.027764,0.33543,0.10249,110.38,0.00000,0.00000
1779375122.6730,plane,2109,59,0.95992,0.46308,0.004722,0.12625,0.04247,149.12,0.00000,0.00000
1779375122.7686,plane,2110,55,0.27212,0.53207,0.472082,0.67288,0.61272,150.62,0.04322,0.00978
1779375122.7686,plane,2110,58,0.84544,0.19356,0.048621,0.38645,0.21032,136.52,0.52606,0.85702
1779375122.8655,plane,2111,55,0.27850,0.52754,0.485123,0.73413,0.64418,3.96,0.06618,-0.04693
1779375122.8655,plane,2111,58,0.81118,0.12325,0.029131,0.32099,0.10788,114.49,-0.35501,-0.72857
1779375122.8655,plane,2111,59,0.95974,0.46235,0.005110,0.14903,0.04494,158.52,-0.00191,-0.00751
1779375122.9769,plane,2112,55,0.28663,0.52005,0.502072,0.78017,0.62867,27.68,0.07287,-0.06718
1779375122.9769,plane,2112,58,0.84068,0.20806,0.086299,0.64007,0.25776,146.56,0.26460,0.76092
1779375123.0723,plane,2113,55,0.28919,0.51808,0.507787,0.73035,0.63934,35.77,0.02679,-0.02071
1779375123.0723,plane,2113,58,0.84540,0.20921,0.084088,0.48427,0.23364,143.20,0.04938,0.01195
1779375123.1675,plane,2114,55,0.35254,0.48011,0.574148,0.74205,0.45871,79.03,0.66591,-0.39903
1779375123.2645,plane,2115,55,0.29326,0.51721,0.516585,0.75740,0.58562,88.72,-0.61147,0.38269
1779375123.2645,plane,2115,58,0.84816,0.24050,0.108627,0.44198,0.27605,168.73,0.02854,0.32280
1779375123.3770,plane,2116,55,0.33875,0.51388,0.599321,0.95046,0.50912,84.55,0.40510,-0.02972
1779375123.3770,plane,2116,58,0.85302,0.24018,0.106618,0.44095,0.27368,171.72,0.04327,-0.00286
1779375123.4721,plane,2117,55,0.31670,0.50010,0.558656,0.87122,0.63615,49.00,-0.23049,-0.14408
1779375123.4721,plane,2117,58,0.84652,0.26310,0.127221,0.34150,0.31058,157.36,-0.06803,0.23971
1779375123.5684,plane,2118,55,0.29773,0.51514,0.528690,0.82008,0.61649,94.97,-0.19805,0.15698
1779375123.5684,plane,2118,58,0.84593,0.25888,0.128060,0.42032,0.32718,9.76,-0.00609,-0.04406
1779375123.6643,plane,2119,55,0.33461,0.51254,0.595118,0.82674,0.56102,88.25,0.38406,-0.02709
1779375123.6643,plane,2119,58,0.84921,0.25736,0.124285,0.56570,0.28243,83.33,0.03408,-0.01580
1779375123.7760,plane,2120,55,0.30832,0.50883,0.548475,0.77586,0.66546,57.81,-0.23501,-0.03317
1779375123.7760,plane,2120,58,0.83889,0.27885,0.146396,0.52638,0.34102,85.90,-0.09225,0.19215
1779375123.8732,plane,2121,58,0.84694,0.26380,0.133202,0.39011,0.32829,77.37,0.08296,-0.15505
1779375123.8732,plane,2121,60,0.24050,0.36282,0.303753,0.55654,0.31025,41.23,0.00000,0.00000
1779375123.9717,plane,2122,55,0.32114,0.65737,0.007779,0.22082,0.04710,91.12,0.13025,1.50959
1779375123.9717,plane,2122,58,0.85164,0.25524,0.125524,0.35624,0.32855,77.28,0.04778,-0.08701
1779375123.9717,plane,2122,60,0.25458,0.29993,0.261351,0.99186,0.61889,34.07,0.14304,-0.63907
1779375123.9717,plane,2122,61,0.10946,0.86464,0.002547,0.08944,0.02700,18.51,0.00000,0.00000
1779375123.9717,plane,2122,62,0.16770,0.73245,0.002499,0.07677,0.03020,77.07,0.00000,0.00000
1779375124.0643,plane,2123,58,0.84929,0.25554,0.129847,0.38605,0.31818,151.15,-0.02537,0.00316
1779375124.0643,plane,2123,60,0.25903,0.41329,0.391444,0.66909,0.46217,61.92,0.04808,1.22435
1779375124.1760,plane,2124,55,0.32084,0.64037,0.006409,0.17509,0.05081,90.46,-0.00263,-0.15206
1779375124.1760,plane,2124,63,0.26587,0.11198,0.072379,0.54535,0.11504,92.04,0.00000,0.00000
1779375124.2723,plane,2125,55,0.32087,0.65941,0.009108,0.10617,0.08001,91.37,0.00023,0.19748
1779375124.2723,plane,2125,61,0.10744,0.85853,0.002082,0.05113,0.03747,93.72,-0.02096,-0.06330
1779375124.2723,plane,2125,62,0.16626,0.73527,0.002733,0.08534,0.04011,0.12,-0.01493,0.02923
1779375124.3685,plane,2126,55,0.32084,0.66047,0.009293,0.11830,0.07682,94.04,-0.00032,0.01098
1779375124.3685,plane,2126,61,0.10771,0.85878,0.002140,0.05039,0.03830,87.40,0.00274,0.00259
1779375124.3685,plane,2126,62,0.16642,0.73442,0.002877,0.06638,0.04256,87.79,0.00167,-0.00881
1779375124.4631,plane,2127,63,0.26580,0.16583,0.062239,0.29616,0.16806,93.11,-0.00070,0.57151
1779375124.5748,plane,2128,63,0.26569,0.16566,0.062139,0.29227,0.17067,93.88,-0.00103,-0.00150
1779375124.6701,plane,2129,,,,,,,,,
1779375124.7662,plane,2130,,,,,,,,,
1779375124.8617,plane,2131,,,,,,,,,
1779375124.9737,plane,2132,,,,,,,,,
1779375125.0697,plane,2133,,,,,,,,,
1779375125.1658,plane,2134,,,,,,,,,
1779375125.2617,plane,2135,,,,,,,,,
1779375125.3738,plane,2136,,,,,,,,,
1779375125.4699,plane,2137,,,,,,,,,
1779375125.5656,plane,2138,,,,,,,,,
1779375125.6617,plane,2139,,,,,,,,,
1779375125.7735,plane,2140,,,,,,,,,
1779375125.8698,plane,2141,,,,,,,,,
1779375125.9655,plane,2142,,,,,,,,,
1779375126.0617,plane,2143,,,,,,,,,
1779375126.1740,plane,2144,,,,,,,,,
1779375126.2699,plane,2145,,,,,,,,,
1779375126.3658,plane,2146,,,,,,,,,
1779375126.4617,plane,2147,,,,,,,,,
1779375126.5736,plane,2148,,,,,,,,,
1779375126.6697,plane,2149,,,,,,,,,
1779375126.7657,plane,2150,,,,,,,,,
1779375126.8617,plane,2151,,,,,,,,,
1779375126.9741,plane,2152,,,,,,,,,
1779375127.0699,plane,2153,,,,,,,,,
1779375127.1655,plane,2154,,,,,,,,,
1779375127.2616,plane,2155,,,,,,,,,
1779375127.3739,plane,2156,,,,,,,,,
1779375127.4702,plane,2157,,,,,,,,,
1779375127.5659,plane,2158,,,,,,,,,
