time,surface,frame,blob_id,x,y,area,major,minor,angle,vx,vy
1779358101.2279,plane,1,,,,,,,,,
1779358101.3773,plane,2,,,,,,,,,
1779358101.4180,plane,3,,,,,,,,,
1779358101.5140,plane,4,,,,,,,,,
1779358101.6105,plane,5,,,,,,,,,
1779358101.7059,plane,6,,,,,,,,,
1779358101.8184,plane,7,,,,,,,,,
1779358101.9137,plane,8,,,,,,,,,
1779358102.0103,plane,9,,,,,,,,,
1779358102.1093,plane,10,,,,,,,,,
1779358102.2179,plane,11,,,,,,,,,
1779358102.3138,plane,12,,,,,,,,,
1779358102.4129,plane,13,,,,,,,,,
1779358102.5061,plane,14,,,,,,,,,
1779358102.6186,plane,15,,,,,,,,,
1779358102.7144,plane,16,,,,,,,,,
1779358102.8106,plane,17,,,,,,,,,
1779358102.9056,plane,18,,,,,,,,,
1779358103.0183,plane,19,,,,,,,,,
1779358103.1138,plane,20,,,,,,,,,
1779358103.2100,plane,21,,,,,,,,,
1779358103.3089,plane,22,,,,,,,,,
1779358103.4262,plane,23,,,,,,,,,
1779358103.5144,plane,24,,,,,,,,,
1779358103.6116,plane,25,,,,,,,,,
1779358103.7069,plane,26,,,,,,,,,
1779358103.8218,plane,27,,,,,,,,,
1779358103.9150,plane,28,,,,,,,,,
1779358104.0095,plane,29,,,,,,,,,
1779358104.1058,plane,30,,,,,,,,,
1779358104.2191,plane,31,,,,,,,,,
1779358104.3146,plane,32,,,,,,,,,
1779358104.4134,plane,33,,,,,,,,,
1779358104.5067,plane,34,,,,,,,,,
1779358104.6172,plane,35,,,,,,,,,
1779358104.7134,plane,36,,,,,,,,,
1779358104.8093,plane,37,,,,,,,,,
1779358104.9054,plane,38,,,,,,,,,
1779358105.0174,plane,39,,,,,,,,,
1779358105.1146,plane,40,,,,,,,,,
1779358105.2095,plane,41,,,,,,,,,
1779358105.3056,plane,42,,,,,,,,,
1779358105.4180,plane,43,,,,,,,,,
1779358105.5140,plane,44,,,,,,,,,
1779358105.6105,plane,45,,,,,,,,,
1779358105.7056,plane,46,,,,,,,,,
1779358105.8174,plane,47,,,,,,,,,
1779358105.9137,plane,48,,,,,,,,,
1779358106.0122,plane,49,,,,,,,,,
1779358106.1081,plane,50,,,,,,,,,
1779358106.2224,plane,51,,,,,,,,,
1779358106.3191,plane,52,,,,,,,,,
1779358106.4215,plane,53,,,,,,,,,
1779358106.5190,plane,54,,,,,,,,,
1779358107.5197,plane,55,,,,,,,,,
1779358107.6097,plane,56,,,,,,,,,
1779358107.7063,plane,57,,,,,,,,,
1779358107.8179,plane,58,,,,,,,,,
1779358107.9148,plane,59,,,,,,,,,
1779358108.0107,plane,60,,,,,,,,,
1779358108.1067,plane,61,,,,,,,,,
1779358108.2183,plane,62,,,,,,,,,
1779358108.3153,plane,63,,,,,,,,,
1779358108.4110,plane,64,,,,,,,,,
1779358108.5061,plane,65,,,,,,,,,
1779358108.6182,plane,66,,,,,,,,,
1779358108.7140,plane,67,,,,,,,,,
1779358108.8119,plane,68,,,,,,,,,
1779358108.9078,plane,69,,,,,,,,,
1779358109.0189,plane,70,,,,,,,,,
1779358109.1145,plane,71,,,,,,,,,
1779358109.2121,plane,72,,,,,,,,,
1779358109.3103,plane,73,,,,,,,,,
1779358109.4176,plane,74,,,,,,,,,
1779358109.5141,plane,75,,,,,,,,,
1779358109.6095,plane,76,,,,,,,,,
1779358109.7057,plane,77,,,,,,,,,
1779358109.8177,plane,78,,,,,,,,,
1779358109.9145,plane,79,,,,,,,,,
1779358110.0238,plane,80,,,,,,,,,
1779358110.1068,plane,81,,,,,,,,,
1779358110.2174,plane,82,,,,,,,,,
1779358110.3137,plane,83,,,,,,,,,
1779358110.4108,plane,84,,,,,,,,,
1779358110.5065,plane,85,,,,,,,,,
1779358110.6185,plane,86,,,,,,,,,
1779358110.7162,plane,87,,,,,,,,,
1779358110.8095,plane,88,,,,,,,,,
1779358110.9065,plane,89,,,,,,,,,
1779358111.0174,plane,90,,,,,,,,,
1779358111.1139,plane,91,,,,,,,,,
1779358111.2106,plane,92,,,,,,,,,
1779358111.3073,plane,93,,,,,,,,,
1779358111.4183,plane,94,,,,,,,,,
1779358111.5147,plane,95,,,,,,,,,
1779358111.6099,plane,96,,,,,,,,,
1779358111.7059,plane,97,,,,,,,,,
1779358111.8173,plane,98,,,,,,,,,
1779358111.9137,plane,99,,,,,,,,,
1779358112.0097,plane,100,,,,,,,,,
1779358112.1054,plane,101,,,,,,,,,
1779358112.2178,plane,102,,,,,,,,,
1779358112.3149,plane,103,,,,,,,,,
1779358112.4104,plane,104,,,,,,,,,
1779358112.5057,plane,105,,,,,,,,,
1779358112.6175,plane,106,,,,,,,,,
1779358112.7145,plane,107,,,,,,,,,
1779358112.8097,plane,108,,,,,,,,,
1779358112.9073,plane,109,,,,,,,,,
1779358113.0229,plane,110,,,,,,,,,
1779358113.1136,plane,111,,,,,,,,,
1779358113.2098,plane,112,,,,,,,,,
1779358113.3059,plane,113,,,,,,,,,
1779358113.4176,plane,114,,,,,,,,,
1779358113.5156,plane,115,,,,,,,,,
1779358113.6103,plane,116,,,,,,,,,
1779358113.7070,plane,117,,,,,,,,,
1779358113.8193,plane,118,,,,,,,,,
1779358113.9179,plane,119,,,,,,,,,
1779358114.0099,plane,120,,,,,,,,,
1779358114.1062,plane,121,,,,,,,,,
1779358114.2195,plane,122,,,,,,,,,
1779358114.3148,plane,123,,,,,,,,,
1779358114.4105,plane,124,,,,,,,,,
1779358114.5058,plane,125,,,,,,,,,
1779358114.6203,plane,126,,,,,,,,,
1779358114.7142,plane,127,,,,,,,,,
1779358114.8095,plane,128,,,,,,,,,
1779358114.9061,plane,129,,,,,,,,,
1779358115.0173,plane,130,,,,,,,,,
1779358115.1140,plane,131,,,,,,,,,
1779358115.2097,plane,132,,,,,,,,,
1779358115.3056,plane,133,,,,,,,,,
1779358115.4254,plane,134,,,,,,,,,
1779358115.5137,plane,135,,,,,,,,,
1779358115.6112,plane,136,,,,,,,,,
1779358115.7074,plane,137,,,,,,,,,
1779358115.8199,plane,138,,,,,,,,,
1779358115.9202,plane,139,,,,,,,,,
1779358116.0099,plane,140,,,,,,,,,
1779358116.1054,plane,141,,,,,,,,,
1779358116.2177,plane,142,,,,,,,,,
1779358116.3135,plane,143,,,,,,,,,
1779358116.4148,plane,144,0,0.06085,0.00766,0.002080,0.12911,0.01547,89.97,0.00000,0.00000
1779358116.5109,plane,145,0,0.06526,0.02564,0.005561,0.15238,0.02693,89.37,0.04628,0.18842
1779358116.6215,plane,146,0,0.05892,0.08284,0.004818,0.12064,0.04219,101.44,-0.05704,0.51456
1779358116.6215,plane,146,1,0.17590,0.01430,0.004439,1.29837,0.20375,0.00,0.00000,0.00000
1779358116.7174,plane,147,0,0.05575,0.14406,0.004120,0.12534,0.02834,97.87,-0.03304,0.63800
1779358116.7174,plane,147,1,0.13523,0.05897,0.009377,0.24413,0.03391,98.79,-0.42394,0.46550
1779358116.8112,plane,148,0,0.04971,0.19292,0.003571,0.10904,0.02883,100.30,-0.06428,0.52022
1779358116.8112,plane,148,1,0.12558,0.10610,0.009226,0.24133,0.03557,100.51,-0.10267,0.50182
1779358116.9080,plane,149,0,0.04639,0.22175,0.003321,0.09857,0.02643,97.84,-0.03437,0.29850
1779358116.9080,plane,149,1,0.11975,0.13402,0.009245,0.24687,0.03457,101.66,-0.06034,0.28899
1779358116.9080,plane,149,2,0.20036,0.01659,0.006163,0.07680,0.04742,0.00,0.00000,0.00000
1779358117.0206,plane,150,0,0.04482,0.22254,0.003259,0.09547,0.02551,98.04,-0.01399,0.00702
1779358117.0206,plane,150,1,0.11829,0.13541,0.009193,0.24195,0.03502,101.47,-0.01296,0.01236
1779358117.0206,plane,150,2,0.19491,0.01703,0.006616,0.10398,0.05156,0.00,-0.04837,0.00389
1779358117.1202,plane,151,0,0.04468,0.22279,0.003240,0.09641,0.02563,97.99,-0.00138,0.00249
1779358117.1202,plane,151,1,0.11782,0.13552,0.009208,0.24179,0.03497,101.65,-0.00478,0.00107
1779358117.1202,plane,151,2,0.19452,0.01709,0.006599,0.09972,0.05150,0.00,-0.00388,0.00063
1779358117.2143,plane,152,0,0.04299,0.23047,0.003157,0.09198,0.02604,97.15,-0.01797,0.08140
1779358117.2143,plane,152,1,0.11644,0.14372,0.009091,0.24487,0.03462,102.10,-0.01461,0.08700
1779358117.2143,plane,152,2,0.18361,0.02133,0.007955,0.35075,0.03503,98.16,-0.11572,0.04492
1779358117.3141,plane,153,0,0.04063,0.24357,0.003030,0.08941,0.02649,97.32,-0.02358,0.13123
1779358117.3141,plane,153,1,0.11417,0.15651,0.008926,0.24612,0.03345,102.53,-0.02278,0.12811
1779358117.3141,plane,153,2,0.16976,0.02989,0.009082,0.29518,0.02598,95.69,-0.13874,0.08575
1779358117.4282,plane,154,0,0.03805,0.25581,0.002889,0.08820,0.02539,98.28,-0.02259,0.10727
1779358117.4282,plane,154,1,0.11245,0.16892,0.008826,0.23881,0.03507,103.30,-0.01506,0.10869
1779358117.4282,plane,154,2,0.16000,0.03901,0.009905,0.30669,0.02696,96.80,-0.08553,0.07991
1779358117.5233,plane,155,0,0.03645,0.27144,0.002779,0.08418,0.02577,98.92,-0.01687,0.16447
1779358117.5233,plane,155,1,0.11087,0.18439,0.008648,0.23620,0.03485,103.94,-0.01654,0.16281
1779358117.5233,plane,155,2,0.15473,0.05209,0.010242,0.37203,0.02813,98.59,-0.05545,0.13760
1779358117.6179,plane,156,0,0.03421,0.28513,0.002641,0.08079,0.02639,97.82,-0.02372,0.14508
1779358117.6179,plane,156,1,0.10876,0.19826,0.008462,0.23360,0.03573,104.33,-0.02245,0.14710
1779358117.6179,plane,156,2,0.15228,0.06602,0.010093,0.34670,0.02755,99.04,-0.02595,0.14772
1779358117.7135,plane,157,0,0.03248,0.29179,0.002541,0.07723,0.02603,97.25,-0.01809,0.06974
1779358117.7135,plane,157,1,0.10754,0.20552,0.008343,0.22263,0.03667,104.80,-0.01276,0.07591
1779358117.7135,plane,157,2,0.15041,0.07289,0.010044,0.34911,0.02768,99.27,-0.01960,0.07193
1779358117.8201,plane,158,0,0.03194,0.29543,0.002506,0.07852,0.02576,97.30,-0.00506,0.03405
1779358117.8201,plane,158,1,0.10737,0.20954,0.008279,0.22362,0.03678,104.67,-0.00156,0.03760
1779358117.8201,plane,158,2,0.14940,0.07707,0.009986,0.33959,0.02771,99.47,-0.00938,0.03908
1779358117.9153,plane,159,0,0.03103,0.30603,0.002430,0.07307,0.02588,96.09,-0.00955,0.11135
1779358117.9153,plane,159,1,0.10602,0.21919,0.008228,0.22829,0.03521,105.51,-0.01424,0.10137
1779358117.9153,plane,159,2,0.14831,0.08725,0.009883,0.35986,0.02751,99.88,-0.01144,0.10695
1779358118.0160,plane,160,0,0.03060,0.31865,0.002355,0.07757,0.02577,97.57,-0.00427,0.12577
1779358118.0160,plane,160,1,0.10594,0.23037,0.008238,0.22245,0.03628,105.29,-0.00076,0.11148
1779358118.0160,plane,160,2,0.14772,0.09909,0.009786,0.34915,0.02695,100.30,-0.00596,0.11799
1779358118.1084,plane,161,0,0.03099,0.33487,0.002297,0.07965,0.02471,98.03,0.00419,0.17501
1779358118.1084,plane,161,1,0.10610,0.24588,0.008191,0.22256,0.03633,105.95,0.00173,0.16724
1779358118.1084,plane,161,2,0.14886,0.11548,0.009700,0.35037,0.02777,100.79,0.01238,0.17675
1779358118.2211,plane,162,0,0.03102,0.35725,0.002246,0.07578,0.02470,97.29,0.00028,0.19857
1779358118.2211,plane,162,1,0.10585,0.26733,0.008101,0.22404,0.03657,107.13,-0.00223,0.19039
1779358118.2211,plane,162,2,0.14937,0.13720,0.009574,0.36085,0.02721,101.77,0.00450,0.19278
1779358118.3214,plane,163,0,0.02873,0.39573,0.002097,0.07148,0.02429,96.61,-0.02292,0.38438
1779358118.3214,plane,163,1,0.10405,0.30464,0.007780,0.21662,0.03758,108.84,-0.01799,0.37264
1779358118.3214,plane,163,2,0.14831,0.17288,0.009323,0.33145,0.02804,103.09,-0.01063,0.35643
1779358118.3214,plane,163,3,0.15391,0.01862,0.005619,0.21261,0.02494,92.97,0.00000,0.00000
1779358118.4220,plane,164,0,0.10193,0.36346,0.007236,0.19929,0.03882,111.31,0.72889,-0.32135
1779358118.4220,plane,164,1,0.14495,0.22791,0.009135,0.30705,0.02885,105.39,0.40724,-0.76397
1779358118.4220,plane,164,2,0.12587,0.05423,0.009440,0.23293,0.03944,99.40,-0.22336,-1.18144
1779358118.5074,plane,165,0,0.09711,0.41125,0.006965,0.18904,0.03948,112.03,-0.05620,0.55645
1779358118.5074,plane,165,1,0.13742,0.27088,0.009242,0.29165,0.03117,106.58,-0.08770,0.50036
1779358118.5074,plane,165,2,0.11999,0.09313,0.009750,0.24722,0.03909,100.76,-0.06852,0.45294
1779358118.6197,plane,166,0,0.09487,0.44309,0.006790,0.18072,0.04124,112.93,-0.01989,0.28356
1779358118.6197,plane,166,1,0.13323,0.29670,0.009510,0.29726,0.03134,107.71,-0.03728,0.22995
1779358118.6197,plane,166,2,0.11690,0.11475,0.010150,0.24516,0.04119,101.35,-0.02753,0.19259
1779358118.7155,plane,167,0,0.09323,0.46869,0.006666,0.18367,0.04404,114.20,-0.01720,0.26730
1779358118.7155,plane,167,1,0.13039,0.31751,0.009723,0.29223,0.03258,108.54,-0.02971,0.21724
1779358118.7155,plane,167,2,0.11457,0.13108,0.010549,0.24928,0.04261,102.20,-0.02432,0.17049
1779358118.8142,plane,168,0,0.09148,0.49876,0.006565,0.17597,0.05068,118.61,-0.01778,0.30566
1779358118.8142,plane,168,1,0.12784,0.34343,0.009876,0.28620,0.03469,109.42,-0.02585,0.26343
1779358118.8142,plane,168,2,0.11288,0.15277,0.010800,0.26082,0.04227,103.38,-0.01720,0.22040
1779358118.9137,plane,169,0,0.08833,0.52673,0.006390,0.17247,0.05364,120.31,-0.03172,0.28177
1779358118.9137,plane,169,1,0.12224,0.36699,0.010140,0.27121,0.03820,109.96,-0.05646,0.23747
1779358118.9137,plane,169,2,0.10972,0.17379,0.011169,0.25551,0.04488,103.76,-0.03180,0.21179
1779358119.0203,plane,170,0,0.08739,0.54240,0.006324,0.17273,0.05735,121.68,-0.00873,0.14626
1779358119.0203,plane,170,1,0.12114,0.37960,0.010413,0.27520,0.04013,110.04,-0.01024,0.11763
1779358119.0203,plane,170,2,0.10785,0.18324,0.011380,0.26467,0.04471,104.10,-0.01747,0.08823
1779358119.1195,plane,171,0,0.09018,0.54495,0.006538,0.17966,0.05576,121.02,0.02804,0.02568
1779358119.1195,plane,171,1,0.12605,0.38319,0.010744,0.27301,0.04174,109.95,0.04943,0.03624
1779358119.1195,plane,171,2,0.11239,0.18468,0.011698,0.25554,0.04584,104.07,0.04572,0.01445
1779358119.2128,plane,172,0,0.09038,0.53910,0.007106,0.18085,0.06038,115.83,0.00222,-0.06285
1779358119.2128,plane,172,1,0.13230,0.38035,0.010944,0.27646,0.04089,109.92,0.06713,-0.03056
1779358119.2128,plane,172,2,0.11768,0.17882,0.012076,0.26097,0.04737,103.50,0.05689,-0.06284
1779358119.3106,plane,173,0,0.09369,0.52998,0.007595,0.18610,0.06010,115.20,0.03381,-0.09328
1779358119.3106,plane,173,1,0.13956,0.37255,0.011276,0.28480,0.04048,109.40,0.07436,-0.07977
1779358119.3106,plane,173,2,0.12428,0.16782,0.012482,0.27391,0.04745,102.96,0.06748,-0.11261
1779358119.4202,plane,174,0,0.09738,0.52413,0.008026,0.19113,0.06132,114.68,0.03363,-0.05335
1779358119.4202,plane,174,1,0.14761,0.36649,0.011697,0.29067,0.04093,108.81,0.07326,-0.05527
1779358119.4202,plane,174,2,0.13205,0.15970,0.012778,0.28441,0.04620,102.31,0.07077,-0.07397
1779358119.5208,plane,175,0,0.09716,0.52730,0.007880,0.18500,0.06227,113.30,-0.00214,0.03157
1779358119.5208,plane,175,1,0.14566,0.36021,0.012185,0.29201,0.04190,108.29,-0.01927,-0.06234
1779358119.5208,plane,175,2,0.12980,0.14837,0.013204,0.26864,0.04778,101.23,-0.02235,-0.11254
1779358119.6209,plane,176,0,0.09545,0.54046,0.007475,0.17590,0.06624,112.63,-0.01710,0.13179
1779358119.6209,plane,176,1,0.13779,0.36118,0.012722,0.29482,0.04456,107.92,-0.07887,0.00974
1779358119.6209,plane,176,2,0.12072,0.14158,0.013904,0.27169,0.05017,101.36,-0.09090,-0.06809
1779358119.7078,plane,177,0,0.09804,0.52857,0.007263,0.18895,0.06464,120.25,0.02965,-0.13654
1779358119.7078,plane,177,1,0.13521,0.34763,0.012902,0.30203,0.04480,107.42,-0.02971,-0.15571
1779358119.7078,plane,177,2,0.11570,0.12821,0.014225,0.28218,0.05030,100.48,-0.05775,-0.15357
1779358119.8199,plane,178,0,0.13286,0.43898,0.005776,0.13991,0.04441,105.03,0.31039,-0.79847
1779358119.8199,plane,178,1,0.14381,0.25288,0.012154,0.32193,0.03926,104.53,0.07671,-0.84442
1779358119.8199,plane,178,2,0.11870,0.04982,0.012982,0.26026,0.04313,96.35,0.02680,-0.69857
1779358119.9176,plane,179,1,0.16240,0.23903,0.006037,0.15099,0.03698,100.29,0.19048,-0.14194
1779358119.9176,plane,179,2,0.16592,0.06914,0.011990,0.34527,0.03187,100.15,0.48385,0.19799
1779358119.9176,plane,179,4,0.03254,0.17378,0.002916,0.09127,0.02802,108.89,0.00000,0.00000
1779358120.0131,plane,180,1,0.07110,0.13502,0.003196,0.08547,0.03087,95.92,-0.95469,-1.08755
1779358120.0131,plane,180,2,0.17541,0.02506,0.009016,0.28482,0.04946,101.07,0.09930,-0.46090
1779358120.1082,plane,181,,,,,,,,,
1779358120.2193,plane,182,,,,,,,,,
1779358120.3137,plane,183,,,,,,,,,
1779358120.4101,plane,184,,,,,,,,,
1779358120.5076,plane,185,,,,,,,,,
1779358120.6184,plane,186,,,,,,,,,
1779358120.7152,plane,187,,,,,,,,,
1779358120.8097,plane,188,,,,,,,,,
1779358120.9066,plane,189,,,,,,,,,
1779358121.0183,plane,190,,,,,,,,,
1779358121.1138,plane,191,,,,,,,,,
1779358121.2104,plane,192,,,,,,,,,
1779358121.3104,plane,193,,,,,,,,,
1779358121.4183,plane,194,,,,,,,,,
1779358121.5135,plane,195,,,,,,,,,
1779358121.6093,plane,196,,,,,,,,,
1779358121.7063,plane,197,,,,,,,,,
1779358121.8192,plane,198,,,,,,,,,
1779358121.9136,plane,199,,,,,,,,,
1779358122.0095,plane,200,,,,,,,,,
1779358122.1060,plane,201,,,,,,,,,
1779358122.2172,plane,202,,,,,,,,,
1779358122.3143,plane,203,,,,,,,,,
1779358122.4093,plane,204,,,,,,,,,
1779358122.5056,plane,205,,,,,,,,,
1779358122.6173,plane,206,,,,,,,,,
1779358122.7136,plane,207,,,,,,,,,
1779358122.8105,plane,208,5,0.29780,0.03310,0.003728,0.14594,0.02089,103.60,0.00000,0.00000
1779358122.9078,plane,209,5,0.27529,0.03866,0.005269,0.29215,0.02140,104.56,-0.23136,0.05717
1779358122.9078,plane,209,6,0.40001,0.01507,0.002765,0.08245,0.04756,0.00,0.00000,0.00000
1779358123.0338,plane,210,5,0.25509,0.04294,0.007111,0.52583,0.02965,105.79,-0.16053,0.03403
1779358123.0338,plane,210,6,0.38713,0.02413,0.004298,0.14986,0.02500,101.20,-0.10233,0.07202
1779358123.1166,plane,211,5,0.24062,0.04597,0.008986,0.34378,0.03431,106.15,-0.17490,0.03663
1779358123.1166,plane,211,6,0.37529,0.03316,0.005351,0.17568,0.02427,102.70,-0.14310,0.10913
1779358123.2102,plane,212,5,0.27942,0.04881,0.016810,0.29456,0.05416,96.32,0.41328,0.03022
1779358123.3073,plane,213,5,0.27118,0.05728,0.018663,0.28708,0.06044,97.71,-0.08493,0.08727
1779358123.4216,plane,214,5,0.26873,0.05754,0.018699,0.29631,0.05802,97.71,-0.02142,0.00234
1779358123.5176,plane,215,5,0.27228,0.04625,0.016737,0.30189,0.04753,94.93,0.03700,-0.11784
1779358123.6112,plane,216,5,0.27763,0.03476,0.013924,0.30939,0.04124,91.45,0.05705,-0.12258
1779358123.7079,plane,217,5,0.27682,0.02632,0.013385,0.34886,0.03122,89.67,-0.00831,-0.08732
1779358123.8202,plane,218,5,0.26609,0.02269,0.012911,0.33912,0.02775,89.71,-0.09558,-0.03232
1779358123.9164,plane,219,5,0.23509,0.01842,0.009560,0.29883,0.07032,87.25,-0.32277,-0.04443
1779358124.0148,plane,220,5,0.23146,0.01706,0.008859,0.32050,0.07096,85.77,-0.03686,-0.01387
1779358124.1067,plane,221,5,0.22854,0.01540,0.008116,0.34375,0.06350,85.35,-0.03170,-0.01796
1779358124.2198,plane,222,5,0.21637,0.01202,0.006020,0.78512,0.10574,80.32,-0.10771,-0.02990
1779358124.3140,plane,223,,,,,,,,,
1779358124.4095,plane,224,,,,,,,,,
1779358124.5069,plane,225,,,,,,,,,
1779358124.6182,plane,226,7,0.39420,0.66126,0.002730,0.09110,0.02551,82.13,0.00000,0.00000
1779358124.7165,plane,227,5,0.08258,0.01665,0.004140,0.15293,0.07415,97.07,-1.36205,0.04714
1779358124.7165,plane,227,7,0.39204,0.67887,0.005629,0.11013,0.04851,82.04,-0.02206,0.17926
1779358124.8125,plane,228,5,0.08018,0.02031,0.005512,0.65148,0.35378,0.00,-0.02497,0.03806
1779358124.8125,plane,228,7,0.39046,0.68294,0.005656,0.10836,0.05231,82.19,-0.01645,0.04236
1779358124.9092,plane,229,5,0.07928,0.01987,0.005352,21.23879,2.05609,169.39,-0.00930,-0.00456
1779358124.9092,plane,229,7,0.38895,0.67834,0.005844,0.10580,0.05046,84.40,-0.01556,-0.04758
1779358125.0196,plane,230,5,0.07842,0.01747,0.004395,0.53693,0.32799,163.79,-0.00779,-0.02167
1779358125.0196,plane,230,7,0.38711,0.67042,0.005703,0.10895,0.04812,81.97,-0.01664,-0.07164
1779358125.1150,plane,231,5,0.07995,0.01499,0.003528,0.20586,0.18968,91.10,0.01594,-0.02599
1779358125.1150,plane,231,7,0.38547,0.65840,0.005809,0.11282,0.04820,79.24,-0.01720,-0.12591
1779358125.2116,plane,232,5,0.08351,0.01728,0.004296,0.17653,0.13186,92.02,0.03691,0.02377
1779358125.2116,plane,232,7,0.38128,0.65269,0.006829,0.11882,0.05160,79.29,-0.04347,-0.05920
1779358125.3117,plane,233,5,0.08450,0.02142,0.005820,0.24537,0.20858,131.31,0.00997,0.04142
1779358125.3117,plane,233,7,0.38006,0.65593,0.008053,0.12299,0.05978,76.53,-0.01219,0.03242
1779358125.4226,plane,234,5,0.08447,0.02359,0.006758,0.75109,0.39724,171.71,-0.00031,0.01962
1779358125.4226,plane,234,7,0.37916,0.66086,0.008496,0.12438,0.06341,76.08,-0.00812,0.04452
1779358125.5175,plane,235,5,0.08431,0.02384,0.006902,6.65168,1.17275,176.17,-0.00161,0.00253
1779358125.5175,plane,235,7,0.37883,0.66229,0.008328,0.12340,0.06103,75.36,-0.00342,0.01504
1779358125.6125,plane,236,5,0.08316,0.02113,0.005820,0.31071,0.25032,151.29,-0.01213,-0.02843
1779358125.6125,plane,236,7,0.38080,0.65813,0.007029,0.11764,0.05507,77.78,0.02068,-0.04384
1779358125.7082,plane,237,5,0.07878,0.01327,0.003072,0.15420,0.09007,86.39,-0.04575,-0.08206
1779358125.7082,plane,237,7,0.38186,0.64490,0.004083,0.10128,0.03839,73.87,0.01103,-0.13801
1779358125.8186,plane,238,,,,,,,,,
1779358125.9138,plane,239,,,,,,,,,
1779358126.0098,plane,240,,,,,,,,,
1779358126.1083,plane,241,,,,,,,,,
1779358126.2184,plane,242,,,,,,,,,
1779358126.3172,plane,243,,,,,,,,,
1779358126.4097,plane,244,,,,,,,,,
1779358126.5054,plane,245,,,,,,,,,
1779358126.6176,plane,246,,,,,,,,,
1779358126.7139,plane,247,,,,,,,,,
1779358126.8096,plane,248,,,,,,,,,
1779358126.9083,plane,249,,,,,,,,,
1779358127.0182,plane,250,,,,,,,,,
1779358127.1146,plane,251,,,,,,,,,
1779358127.2094,plane,252,,,,,,,,,
1779358127.3056,plane,253,,,,,,,,,
1779358127.4196,plane,254,,,,,,,,,
1779358127.5134,plane,255,,,,,,,,,
1779358127.6096,plane,256,,,,,,,,,
1779358127.7068,plane,257,,,,,,,,,
1779358127.8209,plane,258,,,,,,,,,
1779358127.9141,plane,259,,,,,,,,,
1779358128.0104,plane,260,8,0.30570,0.01158,0.002455,0.46416,0.08646,0.00,0.00000,0.00000
1779358128.1054,plane,261,,,,,,,,,
1779358128.2175,plane,262,,,,,,,,,
1779358128.3136,plane,263,,,,,,,,,
1779358128.4103,plane,264,,,,,,,,,
1779358128.5055,plane,265,,,,,,,,,
1779358128.6222,plane,266,,,,,,,,,
1779358128.7136,plane,267,,,,,,,,,
1779358128.8110,plane,268,,,,,,,,,
1779358128.9064,plane,269,,,,,,,,,
1779358129.0175,plane,270,,,,,,,,,
1779358129.1142,plane,271,,,,,,,,,
1779358129.2096,plane,272,,,,,,,,,
1779358129.3053,plane,273,,,,,,,,,
1779358129.4177,plane,274,,,,,,,,,
1779358129.5141,plane,275,,,,,,,,,
1779358129.6102,plane,276,,,,,,,,,
1779358129.7096,plane,277,9,0.39356,0.52233,0.010305,0.16713,0.05363,78.15,0.00000,0.00000
1779358129.8211,plane,278,9,0.38532,0.50190,0.015215,0.19079,0.06506,77.07,-0.07398,-0.18330
1779358129.8211,plane,278,10,0.33445,0.71549,0.003018,0.06389,0.04381,26.28,0.00000,0.00000
1779358129.9185,plane,279,9,0.37939,0.49249,0.016463,0.19147,0.06911,76.46,-0.06080,-0.09664
1779358129.9185,plane,279,10,0.33102,0.70376,0.005922,0.09395,0.05236,36.06,-0.03518,-0.12040
1779358130.0150,plane,280,9,0.37494,0.49415,0.017063,0.19580,0.07136,76.62,-0.04625,0.01730
1779358130.0150,plane,280,10,0.32565,0.70883,0.006168,0.09208,0.05388,29.33,-0.05582,0.05265
1779358130.1076,plane,281,9,0.37068,0.52073,0.020103,0.19053,0.08057,83.92,-0.04584,0.28593
1779358130.1076,plane,281,10,0.31836,0.73205,0.005525,0.09043,0.04627,7.41,-0.07840,0.24970
1779358130.2215,plane,282,9,0.36102,0.53969,0.017186,0.18170,0.07443,86.57,-0.08510,0.16698
1779358130.2215,plane,282,10,0.31357,0.73365,0.002563,0.05991,0.03694,11.95,-0.04221,0.01415
1779358130.3159,plane,283,9,0.33880,0.51038,0.004547,0.10225,0.03137,86.24,-0.23521,-0.31029
1779358130.4103,plane,284,9,0.33269,0.50319,0.002965,0.07925,0.02682,87.10,-0.06449,-0.07594
1779358130.5072,plane,285,9,0.37515,0.50299,0.014786,0.18400,0.06018,72.46,0.43874,-0.00203
1779358130.6189,plane,286,9,0.36538,0.49828,0.002190,0.09960,0.01704,63.92,-0.08745,-0.04213
1779358130.7135,plane,287,,,,,,,,,
1779358130.8094,plane,288,,,,,,,,,
1779358130.9089,plane,289,,,,,,,,,
1779358131.0215,plane,290,,,,,,,,,
1779358131.1267,plane,291,,,,,,,,,
1779358131.2093,plane,292,,,,,,,,,
1779358131.3059,plane,293,,,,,,,,,
1779358131.4175,plane,294,,,,,,,,,
1779358131.5144,plane,295,,,,,,,,,
1779358131.6095,plane,296,,,,,,,,,
1779358131.7055,plane,297,,,,,,,,,
1779358131.8172,plane,298,,,,,,,,,
1779358131.9139,plane,299,,,,,,,,,
1779358132.0104,plane,300,,,,,,,,,
1779358132.1055,plane,301,,,,,,,,,
1779358132.2176,plane,302,,,,,,,,,
1779358132.3154,plane,303,11,0.13621,0.87137,0.060464,0.29641,0.24570,158.23,0.00000,0.00000
1779358132.4122,plane,304,11,0.17533,0.73635,0.157511,0.48269,0.30138,13.02,0.40418,-1.39485
1779358132.5120,plane,305,12,0.18298,0.54453,0.269718,0.60866,0.31639,15.06,0.00000,0.00000
1779358132.6195,plane,306,12,0.16481,0.46630,0.299847,0.89328,0.31302,21.77,-0.16888,-0.72684
1779358132.7174,plane,307,12,0.14311,0.47968,0.285000,0.63166,0.23454,6.43,-0.22208,0.13697
1779358132.8130,plane,308,12,0.14589,0.49887,0.292658,1.25228,0.26928,0.18,0.02897,0.20065
1779358132.9068,plane,309,12,0.16319,0.50642,0.327086,1.51118,0.30505,177.76,0.18388,0.08023
1779358133.0206,plane,310,12,0.18393,0.50903,0.368364,1.44449,0.34346,177.08,0.18251,0.02295
1779358133.1164,plane,311,12,0.20201,0.51147,0.404192,1.30017,0.37306,176.64,0.18869,0.02542
1779358133.2126,plane,312,12,0.23412,0.52340,0.465697,0.89565,0.39827,174.22,0.33414,0.12416
1779358133.3077,plane,313,12,0.28657,0.51010,0.573174,1.56324,0.60695,173.85,0.55103,-0.13972
1779358133.4210,plane,314,12,0.34066,0.50650,0.681792,13.25600,1.18805,0.00,0.47738,-0.03173
1779358133.5186,plane,315,12,0.45042,0.50350,0.901554,1.56255,0.84334,176.90,1.12575,-0.03080
1779358133.6138,plane,316,12,0.49951,0.49913,1.000000,1.00000,0.56250,0.00,0.51515,-0.04585
1779358133.7087,plane,317,12,0.52358,0.48273,0.948363,1.49250,0.98862,153.71,0.25354,-0.17279
1779358133.8226,plane,318,12,0.62030,0.47611,0.752779,1.03529,0.83531,148.46,0.84958,-0.05815
1779358133.9179,plane,319,12,0.70264,0.49215,0.593272,1.83306,0.64271,175.04,0.86580,0.16867
1779358134.0108,plane,320,12,0.84235,0.50460,0.314094,1.11767,0.28532,1.34,1.49845,0.13348
1779358134.1085,plane,321,12,0.91480,0.54861,0.164249,0.92147,0.20793,6.21,0.74301,0.45137
1779358134.2188,plane,322,13,0.98513,0.76765,0.014674,0.42752,0.04619,4.82,0.00000,0.00000
1779358134.3148,plane,323,,,,,,,,,
1779358134.4096,plane,324,,,,,,,,,
1779358134.5054,plane,325,,,,,,,,,
1779358134.6174,plane,326,,,,,,,,,
1779358134.7146,plane,327,,,,,,,,,
1779358134.8097,plane,328,,,,,,,,,
1779358134.9055,plane,329,,,,,,,,,
1779358135.0172,plane,330,,,,,,,,,
1779358135.1168,plane,331,,,,,,,,,
1779358135.2097,plane,332,,,,,,,,,
1779358135.3055,plane,333,,,,,,,,,
1779358135.4174,plane,334,,,,,,,,,
1779358135.5139,plane,335,,,,,,,,,
1779358135.6099,plane,336,,,,,,,,,
1779358135.7056,plane,337,,,,,,,,,
1779358135.8174,plane,338,,,,,,,,,
1779358135.9138,plane,339,,,,,,,,,
1779358136.0100,plane,340,,,,,,,,,
1779358136.1065,plane,341,,,,,,,,,
1779358136.2186,plane,342,,,,,,,,,
1779358136.3156,plane,343,,,,,,,,,
1779358136.4100,plane,344,,,,,,,,,
1779358136.5084,plane,345,,,,,,,,,
1779358136.6176,plane,346,,,,,,,,,
1779358136.7138,plane,347,,,,,,,,,
1779358136.8094,plane,348,,,,,,,,,
1779358136.9054,plane,349,,,,,,,,,
1779358137.0180,plane,350,,,,,,,,,
1779358137.1137,plane,351,,,,,,,,,
1779358137.2105,plane,352,,,,,,,,,
1779358137.3070,plane,353,,,,,,,,,
1779358137.4177,plane,354,,,,,,,,,
1779358137.5137,plane,355,,,,,,,,,
1779358137.6106,plane,356,,,,,,,,,
1779358137.7055,plane,357,,,,,,,,,
1779358137.8174,plane,358,,,,,,,,,
1779358137.9136,plane,359,,,,,,,,,
1779358138.0095,plane,360,,,,,,,,,
1779358138.1055,plane,361,,,,,,,,,
1779358138.2176,plane,362,,,,,,,,,
1779358138.3145,plane,363,,,,,,,,,
1779358138.4107,plane,364,,,,,,,,,
1779358138.5053,plane,365,,,,,,,,,
1779358138.6180,plane,366,,,,,,,,,
1779358138.7141,plane,367,,,,,,,,,
1779358138.8094,plane,368,,,,,,,,,
1779358138.9058,plane,369,,,,,,,,,
1779358139.0173,plane,370,,,,,,,,,
1779358139.1134,plane,371,,,,,,,,,
1779358139.2135,plane,372,,,,,,,,,
1779358139.3071,plane,373,,,,,,,,,
1779358139.4177,plane,374,,,,,,,,,
1779358139.5149,plane,375,,,,,,,,,
1779358139.6096,plane,376,,,,,,,,,
1779358139.7145,plane,377,,,,,,,,,
1779358139.8189,plane,378,,,,,,,,,
1779358139.9136,plane,379,,,,,,,,,
1779358140.0143,plane,380,,,,,,,,,
1779358140.1054,plane,381,,,,,,,,,
1779358140.2174,plane,382,,,,,,,,,
1779358140.3134,plane,383,,,,,,,,,
1779358140.4093,plane,384,,,,,,,,,
1779358140.5053,plane,385,,,,,,,,,
1779358140.6183,plane,386,,,,,,,,,
1779358140.7149,plane,387,,,,,,,,,
1779358140.8097,plane,388,,,,,,,,,
1779358140.9056,plane,389,,,,,,,,,
1779358141.0175,plane,390,,,,,,,,,
1779358141.1135,plane,391,,,,,,,,,
1779358141.2097,plane,392,,,,,,,,,
1779358141.3053,plane,393,,,,,,,,,
1779358141.4174,plane,394,,,,,,,,,
1779358141.5137,plane,395,,,,,,,,,
1779358141.6094,plane,396,,,,,,,,,
1779358141.7086,plane,397,,,,,,,,,
1779358141.8200,plane,398,,,,,,,,,
1779358141.9149,plane,399,,,,,,,,,
1779358142.0163,plane,400,14,0.44227,0.81898,0.328332,8.00615,3.04799,0.00,0.00000,0.00000
1779358142.1127,plane,401,15,0.49951,0.49913,1.000000,1.00000,0.56250,0.00,0.00000,0.00000
1779358142.2207,plane,402,15,0.49951,0.49913,1.000000,1.00000,0.56250,0.00,0.00000,0.00000
1779358142.3164,plane,403,15,0.49951,0.49913,1.000000,1.00000,0.56250,0.00,0.00000,0.00000
1779358142.4125,plane,404,15,0.49951,0.49913,1.000000,1.00000,0.56250,0.00,0.00000,0.00000
1779358142.5088,plane,405,15,0.49951,0.49913,1.000000,1.00000,0.56250,0.00,0.00000,0.00000
1779358142.6225,plane,406,15,0.49951,0.49913,1.000000,1.00000,0.56250,0.00,0.00000,0.00000
1779358142.7231,plane,407,15,0.49951,0.49913,1.000000,1.00000,0.56250,0.00,0.00000,0.00000
1779358142.8157,plane,408,15,0.49951,0.49913,1.000000,1.00000,0.56250,0.00,0.00000,0.00000
1779358142.9084,plane,409,15,0.49951,0.49913,1.000000,1.00000,0.56250,0.00,0.00000,0.00000
1779358143.0200,plane,410,15,0.49951,0.49913,1.000000,1.00000,0.56250,0.00,0.00000,0.00000
1779358143.1221,plane,411,15,0.49951,0.49913,1.000000,1.00000,0.56250,0.00,0.00000,0.00000
1779358143.2129,plane,412,15,0.49951,0.49913,1.000000,1.00000,0.56250,0.00,0.00000,0.00000
1779358143.3081,plane,413,15,0.42890,0.48508,0.856588,2.22508,0.88674,15.24,-0.74272,-0.14782
1779358143.4232,plane,414,15,0.42889,0.48504,0.856606,3.16554,0.88534,15.02,-0.00004,-0.00034
1779358143.5242,plane,415,15,0.42921,0.48464,0.857098,2.83740,0.88564,15.42,0.00318,-0.00397
1779358143.6110,plane,416,16,0.26875,0.34322,0.363046,31.96409,3.03943,0.00,0.00000,0.00000
1779358143.7164,plane,417,16,0.26741,0.34518,0.363461,1.18198,0.43203,33.29,-0.01276,0.01871
1779358143.8217,plane,418,16,0.26727,0.34237,0.359653,0.74087,0.33546,42.21,-0.00134,-0.02673
1779358143.9160,plane,419,17,0.06646,0.02293,0.006171,0.15620,0.03253,81.31,0.00000,0.00000
1779358144.0108,plane,420,17,0.07325,0.03822,0.012317,0.17978,0.06799,73.03,0.07177,0.16142
1779358144.1083,plane,421,18,0.24053,0.10564,0.108288,12.49444,0.17484,81.10,0.00000,0.00000
1779358144.2187,plane,422,17,0.06557,0.03329,0.009800,0.55846,0.25753,66.07,-0.06951,-0.04457
1779358144.3200,plane,423,17,0.08005,0.04900,0.017624,0.57724,0.12463,25.83,0.14322,0.15538
1779358144.4215,plane,424,17,0.07210,0.04772,0.015366,0.25799,0.13963,9.00,-0.07840,-0.01262
1779358144.5064,plane,425,,,,,,,,,
1779358144.6249,plane,426,,,,,,,,,
1779358144.7163,plane,427,,,,,,,,,
1779358144.8102,plane,428,,,,,,,,,
1779358144.9057,plane,429,,,,,,,,,
1779358145.0177,plane,430,,,,,,,,,
1779358145.1148,plane,431,,,,,,,,,
1779358145.2097,plane,432,,,,,,,,,
1779358145.3056,plane,433,,,,,,,,,
1779358145.4191,plane,434,,,,,,,,,
1779358145.5153,plane,435,,,,,,,,,
1779358145.6111,plane,436,,,,,,,,,
1779358145.7071,plane,437,,,,,,,,,
1779358145.8176,plane,438,,,,,,,,,
1779358145.9149,plane,439,,,,,,,,,
1779358146.0101,plane,440,,,,,,,,,
1779358146.1071,plane,441,19,0.49951,0.49913,1.000000,1.00000,0.56250,0.00,0.00000,0.00000
1779358146.2214,plane,442,19,0.49951,0.49913,1.000000,1.00000,0.56250,0.00,0.00000,0.00000
1779358146.3215,plane,443,19,0.49951,0.49913,1.000000,1.00000,0.56250,0.00,0.00000,0.00000
1779358146.4155,plane,444,19,0.49951,0.49913,1.000000,1.00000,0.56250,0.00,0.00000,0.00000
1779358146.5179,plane,445,19,0.49951,0.49913,1.000000,1.00000,0.56250,0.00,0.00000,0.00000
1779358146.6233,plane,446,19,0.49951,0.49913,1.000000,1.00000,0.56250,0.00,0.00000,0.00000
1779358146.7158,plane,447,19,0.49951,0.49913,1.000000,1.00000,0.56250,0.00,0.00000,0.00000
1779358146.8123,plane,448,19,0.49951,0.49913,1.000000,1.00000,0.56250,0.00,0.00000,0.00000
1779358146.9117,plane,449,19,0.49951,0.49913,1.000000,1.00000,0.56250,0.00,0.00000,0.00000
1779358147.0209,plane,450,19,0.49951,0.49913,1.000000,1.00000,0.56250,0.00,0.00000,0.00000
1779358147.1185,plane,451,19,0.49951,0.49913,1.000000,1.00000,0.56250,0.00,0.00000,0.00000
1779358147.2117,plane,452,19,0.49951,0.49913,1.000000,1.00000,0.56250,0.00,0.00000,0.00000
1779358147.3152,plane,453,19,0.49951,0.49913,1.000000,1.00000,0.56250,0.00,0.00000,0.00000
1779358147.4234,plane,454,19,0.49951,0.49913,1.000000,1.00000,0.56250,0.00,0.00000,0.00000
1779358147.5238,plane,455,19,0.49953,0.49915,0.999959,2.85075,0.97994,0.02,0.00020,0.00019
1779358147.6142,plane,456,19,0.49955,0.49920,0.999863,4.60526,0.54863,90.01,0.00024,0.00054
1779358147.7136,plane,457,19,0.49956,0.49918,0.999893,3.61664,1.00990,0.16,0.00011,-0.00018
1779358147.8339,plane,458,19,0.49959,0.49921,0.999836,1.64422,1.05994,0.49,0.00023,0.00025
1779358147.9211,plane,459,19,0.49964,0.49925,0.999747,2.05067,0.96275,0.07,0.00050,0.00040
1779358148.0144,plane,460,19,0.49963,0.49925,0.999761,1.18060,1.03344,87.26,-0.00008,0.00000
1779358148.1113,plane,461,19,0.49968,0.49933,0.999600,1.24682,0.89058,92.70,0.00052,0.00081
1779358148.2202,plane,462,19,0.49952,0.49914,0.999983,1.20272,1.00441,89.57,-0.00145,-0.00169
1779358148.3159,plane,463,19,0.49956,0.49918,0.999897,1.00000,0.56250,0.00,0.00044,0.00043
1779358148.4167,plane,464,19,0.49951,0.49913,1.000000,1.00000,0.56250,0.00,-0.00051,-0.00050
1779358148.5081,plane,465,19,0.49951,0.49913,1.000000,1.00000,0.56250,0.00,0.00000,0.00000
1779358148.6241,plane,466,19,0.49958,0.49919,0.999871,1.49961,1.07342,0.77,0.00055,0.00054
1779358148.7240,plane,467,19,0.49954,0.49916,0.999937,1.61052,1.06186,0.69,-0.00033,-0.00033
1779358148.8162,plane,468,19,0.49956,0.49917,0.999907,3.79904,0.98740,0.08,0.00017,0.00014
1779358148.9087,plane,469,19,0.49953,0.49915,0.999956,2.82325,1.01785,0.18,-0.00026,-0.00023
1779358149.0203,plane,470,19,0.49954,0.49916,0.999953,1.69229,0.69315,89.86,0.00001,0.00002
1779358149.1229,plane,471,19,0.49951,0.49913,1.000000,1.00000,0.56250,0.00,-0.00023,-0.00023
1779358149.2108,plane,472,19,0.49951,0.49913,1.000000,1.00000,0.56250,0.00,0.00000,0.00000
1779358149.3139,plane,473,19,0.49951,0.49913,1.000000,1.00000,0.56250,0.00,0.00000,0.00000
1779358149.4228,plane,474,19,0.49951,0.49913,1.000000,1.00000,0.56250,0.00,0.00000,0.00000
1779358149.5199,plane,475,19,0.49953,0.49915,0.999963,1.16229,1.09119,88.11,0.00019,0.00019
1779358149.6186,plane,476,19,0.49952,0.49914,0.999988,1.27381,0.90257,89.82,-0.00013,-0.00013
1779358149.7081,plane,477,19,0.49954,0.49916,0.999946,2.61294,1.02149,0.17,0.00024,0.00023
1779358149.8231,plane,478,19,0.49951,0.49913,1.000000,1.00000,0.56250,0.00,-0.00024,-0.00023
1779358149.9221,plane,479,19,0.49952,0.49914,0.999981,1.94825,0.65281,89.93,0.00009,0.00009
1779358150.0114,plane,480,19,0.49951,0.49913,1.000000,1.00000,0.56250,0.00,-0.00010,-0.00010
1779358150.1080,plane,481,19,0.49951,0.49913,1.000000,1.00000,0.56250,0.00,0.00000,0.00000
1779358150.2222,plane,482,19,0.49951,0.49913,1.000000,1.00000,0.56250,0.00,0.00000,0.00000
1779358150.3190,plane,483,19,0.49951,0.49913,1.000000,1.00000,0.56250,0.00,0.00000,0.00000
1779358150.4189,plane,484,19,0.49951,0.49913,1.000000,1.00000,0.56250,0.00,0.00000,0.00000
1779358150.5222,plane,485,19,0.49951,0.49913,1.000000,1.00000,0.56250,0.00,0.00000,0.00000
1779358150.6225,plane,486,19,0.49951,0.49913,1.000000,1.00000,0.56250,0.00,0.00000,0.00000
1779358150.7258,plane,487,19,0.49951,0.49913,1.000000,1.00000,0.56250,0.00,0.00000,0.00000
1779358150.8183,plane,488,19,0.49951,0.49913,1.000000,1.00000,0.56250,0.00,0.00000,0.00000
1779358150.9078,plane,489,19,0.49951,0.49913,1.000000,1.00000,0.56250,0.00,0.00000,0.00000
1779358151.0196,plane,490,19,0.49951,0.49913,1.000000,1.00000,0.56250,0.00,0.00000,0.00000
1779358151.1191,plane,491,19,0.49951,0.49913,1.000000,1.00000,0.56250,0.00,0.00000,0.00000
1779358151.2125,plane,492,19,0.49951,0.49913,1.000000,1.00000,0.56250,0.00,0.00000,0.00000
1779358151.3086,plane,493,19,0.49951,0.49913,1.000000,1.00000,0.56250,0.00,0.00000,0.00000
1779358151.4245,plane,494,19,0.49951,0.49913,1.000000,1.00000,0.56250,0.00,0.00000,0.00000
1779358151.5276,plane,495,19,0.49951,0.49913,1.000000,1.00000,0.56250,0.00,0.00000,0.00000
1779358151.6197,plane,496,19,0.49951,0.49913,1.000000,1.00000,0.56250,0.00,0.00000,0.00000
1779358151.7080,plane,497,19,0.49952,0.49914,0.999981,3.24738,0.98428,0.01,0.00010,0.00010
1779358151.8201,plane,498,19,0.49961,0.49923,0.999795,1.95411,1.03882,0.57,0.00082,0.00080
1779358151.9178,plane,499,19,0.49964,0.49926,0.999739,1.89053,1.03920,1.03,0.00026,0.00028
1779358152.0152,plane,500,19,0.49995,0.49954,0.999105,2.43131,1.02107,0.63,0.00322,0.00285
1779358152.1080,plane,501,19,0.50149,0.50112,0.995595,1.14128,0.99304,91.91,0.01656,0.01706
1779358152.2223,plane,502,19,0.50277,0.50426,0.987946,1.09279,1.04700,108.03,0.01119,0.02749
1779358152.3261,plane,503,19,0.49785,0.53323,0.917813,2.32346,1.45787,54.23,-0.04770,0.28070
1779358152.4162,plane,504,19,0.48828,0.59537,0.756497,0.89540,0.85655,0.00,-0.10558,0.68580
1779358152.5093,plane,505,19,0.43591,0.61997,0.602617,0.52286,0.48423,94.53,-0.56232,0.26408
1779358152.6332,plane,506,19,0.43428,0.47269,0.002346,0.05006,0.04283,76.43,-0.01325,-1.19583
1779358152.6332,plane,506,20,0.30936,0.77639,0.283374,0.86157,0.79017,124.04,0.00000,0.00000
1779358152.6332,plane,506,21,0.52785,0.10444,0.026616,0.15392,0.13969,56.32,0.00000,0.00000
1779358152.7301,plane,507,20,0.28517,0.77577,0.275528,0.81016,0.40854,114.87,-0.24937,-0.00644
1779358152.7301,plane,507,21,0.54579,0.06951,0.003922,0.07551,0.04488,2.44,0.18490,-0.36013
1779358152.8143,plane,508,20,0.26985,0.69961,0.348618,1.40971,0.71075,152.25,-0.18047,-0.89727
1779358152.8143,plane,508,21,0.53254,0.08291,0.010381,0.09908,0.08200,39.20,-0.15617,0.15792
1779358152.9072,plane,509,19,0.29880,0.51423,0.589547,0.43341,0.42803,178.55,-1.45765,0.44691
1779358153.0222,plane,510,19,0.31842,0.51405,0.633416,0.48266,0.46359,173.86,0.17063,-0.00162
1779358153.1184,plane,511,19,0.30621,0.51422,0.607224,0.40590,0.39438,0.00,-0.12695,0.00180
1779358153.2112,plane,512,19,0.28911,0.52181,0.565343,0.36444,0.32897,0.00,-0.18395,0.08169
1779358153.3120,plane,513,19,0.26372,0.62102,0.423786,21.41680,1.79936,100.97,-0.25242,0.98618
1779358153.3120,plane,513,21,0.53034,0.06912,0.005636,0.08971,0.06064,47.42,-0.02183,-0.13711
1779358153.4203,plane,514,19,0.24660,0.75354,0.266732,2.06394,0.24945,122.13,-0.15796,1.22248
1779358153.5191,plane,515,19,0.21566,0.81633,0.174088,1.54958,0.17216,116.37,-0.31298,0.63511
1779358153.5191,plane,515,22,0.95096,0.97279,0.005586,0.34217,0.10271,87.88,0.00000,0.00000
1779358153.6157,plane,516,19,0.15402,0.84154,0.107625,1.10047,0.16431,97.44,-0.63871,0.26129
1779358153.6157,plane,516,22,0.92247,0.85695,0.048762,0.39228,0.15944,47.39,-0.29528,-1.20049
1779358153.7073,plane,517,23,0.63787,0.67848,0.404107,1.17866,0.69187,111.28,0.00000,0.00000
1779358153.8307,plane,518,23,0.62075,0.59159,0.643060,0.95096,0.46729,104.59,-0.13907,-0.70566
1779358153.9177,plane,519,23,0.61524,0.55763,0.708978,11.67200,1.42730,0.00,-0.06320,-0.38976
1779358154.0110,plane,520,23,0.61710,0.52049,0.731057,3.10891,0.82176,107.57,0.01986,-0.39760
1779358154.1094,plane,521,23,0.51809,0.50589,0.961054,0.67678,0.48135,0.00,-1.00823,-0.14870
1779358154.2216,plane,522,23,0.49951,0.49913,1.000000,1.00000,0.56250,0.00,-0.16553,-0.06021
1779358154.3210,plane,523,23,0.49951,0.49913,1.000000,1.00000,0.56250,0.00,0.00000,0.00000
1779358154.4175,plane,524,23,0.49951,0.49913,1.000000,1.00000,0.56250,0.00,0.00000,0.00000
1779358154.5077,plane,525,23,0.49951,0.49913,1.000000,1.00000,0.56250,0.00,0.00000,0.00000
1779358154.6217,plane,526,23,0.49951,0.49913,1.000000,1.00000,0.56250,0.00,0.00000,0.00000
1779358154.7219,plane,527,23,0.49951,0.49913,1.000000,1.00000,0.56250,0.00,0.00000,0.00000
1779358154.8130,plane,528,23,0.49951,0.49913,1.000000,1.00000,0.56250,0.00,0.00000,0.00000
1779358154.9082,plane,529,24,0.68131,0.52123,0.630017,0.47508,0.45785,6.79,0.00000,0.00000
1779358155.0244,plane,530,24,0.71333,0.52184,0.564701,0.38157,0.36870,5.78,0.27572,0.00530
1779358155.1168,plane,531,24,0.70354,0.52649,0.579914,0.35649,0.31956,4.90,-0.10586,0.05026
1779358155.2112,plane,532,24,0.68594,0.52787,0.615684,0.41520,0.36948,5.68,-0.18635,0.01459
1779358155.3085,plane,533,24,0.66489,0.52391,0.662381,0.58461,0.51355,7.66,-0.21647,-0.04075
1779358155.4253,plane,534,23,0.64423,0.51796,0.706380,1.33476,0.62193,15.25,1.23939,0.16128
1779358155.5183,plane,535,23,0.62225,0.50340,0.753591,1.65688,0.90393,2.60,-0.23679,-0.15686
1779358155.6114,plane,536,23,0.61304,0.49635,0.772530,1.42736,0.83303,175.86,-0.09861,-0.07557
1779358155.7102,plane,537,23,0.61746,0.49734,0.763735,1.34532,0.82374,177.48,0.04478,0.01008
1779358155.8229,plane,538,23,0.66524,0.48595,0.666984,1.16182,0.60831,174.84,0.42502,-0.10137
1779358155.9253,plane,539,23,0.80150,0.45603,0.385440,0.59127,0.31826,166.58,1.33656,-0.29344
1779358156.0220,plane,540,,,,,,,,,
1779358156.1178,plane,541,,,,,,,,,
1779358156.2178,plane,542,,,,,,,,,
1779358156.3308,plane,543,,,,,,,,,
1779358156.4231,plane,544,,,,,,,,,
1779358156.5064,plane,545,,,,,,,,,
1779358156.6174,plane,546,,,,,,,,,
1779358156.7138,plane,547,,,,,,,,,
1779358156.8173,plane,548,,,,,,,,,
1779358156.9056,plane,549,,,,,,,,,
1779358157.0178,plane,550,,,,,,,,,
1779358157.1180,plane,551,,,,,,,,,
1779358157.2097,plane,552,,,,,,,,,
1779358157.3063,plane,553,,,,,,,,,
1779358157.4174,plane,554,,,,,,,,,
1779358157.5156,plane,555,,,,,,,,,
1779358157.6157,plane,556,,,,,,,,,
1779358157.7094,plane,557,,,,,,,,,
1779358157.8183,plane,558,,,,,,,,,
1779358157.9155,plane,559,25,0.05591,0.15958,0.025804,0.35132,0.14689,85.09,0.00000,0.00000
1779358158.0126,plane,560,,,,,,,,,
1779358158.1054,plane,561,,,,,,,,,
1779358158.2176,plane,562,,,,,,,,,
1779358158.3135,plane,563,,,,,,,,,
1779358158.4099,plane,564,,,,,,,,,
1779358158.5063,plane,565,25,0.03636,0.04527,0.007631,0.19125,0.04777,82.50,-0.20287,-1.18627
1779358158.6230,plane,566,25,0.08102,0.05866,0.020104,0.19821,0.05261,72.28,0.38310,0.11484
1779358158.7168,plane,567,25,0.10097,0.05955,0.025494,0.25321,0.06719,72.48,0.21283,0.00957
1779358158.8138,plane,568,25,0.05610,0.06247,0.016106,0.05356,0.04618,14.28,-0.46333,0.03015
1779358158.9083,plane,569,25,0.04275,0.04598,0.009087,0.06149,0.05528,9.34,-0.14078,-0.17407
1779358159.0190,plane,570,25,0.02948,0.03028,0.004179,0.04920,0.01777,0.00,-0.11984,-0.14179
1779358159.1173,plane,571,,,,,,,,,
1779358159.2107,plane,572,,,,,,,,,
1779358159.3055,plane,573,,,,,,,,,
1779358159.4183,plane,574,26,0.01153,0.94004,0.002974,0.07659,0.03255,165.63,0.00000,0.00000
1779358159.5197,plane,575,26,0.01279,0.92976,0.003779,0.09660,0.03078,174.49,0.01253,-0.10196
1779358159.6129,plane,576,26,0.01517,0.92794,0.004706,0.11661,0.06760,150.66,0.02539,-0.01946
1779358159.7080,plane,577,26,0.01459,0.91672,0.005180,0.11939,0.05830,160.28,-0.00606,-0.11798
1779358159.8188,plane,578,26,0.01479,0.91482,0.005234,0.10760,0.03793,174.54,0.00182,-0.01709
1779358159.9145,plane,579,26,0.01767,0.91186,0.006600,0.13179,0.06159,156.88,0.03006,-0.03096
1779358160.0104,plane,580,26,0.02163,0.90849,0.008643,0.14776,0.07416,159.02,0.04128,-0.03509
1779358160.1060,plane,581,26,0.01852,0.91586,0.006804,0.14943,0.05873,155.87,-0.03253,0.07707
1779358160.2181,plane,582,26,0.01867,0.91618,0.006643,0.11594,0.05329,162.15,0.00129,0.00290
1779358160.3158,plane,583,26,0.01611,0.91449,0.005846,0.13838,0.05608,157.12,-0.02613,-0.01737
1779358160.4104,plane,584,26,0.01590,0.92186,0.005322,0.11121,0.05130,165.08,-0.00224,0.07800
1779358160.5066,plane,585,26,0.01510,0.92036,0.005273,0.13036,0.03798,169.17,-0.00836,-0.01551
1779358160.6194,plane,586,26,0.01630,0.92356,0.005256,0.11211,0.04091,168.21,0.01069,0.02839
1779358160.7245,plane,587,26,0.01648,0.91795,0.005641,0.11356,0.06456,162.42,0.00167,-0.05338
1779358160.8145,plane,588,26,0.02358,0.89483,0.010796,0.16204,0.06394,160.67,0.07897,-0.25717
1779358160.8145,plane,588,27,0.96486,0.96154,0.005619,0.28702,0.15635,47.82,0.00000,0.00000
1779358160.9070,plane,589,26,0.03340,0.88006,0.017751,0.25934,0.08838,152.57,0.10594,-0.15928
1779358160.9070,plane,589,27,0.93862,0.95029,0.013089,3.11058,1.35312,0.00,-0.28293,-0.12128
1779358161.0225,plane,590,26,0.07193,0.84872,0.046399,0.22958,0.12752,125.47,0.33347,-0.27123
1779358161.0225,plane,590,28,0.76978,0.94646,0.043818,0.57154,0.14240,82.51,0.00000,0.00000
1779358161.1179,plane,591,29,0.41497,0.86785,0.193573,1.72851,0.90484,72.45,0.00000,0.00000
1779358161.1179,plane,591,30,0.22586,0.04330,0.022863,0.27958,0.07976,92.36,0.00000,0.00000
1779358161.2120,plane,592,31,0.37332,0.66968,0.407718,1.03507,0.41431,92.76,0.00000,0.00000
1779358161.3095,plane,593,31,0.38895,0.61790,0.595885,1.01460,0.37301,84.69,0.16056,-0.53172
1779358161.4201,plane,594,31,0.41519,0.59206,0.691210,0.85952,0.31950,82.36,0.23732,-0.23367
1779358161.5154,plane,595,31,0.42500,0.58273,0.726593,0.84619,0.29524,92.65,0.10272,-0.09782
1779358161.6157,plane,596,31,0.41447,0.58859,0.694063,0.87695,0.31391,81.62,-0.10509,0.05855
1779358161.7088,plane,597,31,0.39815,0.59918,0.640708,0.93026,0.34635,82.65,-0.17516,0.11367
1779358161.8198,plane,598,31,0.39313,0.59906,0.628338,0.98011,0.35001,83.15,-0.04519,-0.00115
1779358161.9158,plane,599,31,0.40236,0.58961,0.664412,0.86108,0.32404,83.38,0.09625,-0.09845
1779358162.0120,plane,600,31,0.41337,0.58315,0.700977,0.79866,0.30559,82.93,0.11465,-0.06729
1779358162.1082,plane,601,31,0.42416,0.57727,0.735465,0.91567,0.29520,93.29,0.11190,-0.06105
1779358162.2251,plane,602,31,0.35020,0.55494,0.534336,0.96081,0.40968,101.15,-0.63351,-0.19129
1779358162.3204,plane,603,31,0.35695,0.56154,0.553836,1.01558,0.39970,99.68,0.07106,0.06952
1779358162.4163,plane,604,31,0.35994,0.56233,0.551751,0.95132,0.39614,101.04,0.03109,0.00821
1779358162.5111,plane,605,32,0.26298,0.22330,0.224514,0.60416,0.39838,69.70,0.00000,0.00000
1779358162.5111,plane,605,33,0.01289,0.90440,0.004161,0.10018,0.03158,0.04,0.00000,0.00000
1779358162.6190,plane,606,32,0.25294,0.21154,0.211322,0.78895,0.48190,43.34,-0.09290,-0.10881
1779358162.6190,plane,606,33,0.01381,0.89524,0.005007,0.11505,0.04331,176.21,0.00851,-0.08479
1779358162.7150,plane,607,32,0.25570,0.21777,0.219783,0.75135,0.48803,43.46,0.02868,0.06483
1779358162.8130,plane,608,32,0.26585,0.22308,0.230893,0.73814,0.49238,44.04,0.10382,0.05432
1779358162.9083,plane,609,32,0.26586,0.21341,0.219989,0.67410,0.47673,50.11,0.00013,-0.10128
1779358163.0186,plane,610,32,0.25616,0.19688,0.195806,0.62491,0.43759,58.86,-0.08794,-0.14987
1779358163.1144,plane,611,32,0.24439,0.18127,0.172395,0.57712,0.37476,69.25,-0.12283,-0.16290
1779358163.2116,plane,612,32,0.22845,0.16829,0.149273,0.53705,0.33445,75.95,-0.16446,-0.13382
1779358163.3078,plane,613,32,0.20807,0.15268,0.123316,0.46793,0.29370,80.62,-0.21132,-0.16197
1779358163.4185,plane,614,32,0.19314,0.13433,0.102203,0.45100,0.24745,82.78,-0.13488,-0.16575
1779358163.5185,plane,615,32,0.18722,0.12227,0.092016,0.45444,0.21549,80.24,-0.05961,-0.12147
1779358163.6201,plane,616,32,0.18348,0.11623,0.086622,0.52253,0.34547,174.86,-0.03673,-0.05926
1779358163.7066,plane,617,32,0.17942,0.10973,0.081265,1.13556,0.33949,3.28,-0.04687,-0.07500
1779358163.8188,plane,618,32,0.17663,0.10436,0.077411,0.60458,0.20752,70.27,-0.02486,-0.04788
1779358163.9229,plane,619,32,0.17503,0.10462,0.077264,0.31026,0.20177,0.00,-0.01537,0.00246
1779358164.0179,plane,620,32,0.17466,0.11203,0.081178,0.58915,0.37041,170.99,-0.00390,0.07811
1779358164.1083,plane,621,32,0.17487,0.11840,0.084529,0.52445,0.21070,74.35,0.00240,0.07031
1779358164.2192,plane,622,32,0.17397,0.11981,0.084735,0.46959,0.19315,78.17,-0.00813,0.01271
1779358164.3153,plane,623,32,0.17127,0.11768,0.082211,0.48187,0.18703,77.23,-0.02812,-0.02219
1779358164.4146,plane,624,32,0.16906,0.11504,0.079693,0.47851,0.19195,75.52,-0.02228,-0.02664
1779358164.5081,plane,625,32,0.16729,0.11285,0.077628,0.49198,0.18538,76.02,-0.01900,-0.02343
1779358164.6204,plane,626,32,0.16695,0.11660,0.079293,0.48534,0.18502,76.41,-0.00301,0.03341
1779358164.7156,plane,627,32,0.17141,0.12964,0.088150,0.44922,0.20645,76.38,0.04688,0.13694
1779358164.8126,plane,628,32,0.17939,0.14550,0.101306,0.43950,0.22047,76.41,0.08220,0.16336
1779358164.9079,plane,629,32,0.19493,0.16671,0.119631,0.50062,0.22350,74.41,0.16322,0.22281
1779358165.0192,plane,630,32,0.21847,0.19507,0.139991,0.53545,0.21943,77.91,0.21112,0.25432
1779358165.1170,plane,631,32,0.23094,0.23565,0.151581,0.56216,0.23216,75.70,0.12761,0.41531
1779358165.2107,plane,632,32,0.23245,0.29510,0.156479,0.53803,0.25241,78.43,0.01614,0.63422
1779358165.3072,plane,633,32,0.23451,0.34236,0.159768,0.52647,0.25985,80.51,0.02138,0.48967
1779358165.4190,plane,634,32,0.23556,0.37054,0.160690,0.52172,0.26377,82.74,0.00937,0.25236
1779358165.5164,plane,635,32,0.23593,0.38228,0.160370,0.52161,0.26552,82.29,0.00377,0.12037
1779358165.6153,plane,636,32,0.23567,0.38356,0.159510,0.51908,0.26344,81.98,-0.00260,0.01295
1779358165.7097,plane,637,32,0.23496,0.38017,0.158466,0.51598,0.26353,82.72,-0.00749,-0.03585
1779358165.8227,plane,638,32,0.23443,0.37751,0.158093,0.51383,0.26233,82.52,-0.00469,-0.02358
1779358165.9153,plane,639,32,0.23395,0.37966,0.157827,0.51833,0.25957,82.21,-0.00519,0.02320
1779358166.0173,plane,640,32,0.23395,0.38484,0.158218,0.51144,0.26547,82.99,-0.00005,0.05092
1779358166.1112,plane,641,32,0.23468,0.38588,0.159134,0.52025,0.26277,83.43,0.00777,0.01106
1779358166.2191,plane,642,32,0.23494,0.38492,0.159651,0.51272,0.26674,83.25,0.00239,-0.00894
1779358166.3146,plane,643,32,0.23593,0.38080,0.160307,0.51201,0.26977,82.79,0.01040,-0.04300
1779358166.4133,plane,644,32,0.23549,0.37693,0.158164,0.51454,0.26197,82.57,-0.00446,-0.03950
1779358166.5136,plane,645,32,0.23526,0.37162,0.157540,0.51633,0.25916,82.38,-0.00235,-0.05281
1779358166.6181,plane,646,32,0.23486,0.36488,0.156687,0.50954,0.26116,81.83,-0.00375,-0.06437
1779358166.7180,plane,647,32,0.23399,0.35341,0.154722,0.51278,0.25535,81.10,-0.00875,-0.11538
1779358166.7180,plane,647,34,0.01136,0.92871,0.002774,0.08541,0.03361,179.42,0.00000,0.00000
1779358166.8121,plane,648,32,0.23184,0.33779,0.150514,0.51374,0.24879,80.49,-0.02284,-0.16532
1779358166.9067,plane,649,32,0.23072,0.32572,0.148273,0.51282,0.24500,79.62,-0.01178,-0.12744
1779358167.0194,plane,650,32,0.23098,0.32480,0.148810,0.51578,0.24257,79.40,0.00227,-0.00821
1779358167.1162,plane,651,32,0.23175,0.33293,0.150504,0.51301,0.24637,79.55,0.00803,0.08391
1779358167.2108,plane,652,32,0.23164,0.33237,0.150440,0.50638,0.24943,80.61,-0.00124,-0.00589
1779358167.3091,plane,653,32,0.22998,0.32155,0.147963,0.50815,0.24481,79.48,-0.01695,-0.11041
1779358167.4207,plane,654,32,0.22958,0.31320,0.147071,0.50847,0.24278,79.22,-0.00355,-0.07484
1779358167.5168,plane,655,32,0.22942,0.31187,0.146857,0.50752,0.24424,79.56,-0.00164,-0.01377
1779358167.6152,plane,656,32,0.22899,0.31365,0.146378,0.50828,0.24112,79.75,-0.00436,0.01810
1779358167.7064,plane,657,32,0.22792,0.31359,0.145248,0.50709,0.24141,78.77,-0.01168,-0.00068
1779358167.8184,plane,658,32,0.23060,0.30216,0.146437,0.51667,0.23589,77.15,0.02388,-0.10212
1779358167.9158,plane,659,32,0.23087,0.29053,0.144838,0.52383,0.23413,76.76,0.00286,-0.11950
1779358168.0118,plane,660,32,0.22992,0.27108,0.140735,0.53278,0.22335,76.54,-0.00997,-0.20269
1779358168.1070,plane,661,32,0.23087,0.22963,0.137251,0.53900,0.21762,75.98,0.01001,-0.43487
1779358168.2203,plane,662,32,0.23374,0.20695,0.139303,0.55723,0.21009,75.04,0.02534,-0.20026
1779358168.3157,plane,663,32,0.23698,0.21164,0.142614,0.58002,0.21278,74.10,0.03395,0.04920
1779358168.4107,plane,664,32,0.24041,0.21995,0.144809,0.60782,0.21207,73.09,0.03605,0.08740
1779358168.5066,plane,665,32,0.24097,0.22319,0.144448,0.61161,0.21172,73.05,0.00584,0.03373
1779358168.6190,plane,666,32,0.23635,0.21937,0.139965,0.64663,0.20129,71.61,-0.04111,-0.03393
1779358168.7172,plane,667,32,0.22942,0.22455,0.134555,0.68348,0.19305,70.81,-0.07065,0.05278
1779358168.8167,plane,668,32,0.22282,0.24380,0.129120,0.70208,0.18594,71.85,-0.06634,0.19370
1779358168.9064,plane,669,32,0.21176,0.26997,0.118997,1.04269,0.17893,71.51,-0.12305,0.29108
1779358169.0185,plane,670,32,0.24727,0.28318,0.148144,0.56383,0.23757,78.50,0.31667,0.11788
1779358169.1177,plane,671,32,0.25461,0.27563,0.158054,0.55996,0.24770,75.95,0.07408,-0.07624
1779358169.2105,plane,672,32,0.25704,0.27572,0.161224,0.56194,0.25028,75.46,0.02622,0.00093
1779358169.3118,plane,673,32,0.25557,0.28786,0.160053,0.55670,0.25219,75.32,-0.01462,0.12004
1779358169.4207,plane,674,32,0.25505,0.30209,0.160182,0.55566,0.25062,75.52,-0.00476,0.13054
1779358169.5153,plane,675,32,0.25151,0.33946,0.162771,0.60144,0.25294,73.29,-0.03738,0.39436
1779358169.6131,plane,676,32,0.24782,0.44829,0.173530,0.69678,0.24874,72.98,-0.03783,1.11577
1779358169.7071,plane,677,32,0.24591,0.59496,0.178477,0.73214,0.24905,76.68,-0.02019,1.55618
1779358169.7071,plane,677,35,0.10295,0.02172,0.006434,0.20673,0.05335,88.67,0.00000,0.00000
1779358169.8245,plane,678,32,0.24743,0.71548,0.178097,0.59540,0.25025,83.54,0.01292,1.02664
1779358169.8245,plane,678,35,0.08694,0.13224,0.020852,0.24723,0.08307,115.04,-0.13642,0.94144
1779358169.8245,plane,678,36,0.23113,0.04167,0.008757,0.12519,0.05062,95.61,0.00000,0.00000
1779358169.9201,plane,679,32,0.25216,0.79595,0.169759,0.51820,0.23167,92.00,0.04950,0.84221
1779358169.9201,plane,679,35,0.08761,0.21777,0.025126,0.35020,0.18157,118.11,0.00702,0.89504
1779358169.9201,plane,679,36,0.31984,0.04564,0.003850,0.11064,0.03538,64.86,0.92839,0.04151
1779358169.9201,plane,679,37,0.22545,0.14941,0.011710,0.12593,0.06915,93.16,0.00000,0.00000
1779358170.0133,plane,680,32,0.25047,0.83473,0.153317,0.47624,0.21401,92.19,-0.01814,0.41616
1779358170.0133,plane,680,35,0.13712,0.31517,0.031328,0.52244,0.23855,117.59,0.53133,1.04525
1779358170.0133,plane,680,36,0.32223,0.11435,0.004618,0.11229,0.03855,66.94,0.02559,0.73729
1779358170.0133,plane,680,37,0.22221,0.21452,0.012043,0.13183,0.06852,94.07,-0.03484,0.69871
1779358170.0133,plane,680,38,0.38489,0.45719,0.003886,0.18446,0.02196,124.10,0.00000,0.00000
1779358170.0133,plane,680,39,0.39093,0.34690,0.003659,0.13661,0.02688,117.73,0.00000,0.00000
1779358170.1141,plane,681,32,0.24811,0.84886,0.142198,0.47381,0.19483,89.64,-0.02338,0.14017
1779358170.1141,plane,681,35,0.13831,0.34329,0.030156,0.50870,0.21726,118.87,0.01176,0.27907
1779358170.1141,plane,681,36,0.25076,0.21708,0.016788,0.23947,0.07708,70.21,-0.70924,1.01945
1779358170.1141,plane,681,38,0.38346,0.48803,0.004011,0.17904,0.02150,123.66,-0.01417,0.30603
1779358170.1141,plane,681,39,0.38871,0.37755,0.003732,0.13336,0.03193,117.52,-0.02204,0.30417
1779358170.2228,plane,682,32,0.24607,0.85416,0.137224,0.48794,0.18945,89.57,-0.01879,0.04879
1779358170.2228,plane,682,35,0.13844,0.35598,0.030062,0.51047,0.22158,119.51,0.00127,0.11670
1779358170.2228,plane,682,36,0.25111,0.23208,0.017266,0.24563,0.07698,70.54,0.00323,0.13801
1779358170.2228,plane,682,38,0.38133,0.50215,0.004150,0.17497,0.02248,124.24,-0.01954,0.12986
1779358170.2228,plane,682,39,0.38627,0.39199,0.003866,0.13225,0.03339,117.33,-0.02242,0.13280
1779358170.3291,plane,683,32,0.24507,0.85355,0.137192,0.48266,0.19275,90.03,-0.00938,-0.00580
1779358170.3291,plane,683,35,0.13871,0.35914,0.030031,0.51065,0.22836,119.18,0.00248,0.02970
1779358170.3291,plane,683,36,0.25031,0.23593,0.017487,0.23911,0.07964,70.88,-0.00756,0.03627
1779358170.3291,plane,683,38,0.37938,0.50386,0.004223,0.17000,0.02367,124.22,-0.01845,0.01612
1779358170.3291,plane,683,39,0.38507,0.39534,0.003928,0.13450,0.03159,118.04,-0.01135,0.03159
1779358170.4219,plane,684,32,0.24592,0.84849,0.141006,0.47002,0.19666,90.67,0.00910,-0.05466
1779358170.4219,plane,684,35,0.13873,0.35174,0.030101,0.50038,0.21116,119.97,0.00022,-0.07998
1779358170.4219,plane,684,36,0.24994,0.22868,0.017365,0.24327,0.07772,70.24,-0.00395,-0.07841
1779358170.4219,plane,684,38,0.37934,0.49395,0.004235,0.17658,0.02364,123.64,-0.00035,-0.10716
1779358170.4219,plane,684,39,0.38538,0.38672,0.003915,0.13448,0.03218,117.14,0.00344,-0.09319
1779358170.5121,plane,685,32,0.24672,0.84284,0.144938,0.46921,0.20607,91.73,0.00890,-0.06239
1779358170.5121,plane,685,35,0.13833,0.34162,0.030023,0.52063,0.23647,118.03,-0.00444,-0.11185
1779358170.5121,plane,685,36,0.24901,0.21816,0.017353,0.24174,0.07901,70.68,-0.01031,-0.11627
1779358170.5121,plane,685,38,0.37984,0.48297,0.004217,0.16836,0.02369,123.72,0.00555,-0.12133
1779358170.5121,plane,685,39,0.38647,0.37612,0.003979,0.13890,0.03108,117.04,0.01206,-0.11718
1779358170.6342,plane,686,32,0.24731,0.83618,0.148363,0.45592,0.21750,93.15,0.00481,-0.05473
1779358170.6342,plane,686,35,0.13861,0.33190,0.030143,0.50257,0.22143,119.05,0.00232,-0.07989
1779358170.6342,plane,686,36,0.24958,0.20743,0.017400,0.24153,0.07881,70.17,0.00471,-0.08819
1779358170.6342,plane,686,38,0.37971,0.47074,0.004276,0.17153,0.02442,123.54,-0.00114,-0.10048
1779358170.6342,plane,686,39,0.38632,0.36492,0.004072,0.13419,0.03189,116.85,-0.00124,-0.09202
1779358170.7207,plane,687,32,0.24963,0.82525,0.154238,0.48310,0.21384,91.95,0.02673,-0.12564
1779358170.7207,plane,687,35,0.13929,0.31771,0.030560,0.51144,0.21939,117.56,0.00788,-0.16300
1779358170.7207,plane,687,36,0.24883,0.19149,0.017017,0.23296,0.07893,70.19,-0.00861,-0.18319
1779358170.7207,plane,687,38,0.38276,0.45133,0.003986,0.17969,0.02174,123.28,0.03514,-0.22308
1779358170.7207,plane,687,39,0.38970,0.34601,0.003764,0.13415,0.03030,115.56,0.03876,-0.21740
1779358170.8170,plane,688,32,0.25427,0.78845,0.166099,0.52651,0.23528,89.96,0.04835,-0.38338
1779358170.8170,plane,688,35,0.08664,0.22249,0.025331,0.46070,0.32258,105.92,-0.54856,-0.99194
1779358170.8170,plane,688,36,0.22647,0.16483,0.011354,0.12799,0.06567,92.34,-0.23300,-0.27773
1779358170.8170,plane,688,40,0.32143,0.06274,0.003913,0.10955,0.03626,63.30,0.00000,0.00000
1779358170.9077,plane,689,32,0.25525,0.72266,0.173299,0.59519,0.23794,82.94,0.01074,-0.72251
1779358170.9077,plane,689,35,0.09544,0.15933,0.023453,0.27287,0.10805,110.54,0.09665,-0.69371
1779358170.9077,plane,689,36,0.23658,0.06755,0.009754,0.11894,0.05989,92.84,0.11105,-1.06836
1779358171.0191,plane,690,32,0.25864,0.63987,0.176921,0.68966,0.24531,76.86,0.03044,-0.74326
1779358171.0191,plane,690,35,0.11772,0.08168,0.019619,0.32023,0.07064,103.15,0.19999,-0.69700
1779358171.1159,plane,691,32,0.26125,0.56036,0.176873,0.72142,0.23726,73.57,0.02694,-0.82171
1779358171.1159,plane,691,35,0.20714,0.04289,0.008070,0.29840,0.03860,97.59,0.92420,-0.40089
1779358171.1159,plane,691,41,0.47198,0.08834,0.004022,0.09524,0.04994,88.27,0.00000,0.00000
1779358171.2111,plane,692,32,0.26140,0.50160,0.175495,0.67695,0.24056,71.10,0.00154,-0.61700
1779358171.2111,plane,692,36,0.37957,0.03019,0.006510,0.23494,0.02811,94.31,1.50145,-0.39233
1779358171.3085,plane,693,32,0.26087,0.46416,0.174159,0.65435,0.24138,70.17,-0.00538,-0.38482
1779358171.4242,plane,694,32,0.26161,0.44076,0.174761,0.66571,0.23630,69.71,0.00632,-0.20245
1779358171.5155,plane,695,32,0.26385,0.42887,0.177224,0.66411,0.23689,69.41,0.02458,-0.13007
1779358171.6117,plane,696,32,0.26569,0.42585,0.179265,0.67044,0.23726,69.38,0.01905,-0.03129
1779358171.7100,plane,697,32,0.26699,0.42193,0.180144,0.67360,0.23520,69.35,0.01337,-0.04024
1779358171.8200,plane,698,32,0.26746,0.41759,0.180122,0.62703,0.25051,69.17,0.00428,-0.03925
1779358171.9159,plane,699,32,0.25415,0.41355,0.165863,0.65106,0.22569,70.29,-0.13887,-0.04212
1779358172.0130,plane,700,32,0.24924,0.39751,0.160165,0.73381,0.20049,69.04,-0.05053,-0.16529
1779358172.1075,plane,701,32,0.24750,0.39273,0.158147,0.70717,0.20347,69.45,-0.01848,-0.05052
1779358172.2183,plane,702,32,0.24713,0.39685,0.157983,0.68749,0.20969,70.38,-0.00332,0.03714
1779358172.3142,plane,703,32,0.24722,0.40520,0.157523,0.65720,0.21426,71.13,0.00093,0.08707
1779358172.4130,plane,704,32,0.24664,0.40587,0.156264,0.65290,0.21115,71.67,-0.00586,0.00677
1779358172.5078,plane,705,32,0.24507,0.40217,0.154778,0.66137,0.20840,71.29,-0.01652,-0.03897
1779358172.6199,plane,706,32,0.23903,0.40344,0.150557,0.66885,0.20386,71.38,-0.05383,0.01134
1779358172.7165,plane,707,32,0.23963,0.40580,0.150565,0.68500,0.20507,72.17,0.00619,0.02443
1779358172.8102,plane,708,32,0.24031,0.40947,0.151354,0.62042,0.21650,72.72,0.00721,0.03912
1779358172.9062,plane,709,32,0.23757,0.41417,0.149400,0.62029,0.21486,73.26,-0.02845,0.04890
1779358173.0182,plane,710,32,0.23862,0.41514,0.150294,0.61251,0.22017,73.95,0.00932,0.00864
1779358173.1143,plane,711,32,0.23911,0.41078,0.150684,0.59740,0.22364,73.16,0.00511,-0.04542
1779358173.2104,plane,712,32,0.24185,0.40368,0.152118,0.60517,0.22389,72.24,0.02851,-0.07367
1779358173.3079,plane,713,32,0.24093,0.40190,0.151355,0.60533,0.22357,71.97,-0.00946,-0.01837
1779358173.4207,plane,714,32,0.24106,0.40319,0.151276,0.60044,0.22760,72.61,0.00111,0.01144
1779358173.5152,plane,715,32,0.24000,0.40253,0.149097,0.59041,0.22439,72.86,-0.01116,-0.00694
1779358173.6106,plane,716,32,0.22705,0.40934,0.133484,0.62964,0.19777,71.63,-0.13573,0.07131
1779358173.7077,plane,717,32,0.23480,0.42281,0.139623,0.67410,0.18248,70.62,0.07988,0.13882
1779358173.8188,plane,718,32,0.25161,0.42862,0.149611,0.70536,0.18851,71.49,0.15129,0.05228
1779358173.9188,plane,719,32,0.25029,0.42523,0.148965,0.69450,0.18639,70.89,-0.01313,-0.03389
1779358174.0127,plane,720,32,0.25179,0.41811,0.150138,0.67790,0.18829,70.07,0.01597,-0.07584
1779358174.1068,plane,721,32,0.25168,0.41931,0.150179,0.67420,0.18814,70.45,-0.00122,0.01270
1779358174.2198,plane,722,32,0.25127,0.42469,0.150016,0.67964,0.18847,70.54,-0.00367,0.04762
1779358174.3194,plane,723,32,0.25092,0.43354,0.150077,0.67176,0.18795,70.24,-0.00350,0.08904
1779358174.4120,plane,724,32,0.25082,0.43552,0.150119,0.66003,0.18780,69.85,-0.00100,0.02134
1779358174.5074,plane,725,32,0.24623,0.43362,0.147196,0.59448,0.18886,68.75,-0.04803,-0.01983
1779358174.6182,plane,726,32,0.24707,0.43044,0.147853,0.64815,0.18569,69.80,0.00756,-0.02869
1779358174.7154,plane,727,32,0.24868,0.43051,0.148499,0.62511,0.18732,68.49,0.01661,0.00074
1779358174.8156,plane,728,32,0.24966,0.42875,0.148868,0.63617,0.18676,68.83,0.00981,-0.01762
1779358174.9063,plane,729,32,0.24893,0.42862,0.148478,0.64038,0.18768,68.87,-0.00810,-0.00142
1779358175.0189,plane,730,32,0.24601,0.42786,0.146632,0.61298,0.18822,67.55,-0.02594,-0.00682
1779358175.1234,plane,731,32,0.26412,0.39961,0.166867,0.54058,0.27061,57.82,0.17374,-0.27092
1779358175.2110,plane,732,32,0.27070,0.40107,0.176685,0.52678,0.30132,58.39,0.07492,0.01664
1779358175.3065,plane,733,32,0.27240,0.40202,0.178223,0.52856,0.29875,57.99,0.01778,0.00994
1779358175.4184,plane,734,32,0.27228,0.40545,0.178050,0.53077,0.30151,58.91,-0.00109,0.03057
1779358175.5238,plane,735,32,0.27261,0.40677,0.178082,0.53181,0.29863,58.03,0.00319,0.01254
1779358175.6120,plane,736,32,0.27305,0.40853,0.178472,0.52609,0.30574,58.24,0.00500,0.01995
1779358175.7103,plane,737,32,0.27328,0.41088,0.178808,0.52907,0.31230,58.96,0.00235,0.02397
1779358175.8268,plane,738,32,0.27369,0.41512,0.179120,0.52913,0.30436,56.82,0.00345,0.03638
1779358175.9168,plane,739,32,0.27307,0.41985,0.178085,0.52579,0.30381,56.66,-0.00685,0.05251
1779358176.0105,plane,740,32,0.27035,0.43824,0.175122,0.51897,0.30381,58.80,-0.02892,0.19600
1779358176.1100,plane,741,32,0.27022,0.46596,0.175407,0.51616,0.30384,61.17,-0.00136,0.27887
1779358176.2200,plane,742,32,0.27290,0.47562,0.178314,0.51228,0.29739,58.69,0.02433,0.08776
1779358176.2200,plane,742,42,0.29054,0.01707,0.003465,0.29354,0.04012,0.00,0.00000,0.00000
1779358176.3159,plane,743,32,0.27342,0.47722,0.179165,0.51289,0.30032,60.52,0.00544,0.01669
1779358176.3159,plane,743,42,0.29207,0.01611,0.003170,0.35060,0.02853,101.34,0.01595,-0.01005
1779358176.4232,plane,744,32,0.27244,0.47972,0.178645,0.51016,0.29556,58.54,-0.00916,0.02335
1779358176.4232,plane,744,42,0.29676,0.01499,0.002799,0.17408,0.01989,98.96,0.04381,-0.01047
1779358176.5270,plane,745,32,0.27229,0.48018,0.178346,0.51186,0.29546,60.90,-0.00139,0.00440
1779358176.5270,plane,745,42,0.30125,0.01332,0.002726,0.19520,0.01844,97.49,0.04333,-0.01616
1779358176.6210,plane,746,32,0.27460,0.47931,0.180201,0.51184,0.29070,57.72,0.02449,-0.00915
1779358176.6210,plane,746,42,0.30906,0.00825,0.002206,0.20133,0.01317,90.33,0.08285,-0.05371
1779358176.7209,plane,747,32,0.27765,0.47542,0.180991,0.51950,0.31711,65.16,0.03059,-0.03906
1779358176.7209,plane,747,42,0.29949,0.01213,0.004712,0.21344,0.02471,92.85,-0.09601,0.03896
1779358176.8208,plane,748,32,0.28196,0.46220,0.184940,0.52864,0.31612,65.08,0.04320,-0.13238
1779358176.8208,plane,748,42,0.31676,0.01251,0.005322,0.21641,0.02521,90.99,0.17301,0.00378
1779358176.9067,plane,749,32,0.28289,0.46023,0.184940,0.53225,0.32392,69.23,0.01069,-0.02283
1779358176.9067,plane,749,42,0.33659,0.01853,0.007329,0.21898,0.02648,92.09,0.22954,0.06972
1779358177.0192,plane,750,32,0.28592,0.44107,0.190833,0.54383,0.32811,76.91,0.02697,-0.17040
1779358177.0192,plane,750,42,0.36187,0.02059,0.006421,0.20410,0.02448,94.60,0.22487,0.01833
1779358177.1170,plane,751,32,0.29101,0.41194,0.205209,0.53304,0.34392,89.62,0.05207,-0.29838
1779358177.1170,plane,751,42,0.38351,0.02280,0.004557,0.66934,0.03598,103.63,0.22163,0.02264
1779358177.2123,plane,752,32,0.27313,0.37865,0.210873,0.59270,0.41857,70.52,-0.18766,-0.34942
1779358177.3122,plane,753,32,0.24969,0.31523,0.213911,0.57554,0.39091,72.41,-0.23400,-0.63306
1779358177.4196,plane,754,32,0.27353,0.24507,0.218725,0.58332,0.31996,72.96,0.22232,-0.65423
1779358177.5184,plane,755,32,0.28250,0.23457,0.218721,0.57054,0.30352,77.70,0.09079,-0.10634
1779358177.6115,plane,756,32,0.28509,0.25104,0.219799,0.56213,0.31012,81.20,0.02778,0.17657
1779358177.7175,plane,757,32,0.29344,0.26554,0.224933,0.56774,0.31471,85.11,0.07908,0.13724
1779358177.8215,plane,758,32,0.30095,0.28339,0.220939,0.57357,0.32036,90.53,0.07204,0.17129
1779358177.9294,plane,759,32,0.31707,0.31004,0.224345,0.59519,0.32788,90.17,0.14924,0.24677
1779358178.0123,plane,760,32,0.32235,0.34272,0.215324,0.60133,0.32212,83.67,0.06381,0.39478
1779358178.1073,plane,761,32,0.31207,0.41765,0.203686,0.60297,0.30897,78.02,-0.10820,0.78826
1779358178.2238,plane,762,32,0.28932,0.46682,0.189602,0.58263,0.28437,70.50,-0.19568,0.42297
1779358178.2238,plane,762,43,0.35453,0.05076,0.010391,0.21053,0.03991,101.18,0.00000,0.00000
1779358178.3251,plane,763,32,0.27282,0.45144,0.173757,0.56396,0.27578,66.99,-0.16251,-0.15145
1779358178.3251,plane,763,43,0.31155,0.03355,0.008223,0.20285,0.02915,96.52,-0.42335,-0.16949
1779358178.4108,plane,764,32,0.26591,0.42666,0.171026,0.55249,0.27117,63.57,-0.08057,-0.28904
1779358178.5121,plane,765,32,0.26993,0.41404,0.178645,0.55149,0.27598,60.71,0.03971,-0.12490
1779358178.6321,plane,766,32,0.26789,0.42162,0.177951,0.54141,0.27522,60.96,-0.01701,0.06316
1779358178.7147,plane,767,32,0.26344,0.44042,0.173425,0.53390,0.27366,61.20,-0.05369,0.22705
1779358178.8170,plane,768,32,0.25727,0.49367,0.167908,0.51235,0.27321,62.82,-0.06039,0.52114
1779358178.9231,plane,769,32,0.26277,0.52202,0.173404,0.50981,0.27499,64.59,0.05198,0.26771
1779358178.9231,plane,769,43,0.19024,0.03648,0.008250,0.21245,0.02722,96.98,-1.14529,0.02764
1779358179.0241,plane,770,32,0.26502,0.52969,0.174966,0.50454,0.27015,63.68,0.02219,0.07579
1779358179.0241,plane,770,43,0.17703,0.04757,0.010230,0.22321,0.03182,99.04,-0.13055,0.10961
1779358179.1179,plane,771,32,0.26637,0.52580,0.174340,0.50937,0.27285,65.23,0.01441,-0.04143
1779358179.1179,plane,771,43,0.17882,0.04750,0.010359,0.22347,0.03420,99.19,0.01907,-0.00072
1779358179.2126,plane,772,32,0.26759,0.51537,0.173604,0.50294,0.26605,64.99,0.01284,-0.10992
1779358179.2126,plane,772,43,0.18202,0.04839,0.010201,0.21610,0.03408,99.49,0.03368,0.00938
1779358179.3185,plane,773,32,0.26588,0.51006,0.171804,0.50396,0.26563,65.31,-0.01617,-0.05030
1779358179.3185,plane,773,43,0.18229,0.05030,0.010508,0.22064,0.03601,100.51,0.00260,0.01812
1779358179.4341,plane,774,32,0.26503,0.50666,0.170580,0.49914,0.26096,64.52,-0.00739,-0.02948
1779358179.4341,plane,774,43,0.17968,0.05119,0.010688,0.22115,0.03481,100.11,-0.02266,0.00770
1779358179.5288,plane,775,32,0.26243,0.50053,0.167191,0.49970,0.25864,64.64,-0.02738,-0.06452
1779358179.5288,plane,775,43,0.18153,0.04980,0.010403,0.21626,0.03644,100.29,0.01947,-0.01469
1779358179.6152,plane,776,32,0.26229,0.48439,0.165731,0.50268,0.25787,64.38,-0.00157,-0.18627
1779358179.6152,plane,776,43,0.19601,0.03684,0.008304,0.22041,0.02628,96.43,0.16714,-0.14962
1779358179.7221,plane,777,32,0.25920,0.46200,0.162511,0.50957,0.26552,64.40,-0.02899,-0.20985
1779358179.7221,plane,777,43,0.22512,0.00855,0.003128,0.19962,0.01971,92.37,0.27292,-0.26509
1779358179.8231,plane,778,32,0.26484,0.43581,0.166563,0.50760,0.26573,65.74,0.05581,-0.25914
1779358179.9178,plane,779,32,0.25579,0.42113,0.155770,0.51099,0.24012,74.31,-0.09552,-0.15490
1779358180.0170,plane,780,32,0.24417,0.38857,0.141395,0.55961,0.20545,77.92,-0.11745,-0.32890
1779358180.1122,plane,781,32,0.22981,0.35799,0.126984,0.70166,0.17745,78.51,-0.15097,-0.32156
1779358180.2203,plane,782,32,0.22118,0.36123,0.121785,0.71464,0.17738,79.44,-0.07971,0.02991
1779358180.3306,plane,783,32,0.22279,0.38054,0.122830,0.70238,0.17855,81.71,0.01454,0.17525
1779358180.4212,plane,784,32,0.21917,0.39344,0.120182,0.68304,0.17936,82.25,-0.03994,0.14237
1779358180.5067,plane,785,32,0.21598,0.39767,0.117694,0.68137,0.17925,82.63,-0.03715,0.04934
1779358180.6259,plane,786,32,0.21195,0.40347,0.115267,0.70592,0.17853,83.38,-0.03386,0.04863
1779358180.7312,plane,787,32,0.20820,0.41927,0.112966,0.71989,0.17846,83.76,-0.03568,0.15046
1779358180.8207,plane,788,32,0.20629,0.43552,0.112252,0.73987,0.17841,83.34,-0.02131,0.18148
1779358180.9176,plane,789,32,0.20621,0.44077,0.112235,0.73823,0.17799,83.02,-0.00080,0.05410
1779358181.0180,plane,790,32,0.21085,0.43680,0.114161,0.69665,0.17826,83.73,0.04598,-0.03943
1779358181.1177,plane,791,32,0.21582,0.43857,0.117778,0.65398,0.18126,84.41,0.05002,0.01779
1779358181.2159,plane,792,32,0.22071,0.44495,0.123008,0.57467,0.19144,84.01,0.04998,0.06529
1779358181.3141,plane,793,32,0.22439,0.44398,0.126619,0.55915,0.19545,82.05,0.03732,-0.00986
1779358181.5146,plane,794,32,0.22443,0.45131,0.126478,0.58108,0.18957,76.62,0.00023,0.03653
1779358181.6112,plane,795,32,0.22779,0.49264,0.130585,0.59569,0.19471,76.92,0.03475,0.42796
1779358181.7067,plane,796,32,0.23460,0.52774,0.139226,0.58566,0.20620,76.84,0.07128,0.36731
1779358181.8205,plane,797,32,0.23899,0.55440,0.144135,0.56385,0.21467,78.11,0.03855,0.23435
1779358181.9274,plane,798,32,0.24020,0.56544,0.144268,0.56791,0.21365,79.29,0.01139,0.10344
1779358182.0163,plane,799,32,0.20672,0.55566,0.111050,0.72223,0.17065,79.27,-0.37571,-0.10975
1779358182.1070,plane,800,32,0.22092,0.53035,0.123381,0.85790,0.17731,79.68,0.15649,-0.27906
1779358182.2187,plane,801,32,0.24066,0.51061,0.152367,0.55391,0.23668,76.18,0.17682,-0.17681
1779358182.3143,plane,802,32,0.24294,0.49695,0.160283,0.52200,0.26471,71.43,0.02385,-0.14276
1779358182.4138,plane,803,32,0.24156,0.49285,0.160672,0.50947,0.27282,69.42,-0.01392,-0.04132
1779358182.5165,plane,804,32,0.23897,0.49777,0.158654,0.48536,0.28586,68.70,-0.02527,0.04804
1779358182.6288,plane,805,32,0.23826,0.50435,0.158268,0.47754,0.28780,69.22,-0.00635,0.05832
1779358182.7260,plane,806,32,0.23776,0.51005,0.157640,0.47430,0.29040,69.05,-0.00510,0.05883
1779358182.8129,plane,807,32,0.23775,0.51829,0.157428,0.47955,0.28512,70.25,-0.00010,0.09473
1779358182.9096,plane,808,32,0.23852,0.52300,0.158073,0.48533,0.28214,71.05,0.00794,0.04865
1779358183.0188,plane,809,32,0.23824,0.52822,0.157752,0.47905,0.28567,71.61,-0.00257,0.04774
1779358183.1158,plane,810,32,0.23875,0.53455,0.157289,0.49306,0.26379,75.78,0.00529,0.06536
1779358183.2142,plane,811,32,0.24150,0.53904,0.159400,0.51160,0.25557,76.32,0.02796,0.04568
1779358183.3192,plane,812,32,0.24084,0.54452,0.160048,0.48813,0.27262,76.75,-0.00628,0.05217
1779358183.4265,plane,813,32,0.24171,0.54353,0.161896,0.47260,0.29893,71.89,0.00815,-0.00920
1779358183.5144,plane,814,32,0.24259,0.53506,0.163066,0.46887,0.31202,68.50,0.00996,-0.09602
1779358183.6116,plane,815,32,0.24299,0.53183,0.163518,0.47149,0.30719,68.82,0.00410,-0.03326
1779358183.7074,plane,816,32,0.24282,0.53232,0.163135,0.47491,0.30578,68.89,-0.00179,0.00505
1779358183.8183,plane,817,32,0.24195,0.52802,0.161326,0.47327,0.30038,68.49,-0.00781,-0.03874
1779358183.9158,plane,818,32,0.24275,0.51819,0.161679,0.48283,0.29481,68.73,0.00813,-0.10096
1779358184.0209,plane,819,32,0.24383,0.51315,0.162487,0.48644,0.29359,69.07,0.01034,-0.04786
1779358184.1164,plane,820,32,0.24380,0.51095,0.161067,0.48130,0.29160,69.64,-0.00037,-0.02314
1779358184.2182,plane,821,32,0.24268,0.50472,0.157891,0.47803,0.29141,70.52,-0.01092,-0.06101
1779358184.3204,plane,822,32,0.24113,0.49981,0.154885,0.47244,0.28634,71.82,-0.01518,-0.04810
1779358184.4149,plane,823,32,0.23812,0.50402,0.151466,0.46561,0.28664,72.48,-0.03214,0.04484
1779358184.5066,plane,824,32,0.23578,0.54349,0.148802,0.45997,0.29052,77.13,-0.02532,0.42767
1779358184.6200,plane,825,32,0.23886,0.59101,0.152369,0.46064,0.29057,78.51,0.02719,0.41926
1779358184.6200,plane,825,44,0.05040,0.05343,0.003291,0.20994,0.01826,105.25,0.00000,0.00000
1779358184.7299,plane,826,32,0.24004,0.62027,0.154121,0.45608,0.29554,78.79,0.01076,0.26717
1779358184.7299,plane,826,44,0.05706,0.09557,0.003608,0.15797,0.02078,107.97,0.06081,0.38477
1779358184.7299,plane,826,45,0.23240,0.12312,0.003920,0.19329,0.02423,112.06,0.00000,0.00000
1779358184.7299,plane,826,46,0.29962,0.04159,0.003216,0.20930,0.01535,105.84,0.00000,0.00000
1779358184.8284,plane,827,32,0.24163,0.63605,0.155841,0.45298,0.29717,78.62,0.01612,0.15970
1779358184.8284,plane,827,44,0.09930,0.15079,0.005397,0.22852,0.02838,110.75,0.42734,0.55854
1779358184.8284,plane,827,45,0.22978,0.14535,0.004410,0.20249,0.02625,112.22,-0.02644,0.22490
1779358184.8284,plane,827,46,0.27834,0.05361,0.004481,0.28300,0.01640,106.63,-0.21523,0.12158
1779358184.9207,plane,828,32,0.24229,0.64255,0.156282,0.45520,0.29793,78.50,0.00720,0.07080
1779358184.9207,plane,828,44,0.09902,0.15981,0.005354,0.22451,0.02877,110.50,-0.00305,0.09835
1779358184.9207,plane,828,45,0.22954,0.15366,0.004389,0.19647,0.02769,111.92,-0.00265,0.09062
1779358184.9207,plane,828,46,0.27418,0.05939,0.004673,0.30451,0.01610,106.78,-0.04545,0.06302
1779358185.0211,plane,829,32,0.24226,0.64896,0.156286,0.45223,0.29904,79.40,-0.00031,0.06338
1779358185.0211,plane,829,44,0.09790,0.16928,0.005227,0.22437,0.02764,110.45,-0.01113,0.09362
1779358185.0211,plane,829,45,0.22971,0.16330,0.004308,0.19627,0.02727,111.91,0.00167,0.09525
1779358185.0211,plane,829,46,0.27131,0.06839,0.004639,0.27525,0.01619,107.21,-0.02828,0.08895
1779358185.1196,plane,830,32,0.24160,0.66920,0.156167,0.45587,0.29398,80.88,-0.00674,0.20550
1779358185.1196,plane,830,44,0.05484,0.16032,0.003228,0.15571,0.01942,107.79,-0.43713,-0.09098
1779358185.1196,plane,830,45,0.24947,0.20114,0.002875,0.15768,0.02144,110.05,0.20059,0.38416
1779358185.1196,plane,830,46,0.27204,0.09282,0.003793,0.24634,0.01552,107.51,0.00741,0.24803
1779358185.2228,plane,831,32,0.24407,0.72148,0.162211,0.46730,0.30782,79.27,0.02407,0.50867
1779358185.2228,plane,831,44,0.04867,0.20206,0.002508,0.26679,0.01499,104.44,-0.06005,0.40611
1779358185.2228,plane,831,45,0.27746,0.13416,0.002842,0.19773,0.01570,106.54,0.27235,-0.65167
1779358185.3092,plane,832,32,0.24782,0.77821,0.165727,0.44556,0.29377,84.40,0.04318,0.65351
1779358185.3092,plane,832,44,0.04750,0.26797,0.002804,0.17577,0.01631,103.65,-0.01348,0.75937
1779358185.3092,plane,832,45,0.27553,0.19282,0.003521,0.25274,0.01353,106.61,-0.02219,0.67590
1779358185.3092,plane,832,46,0.26534,0.03675,0.003338,0.18444,0.01722,97.01,-0.07724,-0.64601
1779358185.3092,plane,832,47,0.27520,0.31236,0.002031,0.10063,0.01722,103.31,0.00000,0.00000
1779358185.4250,plane,833,32,0.25204,0.79056,0.166906,0.43947,0.28391,85.76,0.03646,0.10676
1779358185.4250,plane,833,44,0.10198,0.32605,0.005107,0.23371,0.02718,108.71,0.47079,0.50189
1779358185.4250,plane,833,45,0.27868,0.21331,0.004544,0.27797,0.01613,106.07,0.02718,0.17699
1779358185.4250,plane,833,46,0.27273,0.05927,0.004345,0.19705,0.01886,97.54,0.06389,0.19458
1779358185.4250,plane,833,47,0.23668,0.30531,0.004356,0.19784,0.02869,108.25,-0.33289,-0.06089
1779358185.5167,plane,834,32,0.25393,0.79227,0.168035,0.44941,0.28135,86.76,0.02062,0.01857
1779358185.5167,plane,834,44,0.10409,0.32573,0.005334,0.24250,0.02746,108.67,0.02296,-0.00349
1779358185.5167,plane,834,45,0.28393,0.21435,0.004627,0.27466,0.01603,105.97,0.05725,0.01139
1779358185.5167,plane,834,46,0.27766,0.05922,0.004405,0.20102,0.01877,97.46,0.05371,-0.00050
1779358185.5167,plane,834,47,0.24166,0.30599,0.004435,0.19908,0.03114,108.04,0.05433,0.00734
1779358185.6198,plane,835,32,0.25322,0.79606,0.166911,0.44929,0.27394,86.85,-0.00694,0.03680
1779358185.6198,plane,835,44,0.10324,0.33478,0.005168,0.23626,0.02761,108.96,-0.00821,0.08781
1779358185.6198,plane,835,45,0.28567,0.22687,0.004435,0.26303,0.01632,106.56,0.01693,0.12150
1779358185.6198,plane,835,46,0.27881,0.07032,0.004203,0.19874,0.01942,97.79,0.01112,0.10769
1779358185.6198,plane,835,47,0.24368,0.31866,0.004322,0.20123,0.03015,108.58,0.01953,0.12301
1779358185.7283,plane,836,32,0.25075,0.79896,0.164291,0.43887,0.27037,85.75,-0.02275,0.02679
1779358185.7283,plane,836,44,0.10230,0.35053,0.004935,0.23323,0.02785,109.72,-0.00869,0.14553
1779358185.7283,plane,836,45,0.28295,0.24468,0.004320,0.26340,0.01631,106.95,-0.02515,0.16465
1779358185.7283,plane,836,46,0.27761,0.08889,0.004132,0.19667,0.01872,98.25,-0.01104,0.17170
1779358185.7283,plane,836,47,0.24092,0.33567,0.004169,0.19670,0.03104,109.43,-0.02548,0.15719
1779358185.8311,plane,837,32,0.24872,0.79633,0.162845,0.43632,0.27339,85.85,-0.01977,-0.02548
1779358185.8311,plane,837,44,0.10101,0.35341,0.004823,0.22867,0.02841,109.86,-0.01253,0.02795
1779358185.8311,plane,837,45,0.27961,0.24752,0.004356,0.26050,0.01621,106.93,-0.03244,0.02750
1779358185.8311,plane,837,46,0.27486,0.09304,0.004215,0.19132,0.01802,98.96,-0.02667,0.04025
1779358185.8311,plane,837,47,0.23651,0.33688,0.004142,0.19524,0.03228,109.54,-0.04279,0.01174
1779358185.9177,plane,838,32,0.24838,0.79184,0.163225,0.44199,0.27781,85.47,-0.00385,-0.05179
1779358185.9177,plane,838,44,0.10174,0.34812,0.004895,0.23427,0.02745,109.91,0.00845,-0.06093
1779358185.9177,plane,838,45,0.27840,0.24046,0.004352,0.27945,0.01594,106.67,-0.01398,-0.08145
1779358185.9177,plane,838,46,0.27317,0.08728,0.004145,0.19884,0.01775,98.59,-0.01948,-0.06647
1779358185.9177,plane,838,47,0.23505,0.32999,0.004133,0.19499,0.02890,109.15,-0.01678,-0.07943
1779358186.0182,plane,839,32,0.24917,0.78816,0.164427,0.44966,0.28076,86.06,0.00783,-0.03658
1779358186.0182,plane,839,44,0.10138,0.33917,0.004924,0.23102,0.02802,109.67,-0.00359,-0.08909
1779358186.0182,plane,839,45,0.27887,0.23150,0.004420,0.25029,0.01704,106.47,0.00467,-0.08908
1779358186.0182,plane,839,46,0.27258,0.07799,0.004154,0.20181,0.01851,98.13,-0.00588,-0.09241
1779358186.0182,plane,839,47,0.23520,0.32050,0.004155,0.19644,0.03210,108.79,0.00148,-0.09443
1779358186.1107,plane,840,32,0.25004,0.78515,0.165444,0.44755,0.28161,85.53,0.00944,-0.03258
1779358186.1107,plane,840,44,0.10254,0.33271,0.005081,0.23088,0.02776,109.69,0.01255,-0.06988
1779358186.1107,plane,840,45,0.27965,0.22437,0.004518,0.27037,0.01665,106.51,0.00851,-0.07712
1779358186.1107,plane,840,46,0.27315,0.06993,0.004315,0.18920,0.01826,98.47,0.00615,-0.08725
1779358186.1107,plane,840,47,0.23592,0.31330,0.004267,0.19508,0.03061,108.86,0.00773,-0.07792
1779358186.2350,plane,841,32,0.25086,0.78297,0.166409,0.44852,0.28674,85.15,0.00663,-0.01763
1779358186.2350,plane,841,44,0.10311,0.32847,0.005171,0.23558,0.02771,109.44,0.00458,-0.03431
1779358186.2350,plane,841,45,0.28145,0.22060,0.004574,0.26117,0.01695,106.55,0.01450,-0.03051
1779358186.2350,plane,841,46,0.27535,0.06592,0.004388,0.20451,0.01896,98.15,0.01780,-0.03235
1779358186.2350,plane,841,47,0.23736,0.30923,0.004356,0.19508,0.03053,108.53,0.01165,-0.03284
1779358186.3194,plane,842,32,0.25174,0.78202,0.167087,0.44980,0.28667,84.97,0.01032,-0.01121
1779358186.3194,plane,842,44,0.10210,0.32350,0.005188,0.23420,0.02758,109.31,-0.01190,-0.05845
1779358186.3194,plane,842,45,0.28292,0.21658,0.004567,0.26391,0.01710,106.31,0.01736,-0.04727
1779358186.3194,plane,842,46,0.27671,0.06179,0.004386,0.20209,0.01892,97.87,0.01594,-0.04870
1779358186.3194,plane,842,47,0.23905,0.30521,0.004345,0.19516,0.03151,108.39,0.01989,-0.04731
1779358186.4146,plane,843,32,0.25259,0.77751,0.167614,0.45614,0.28917,84.45,0.00894,-0.04729
1779358186.4146,plane,843,44,0.10311,0.31452,0.005230,0.24231,0.02735,108.96,0.01060,-0.09435
1779358186.4146,plane,843,45,0.28578,0.20781,0.004583,0.26365,0.01680,106.10,0.02999,-0.09220
1779358186.4146,plane,843,46,0.27869,0.05299,0.004406,0.20079,0.01929,97.32,0.02085,-0.09243
1779358186.4146,plane,843,47,0.24186,0.29646,0.004313,0.19456,0.02978,108.16,0.02956,-0.09201
1779358186.5166,plane,844,32,0.25439,0.76134,0.167923,0.47689,0.28962,82.66,0.01763,-0.15853
1779358186.5166,plane,844,44,0.05510,0.25541,0.003330,0.19255,0.01756,104.15,-0.47059,-0.57947
1779358186.5166,plane,844,45,0.29243,0.18566,0.004184,0.28880,0.01456,105.86,0.06522,-0.21711
1779358186.5166,plane,844,46,0.28307,0.03195,0.004010,0.19777,0.01953,96.69,0.04296,-0.20621
1779358186.5166,plane,844,47,0.28513,0.29410,0.002538,0.12959,0.01865,101.89,0.42420,-0.02314
1779358186.6191,plane,845,32,0.25652,0.70678,0.164824,0.49581,0.28997,80.87,0.02074,-0.53189
1779358186.7260,plane,846,32,0.25858,0.63839,0.166801,0.51439,0.28778,77.12,0.01935,-0.64085
1779358186.8233,plane,847,32,0.26474,0.60304,0.176722,0.53081,0.29535,73.10,0.06323,-0.36291
1779358186.8233,plane,847,46,0.32038,0.02052,0.003582,0.17072,0.01625,95.20,0.38295,-0.11738
1779358186.8233,plane,847,48,0.14433,0.04786,0.007395,0.28117,0.02350,101.48,0.00000,0.00000
1779358186.9075,plane,848,32,0.26142,0.63764,0.173908,0.51838,0.29862,75.97,-0.03941,0.41074
1779358186.9075,plane,848,48,0.07514,0.04597,0.004218,0.17633,0.02019,102.39,-0.82143,-0.02240
1779358187.0187,plane,849,32,0.25999,0.69687,0.172965,0.50589,0.30197,80.91,-0.01291,0.53259
1779358187.1164,plane,850,32,0.25755,0.73756,0.171127,0.50075,0.29482,83.30,-0.02493,0.41647
1779358187.1164,plane,850,49,0.05974,0.21416,0.003793,0.20232,0.01852,106.21,0.00000,0.00000
1779358187.2209,plane,851,32,0.25683,0.74408,0.169342,0.49197,0.29036,82.11,-0.00688,0.06261
1779358187.2209,plane,851,46,0.29890,0.02672,0.004367,0.22609,0.01923,100.00,-0.20617,0.05948
1779358187.2209,plane,851,49,0.11101,0.27755,0.006042,0.26132,0.02708,110.45,0.49226,0.60864
1779358187.2209,plane,851,50,0.29992,0.18325,0.004813,0.25767,0.01803,107.94,0.00000,0.00000
1779358187.2209,plane,851,51,0.25575,0.27171,0.004554,0.20260,0.02822,110.07,0.00000,0.00000
1779358187.3190,plane,852,32,0.25655,0.71274,0.165529,0.49143,0.29180,81.07,-0.00290,-0.31921
1779358187.3190,plane,852,48,0.05918,0.19407,0.003332,0.22399,0.01641,105.49,-0.16253,1.50834
1779358187.4208,plane,853,32,0.25669,0.65783,0.163985,0.50620,0.28699,78.66,0.00137,-0.53794
1779358187.4208,plane,853,48,0.06558,0.11891,0.003459,0.18236,0.01726,104.29,0.06271,-0.73630
1779358187.5198,plane,854,32,0.25702,0.60825,0.164218,0.51100,0.28538,75.94,0.00335,-0.50205
1779358187.5198,plane,854,48,0.07429,0.05909,0.004757,0.19656,0.02112,103.97,0.08817,-0.60572
1779358187.6181,plane,855,32,0.25713,0.57219,0.164527,0.51585,0.28590,74.35,0.00116,-0.36705
1779358187.6181,plane,855,46,0.31381,0.02804,0.003182,0.16965,0.01541,98.21,0.15170,0.01352
1779358187.6181,plane,855,48,0.13824,0.04644,0.006187,0.26740,0.02291,103.10,0.65089,-0.12883
1779358187.7081,plane,856,32,0.25601,0.54629,0.164319,0.51625,0.28675,72.97,-0.01244,-0.28647
1779358187.7081,plane,856,46,0.18423,0.03086,0.003752,0.35589,0.01700,102.24,-1.43348,0.03118
1779358187.8191,plane,857,32,0.25517,0.52118,0.163613,0.52779,0.27970,71.06,-0.00759,-0.22634
1779358187.9156,plane,858,32,0.26089,0.49656,0.169781,0.53341,0.28234,68.97,0.05934,-0.25507
1779358188.0125,plane,859,32,0.26407,0.48873,0.173381,0.53892,0.28475,70.08,0.03283,-0.08103
1779358188.1105,plane,860,32,0.26422,0.48891,0.172982,0.53881,0.28541,69.99,0.00158,0.00185
1779358188.2189,plane,861,32,0.25659,0.49265,0.163071,0.56290,0.24763,72.87,-0.07026,0.03440
1779358188.3181,plane,862,32,0.24306,0.49847,0.148700,0.70698,0.19248,74.77,-0.13661,0.05882
1779358188.4128,plane,863,32,0.24261,0.50972,0.148688,0.66480,0.19999,75.99,-0.00480,0.11887
1779358188.5197,plane,864,32,0.24491,0.51666,0.150226,0.65801,0.20150,76.86,0.02153,0.06480
1779358188.6263,plane,865,32,0.24608,0.51638,0.151408,0.66782,0.20167,77.00,0.01098,-0.00259
1779358188.7158,plane,866,32,0.24308,0.51718,0.149565,0.65105,0.20429,77.21,-0.03355,0.00893
1779358188.8101,plane,867,32,0.24228,0.51736,0.148482,0.69678,0.19895,77.81,-0.00842,0.00182
1779358188.9062,plane,868,32,0.24252,0.51701,0.148192,0.68460,0.20098,78.44,0.00251,-0.00364
1779358189.0191,plane,869,32,0.24280,0.51780,0.148180,0.65840,0.20404,79.12,0.00244,0.00704
1779358189.1170,plane,870,32,0.24039,0.51836,0.146878,0.60240,0.21259,79.14,-0.02463,0.00569
1779358189.2113,plane,871,32,0.24268,0.51677,0.148054,0.58515,0.22012,78.10,0.02436,-0.01684
1779358189.3072,plane,872,32,0.24234,0.51843,0.147924,0.58273,0.22231,78.21,-0.00358,0.01736
1779358189.4188,plane,873,32,0.24258,0.51759,0.147993,0.59043,0.22151,78.20,0.00211,-0.00757
1779358189.5178,plane,874,32,0.24287,0.51567,0.147981,0.58634,0.22302,78.08,0.00294,-0.01934
1779358189.6112,plane,875,32,0.24240,0.51415,0.147681,0.58344,0.22112,77.99,-0.00505,-0.01623
1779358189.7064,plane,876,32,0.24218,0.51459,0.147486,0.59026,0.22023,78.13,-0.00229,0.00457
1779358189.8193,plane,877,32,0.24227,0.51594,0.147363,0.58746,0.22057,78.21,0.00081,0.01192
1779358189.9189,plane,878,32,0.24251,0.51542,0.147169,0.59247,0.21785,78.32,0.00241,-0.00515
1779358190.0138,plane,879,32,0.24282,0.51398,0.147381,0.58846,0.22019,78.28,0.00325,-0.01517
1779358190.1075,plane,880,32,0.24308,0.51369,0.147651,0.59125,0.21827,78.19,0.00278,-0.00318
1779358190.2218,plane,881,32,0.24273,0.51296,0.147283,0.58852,0.21959,78.36,-0.00301,-0.00639
1779358190.3169,plane,882,32,0.24196,0.51162,0.146695,0.59404,0.21575,78.78,-0.00812,-0.01404
1779358190.4108,plane,883,32,0.24167,0.51021,0.145999,0.59909,0.21412,79.01,-0.00314,-0.01497
1779358190.5079,plane,884,32,0.24110,0.50838,0.145247,0.58941,0.21440,78.98,-0.00582,-0.01894
1779358190.6217,plane,885,32,0.24144,0.50745,0.145482,0.59523,0.21371,78.57,0.00300,-0.00816
1779358190.7195,plane,886,32,0.24187,0.50738,0.145740,0.59238,0.21438,79.29,0.00433,-0.00067
1779358190.8102,plane,887,32,0.23987,0.51167,0.144469,0.57181,0.22445,82.04,-0.02193,0.04708
1779358190.9065,plane,888,32,0.24214,0.52123,0.147468,0.56969,0.23107,84.99,0.02353,0.09928
1779358191.0191,plane,889,32,0.24136,0.52671,0.147627,0.57025,0.22997,85.22,-0.00693,0.04873
1779358191.1180,plane,890,32,0.24013,0.53271,0.147741,0.57722,0.22940,85.60,-0.01244,0.06068
1779358191.2106,plane,891,32,0.24057,0.53777,0.148112,0.57743,0.23063,86.42,0.00482,0.05453
1779358191.3091,plane,892,32,0.24086,0.53833,0.148371,0.57329,0.23123,86.49,0.00291,0.00570
1779358191.4184,plane,893,32,0.24083,0.53732,0.148368,0.57569,0.23098,86.39,-0.00031,-0.00919
1779358191.5162,plane,894,32,0.24075,0.53805,0.148549,0.57562,0.23069,86.71,-0.00082,0.00751
1779358191.6207,plane,895,32,0.24124,0.54046,0.149177,0.57652,0.23077,86.76,0.00475,0.02307
1779358191.7077,plane,896,32,0.24187,0.54368,0.150167,0.57366,0.23227,86.81,0.00721,0.03697
1779358191.8182,plane,897,32,0.24286,0.54917,0.150892,0.57158,0.23297,87.10,0.00898,0.04959
1779358191.9145,plane,898,32,0.22835,0.54133,0.131799,0.63002,0.20135,80.88,-0.15109,-0.08157
1779358192.0134,plane,899,32,0.23379,0.56330,0.135145,0.70298,0.21073,77.82,0.05512,0.22232
1779358192.1084,plane,900,32,0.26665,0.55095,0.171697,0.51007,0.29462,63.83,0.34559,-0.12986
1779358192.2195,plane,901,32,0.27158,0.55126,0.175568,0.51319,0.29590,63.43,0.04431,0.00281
1779358192.3165,plane,902,32,0.26908,0.54022,0.171678,0.51402,0.29605,64.38,-0.02572,-0.11375
1779358192.4142,plane,903,32,0.26957,0.53484,0.172229,0.51711,0.28945,63.89,0.00499,-0.05528
1779358192.5088,plane,904,32,0.26775,0.53554,0.170458,0.51945,0.28570,64.65,-0.01916,0.00744
1779358192.6239,plane,905,32,0.23455,0.54612,0.138129,0.54899,0.23064,65.71,-0.28876,0.09203
1779358192.7211,plane,906,32,0.19576,0.55579,0.114458,0.83571,0.15439,58.62,-0.39921,0.09954
1779358192.8103,plane,907,52,0.12454,0.70918,0.086785,0.41657,0.17456,49.89,0.00000,0.00000
1779358192.9070,plane,908,53,0.05657,0.96368,0.008947,0.19047,0.05955,104.93,0.00000,0.00000
1779358193.0173,plane,909,,,,,,,,,
1779358193.1139,plane,910,,,,,,,,,
1779358193.2095,plane,911,,,,,,,,,
1779358193.3070,plane,912,,,,,,,,,
1779358193.4233,plane,913,,,,,,,,,
1779358193.5248,plane,914,,,,,,,,,
1779358193.6108,plane,915,,,,,,,,,
1779358193.7065,plane,916,,,,,,,,,
1779358193.8219,plane,917,,,,,,,,,
1779358193.9138,plane,918,,,,,,,,,
1779358194.0095,plane,919,,,,,,,,,
1779358194.1089,plane,920,54,0.02269,0.04817,0.004988,0.10084,0.04779,50.53,0.00000,0.00000
1779358194.2189,plane,921,54,0.02473,0.05556,0.006331,1.73513,0.04233,36.28,0.01851,0.06713
1779358194.3162,plane,922,54,0.04890,0.11951,0.026562,0.23747,0.09362,47.92,0.24839,0.65713
1779358194.4103,plane,923,54,0.05442,0.12898,0.031865,0.37238,0.11441,33.77,0.05861,0.10057
1779358194.5073,plane,924,54,0.05520,0.12871,0.032245,0.35545,0.12840,41.99,0.00807,-0.00276
1779358194.6181,plane,925,54,0.06822,0.15937,0.049077,0.39969,0.15713,41.55,0.11738,0.27633
1779358194.7144,plane,926,54,0.06978,0.15943,0.050174,0.43366,0.16111,37.26,0.01616,0.00069
1779358194.8112,plane,927,54,0.07866,0.16112,0.057185,0.43367,0.17011,45.49,0.09190,0.01743
1779358194.9107,plane,928,54,0.09803,0.19030,0.083544,0.43502,0.19054,37.76,0.19488,0.29357
1779358195.0213,plane,929,54,0.12348,0.20091,0.111323,0.56562,0.24062,45.65,0.23009,0.09599
1779358195.0213,plane,929,55,0.94035,0.04969,0.013026,0.22624,0.08450,117.23,0.00000,0.00000
1779358195.1157,plane,930,56,0.36104,0.20599,0.263880,1.88140,1.27978,0.00,0.00000,0.00000
1779358195.2113,plane,931,56,0.42300,0.26616,0.420134,0.45869,0.41435,82.93,0.64831,0.62955
1779358195.3123,plane,932,56,0.46985,0.27329,0.467636,0.44741,0.37847,88.06,0.46446,0.07068
1779358195.4190,plane,933,56,0.48562,0.23151,0.396272,0.46645,0.38564,88.71,0.14768,-0.39145
1779358195.5218,plane,934,56,0.41047,0.12314,0.180995,1.26692,0.92024,87.20,-0.73075,-1.05381
1779358195.6152,plane,935,56,0.46415,0.12663,0.202799,1.50112,1.35341,57.95,0.57540,0.03741
1779358195.7073,plane,936,57,0.55630,0.28599,0.484968,0.49857,0.42965,103.26,0.00000,0.00000
1779358195.8205,plane,937,58,0.51569,0.44397,0.875480,1.09206,0.50738,92.98,0.00000,0.00000
1779358195.9192,plane,938,58,0.49692,0.47950,0.955607,1.00000,0.56250,0.00,-0.19073,0.36095
1779358196.0124,plane,939,58,0.49390,0.48060,0.958881,5.76603,0.54250,90.44,-0.03229,0.01182
1779358196.1077,plane,940,57,0.43756,0.37697,0.717453,0.59649,0.25925,80.02,-1.24494,0.95385
1779358196.1077,plane,940,59,0.89745,0.91146,0.038081,0.30182,0.12625,83.03,0.00000,0.00000
1779358196.2208,plane,941,57,0.38199,0.33001,0.553506,0.45880,0.18697,74.69,-0.49231,-0.41606
1779358196.3188,plane,942,57,0.32301,0.30734,0.431073,0.46007,0.19353,71.48,-0.60151,-0.23113
1779358196.4113,plane,943,57,0.25196,0.19357,0.219326,0.68140,0.27926,52.44,-0.76878,-1.23116
1779358196.5083,plane,944,60,0.08235,0.21170,0.056759,1.23750,0.32243,0.00,0.00000,0.00000
1779358196.6237,plane,945,60,0.06073,0.22156,0.031426,0.38377,0.13568,0.00,-0.18749,0.08546
1779358196.7199,plane,946,60,0.08363,0.13031,0.048431,0.16136,0.05755,0.00,0.23756,-0.94653
1779358196.8103,plane,947,60,0.08613,0.11785,0.046146,0.16920,0.05546,0.00,0.02762,-0.13760
1779358196.9066,plane,948,60,0.08069,0.11557,0.042457,1.11383,0.29428,63.80,-0.05651,-0.02369
1779358197.0204,plane,949,60,0.06322,0.09191,0.026581,0.14936,0.11631,0.00,-0.15370,-0.20805
1779358197.1155,plane,950,60,0.05288,0.08149,0.019755,0.35922,0.08469,53.28,-0.10865,-0.10958
1779358197.2115,plane,951,60,0.03566,0.05874,0.009681,0.11706,0.06836,0.00,-0.17949,-0.23715
1779358197.3070,plane,952,60,0.01647,0.02837,0.002207,0.06920,0.03070,48.44,-0.20071,-0.31762
1779358197.4182,plane,953,,,,,,,,,
1779358197.5134,plane,954,,,,,,,,,
1779358197.6095,plane,955,,,,,,,,,
1779358197.7056,plane,956,,,,,,,,,
1779358197.8180,plane,957,,,,,,,,,
1779358197.9137,plane,958,,,,,,,,,
1779358198.0096,plane,959,,,,,,,,,
1779358198.1083,plane,960,61,0.49951,0.49913,1.000000,1.00000,0.56250,0.00,0.00000,0.00000
1779358198.2339,plane,961,61,0.49951,0.49913,1.000000,1.00000,0.56250,0.00,0.00000,0.00000
1779358198.3194,plane,962,61,0.49951,0.49913,1.000000,1.00000,0.56250,0.00,0.00000,0.00000
1779358198.4213,plane,963,61,0.49951,0.49913,1.000000,1.00000,0.56250,0.00,0.00000,0.00000
1779358198.5083,plane,964,61,0.49951,0.49913,1.000000,1.00000,0.56250,0.00,0.00000,0.00000
1779358198.6191,plane,965,61,0.49951,0.49913,1.000000,1.00000,0.56250,0.00,0.00000,0.00000
1779358198.7170,plane,966,61,0.49951,0.49913,1.000000,1.00000,0.56250,0.00,0.00000,0.00000
1779358198.8147,plane,967,61,0.49951,0.49913,1.000000,1.00000,0.56250,0.00,0.00000,0.00000
1779358198.9086,plane,968,61,0.49951,0.49913,1.000000,1.00000,0.56250,0.00,0.00000,0.00000
1779358199.0192,plane,969,61,0.49951,0.49913,1.000000,1.00000,0.56250,0.00,0.00000,0.00000
1779358199.1162,plane,970,61,0.49951,0.49913,1.000000,1.00000,0.56250,0.00,0.00000,0.00000
1779358199.2114,plane,971,61,0.49951,0.49913,1.000000,1.00000,0.56250,0.00,0.00000,0.00000
1779358199.3080,plane,972,61,0.49951,0.49913,1.000000,1.00000,0.56250,0.00,0.00000,0.00000
1779358199.4288,plane,973,61,0.49951,0.49913,1.000000,1.00000,0.56250,0.00,0.00000,0.00000
1779358199.5257,plane,974,61,0.49951,0.49913,1.000000,1.00000,0.56250,0.00,0.00000,0.00000
1779358199.6135,plane,975,61,0.49951,0.49913,1.000000,1.00000,0.56250,0.00,0.00000,0.00000
1779358199.7114,plane,976,61,0.49951,0.49913,1.000000,1.00000,0.56250,0.00,0.00000,0.00000
1779358199.8199,plane,977,61,0.49951,0.49913,1.000000,1.00000,0.56250,0.00,0.00000,0.00000
1779358199.9208,plane,978,61,0.49951,0.49913,1.000000,1.00000,0.56250,0.00,0.00000,0.00000
1779358200.0160,plane,979,61,0.49951,0.49913,1.000000,1.00000,0.56250,0.00,0.00000,0.00000
1779358200.1107,plane,980,61,0.49951,0.49913,1.000000,1.00000,0.56250,0.00,0.00000,0.00000
1779358200.2209,plane,981,61,0.49951,0.49913,1.000000,1.00000,0.56250,0.00,0.00000,0.00000
1779358200.3191,plane,982,61,0.49951,0.49913,1.000000,1.00000,0.56250,0.00,0.00000,0.00000
1779358200.4118,plane,983,61,0.49951,0.49913,1.000000,1.00000,0.56250,0.00,0.00000,0.00000
1779358200.5085,plane,984,61,0.49951,0.49913,1.000000,1.00000,0.56250,0.00,0.00000,0.00000
1779358200.6229,plane,985,61,0.49951,0.49913,1.000000,1.00000,0.56250,0.00,0.00000,0.00000
1779358200.7168,plane,986,61,0.49951,0.49913,1.000000,1.00000,0.56250,0.00,0.00000,0.00000
1779358200.8168,plane,987,61,0.49951,0.49913,1.000000,1.00000,0.56250,0.00,0.00000,0.00000
1779358200.9079,plane,988,61,0.49951,0.49913,1.000000,1.00000,0.56250,0.00,0.00000,0.00000
1779358201.0189,plane,989,61,0.49951,0.49913,1.000000,1.00000,0.56250,0.00,0.00000,0.00000
1779358201.1172,plane,990,61,0.49951,0.49913,1.000000,1.00000,0.56250,0.00,0.00000,0.00000
1779358201.2120,plane,991,61,0.49951,0.49913,1.000000,1.00000,0.56250,0.00,0.00000,0.00000
1779358201.3080,plane,992,61,0.49951,0.49913,1.000000,1.00000,0.56250,0.00,0.00000,0.00000
1779358201.4197,plane,993,61,0.49951,0.49913,1.000000,1.00000,0.56250,0.00,0.00000,0.00000
1779358201.5186,plane,994,61,0.49951,0.49913,1.000000,1.00000,0.56250,0.00,0.00000,0.00000
1779358201.6141,plane,995,61,0.49951,0.49913,1.000000,1.00000,0.56250,0.00,0.00000,0.00000
1779358201.7078,plane,996,61,0.49951,0.49913,1.000000,1.00000,0.56250,0.00,0.00000,0.00000
1779358201.8187,plane,997,61,0.49951,0.49913,1.000000,1.00000,0.56250,0.00,0.00000,0.00000
1779358201.9188,plane,998,61,0.49951,0.49913,1.000000,1.00000,0.56250,0.00,0.00000,0.00000
1779358202.0191,plane,999,61,0.49951,0.49913,1.000000,1.00000,0.56250,0.00,0.00000,0.00000
1779358202.1084,plane,1000,61,0.49951,0.49913,1.000000,1.00000,0.56250,0.00,0.00000,0.00000
1779358202.2221,plane,1001,61,0.49951,0.49913,1.000000,1.00000,0.56250,0.00,0.00000,0.00000
1779358202.3261,plane,1002,61,0.49951,0.49913,1.000000,1.00000,0.56250,0.00,0.00000,0.00000
1779358202.4190,plane,1003,61,0.49951,0.49913,1.000000,1.00000,0.56250,0.00,0.00000,0.00000
1779358202.5073,plane,1004,61,0.49951,0.49913,1.000000,1.00000,0.56250,0.00,0.00000,0.00000
1779358202.6200,plane,1005,61,0.49951,0.49913,1.000000,1.00000,0.56250,0.00,0.00000,0.00000
1779358202.7181,plane,1006,61,0.49951,0.49913,1.000000,1.00000,0.56250,0.00,0.00000,0.00000
1779358202.8182,plane,1007,61,0.49951,0.49913,1.000000,1.00000,0.56250,0.00,0.00000,0.00000
1779358202.9116,plane,1008,61,0.49951,0.49913,1.000000,1.00000,0.56250,0.00,0.00000,0.00000
1779358203.0195,plane,1009,61,0.49951,0.49913,1.000000,1.00000,0.56250,0.00,0.00000,0.00000
1779358203.1164,plane,1010,61,0.49951,0.49913,1.000000,1.00000,0.56250,0.00,0.00000,0.00000
1779358203.2146,plane,1011,61,0.49951,0.49913,1.000000,1.00000,0.56250,0.00,0.00000,0.00000
1779358203.3084,plane,1012,61,0.49951,0.49913,1.000000,1.00000,0.56250,0.00,0.00000,0.00000
1779358203.4199,plane,1013,61,0.49951,0.49913,1.000000,1.00000,0.56250,0.00,0.00000,0.00000
1779358203.5308,plane,1014,61,0.49951,0.49913,1.000000,1.00000,0.56250,0.00,0.00000,0.00000
1779358203.6194,plane,1015,61,0.49951,0.49913,1.000000,1.00000,0.56250,0.00,0.00000,0.00000
1779358203.7080,plane,1016,61,0.49951,0.49913,1.000000,1.00000,0.56250,0.00,0.00000,0.00000
1779358203.8348,plane,1017,61,0.49951,0.49913,1.000000,1.00000,0.56250,0.00,0.00000,0.00000
1779358203.9204,plane,1018,61,0.49951,0.49913,1.000000,1.00000,0.56250,0.00,0.00000,0.00000
1779358204.0108,plane,1019,61,0.49951,0.49913,1.000000,1.00000,0.56250,0.00,0.00000,0.00000
1779358204.1105,plane,1020,61,0.49951,0.49913,1.000000,1.00000,0.56250,0.00,0.00000,0.00000
1779358204.2209,plane,1021,61,0.49951,0.49913,1.000000,1.00000,0.56250,0.00,0.00000,0.00000
1779358204.3208,plane,1022,61,0.49951,0.49913,1.000000,1.00000,0.56250,0.00,0.00000,0.00000
1779358204.4174,plane,1023,61,0.49951,0.49913,1.000000,1.00000,0.56250,0.00,0.00000,0.00000
1779358204.5071,plane,1024,61,0.49951,0.49913,1.000000,1.00000,0.56250,0.00,0.00000,0.00000
1779358204.6210,plane,1025,61,0.49951,0.49913,1.000000,1.00000,0.56250,0.00,0.00000,0.00000
1779358204.7193,plane,1026,61,0.49951,0.49913,1.000000,1.00000,0.56250,0.00,0.00000,0.00000
1779358204.8115,plane,1027,61,0.49951,0.49913,1.000000,1.00000,0.56250,0.00,0.00000,0.00000
1779358204.9115,plane,1028,61,0.49951,0.49913,1.000000,1.00000,0.56250,0.00,0.00000,0.00000
1779358205.0191,plane,1029,61,0.49951,0.49913,1.000000,1.00000,0.56250,0.00,0.00000,0.00000
1779358205.1166,plane,1030,61,0.49951,0.49913,1.000000,1.00000,0.56250,0.00,0.00000,0.00000
1779358205.2129,plane,1031,61,0.49951,0.49913,1.000000,1.00000,0.56250,0.00,0.00000,0.00000
1779358205.3077,plane,1032,61,0.49951,0.49913,1.000000,1.00000,0.56250,0.00,0.00000,0.00000
1779358205.4302,plane,1033,61,0.49951,0.49913,1.000000,1.00000,0.56250,0.00,0.00000,0.00000
1779358205.5159,plane,1034,61,0.49951,0.49913,1.000000,1.00000,0.56250,0.00,0.00000,0.00000
1779358205.6109,plane,1035,61,0.49951,0.49913,1.000000,1.00000,0.56250,0.00,0.00000,0.00000
1779358205.7075,plane,1036,61,0.49951,0.49913,1.000000,1.00000,0.56250,0.00,0.00000,0.00000
1779358205.8203,plane,1037,61,0.49951,0.49913,1.000000,1.00000,0.56250,0.00,0.00000,0.00000
1779358205.9203,plane,1038,61,0.49951,0.49913,1.000000,1.00000,0.56250,0.00,0.00000,0.00000
1779358206.0192,plane,1039,61,0.49951,0.49913,1.000000,1.00000,0.56250,0.00,0.00000,0.00000
1779358206.1073,plane,1040,61,0.49951,0.49913,1.000000,1.00000,0.56250,0.00,0.00000,0.00000
1779358206.2200,plane,1041,61,0.49951,0.49913,1.000000,1.00000,0.56250,0.00,0.00000,0.00000
1779358206.3248,plane,1042,61,0.49951,0.49913,1.000000,1.00000,0.56250,0.00,0.00000,0.00000
1779358206.4151,plane,1043,61,0.49951,0.49913,1.000000,1.00000,0.56250,0.00,0.00000,0.00000
1779358206.5078,plane,1044,61,0.49951,0.49913,1.000000,1.00000,0.56250,0.00,0.00000,0.00000
1779358206.6217,plane,1045,61,0.49951,0.49913,1.000000,1.00000,0.56250,0.00,0.00000,0.00000
1779358206.7191,plane,1046,61,0.49951,0.49913,1.000000,1.00000,0.56250,0.00,0.00000,0.00000
1779358206.8175,plane,1047,61,0.49951,0.49913,1.000000,1.00000,0.56250,0.00,0.00000,0.00000
1779358206.9111,plane,1048,61,0.49951,0.49913,1.000000,1.00000,0.56250,0.00,0.00000,0.00000
1779358207.0194,plane,1049,61,0.49951,0.49913,1.000000,1.00000,0.56250,0.00,0.00000,0.00000
1779358207.1167,plane,1050,61,0.49951,0.49913,1.000000,1.00000,0.56250,0.00,0.00000,0.00000
1779358207.2111,plane,1051,61,0.49951,0.49913,1.000000,1.00000,0.56250,0.00,0.00000,0.00000
1779358207.3058,plane,1052,,,,,,,,,
1779358207.4189,plane,1053,62,0.91956,0.94309,0.020079,0.54825,0.13286,64.36,0.00000,0.00000
1779358207.5171,plane,1054,62,0.86898,0.87141,0.074758,0.96279,0.19446,67.68,-0.51517,-0.73010
1779358207.6132,plane,1055,62,0.83951,0.80306,0.139786,0.87909,0.27926,67.75,-0.30734,-0.71270
1779358207.7083,plane,1056,62,0.80795,0.73121,0.226110,0.89008,0.37600,69.55,-0.33103,-0.75367
1779358207.8258,plane,1057,62,0.77105,0.65499,0.348426,1.10169,0.46981,64.25,-0.31446,-0.64952
1779358207.9165,plane,1058,62,0.73339,0.61361,0.456570,1.16684,0.52892,57.26,-0.41433,-0.45537
1779358208.0139,plane,1059,62,0.67515,0.59313,0.585520,9.62245,1.60305,28.09,-0.59855,-0.21040
1779358208.1089,plane,1060,62,0.64655,0.56550,0.669832,1.70995,0.78782,34.84,-0.30186,-0.29171
1779358208.2196,plane,1061,62,0.60752,0.53698,0.770564,1.99604,0.79233,32.18,-0.35237,-0.25742
1779358208.3201,plane,1062,62,0.58756,0.51907,0.819390,0.84669,0.68853,7.22,-0.19850,-0.17807
1779358208.4177,plane,1063,62,0.58595,0.52431,0.795032,0.74260,0.68995,175.44,-0.01646,0.05357
1779358208.5128,plane,1064,62,0.58688,0.51317,0.822344,0.80320,0.69901,4.87,0.00980,-0.11735
1779358208.6203,plane,1065,62,0.58339,0.50375,0.803399,1.11741,0.74773,18.82,-0.03237,-0.08753
1779358208.7191,plane,1066,62,0.57802,0.50663,0.829473,0.98890,0.67857,14.53,-0.05453,0.02918
1779358208.8160,plane,1067,62,0.55328,0.50468,0.890567,28.84131,2.44436,0.00,-0.25760,-0.02026
1779358208.9105,plane,1068,62,0.49951,0.49913,1.000000,1.00000,0.56250,0.00,-0.56381,-0.05823
1779358209.0226,plane,1069,62,0.54026,0.46875,0.905616,0.65741,0.53957,156.79,0.36284,-0.27048
1779358209.1169,plane,1070,62,0.48111,0.52224,0.671712,1.35624,0.62940,175.48,-0.62784,0.56766
1779358209.2113,plane,1071,62,0.42683,0.60178,0.367176,0.85702,0.53814,15.33,-0.57490,0.84247
1779358209.3062,plane,1072,63,0.76854,0.97120,0.007796,0.24281,0.06602,68.30,0.00000,0.00000
1779358209.4196,plane,1073,63,0.78869,0.97369,0.003130,0.22952,0.06885,84.90,0.17761,0.02198
1779358209.4196,plane,1073,64,0.05977,0.85677,0.036068,0.42915,0.12571,120.38,0.00000,0.00000
1779358209.4196,plane,1073,65,0.66345,0.02121,0.007680,1.33786,0.24271,64.74,0.00000,0.00000
1779358209.5197,plane,1074,66,0.10273,0.56493,0.189060,0.46881,0.20736,163.88,0.00000,0.00000
1779358209.5197,plane,1074,67,0.86787,0.10682,0.041689,0.21456,0.18879,45.54,0.00000,0.00000
1779358209.5197,plane,1074,68,0.52063,0.10722,0.017743,0.15937,0.09362,1.76,0.00000,0.00000
1779358209.6191,plane,1075,65,0.62647,0.03361,0.006336,0.13969,0.04125,90.16,-0.37325,0.12519
1779358209.6191,plane,1075,66,0.21609,0.53476,0.423016,0.71160,0.42798,168.74,1.14420,-0.30457
1779358209.6191,plane,1075,67,0.87264,0.14924,0.010118,0.27543,0.03747,8.78,0.04809,0.42816
1779358209.6191,plane,1075,69,0.95346,0.27142,0.008669,0.48909,0.06747,65.49,0.00000,0.00000
1779358209.7071,plane,1076,66,0.27178,0.51284,0.540643,0.56065,0.40001,178.85,0.62960,-0.24770
1779358209.8197,plane,1077,66,0.28778,0.50742,0.575024,0.85595,0.48688,176.55,0.14216,-0.04822
1779358209.9234,plane,1078,66,0.27786,0.50974,0.554969,0.83522,0.47322,175.92,-0.09588,0.02247
1779358210.0134,plane,1079,66,0.28948,0.51662,0.577638,1.19733,0.51275,172.05,0.12885,0.07631
1779358210.1070,plane,1080,66,0.33129,0.52344,0.658847,1.74293,0.55870,164.42,0.44588,0.07271
1779358210.2197,plane,1081,66,0.45261,0.51540,0.903325,4.15498,1.04732,170.37,1.07960,-0.07151
1779358210.3189,plane,1082,66,0.47078,0.49792,0.942457,2.45822,1.01517,1.34,0.18313,-0.17622
1779358210.4150,plane,1083,66,0.36136,0.49812,0.723665,2.67630,0.72876,1.15,-1.13622,0.00201
1779358210.5067,plane,1084,66,0.22966,0.49736,0.459939,1.03410,0.41108,0.82,-1.43437,-0.00820
1779358210.6208,plane,1085,70,0.05583,0.55778,0.105718,0.64882,0.09637,178.98,0.00000,0.00000
1779358210.6208,plane,1085,71,0.41110,0.15698,0.011544,0.20331,0.09935,21.56,0.00000,0.00000
1779358210.7143,plane,1086,72,0.37218,0.34921,0.016408,0.21158,0.08213,13.47,0.00000,0.00000
1779358210.8101,plane,1087,72,0.32216,0.35548,0.008828,0.15080,0.06430,21.65,-0.52211,0.06539
1779358210.9082,plane,1088,72,0.27166,0.31758,0.010505,0.17168,0.06427,15.79,-0.51629,-0.38737
1779358211.0196,plane,1089,71,0.29943,0.23901,0.009313,0.13094,0.06349,29.37,-1.00200,0.73611
1779358211.1151,plane,1090,73,0.43054,0.04553,0.007563,0.09670,0.07079,56.60,0.00000,0.00000
1779358211.2099,plane,1091,,,,,,,,,
1779358211.3054,plane,1092,,,,,,,,,
1779358211.4173,plane,1093,,,,,,,,,
1779358211.5138,plane,1094,,,,,,,,,
1779358211.6094,plane,1095,,,,,,,,,
1779358211.7056,plane,1096,,,,,,,,,
1779358211.8180,plane,1097,,,,,,,,,
1779358211.9137,plane,1098,,,,,,,,,
1779358212.0102,plane,1099,,,,,,,,,
1779358212.1102,plane,1100,,,,,,,,,
1779358212.2174,plane,1101,,,,,,,,,
1779358212.3133,plane,1102,,,,,,,,,
1779358212.4096,plane,1103,,,,,,,,,
1779358212.5057,plane,1104,,,,,,,,,
1779358212.6214,plane,1105,,,,,,,,,
1779358212.7159,plane,1106,,,,,,,,,
1779358212.8131,plane,1107,,,,,,,,,
1779358212.9183,plane,1108,,,,,,,,,
1779358213.0289,plane,1109,,,,,,,,,
1779358213.1135,plane,1110,,,,,,,,,
1779358213.2097,plane,1111,,,,,,,,,
1779358213.3055,plane,1112,,,,,,,,,
1779358213.4173,plane,1113,,,,,,,,,
1779358213.5138,plane,1114,,,,,,,,,
1779358213.6119,plane,1115,,,,,,,,,
1779358213.7096,plane,1116,,,,,,,,,
1779358213.8174,plane,1117,,,,,,,,,
1779358213.9134,plane,1118,,,,,,,,,
1779358214.0095,plane,1119,,,,,,,,,
1779358214.1052,plane,1120,,,,,,,,,
1779358214.2172,plane,1121,,,,,,,,,
1779358214.3134,plane,1122,,,,,,,,,
1779358214.4095,plane,1123,,,,,,,,,
1779358214.5061,plane,1124,,,,,,,,,
1779358214.6172,plane,1125,,,,,,,,,
1779358214.7133,plane,1126,,,,,,,,,
1779358214.8124,plane,1127,,,,,,,,,
1779358214.9070,plane,1128,,,,,,,,,
1779358215.0174,plane,1129,,,,,,,,,
1779358215.1135,plane,1130,,,,,,,,,
1779358215.2096,plane,1131,,,,,,,,,
1779358215.3054,plane,1132,,,,,,,,,
1779358215.4172,plane,1133,,,,,,,,,
1779358215.5140,plane,1134,,,,,,,,,
1779358215.6118,plane,1135,,,,,,,,,
1779358215.7061,plane,1136,,,,,,,,,
1779358215.8175,plane,1137,,,,,,,,,
1779358215.9141,plane,1138,,,,,,,,,
1779358216.0098,plane,1139,,,,,,,,,
1779358216.1074,plane,1140,,,,,,,,,
1779358216.2173,plane,1141,,,,,,,,,
1779358216.3134,plane,1142,,,,,,,,,
1779358216.4094,plane,1143,,,,,,,,,
1779358216.5073,plane,1144,,,,,,,,,
1779358216.6236,plane,1145,,,,,,,,,
1779358216.7154,plane,1146,,,,,,,,,
1779358216.8092,plane,1147,,,,,,,,,
1779358216.9057,plane,1148,,,,,,,,,
1779358217.0173,plane,1149,,,,,,,,,
1779358217.1134,plane,1150,,,,,,,,,
1779358217.2099,plane,1151,,,,,,,,,
1779358217.3056,plane,1152,,,,,,,,,
1779358217.4248,plane,1153,,,,,,,,,
1779358217.5135,plane,1154,,,,,,,,,
1779358217.6093,plane,1155,,,,,,,,,
1779358217.7059,plane,1156,,,,,,,,,
1779358217.8172,plane,1157,,,,,,,,,
1779358217.9150,plane,1158,,,,,,,,,
1779358218.0123,plane,1159,,,,,,,,,
1779358218.1053,plane,1160,,,,,,,,,
1779358218.2177,plane,1161,,,,,,,,,
1779358218.3134,plane,1162,,,,,,,,,
1779358218.4112,plane,1163,,,,,,,,,
1779358218.5061,plane,1164,,,,,,,,,
1779358218.6179,plane,1165,,,,,,,,,
1779358218.7135,plane,1166,,,,,,,,,
1779358218.8097,plane,1167,,,,,,,,,
1779358218.9075,plane,1168,,,,,,,,,
1779358219.0300,plane,1169,,,,,,,,,
1779358219.1134,plane,1170,,,,,,,,,
1779358219.2099,plane,1171,,,,,,,,,
1779358219.3055,plane,1172,,,,,,,,,
1779358219.4172,plane,1173,,,,,,,,,
1779358219.5135,plane,1174,,,,,,,,,
1779358219.6096,plane,1175,,,,,,,,,
1779358219.7053,plane,1176,,,,,,,,,
1779358219.8175,plane,1177,,,,,,,,,
1779358219.9133,plane,1178,,,,,,,,,
1779358220.0093,plane,1179,,,,,,,,,
1779358220.1067,plane,1180,,,,,,,,,
1779358220.2178,plane,1181,,,,,,,,,
1779358220.3154,plane,1182,,,,,,,,,
1779358220.4096,plane,1183,,,,,,,,,
1779358220.5072,plane,1184,,,,,,,,,
1779358220.6173,plane,1185,,,,,,,,,
1779358220.7135,plane,1186,,,,,,,,,
1779358220.8094,plane,1187,,,,,,,,,
1779358220.9054,plane,1188,,,,,,,,,
1779358221.0176,plane,1189,,,,,,,,,
1779358221.1145,plane,1190,,,,,,,,,
1779358221.2099,plane,1191,,,,,,,,,
1779358221.3068,plane,1192,,,,,,,,,
1779358221.4228,plane,1193,,,,,,,,,
1779358221.5146,plane,1194,,,,,,,,,
1779358221.6093,plane,1195,,,,,,,,,
1779358221.7055,plane,1196,,,,,,,,,
1779358221.8175,plane,1197,,,,,,,,,
1779358221.9134,plane,1198,,,,,,,,,
1779358222.0101,plane,1199,,,,,,,,,
1779358222.1059,plane,1200,,,,,,,,,
1779358222.2183,plane,1201,,,,,,,,,
1779358222.3135,plane,1202,,,,,,,,,
1779358222.4102,plane,1203,,,,,,,,,
1779358222.5061,plane,1204,,,,,,,,,
1779358222.6173,plane,1205,,,,,,,,,
1779358222.7143,plane,1206,,,,,,,,,
1779358222.8093,plane,1207,,,,,,,,,
1779358222.9054,plane,1208,,,,,,,,,
1779358223.0174,plane,1209,,,,,,,,,
1779358223.1138,plane,1210,,,,,,,,,
1779358223.2096,plane,1211,,,,,,,,,
1779358223.3066,plane,1212,,,,,,,,,
1779358223.4172,plane,1213,,,,,,,,,
1779358223.5164,plane,1214,,,,,,,,,
1779358223.6096,plane,1215,,,,,,,,,
1779358223.7052,plane,1216,,,,,,,,,
1779358223.8194,plane,1217,,,,,,,,,
1779358223.9136,plane,1218,,,,,,,,,
1779358224.0104,plane,1219,,,,,,,,,
1779358224.1064,plane,1220,,,,,,,,,
1779358224.2173,plane,1221,,,,,,,,,
1779358224.3208,plane,1222,,,,,,,,,
1779358224.4179,plane,1223,,,,,,,,,
1779358224.5070,plane,1224,,,,,,,,,
1779358224.6177,plane,1225,,,,,,,,,
1779358224.7159,plane,1226,,,,,,,,,
1779358224.8102,plane,1227,,,,,,,,,
1779358224.9064,plane,1228,,,,,,,,,
1779358225.0187,plane,1229,,,,,,,,,
1779358225.1143,plane,1230,,,,,,,,,
1779358225.2116,plane,1231,,,,,,,,,
1779358225.3085,plane,1232,,,,,,,,,
1779358225.4180,plane,1233,,,,,,,,,
1779358225.5180,plane,1234,,,,,,,,,
1779358225.6108,plane,1235,,,,,,,,,
1779358225.7072,plane,1236,,,,,,,,,
1779358225.8179,plane,1237,,,,,,,,,
1779358225.9171,plane,1238,,,,,,,,,
1779358226.0098,plane,1239,,,,,,,,,
1779358226.1110,plane,1240,,,,,,,,,
1779358226.2198,plane,1241,,,,,,,,,
1779358226.3146,plane,1242,,,,,,,,,
1779358226.4112,plane,1243,,,,,,,,,
1779358226.5082,plane,1244,,,,,,,,,
1779358226.6183,plane,1245,,,,,,,,,
1779358226.7188,plane,1246,,,,,,,,,
1779358226.8114,plane,1247,,,,,,,,,
1779358226.9096,plane,1248,,,,,,,,,
1779358227.0222,plane,1249,,,,,,,,,
1779358227.1146,plane,1250,,,,,,,,,
1779358227.2105,plane,1251,,,,,,,,,
1779358227.3074,plane,1252,,,,,,,,,
1779358227.4175,plane,1253,,,,,,,,,
1779358227.5155,plane,1254,,,,,,,,,
1779358227.6111,plane,1255,,,,,,,,,
1779358227.7057,plane,1256,,,,,,,,,
1779358227.8178,plane,1257,,,,,,,,,
1779358227.9153,plane,1258,,,,,,,,,
1779358228.0116,plane,1259,,,,,,,,,
1779358228.1084,plane,1260,,,,,,,,,
1779358228.2193,plane,1261,,,,,,,,,
1779358228.3148,plane,1262,,,,,,,,,
1779358228.4113,plane,1263,,,,,,,,,
1779358228.5083,plane,1264,,,,,,,,,
1779358228.6182,plane,1265,,,,,,,,,
1779358228.7138,plane,1266,,,,,,,,,
1779358228.8121,plane,1267,,,,,,,,,
1779358228.9100,plane,1268,,,,,,,,,
1779358229.0199,plane,1269,,,,,,,,,
1779358229.1145,plane,1270,,,,,,,,,
1779358229.2114,plane,1271,,,,,,,,,
1779358229.3131,plane,1272,,,,,,,,,
1779358229.4178,plane,1273,,,,,,,,,
1779358229.5155,plane,1274,,,,,,,,,
1779358229.6105,plane,1275,,,,,,,,,
1779358229.7076,plane,1276,,,,,,,,,
1779358229.8189,plane,1277,,,,,,,,,
1779358229.9150,plane,1278,,,,,,,,,
1779358230.0103,plane,1279,,,,,,,,,
1779358230.1060,plane,1280,,,,,,,,,
1779358230.2184,plane,1281,,,,,,,,,
1779358230.3183,plane,1282,,,,,,,,,
1779358230.4102,plane,1283,,,,,,,,,
1779358230.5061,plane,1284,,,,,,,,,
1779358230.6182,plane,1285,,,,,,,,,
1779358230.7145,plane,1286,,,,,,,,,
1779358230.8106,plane,1287,,,,,,,,,
1779358230.9054,plane,1288,,,,,,,,,
1779358231.0184,plane,1289,,,,,,,,,
1779358231.1134,plane,1290,,,,,,,,,
1779358231.2096,plane,1291,,,,,,,,,
1779358231.3053,plane,1292,,,,,,,,,
1779358231.4174,plane,1293,,,,,,,,,
1779358231.5149,plane,1294,,,,,,,,,
1779358231.6096,plane,1295,,,,,,,,,
1779358231.7055,plane,1296,,,,,,,,,
1779358231.8211,plane,1297,,,,,,,,,
1779358231.9146,plane,1298,,,,,,,,,
1779358232.0102,plane,1299,,,,,,,,,
1779358232.1053,plane,1300,,,,,,,,,
1779358232.2171,plane,1301,,,,,,,,,
1779358232.3136,plane,1302,,,,,,,,,
1779358232.4099,plane,1303,,,,,,,,,
1779358232.5071,plane,1304,,,,,,,,,
1779358232.6173,plane,1305,,,,,,,,,
1779358232.7140,plane,1306,,,,,,,,,
1779358232.8098,plane,1307,,,,,,,,,
1779358232.9068,plane,1308,,,,,,,,,
1779358233.0178,plane,1309,,,,,,,,,
1779358233.1133,plane,1310,,,,,,,,,
1779358233.2096,plane,1311,,,,,,,,,
1779358233.3062,plane,1312,,,,,,,,,
1779358233.4191,plane,1313,,,,,,,,,
1779358233.5134,plane,1314,,,,,,,,,
1779358233.6106,plane,1315,,,,,,,,,
1779358233.7053,plane,1316,,,,,,,,,
1779358233.8172,plane,1317,,,,,,,,,
1779358233.9134,plane,1318,,,,,,,,,
1779358234.0125,plane,1319,,,,,,,,,
1779358234.1059,plane,1320,,,,,,,,,
1779358234.2188,plane,1321,,,,,,,,,
1779358234.3156,plane,1322,,,,,,,,,
1779358234.4097,plane,1323,,,,,,,,,
1779358234.5055,plane,1324,,,,,,,,,
1779358234.6174,plane,1325,,,,,,,,,
1779358234.7150,plane,1326,,,,,,,,,
1779358234.8124,plane,1327,,,,,,,,,
1779358234.9054,plane,1328,,,,,,,,,
1779358235.0178,plane,1329,,,,,,,,,
1779358235.1144,plane,1330,,,,,,,,,
1779358235.2094,plane,1331,,,,,,,,,
1779358235.3063,plane,1332,,,,,,,,,
1779358235.4181,plane,1333,,,,,,,,,
1779358235.5140,plane,1334,,,,,,,,,
1779358235.6095,plane,1335,,,,,,,,,
1779358235.7063,plane,1336,,,,,,,,,
1779358235.8209,plane,1337,,,,,,,,,
1779358235.9165,plane,1338,,,,,,,,,
1779358236.0212,plane,1339,,,,,,,,,
1779358236.1138,plane,1340,,,,,,,,,
1779358236.2172,plane,1341,,,,,,,,,
1779358236.3144,plane,1342,,,,,,,,,
1779358236.4102,plane,1343,,,,,,,,,
1779358236.5073,plane,1344,,,,,,,,,
1779358236.6201,plane,1345,,,,,,,,,
1779358236.7149,plane,1346,,,,,,,,,
