time,surface,frame,blob_id,x,y,area,major,minor,angle,vx,vy
1779370922.6008,plane,1,,,,,,,,,
1779370922.7109,plane,2,,,,,,,,,
1779370922.8076,plane,3,,,,,,,,,
1779370922.9041,plane,4,,,,,,,,,
1779370922.9986,plane,5,,,,,,,,,
1779370923.1099,plane,6,,,,,,,,,
1779370923.2087,plane,7,,,,,,,,,
1779370923.3035,plane,8,,,,,,,,,
1779370923.3990,plane,9,,,,,,,,,
1779370923.5117,plane,10,,,,,,,,,
1779370923.6069,plane,11,,,,,,,,,
1779370923.7036,plane,12,,,,,,,,,
1779370923.7987,plane,13,,,,,,,,,
1779370923.9122,plane,14,,,,,,,,,
1779370924.0070,plane,15,,,,,,,,,
1779370924.1031,plane,16,,,,,,,,,
1779370924.1999,plane,17,,,,,,,,,
1779370924.3138,plane,18,,,,,,,,,
1779370924.4113,plane,19,,,,,,,,,
1779370924.5076,plane,20,,,,,,,,,
1779370924.6021,plane,21,,,,,,,,,
1779370924.7133,plane,22,,,,,,,,,
1779370924.8067,plane,23,,,,,,,,,
1779370924.9049,plane,24,,,,,,,,,
1779370925.0010,plane,25,,,,,,,,,
1779370925.1117,plane,26,,,,,,,,,
1779370925.2079,plane,27,,,,,,,,,
1779370925.3044,plane,28,,,,,,,,,
1779370925.4000,plane,29,,,,,,,,,
1779370925.5123,plane,30,,,,,,,,,
1779370925.6103,plane,31,,,,,,,,,
1779370925.7070,plane,32,,,,,,,,,
1779370925.8028,plane,33,,,,,,,,,
1779370925.9132,plane,34,,,,,,,,,
1779370926.0106,plane,35,,,,,,,,,
1779370926.1053,plane,36,,,,,,,,,
1779370926.2007,plane,37,,,,,,,,,
1779370926.3154,plane,38,,,,,,,,,
1779370926.4099,plane,39,,,,,,,,,
1779370926.5040,plane,40,,,,,,,,,
1779370926.6005,plane,41,,,,,,,,,
1779370926.7114,plane,42,,,,,,,,,
1779370926.8089,plane,43,,,,,,,,,
1779370926.9028,plane,44,,,,,,,,,
1779370926.9988,plane,45,,,,,,,,,
1779370927.1099,plane,46,,,,,,,,,
1779370927.2068,plane,47,,,,,,,,,
1779370927.3034,plane,48,,,,,,,,,
1779370927.4001,plane,49,,,,,,,,,
1779370927.5109,plane,50,,,,,,,,,
1779370927.6070,plane,51,,,,,,,,,
1779370927.7045,plane,52,,,,,,,,,
1779370927.7985,plane,53,,,,,,,,,
1779370927.9118,plane,54,,,,,,,,,
1779370928.0079,plane,55,,,,,,,,,
1779370928.1034,plane,56,,,,,,,,,
1779370928.1994,plane,57,,,,,,,,,
1779370928.3122,plane,58,,,,,,,,,
1779370928.4069,plane,59,,,,,,,,,
1779370928.5027,plane,60,,,,,,,,,
1779370928.5980,plane,61,,,,,,,,,
1779370928.8044,plane,62,,,,,,,,,
1779370928.8176,plane,63,,,,,,,,,
1779370928.9027,plane,64,0,0.34282,0.49612,0.002753,0.06294,0.05035,87.44,0.00000,0.00000
1779370929.0007,plane,65,0,0.35246,0.49533,0.005942,0.09397,0.05320,94.22,0.09858,-0.00807
1779370929.0007,plane,65,1,0.55004,0.49786,0.014021,0.25399,0.08780,90.31,0.00000,0.00000
1779370929.1121,plane,66,0,0.35032,0.49511,0.008045,0.12761,0.05118,91.58,-0.01917,-0.00189
1779370929.1121,plane,66,1,0.53916,0.49829,0.028615,0.31773,0.08355,90.97,-0.09748,0.00390
1779370929.1121,plane,66,2,0.98223,0.03841,0.002233,0.05000,0.04068,11.57,0.00000,0.00000
1779370929.2075,plane,67,0,0.35039,0.49514,0.008048,0.12907,0.05095,92.36,0.00075,0.00031
1779370929.2075,plane,67,1,0.53922,0.49845,0.028542,0.32314,0.08209,91.01,0.00066,0.00162
1779370929.2075,plane,67,2,0.97771,0.04586,0.002446,0.05866,0.03979,25.24,-0.04731,0.07797
1779370929.3038,plane,68,0,0.35035,0.49513,0.008063,0.12604,0.05157,91.72,-0.00045,-0.00019
1779370929.3038,plane,68,1,0.53916,0.49837,0.028597,0.32367,0.08429,91.51,-0.00066,-0.00084
1779370929.3038,plane,68,2,0.97054,0.02671,0.002068,0.08436,0.03887,91.54,-0.07451,-0.19878
1779370929.3995,plane,69,0,0.35026,0.49489,0.007967,0.12414,0.05105,92.54,-0.00092,-0.00248
1779370929.3995,plane,69,1,0.53874,0.49855,0.028003,0.31859,0.08152,91.26,-0.00441,0.00196
1779370929.5115,plane,70,0,0.35031,0.49494,0.007948,0.11959,0.05113,92.28,0.00041,0.00043
1779370929.5115,plane,70,1,0.61141,0.50113,0.012783,0.17611,0.05957,92.57,0.64828,0.02300
1779370929.5115,plane,70,3,0.44875,0.49523,0.005966,0.09607,0.08949,113.16,0.00000,0.00000
1779370929.6100,plane,71,0,0.35018,0.49490,0.007953,0.12524,0.05080,92.26,-0.00134,-0.00036
1779370929.6100,plane,71,1,0.61152,0.50122,0.012753,0.17501,0.06035,92.33,0.00110,0.00095
1779370929.6100,plane,71,3,0.44864,0.49498,0.006003,0.09414,0.08918,127.00,-0.00108,-0.00259
1779370929.7047,plane,72,0,0.35025,0.49491,0.007965,0.12085,0.05081,91.54,0.00082,0.00004
1779370929.7047,plane,72,1,0.61141,0.50104,0.012834,0.17800,0.05971,92.30,-0.00115,-0.00189
1779370929.7047,plane,72,3,0.44880,0.49526,0.005980,0.09866,0.08947,109.29,0.00172,0.00297
1779370929.8024,plane,73,0,0.35028,0.49499,0.007980,0.12883,0.05076,92.24,0.00031,0.00086
1779370929.8024,plane,73,1,0.61149,0.50119,0.012843,0.17545,0.06030,92.51,0.00083,0.00150
1779370929.8024,plane,73,3,0.44867,0.49531,0.006010,0.09657,0.08893,114.23,-0.00140,0.00051
1779370929.9124,plane,74,0,0.35023,0.49499,0.007933,0.12278,0.05136,92.51,-0.00052,-0.00004
1779370929.9124,plane,74,1,0.61130,0.50120,0.012756,0.17386,0.06055,92.65,-0.00177,0.00004
1779370929.9124,plane,74,3,0.44877,0.49550,0.005956,0.09584,0.08970,113.92,0.00091,0.00178
1779370930.0066,plane,75,0,0.49394,0.49219,0.008169,0.08246,0.07637,107.10,1.52699,-0.02971
1779370930.0066,plane,75,1,0.58492,0.49019,0.002465,0.06826,0.03827,92.00,-0.28025,-0.11694
1779370930.1016,plane,76,,,,,,,,,
1779370930.1978,plane,77,,,,,,,,,
1779370930.3095,plane,78,,,,,,,,,
1779370930.4058,plane,79,,,,,,,,,
1779370930.5016,plane,80,,,,,,,,,
1779370930.5985,plane,81,0,0.49032,0.49407,0.003406,0.05987,0.04611,9.86,-0.03739,0.01937
1779370930.7103,plane,82,0,0.49021,0.49396,0.003404,0.05852,0.04746,11.62,-0.00093,-0.00095
1779370930.8064,plane,83,0,0.49017,0.49413,0.003423,0.05893,0.04746,11.90,-0.00044,0.00174
1779370930.9027,plane,84,0,0.48849,0.49694,0.004427,0.06677,0.05333,10.25,-0.01742,0.02914
1779370930.9986,plane,85,0,0.48848,0.49681,0.004432,0.06665,0.05339,9.88,-0.00014,-0.00136
1779370931.1101,plane,86,0,0.48855,0.49628,0.004418,0.06710,0.05314,7.53,0.00064,-0.00472
1779370931.2062,plane,87,0,0.48814,0.49660,0.004817,0.06836,0.05418,8.11,-0.00420,0.00335
1779370931.3025,plane,88,0,0.48814,0.49656,0.004807,0.06835,0.05417,7.87,-0.00003,-0.00044
1779370931.3983,plane,89,0,0.48811,0.49660,0.004798,0.06837,0.05410,7.71,-0.00029,0.00045
1779370931.5104,plane,90,0,0.48794,0.49646,0.005115,0.06939,0.05563,6.82,-0.00151,-0.00126
1779370931.6058,plane,91,0,0.48796,0.49640,0.005120,0.06941,0.05579,7.21,0.00017,-0.00067
1779370931.7024,plane,92,0,0.48796,0.49651,0.005117,0.06940,0.05570,6.09,0.00001,0.00112
1779370931.7979,plane,93,0,0.48759,0.49615,0.005785,0.07082,0.05736,179.94,-0.00385,-0.00379
1779370931.9104,plane,94,0,0.48766,0.49616,0.005770,0.07086,0.05738,2.47,0.00056,0.00009
1779370932.0060,plane,95,0,0.48768,0.49609,0.005800,0.07080,0.05799,0.97,0.00023,-0.00071
1779370932.1025,plane,96,0,0.49363,0.49540,0.007060,0.07629,0.06900,84.82,0.06173,-0.00711
1779370932.1982,plane,97,0,0.49379,0.49545,0.007104,0.07673,0.06876,92.81,0.00161,0.00053
1779370932.3100,plane,98,0,0.49368,0.49534,0.007085,0.07637,0.06925,86.95,-0.00099,-0.00097
1779370932.4060,plane,99,0,0.49581,0.49502,0.007890,0.07931,0.07064,84.03,0.02222,-0.00342
1779370932.5026,plane,100,0,0.49580,0.49510,0.007889,0.07917,0.07052,86.25,-0.00009,0.00083
1779370932.5982,plane,101,0,0.49579,0.49502,0.007885,0.07911,0.06984,85.73,-0.00010,-0.00083
1779370932.7104,plane,102,0,0.49679,0.49525,0.008426,0.08000,0.07422,86.33,0.00895,0.00212
1779370932.8062,plane,103,0,0.49678,0.49527,0.008421,0.08005,0.07413,87.30,-0.00010,0.00018
1779370932.9025,plane,104,0,0.49679,0.49522,0.008421,0.07997,0.07421,86.47,0.00008,-0.00056
1779370932.9983,plane,105,0,0.49696,0.49527,0.008608,0.08070,0.07513,84.45,0.00178,0.00050
1779370933.1102,plane,106,0,0.49696,0.49522,0.008611,0.08070,0.07514,84.11,-0.00006,-0.00040
1779370933.2061,plane,107,0,0.49697,0.49526,0.008614,0.08067,0.07515,84.05,0.00017,0.00041
1779370933.3027,plane,108,0,0.49703,0.49526,0.008728,0.08099,0.07579,86.15,0.00064,0.00003
1779370933.3983,plane,109,0,0.49703,0.49525,0.008737,0.08104,0.07580,84.52,-0.00002,-0.00017
1779370933.5105,plane,110,0,0.49703,0.49521,0.008737,0.08103,0.07592,85.94,0.00001,-0.00036
1779370933.6068,plane,111,0,0.49704,0.49531,0.008826,0.08132,0.07654,83.34,0.00010,0.00107
1779370933.7025,plane,112,0,0.49704,0.49532,0.008831,0.08130,0.07662,83.66,-0.00001,0.00015
1779370933.7986,plane,113,0,0.49704,0.49533,0.008823,0.08129,0.07642,84.80,-0.00003,0.00010
1779370933.9104,plane,114,0,0.49706,0.49517,0.008923,0.08168,0.07694,86.25,0.00020,-0.00148
1779370934.0064,plane,115,0,0.49708,0.49512,0.008926,0.08163,0.07695,85.63,0.00020,-0.00049
1779370934.1026,plane,116,0,0.49707,0.49514,0.008925,0.08165,0.07696,86.37,-0.00006,0.00021
1779370934.1987,plane,117,0,0.49706,0.49519,0.009033,0.08204,0.07743,84.39,-0.00013,0.00048
1779370934.3101,plane,118,0,0.49707,0.49519,0.009037,0.08205,0.07744,84.27,0.00004,0.00003
1779370934.4065,plane,119,0,0.49706,0.49516,0.009033,0.08206,0.07740,84.14,-0.00002,-0.00026
1779370934.5020,plane,120,0,0.49710,0.49535,0.009116,0.08238,0.07773,83.37,0.00037,0.00192
1779370934.5991,plane,121,0,0.49709,0.49532,0.009120,0.08238,0.07773,83.36,-0.00007,-0.00025
1779370934.7109,plane,122,0,0.49710,0.49534,0.009115,0.08239,0.07772,83.38,0.00006,0.00010
1779370934.8063,plane,123,0,0.49708,0.49534,0.009223,0.08283,0.07846,85.47,-0.00021,0.00004
1779370934.9028,plane,124,0,0.49709,0.49537,0.009216,0.08282,0.07844,85.66,0.00007,0.00030
1779370934.9982,plane,125,0,0.49708,0.49536,0.009213,0.08283,0.07841,85.83,-0.00003,-0.00004
1779370935.1107,plane,126,0,0.49715,0.49533,0.009306,0.08319,0.07857,85.10,0.00061,-0.00034
1779370935.2064,plane,127,0,0.49716,0.49534,0.009304,0.08315,0.07869,84.82,0.00007,0.00019
1779370935.3023,plane,128,0,0.49716,0.49534,0.009304,0.08315,0.07869,84.82,0.00000,0.00000
1779370935.3988,plane,129,0,0.49722,0.49528,0.009459,0.08420,0.07938,85.62,0.00062,-0.00062
1779370935.5104,plane,130,0,0.49724,0.49527,0.009462,0.08425,0.07937,85.16,0.00020,-0.00011
1779370935.6067,plane,131,0,0.49724,0.49529,0.009464,0.08420,0.07942,85.50,-0.00001,0.00022
1779370935.7020,plane,132,0,0.51405,0.49785,0.012806,0.15323,0.07860,88.48,0.17625,0.02683
1779370935.7982,plane,133,0,0.51313,0.49742,0.012524,0.15390,0.07566,87.87,-0.00964,-0.00454
1779370935.9102,plane,134,0,0.51280,0.49712,0.012443,0.15235,0.07596,87.73,-0.00294,-0.00266
1779370936.0068,plane,135,0,0.51823,0.49797,0.014323,0.16401,0.08197,87.93,0.05621,0.00877
1779370936.0068,plane,135,4,0.34157,0.48150,0.002397,0.06430,0.04770,106.90,0.00000,0.00000
1779370936.1030,plane,136,0,0.51823,0.49796,0.014326,0.16409,0.08192,87.95,-0.00004,-0.00001
1779370936.1030,plane,136,4,0.34146,0.48144,0.002396,0.06400,0.04793,106.22,-0.00116,-0.00061
1779370936.1989,plane,137,0,0.51828,0.49797,0.014336,0.16569,0.08142,87.53,0.00051,0.00001
1779370936.1989,plane,137,4,0.34153,0.48151,0.002406,0.06443,0.04775,107.00,0.00070,0.00074
1779370936.3126,plane,138,0,0.53080,0.49801,0.021216,0.25697,0.08050,90.94,0.11020,0.00036
1779370936.3126,plane,138,4,0.34636,0.49400,0.005151,0.09255,0.04803,92.21,0.04250,0.10988
1779370936.4070,plane,139,0,0.53106,0.49801,0.021347,0.25645,0.08101,90.63,0.00269,0.00002
1779370936.4070,plane,139,4,0.34647,0.49399,0.005181,0.09307,0.04793,91.89,0.00116,-0.00007
1779370936.5034,plane,140,0,0.53084,0.49804,0.021267,0.25644,0.08062,90.73,-0.00220,0.00036
1779370936.5034,plane,140,4,0.34634,0.49391,0.005147,0.09261,0.04803,92.21,-0.00135,-0.00085
1779370936.5992,plane,141,0,0.53318,0.49852,0.023019,0.31165,0.07700,90.05,0.02438,0.00494
1779370936.5992,plane,141,4,0.34807,0.49411,0.006053,0.09745,0.04933,92.18,0.01806,0.00208
1779370936.7111,plane,142,0,0.53311,0.49852,0.022987,0.31158,0.07701,90.28,-0.00057,0.00001
1779370936.7111,plane,142,4,0.34798,0.49410,0.006024,0.09724,0.04959,92.34,-0.00082,-0.00009
1779370936.8065,plane,143,0,0.53319,0.49851,0.023002,0.31198,0.07688,89.97,0.00083,-0.00004
1779370936.8065,plane,143,4,0.34805,0.49409,0.006051,0.09788,0.04929,92.13,0.00079,-0.00010
1779370936.9038,plane,144,0,0.53406,0.49865,0.023912,0.32022,0.07684,90.40,0.00890,0.00138
1779370936.9038,plane,144,4,0.34832,0.49463,0.006560,0.10242,0.05020,92.74,0.00272,0.00560
1779370936.9992,plane,145,0,0.53407,0.49861,0.023933,0.31912,0.07740,90.53,0.00014,-0.00033
1779370936.9992,plane,145,4,0.34837,0.49466,0.006560,0.10157,0.05036,92.44,0.00055,0.00032
1779370937.1108,plane,146,0,0.53405,0.49864,0.023929,0.31938,0.07698,90.42,-0.00017,0.00026
1779370937.1108,plane,146,4,0.34837,0.49464,0.006578,0.10172,0.05032,92.41,-0.00003,-0.00017
1779370937.2072,plane,147,0,0.53481,0.49869,0.024677,0.35615,0.07706,90.74,0.00790,0.00044
1779370937.2072,plane,147,4,0.34868,0.49433,0.006946,0.11437,0.04870,91.42,0.00322,-0.00326
1779370937.3029,plane,148,0,0.53481,0.49868,0.024675,0.35048,0.07740,90.58,-0.00003,-0.00010
1779370937.3029,plane,148,4,0.34866,0.49436,0.006944,0.11422,0.04887,91.32,-0.00017,0.00028
1779370937.3988,plane,149,0,0.53479,0.49869,0.024675,0.35420,0.07714,90.77,-0.00017,0.00011
1779370937.3988,plane,149,4,0.34870,0.49437,0.006955,0.11521,0.04860,91.41,0.00040,0.00015
1779370937.5113,plane,150,0,0.53572,0.49871,0.025814,0.33757,0.07775,90.59,0.00821,0.00016
1779370937.5113,plane,150,4,0.34939,0.49492,0.007416,0.12157,0.04945,91.58,0.00619,0.00490
1779370937.6072,plane,151,0,0.53565,0.49872,0.025733,0.32705,0.07856,90.62,-0.00072,0.00011
1779370937.6072,plane,151,4,0.34938,0.49486,0.007406,0.11970,0.04940,91.65,-0.00011,-0.00068
1779370937.7028,plane,152,0,0.53576,0.49872,0.025786,0.33646,0.07835,90.50,0.00117,0.00004
1779370937.7028,plane,152,4,0.34934,0.49485,0.007416,0.12149,0.04955,91.72,-0.00047,-0.00005
1779370937.7994,plane,153,0,0.53616,0.49843,0.026481,0.34971,0.07843,90.75,0.00416,-0.00303
1779370937.7994,plane,153,4,0.34939,0.49477,0.007636,0.12702,0.04949,92.14,0.00053,-0.00082
1779370937.7994,plane,153,5,0.01334,0.04142,0.002489,0.19896,0.04891,33.92,0.00000,0.00000
1779370937.9115,plane,154,0,0.53620,0.49845,0.026557,0.34802,0.07886,90.81,0.00039,0.00020
1779370937.9115,plane,154,4,0.34939,0.49473,0.007653,0.13024,0.04942,91.96,0.00003,-0.00041
1779370937.9115,plane,154,5,0.01550,0.04333,0.003040,0.11972,0.05533,38.62,0.01926,0.01711
1779370938.0075,plane,155,0,0.53633,0.49842,0.026703,0.33902,0.07923,90.72,0.00136,-0.00036
1779370938.0075,plane,155,4,0.34936,0.49472,0.007679,0.13090,0.04937,91.51,-0.00038,-0.00007
1779370938.0075,plane,155,5,0.01574,0.04517,0.003184,0.15071,0.09188,34.31,0.00253,0.01916
1779370938.1037,plane,156,0,0.53630,0.49845,0.027245,0.34130,0.08093,90.94,-0.00040,0.00035
1779370938.1037,plane,156,4,0.34947,0.49507,0.007806,0.12461,0.05082,91.34,0.00116,0.00363
1779370938.1037,plane,156,5,0.02215,0.06647,0.006641,0.24322,0.09720,40.62,0.06666,0.22144
1779370938.1998,plane,157,0,0.53633,0.49839,0.027218,0.33619,0.08154,90.87,0.00030,-0.00060
1779370938.1998,plane,157,4,0.34945,0.49508,0.007811,0.12486,0.05086,91.26,-0.00018,0.00006
1779370938.1998,plane,157,5,0.02181,0.06711,0.006631,0.22072,0.06432,33.26,-0.00361,0.00661
1779370938.3133,plane,158,0,0.53631,0.49841,0.027235,0.33728,0.08155,90.77,-0.00013,0.00020
1779370938.3133,plane,158,4,0.34945,0.49498,0.007824,0.12389,0.05089,91.19,-0.00002,-0.00081
1779370938.3133,plane,158,5,0.02311,0.06973,0.007329,0.21960,0.06792,34.80,0.01143,0.02308
1779370938.4081,plane,159,0,0.53635,0.49829,0.027356,0.34023,0.08068,90.88,0.00039,-0.00135
1779370938.4081,plane,159,4,0.34940,0.49491,0.007857,0.12466,0.05129,91.52,-0.00057,-0.00077
1779370938.4081,plane,159,5,0.02392,0.07153,0.007790,0.12747,0.07694,2.08,0.00858,0.01899
1779370938.5040,plane,160,0,0.53629,0.49842,0.027396,0.34157,0.08068,90.82,-0.00056,0.00140
1779370938.5040,plane,160,4,0.34941,0.49503,0.007867,0.12443,0.05093,92.07,0.00019,0.00127
1779370938.5040,plane,160,5,0.02412,0.07134,0.007775,0.48490,0.45362,0.00,0.00210,-0.00202
1779370938.6003,plane,161,0,0.53630,0.49843,0.027335,0.34154,0.08048,90.58,0.00005,0.00011
1779370938.6003,plane,161,4,0.34950,0.49504,0.007845,0.12344,0.05128,91.46,0.00091,0.00010
1779370938.6003,plane,161,5,0.02258,0.06693,0.006807,0.22805,0.10483,13.87,-0.01606,-0.04578
1779370938.7116,plane,162,0,0.53627,0.49834,0.027390,0.34001,0.08132,90.93,-0.00024,-0.00082
1779370938.7116,plane,162,4,0.34940,0.49499,0.007875,0.12439,0.05085,92.08,-0.00092,-0.00049
1779370938.7116,plane,162,5,0.02382,0.07056,0.007609,0.17812,0.05675,33.96,0.01124,0.03268
1779370938.8072,plane,163,0,0.53631,0.49839,0.027376,0.33807,0.08126,90.66,0.00036,0.00048
1779370938.8072,plane,163,4,0.34946,0.49497,0.007855,0.12374,0.05116,91.52,0.00068,-0.00017
1779370938.8072,plane,163,5,0.02248,0.07158,0.007180,3.54445,1.06171,68.44,-0.01402,0.01063
1779370938.9044,plane,164,0,0.53630,0.49837,0.027388,0.34117,0.08125,90.71,-0.00008,-0.00021
1779370938.9044,plane,164,4,0.34943,0.49497,0.007872,0.12428,0.05119,91.36,-0.00041,-0.00002
1779370938.9044,plane,164,5,0.02323,0.07297,0.007748,0.10638,0.08114,0.00,0.00774,0.01439
1779370938.9996,plane,165,0,0.53633,0.49856,0.027330,0.33891,0.08149,90.65,0.00030,0.00202
1779370938.9996,plane,165,4,0.34948,0.49496,0.007846,0.12499,0.05090,91.26,0.00059,-0.00008
1779370938.9996,plane,165,5,0.02270,0.07322,0.007443,0.22185,0.09464,38.01,-0.00559,0.00257
1779370939.1119,plane,166,0,0.53633,0.49862,0.027337,0.33704,0.08168,90.85,0.00005,0.00052
1779370939.1119,plane,166,4,0.34947,0.49496,0.007868,0.12430,0.05145,91.58,-0.00012,-0.00005
1779370939.1119,plane,166,5,0.02370,0.06575,0.006899,0.29377,0.21057,57.97,0.00893,-0.06653
1779370939.2087,plane,167,0,0.53629,0.49862,0.027352,0.34245,0.08071,90.54,-0.00043,0.00001
1779370939.2087,plane,167,4,0.34942,0.49497,0.007868,0.12444,0.05130,91.59,-0.00050,0.00014
1779370939.2087,plane,167,5,0.02376,0.07225,0.007641,0.40403,0.23940,13.11,0.00067,0.06727
1779370939.3029,plane,168,0,0.53504,0.49891,0.024850,0.34903,0.07712,90.89,-0.01322,0.00311
1779370939.3029,plane,168,4,0.34916,0.49460,0.007119,0.11702,0.04848,91.63,-0.00279,-0.00390
1779370939.3990,plane,169,0,0.53503,0.49889,0.024885,0.31826,0.07750,90.90,-0.00013,-0.00025
1779370939.3990,plane,169,4,0.34918,0.49462,0.007122,0.11686,0.04854,91.62,0.00023,0.00015
1779370939.5117,plane,170,0,0.53500,0.49894,0.024870,0.33870,0.07644,90.90,-0.00032,0.00046
1779370939.5117,plane,170,4,0.34919,0.49464,0.007082,0.11710,0.04854,91.61,0.00009,0.00017
1779370939.6070,plane,171,0,0.53494,0.49892,0.024721,0.37398,0.07713,90.81,-0.00055,-0.00018
1779370939.6070,plane,171,4,0.34900,0.49436,0.007012,0.11575,0.04835,91.41,-0.00197,-0.00284
1779370939.7031,plane,172,0,0.53494,0.49895,0.024690,0.37187,0.07725,90.81,0.00000,0.00025
1779370939.7031,plane,172,4,0.34897,0.49434,0.007002,0.11676,0.04844,91.31,-0.00032,-0.00023
1779370939.7991,plane,173,0,0.53490,0.49877,0.024726,0.36833,0.07741,90.75,-0.00048,-0.00183
1779370939.7991,plane,173,4,0.34896,0.49438,0.007009,0.11762,0.04837,91.32,-0.00011,0.00035
1779370939.9113,plane,174,0,0.53490,0.49796,0.024740,0.36400,0.07736,90.72,-0.00002,-0.00727
1779370939.9113,plane,174,4,0.34891,0.49434,0.007021,0.11837,0.04803,91.47,-0.00046,-0.00033
1779370940.0076,plane,175,0,0.53489,0.49800,0.024775,0.35842,0.07724,90.80,-0.00001,0.00042
1779370940.0076,plane,175,4,0.34889,0.49439,0.007039,0.11932,0.04797,91.56,-0.00022,0.00053
1779370940.1030,plane,176,0,0.53491,0.49877,0.024755,0.36873,0.07746,90.76,0.00016,0.00813
1779370940.1030,plane,176,4,0.34900,0.49440,0.007021,0.11543,0.04844,91.44,0.00116,0.00014
1779370940.1996,plane,177,0,0.53489,0.49875,0.024734,0.37027,0.07733,90.73,-0.00016,-0.00024
1779370940.1996,plane,177,4,0.34897,0.49441,0.007022,0.11757,0.04839,91.45,-0.00029,0.00004
1779370940.3106,plane,178,0,0.53486,0.49877,0.024723,0.36604,0.07754,90.72,-0.00034,0.00025
1779370940.3106,plane,178,4,0.34897,0.49441,0.007028,0.11826,0.04810,91.50,-0.00004,0.00006
1779370940.4074,plane,179,0,0.53488,0.49877,0.024757,0.36348,0.07724,90.91,0.00029,-0.00008
1779370940.4074,plane,179,4,0.34898,0.49441,0.007043,0.11590,0.04830,91.40,0.00012,-0.00005
1779370940.5027,plane,180,0,0.53488,0.49877,0.024731,0.36728,0.07753,90.72,-0.00010,0.00005
1779370940.5027,plane,180,4,0.34900,0.49446,0.007048,0.11589,0.04855,91.55,0.00027,0.00051
1779370940.5994,plane,181,0,0.53486,0.49878,0.024716,0.36577,0.07740,90.72,-0.00015,0.00007
1779370940.5994,plane,181,4,0.34889,0.49436,0.007002,0.11765,0.04822,91.53,-0.00116,-0.00097
1779370940.7111,plane,182,0,0.53490,0.49883,0.024738,0.35789,0.07750,90.82,0.00034,0.00042
1779370940.7111,plane,182,4,0.34900,0.49446,0.007039,0.11490,0.04851,91.25,0.00100,0.00090
1779370940.8070,plane,183,0,0.53490,0.49882,0.024734,0.36841,0.07747,90.76,-0.00001,-0.00009
1779370940.8070,plane,183,4,0.34903,0.49451,0.007048,0.11560,0.04864,91.42,0.00032,0.00047
1779370940.9031,plane,184,0,0.53485,0.49896,0.024728,0.35925,0.07690,90.95,-0.00054,0.00146
1779370940.9031,plane,184,4,0.34906,0.49451,0.007046,0.11605,0.04847,91.48,0.00027,-0.00001
1779370940.9993,plane,185,0,0.53488,0.49896,0.024697,0.36627,0.07749,90.71,0.00039,-0.00001
1779370940.9993,plane,185,4,0.34902,0.49447,0.007036,0.11539,0.04845,91.43,-0.00041,-0.00040
1779370941.1122,plane,186,0,0.53322,0.49890,0.023005,0.31192,0.07718,90.07,-0.01473,-0.00047
1779370941.1122,plane,186,4,0.34815,0.49415,0.006019,0.09804,0.04944,92.46,-0.00774,-0.00281
1779370941.2066,plane,187,0,0.53324,0.49891,0.023027,0.32163,0.07645,90.14,0.00026,0.00006
1779370941.2066,plane,187,4,0.34812,0.49417,0.006017,0.09827,0.04945,92.36,-0.00029,0.00016
1779370941.3034,plane,188,0,0.53327,0.49893,0.023075,0.30158,0.07756,90.04,0.00032,0.00022
1779370941.3034,plane,188,4,0.34818,0.49434,0.006056,0.09896,0.04900,92.60,0.00068,0.00175
1779370941.3993,plane,189,0,0.52880,0.49785,0.020276,0.24121,0.08136,91.90,-0.04662,-0.01124
1779370941.3993,plane,189,4,0.34201,0.49154,0.004313,0.08060,0.04682,84.87,-0.06440,-0.02918
1779370941.5111,plane,190,0,0.52992,0.49714,0.019884,0.23770,0.08173,91.72,0.01004,-0.00637
1779370941.5111,plane,190,4,0.34223,0.49147,0.004313,0.07945,0.04736,84.58,0.00199,-0.00060
1779370941.6073,plane,191,0,0.52904,0.49785,0.020198,0.23845,0.08149,91.80,-0.00922,0.00744
1779370941.6073,plane,191,4,0.34222,0.49152,0.004320,0.07954,0.04727,84.78,-0.00013,0.00054
1779370941.7022,plane,192,0,0.51688,0.49916,0.013606,0.15783,0.07889,89.28,-0.12813,0.01380
1779370941.7988,plane,193,0,0.51683,0.49920,0.013565,0.15766,0.07899,89.96,-0.00046,0.00039
1779370941.9102,plane,194,0,0.51687,0.49916,0.013602,0.15849,0.07900,88.97,0.00028,-0.00039
1779370942.0064,plane,195,0,0.49796,0.49623,0.009835,0.08855,0.07984,92.12,-0.19662,-0.03045
1779370942.1025,plane,196,0,0.49814,0.49659,0.009923,0.08945,0.08060,92.12,0.00189,0.00372
1779370942.1988,plane,197,0,0.49785,0.49696,0.009988,0.08903,0.08329,80.50,-0.00302,0.00384
1779370942.3109,plane,198,0,0.49721,0.49530,0.009477,0.08431,0.07942,85.14,-0.00574,-0.01479
1779370942.4052,plane,199,,,,,,,,,
1779370942.5019,plane,200,,,,,,,,,
1779370942.5978,plane,201,,,,,,,,,
1779370942.7105,plane,202,,,,,,,,,
1779370942.8056,plane,203,,,,,,,,,
1779370942.9024,plane,204,,,,,,,,,
1779370942.9980,plane,205,,,,,,,,,
1779370943.1101,plane,206,,,,,,,,,
1779370943.2056,plane,207,,,,,,,,,
1779370943.3014,plane,208,,,,,,,,,
1779370943.3977,plane,209,,,,,,,,,
1779370943.5102,plane,210,,,,,,,,,
1779370943.6055,plane,211,,,,,,,,,
1779370943.7016,plane,212,,,,,,,,,
1779370943.7979,plane,213,,,,,,,,,
1779370943.9095,plane,214,,,,,,,,,
1779370944.0053,plane,215,,,,,,,,,
1779370944.1021,plane,216,,,,,,,,,
1779370944.1979,plane,217,,,,,,,,,
1779370944.3101,plane,218,,,,,,,,,
1779370944.4067,plane,219,,,,,,,,,
1779370944.5016,plane,220,,,,,,,,,
1779370944.5977,plane,221,,,,,,,,,
1779370944.7097,plane,222,,,,,,,,,
1779370944.8056,plane,223,,,,,,,,,
1779370944.9022,plane,224,,,,,,,,,
1779370944.9980,plane,225,,,,,,,,,
1779370945.1096,plane,226,,,,,,,,,
1779370945.2061,plane,227,,,,,,,,,
1779370945.3016,plane,228,,,,,,,,,
1779370945.3978,plane,229,,,,,,,,,
1779370945.5102,plane,230,,,,,,,,,
1779370945.6060,plane,231,,,,,,,,,
1779370945.7019,plane,232,,,,,,,,,
1779370945.7978,plane,233,,,,,,,,,
1779370945.9100,plane,234,,,,,,,,,
1779370946.0061,plane,235,,,,,,,,,
1779370946.1016,plane,236,,,,,,,,,
1779370946.1979,plane,237,,,,,,,,,
1779370946.3097,plane,238,,,,,,,,,
1779370946.4056,plane,239,,,,,,,,,
1779370946.5014,plane,240,,,,,,,,,
1779370946.5978,plane,241,,,,,,,,,
1779370946.7099,plane,242,,,,,,,,,
1779370946.8066,plane,243,,,,,,,,,
1779370946.9021,plane,244,,,,,,,,,
1779370946.9976,plane,245,,,,,,,,,
1779370947.1100,plane,246,,,,,,,,,
1779370947.2055,plane,247,,,,,,,,,
1779370947.3021,plane,248,,,,,,,,,
1779370947.3981,plane,249,,,,,,,,,
1779370947.5095,plane,250,,,,,,,,,
1779370947.6055,plane,251,,,,,,,,,
1779370947.7016,plane,252,,,,,,,,,
1779370947.7975,plane,253,,,,,,,,,
1779370947.9098,plane,254,,,,,,,,,
1779370948.0065,plane,255,,,,,,,,,
1779370948.1031,plane,256,,,,,,,,,
1779370948.1982,plane,257,,,,,,,,,
1779370948.3101,plane,258,,,,,,,,,
1779370948.4056,plane,259,,,,,,,,,
1779370948.5016,plane,260,,,,,,,,,
1779370948.5981,plane,261,,,,,,,,,
1779370948.7099,plane,262,,,,,,,,,
1779370948.8061,plane,263,,,,,,,,,
1779370948.9031,plane,264,,,,,,,,,
1779370948.9976,plane,265,,,,,,,,,
1779370949.1093,plane,266,,,,,,,,,
1779370949.2056,plane,267,,,,,,,,,
1779370949.3019,plane,268,,,,,,,,,
1779370949.3981,plane,269,,,,,,,,,
1779370949.5094,plane,270,,,,,,,,,
1779370949.6054,plane,271,,,,,,,,,
1779370949.7030,plane,272,,,,,,,,,
1779370949.7974,plane,273,,,,,,,,,
1779370949.9097,plane,274,,,,,,,,,
1779370950.0062,plane,275,,,,,,,,,
1779370950.1016,plane,276,,,,,,,,,
1779370950.1988,plane,277,,,,,,,,,
1779370950.3098,plane,278,,,,,,,,,
1779370950.4062,plane,279,,,,,,,,,
1779370950.5016,plane,280,,,,,,,,,
1779370950.5974,plane,281,,,,,,,,,
1779370950.7100,plane,282,,,,,,,,,
1779370950.8054,plane,283,,,,,,,,,
1779370950.9018,plane,284,,,,,,,,,
1779370950.9972,plane,285,,,,,,,,,
1779370951.1096,plane,286,,,,,,,,,
1779370951.2053,plane,287,,,,,,,,,
1779370951.3009,plane,288,,,,,,,,,
1779370951.3970,plane,289,,,,,,,,,
1779370951.5096,plane,290,,,,,,,,,
1779370951.6053,plane,291,,,,,,,,,
1779370951.7018,plane,292,,,,,,,,,
1779370951.7975,plane,293,,,,,,,,,
1779370951.9100,plane,294,,,,,,,,,
1779370952.0054,plane,295,,,,,,,,,
1779370952.1020,plane,296,,,,,,,,,
1779370952.1969,plane,297,,,,,,,,,
1779370952.3089,plane,298,,,,,,,,,
1779370952.4055,plane,299,,,,,,,,,
1779370952.5019,plane,300,,,,,,,,,
1779370952.5976,plane,301,,,,,,,,,
1779370952.7093,plane,302,,,,,,,,,
1779370952.8052,plane,303,,,,,,,,,
1779370952.9016,plane,304,,,,,,,,,
1779370952.9974,plane,305,,,,,,,,,
1779370953.1093,plane,306,,,,,,,,,
1779370953.2054,plane,307,,,,,,,,,
1779370953.3014,plane,308,,,,,,,,,
1779370953.3972,plane,309,,,,,,,,,
1779370953.5100,plane,310,,,,,,,,,
1779370953.6084,plane,311,6,0.13832,0.20151,0.103463,0.33165,0.21350,71.38,0.00000,0.00000
1779370953.7027,plane,312,7,0.29358,0.31681,0.326436,0.59770,0.36602,69.73,0.00000,0.00000
1779370953.7995,plane,313,7,0.42987,0.33856,0.490395,0.79170,0.40603,84.94,1.41033,0.22514
1779370953.7995,plane,313,8,0.02453,0.86729,0.014520,0.25593,0.09927,157.83,0.00000,0.00000
1779370953.9120,plane,314,7,0.46344,0.39651,0.658622,0.96630,0.44330,78.60,0.29779,0.51397
1779370953.9120,plane,314,9,0.97246,0.03393,0.004223,0.16399,0.05106,129.72,0.00000,0.00000
1779370954.0067,plane,315,7,0.48076,0.42168,0.768879,0.94241,0.48688,72.05,0.18310,0.26608
1779370954.1036,plane,316,7,0.48770,0.43587,0.825141,0.94518,0.38799,84.74,0.07162,0.14651
1779370954.1990,plane,317,7,0.49104,0.44390,0.853738,0.89040,0.46546,85.19,0.03496,0.08413
1779370954.3107,plane,318,7,0.49268,0.45184,0.876116,0.86830,0.55249,84.49,0.01472,0.07105
1779370954.4072,plane,319,7,0.49276,0.45761,0.891125,0.88304,0.49481,82.81,0.00082,0.05977
1779370954.5027,plane,320,7,0.49239,0.46176,0.901026,0.96179,0.44036,82.95,-0.00391,0.04344
1779370954.5988,plane,321,7,0.48825,0.45863,0.889643,0.92339,0.43931,83.40,-0.04304,-0.03255
1779370954.7108,plane,322,7,0.48809,0.45908,0.890199,0.88039,0.45402,82.43,-0.00148,0.00400
1779370954.8069,plane,323,7,0.48830,0.46008,0.893807,1.13537,0.74200,91.01,0.00221,0.01044
1779370954.9037,plane,324,7,0.48571,0.46494,0.903683,1.28116,0.92280,113.80,-0.02673,0.05025
1779370954.9997,plane,325,7,0.45395,0.51763,0.888882,1.54040,0.67769,104.55,-0.33034,0.54797
1779370955.1106,plane,326,7,0.34876,0.58564,0.637419,3.23676,0.92204,142.04,-0.94838,0.61321
1779370955.2063,plane,327,10,0.23976,0.70273,0.320145,2.00646,0.44874,127.60,0.00000,0.00000
1779370955.3026,plane,328,10,0.19531,0.77678,0.195867,0.17728,0.08811,94.24,-0.46165,0.76903
1779370955.3987,plane,329,10,0.19575,0.77920,0.194148,0.12172,0.05888,0.00,0.00459,0.02517
1779370955.5106,plane,330,10,0.20265,0.73515,0.235845,14.22669,0.22690,110.63,0.06168,-0.39395
1779370955.6062,plane,331,10,0.18892,0.65174,0.275847,0.63272,0.44611,0.00,-0.14340,-0.87120
1779370955.7031,plane,332,10,0.18906,0.57437,0.310962,3.41239,0.74599,0.00,0.00148,-0.79863
1779370955.7993,plane,333,10,0.19340,0.52171,0.314651,1.20482,0.50390,116.86,0.04505,-0.54741
1779370955.7993,plane,333,11,0.01481,0.96740,0.002182,0.16579,0.07731,134.44,0.00000,0.00000
1779370955.9110,plane,334,10,0.19053,0.50333,0.308473,0.65295,0.43822,123.24,-0.02570,-0.16465
1779370955.9110,plane,334,11,0.01551,0.96980,0.002111,0.11360,0.02277,0.00,0.00631,0.02152
1779370956.0066,plane,335,10,0.18488,0.49937,0.297536,0.53355,0.43113,131.68,-0.05903,-0.04136
1779370956.1028,plane,336,10,0.17752,0.49755,0.282622,0.48575,0.43080,153.07,-0.07650,-0.01900
1779370956.1988,plane,337,10,0.16571,0.50835,0.266074,0.47949,0.40947,165.02,-0.12315,0.11256
1779370956.3102,plane,338,10,0.15716,0.51143,0.250344,0.49502,0.37425,175.64,-0.07664,0.02761
1779370956.4063,plane,339,10,0.15167,0.50494,0.232759,0.53168,0.34375,179.80,-0.05713,-0.06751
1779370956.5027,plane,340,10,0.15603,0.48981,0.231469,0.51790,0.34663,0.87,0.04523,-0.15699
1779370956.5990,plane,341,10,0.15987,0.47976,0.230438,0.51142,0.35854,179.03,0.03995,-0.10438
1779370956.7102,plane,342,10,0.16060,0.47581,0.225754,0.51546,0.35819,178.79,0.00655,-0.03555
1779370956.8064,plane,343,10,0.17152,0.46491,0.234261,0.50402,0.38223,176.03,0.11344,-0.11326
1779370956.9042,plane,344,10,0.17085,0.47803,0.197503,0.56835,0.30416,139.22,-0.00684,0.13428
1779370956.9042,plane,344,12,0.36053,0.13680,0.035673,4.90009,0.23312,134.03,0.00000,0.00000
1779370956.9042,plane,344,13,0.04378,0.93123,0.012917,0.93386,0.08973,134.33,0.00000,0.00000
1779370956.9996,plane,345,14,0.22874,0.29698,0.190874,0.52047,0.28049,115.12,0.00000,0.00000
1779370956.9996,plane,345,15,0.10184,0.72411,0.036545,0.86171,0.07641,0.00,0.00000,0.00000
1779370957.1113,plane,346,10,0.13004,0.49288,0.058375,1.24245,0.10322,0.00,-0.36519,0.13293
1779370957.1113,plane,346,12,0.25336,0.20471,0.097577,1.04426,0.10705,0.00,-0.95904,0.60767
1779370957.1113,plane,346,16,0.50045,0.10689,0.030457,0.78885,0.13215,134.81,0.00000,0.00000
1779370957.2079,plane,347,10,0.14844,0.36941,0.076338,1.47961,0.16377,124.02,0.19056,-1.27856
1779370957.2079,plane,347,12,0.36511,0.17089,0.079754,0.85708,0.18801,0.00,1.15722,-0.35013
1779370957.2079,plane,347,16,0.58352,0.04355,0.010067,0.50736,0.16120,146.48,0.86022,-0.65596
1779370957.3035,plane,348,10,0.25833,0.28969,0.185722,0.57038,0.31054,102.48,1.14920,-0.83368
1779370957.3035,plane,348,16,0.59215,0.06047,0.016639,0.51712,0.16482,144.33,0.09025,0.17704
1779370957.3988,plane,349,10,0.24520,0.33239,0.254584,0.57499,0.38673,62.01,-0.13759,0.44734
1779370957.5104,plane,350,10,0.22873,0.47051,0.356281,0.54775,0.49051,44.45,-0.14771,1.23905
1779370957.6066,plane,351,10,0.23723,0.45229,0.358283,0.57212,0.49809,76.46,0.08847,-0.18975
1779370957.7031,plane,352,17,0.26927,0.29375,0.249600,0.56938,0.36319,74.36,0.00000,0.00000
1779370957.7996,plane,353,12,0.47823,0.13856,0.077688,1.76775,0.18016,0.00,1.17245,-0.33516
1779370957.7996,plane,353,17,0.18360,0.30864,0.111479,1.19151,0.13027,0.00,-0.88794,0.15435
1779370957.9116,plane,354,10,0.20450,0.32972,0.241148,0.57123,0.31996,51.16,-0.29219,-1.09423
1779370958.0071,plane,355,10,0.18246,0.44886,0.283630,0.50787,0.35892,19.06,-0.23071,1.24682
1779370958.1032,plane,356,10,0.20848,0.33205,0.242947,0.49154,0.34163,54.86,0.27073,-1.21543
1779370958.1985,plane,357,10,0.25022,0.25715,0.223114,0.54468,0.30519,71.27,0.43830,-0.78647
1779370958.3101,plane,358,18,0.01441,0.22955,0.007509,0.05222,0.03087,6.36,0.00000,0.00000
1779370958.4057,plane,359,,,,,,,,,
1779370958.5018,plane,360,,,,,,,,,
1779370958.5976,plane,361,,,,,,,,,
1779370958.7099,plane,362,,,,,,,,,
1779370958.8054,plane,363,,,,,,,,,
1779370958.9014,plane,364,,,,,,,,,
1779370958.9974,plane,365,,,,,,,,,
1779370959.1093,plane,366,,,,,,,,,
1779370959.2056,plane,367,,,,,,,,,
1779370959.3014,plane,368,,,,,,,,,
1779370959.3976,plane,369,,,,,,,,,
1779370959.5097,plane,370,,,,,,,,,
1779370959.6057,plane,371,,,,,,,,,
1779370959.7023,plane,372,,,,,,,,,
1779370959.7985,plane,373,,,,,,,,,
1779370959.9092,plane,374,,,,,,,,,
1779370960.0074,plane,375,19,0.09962,0.07448,0.021712,0.14784,0.07841,62.00,0.00000,0.00000
1779370960.0074,plane,375,20,0.93647,0.07626,0.018441,0.27491,0.14931,129.88,0.00000,0.00000
1779370960.0074,plane,375,21,0.54574,0.40807,0.008514,0.19378,0.04244,93.78,0.00000,0.00000
1779370960.1048,plane,376,19,0.10567,0.07335,0.022471,0.14623,0.07234,63.51,0.06212,-0.01163
1779370960.1048,plane,376,20,0.93301,0.06051,0.016936,0.44048,0.17818,124.71,-0.03552,-0.16174
1779370960.1048,plane,376,21,0.54972,0.41611,0.009677,0.13589,0.08355,90.62,0.04092,0.08257
1779370960.1048,plane,376,22,0.33375,0.48937,0.004405,0.07061,0.05855,173.19,0.00000,0.00000
1779370960.1997,plane,377,19,0.09992,0.07201,0.021415,0.14387,0.07903,61.36,-0.06036,-0.01404
1779370960.1997,plane,377,20,0.93419,0.05735,0.015155,0.23038,0.10185,119.68,0.01245,-0.03316
1779370960.1997,plane,377,21,0.54717,0.41017,0.008740,0.14746,0.05988,94.63,-0.02682,-0.06251
1779370960.1997,plane,377,22,0.33421,0.49124,0.002806,0.07317,0.03983,145.29,0.00482,0.01974
1779370960.3116,plane,378,21,0.54920,0.49998,0.029763,0.18204,0.15247,74.83,0.01817,0.80365
1779370960.3116,plane,378,22,0.34157,0.49615,0.011047,0.15715,0.08096,90.33,0.06587,0.04386
1779370960.3116,plane,378,23,0.51540,0.23249,0.400726,1.00872,0.81616,99.01,0.00000,0.00000
1779370960.4075,plane,379,21,0.54927,0.50018,0.029678,0.18042,0.15189,79.10,0.00078,0.00209
1779370960.4075,plane,379,22,0.34160,0.49600,0.011012,0.14526,0.08255,90.17,0.00028,-0.00157
1779370960.4075,plane,379,23,0.51423,0.22723,0.392546,0.99816,0.76076,97.78,-0.01226,-0.05494
1779370960.5037,plane,380,21,0.54928,0.50049,0.029583,0.17163,0.15315,73.54,0.00010,0.00325
1779370960.5037,plane,380,22,0.34157,0.49602,0.010988,0.12420,0.08797,91.74,-0.00028,0.00024
1779370960.5037,plane,380,23,0.51210,0.22034,0.381578,0.99197,0.71225,93.91,-0.02206,-0.07158
1779370960.5988,plane,381,21,0.50111,0.42676,0.836987,0.91277,0.34172,88.86,-0.50553,-0.77375
1779370960.7109,plane,382,21,0.50227,0.42209,0.826345,0.90459,0.34697,90.02,0.01029,-0.04177
1779370960.8067,plane,383,21,0.50163,0.42419,0.831022,0.92133,0.34405,89.53,-0.00665,0.02198
1779370960.9028,plane,384,21,0.49952,0.49919,0.997965,1.00000,0.56250,0.00,-0.02187,0.77884
1779370960.9993,plane,385,21,0.49952,0.49917,0.998410,1.00000,0.56250,0.00,-0.00004,-0.00016
1779370961.1111,plane,386,21,0.49952,0.49918,0.998355,1.00000,0.56250,0.00,-0.00001,0.00007
1779370961.2065,plane,387,21,0.49951,0.49913,1.000000,1.00000,0.56250,0.00,-0.00006,-0.00048
1779370961.3029,plane,388,21,0.49951,0.49913,1.000000,1.00000,0.56250,0.00,0.00000,0.00000
1779370961.3993,plane,389,21,0.49951,0.49913,1.000000,1.00000,0.56250,0.00,0.00000,0.00000
1779370961.5106,plane,390,21,0.49951,0.49913,1.000000,1.00000,0.56250,0.00,0.00000,0.00000
1779370961.6064,plane,391,21,0.49951,0.49913,1.000000,1.00000,0.56250,0.00,0.00000,0.00000
1779370961.7033,plane,392,21,0.49951,0.49913,1.000000,1.00000,0.56250,0.00,0.00000,0.00000
1779370961.7990,plane,393,21,0.49953,0.49922,0.993547,1.00000,0.56250,0.00,0.00017,0.00097
1779370961.9111,plane,394,21,0.49955,0.49918,0.993540,6.13443,0.55421,90.00,0.00017,-0.00039
1779370962.0065,plane,395,21,0.49953,0.49923,0.993501,1.00000,0.56250,0.00,-0.00013,0.00053
1779370962.1041,plane,396,21,0.54913,0.50039,0.029746,0.17194,0.15912,80.03,0.50883,0.01184
1779370962.1041,plane,396,24,0.51529,0.23630,0.405217,1.00877,0.83193,98.98,0.00000,0.00000
1779370962.1041,plane,396,25,0.34155,0.49612,0.011066,0.11797,0.09016,85.79,0.00000,0.00000
1779370962.2003,plane,397,21,0.54919,0.50000,0.029833,0.18226,0.15251,79.71,0.00057,-0.00405
1779370962.2003,plane,397,24,0.51643,0.23973,0.411935,1.00846,0.82346,99.82,0.01188,0.03576
1779370962.2003,plane,397,25,0.34163,0.49614,0.011113,0.16559,0.08083,87.36,0.00081,0.00017
1779370962.3117,plane,398,21,0.54919,0.50030,0.029758,0.17478,0.15420,66.45,0.00001,0.00277
1779370962.3117,plane,398,24,0.51614,0.23489,0.405129,1.00591,0.79895,99.36,-0.00267,-0.04352
1779370962.3117,plane,398,25,0.34160,0.49618,0.011052,0.14457,0.08272,90.14,-0.00027,0.00034
1779370962.4080,plane,399,21,0.54963,0.41846,0.010303,0.15173,0.06779,95.73,0.00457,-0.84814
1779370962.4080,plane,399,25,0.34195,0.48650,0.006351,0.08102,0.07142,29.47,0.00362,-0.10032
1779370962.4080,plane,399,26,0.45996,0.07584,0.036806,0.98501,0.28196,89.40,0.00000,0.00000
1779370962.5048,plane,400,21,0.54152,0.40409,0.007434,0.18723,0.03599,91.43,-0.08399,-0.14880
1779370962.5048,plane,400,27,0.10601,0.06993,0.018558,0.12810,0.06668,62.33,0.00000,0.00000
1779370962.5048,plane,400,28,0.94261,0.08447,0.017437,0.38805,0.19827,131.08,0.00000,0.00000
1779370962.5996,plane,401,21,0.54579,0.43691,0.012880,0.18129,0.09360,67.28,0.04497,0.34571
1779370962.5996,plane,401,24,0.53643,0.08639,0.047779,0.96593,0.29281,90.46,0.21378,-1.56413
1779370962.5996,plane,401,25,0.34212,0.49181,0.007812,0.08539,0.07475,9.88,0.00179,0.05599
1779370962.7095,plane,402,,,,,,,,,
1779370962.8052,plane,403,,,,,,,,,
1779370962.9016,plane,404,,,,,,,,,
1779370962.9977,plane,405,,,,,,,,,
1779370963.1092,plane,406,,,,,,,,,
1779370963.2058,plane,407,,,,,,,,,
1779370963.3020,plane,408,,,,,,,,,
1779370963.3974,plane,409,,,,,,,,,
1779370963.5093,plane,410,,,,,,,,,
1779370963.6056,plane,411,,,,,,,,,
1779370963.7019,plane,412,,,,,,,,,
1779370963.7978,plane,413,,,,,,,,,
1779370963.9093,plane,414,,,,,,,,,
1779370964.0052,plane,415,,,,,,,,,
1779370964.1023,plane,416,,,,,,,,,
1779370964.1976,plane,417,,,,,,,,,
1779370964.3092,plane,418,,,,,,,,,
1779370964.4054,plane,419,,,,,,,,,
1779370964.5021,plane,420,,,,,,,,,
1779370964.5976,plane,421,,,,,,,,,
1779370964.7093,plane,422,,,,,,,,,
1779370964.8049,plane,423,,,,,,,,,
1779370964.9014,plane,424,,,,,,,,,
1779370964.9973,plane,425,,,,,,,,,
1779370965.1091,plane,426,,,,,,,,,
1779370965.2051,plane,427,,,,,,,,,
1779370965.3015,plane,428,,,,,,,,,
1779370965.3979,plane,429,,,,,,,,,
1779370965.5092,plane,430,,,,,,,,,
1779370965.6055,plane,431,,,,,,,,,
1779370965.7023,plane,432,,,,,,,,,
1779370965.7975,plane,433,,,,,,,,,
1779370965.9098,plane,434,,,,,,,,,
1779370966.0053,plane,435,,,,,,,,,
1779370966.1013,plane,436,,,,,,,,,
1779370966.1976,plane,437,,,,,,,,,
1779370966.3100,plane,438,,,,,,,,,
1779370966.4060,plane,439,,,,,,,,,
1779370966.5016,plane,440,,,,,,,,,
1779370966.5973,plane,441,,,,,,,,,
1779370966.7092,plane,442,,,,,,,,,
1779370966.8058,plane,443,,,,,,,,,
1779370966.9016,plane,444,,,,,,,,,
1779370966.9989,plane,445,,,,,,,,,
1779370967.1093,plane,446,,,,,,,,,
1779370967.2056,plane,447,,,,,,,,,
1779370967.3014,plane,448,,,,,,,,,
1779370967.3973,plane,449,,,,,,,,,
1779370967.5092,plane,450,,,,,,,,,
1779370967.6055,plane,451,,,,,,,,,
1779370967.7022,plane,452,,,,,,,,,
1779370967.7970,plane,453,,,,,,,,,
1779370967.9095,plane,454,,,,,,,,,
1779370968.0058,plane,455,,,,,,,,,
1779370968.1008,plane,456,,,,,,,,,
1779370968.1971,plane,457,,,,,,,,,
1779370968.3099,plane,458,,,,,,,,,
1779370968.4057,plane,459,,,,,,,,,
1779370968.5014,plane,460,,,,,,,,,
1779370968.5979,plane,461,,,,,,,,,
1779370968.7096,plane,462,,,,,,,,,
1779370968.8052,plane,463,,,,,,,,,
1779370968.9017,plane,464,,,,,,,,,
1779370968.9973,plane,465,,,,,,,,,
1779370969.1094,plane,466,,,,,,,,,
1779370969.2052,plane,467,,,,,,,,,
1779370969.3012,plane,468,,,,,,,,,
1779370969.3979,plane,469,,,,,,,,,
1779370969.5098,plane,470,,,,,,,,,
1779370969.6053,plane,471,,,,,,,,,
1779370969.7014,plane,472,,,,,,,,,
1779370969.7975,plane,473,,,,,,,,,
1779370969.9098,plane,474,,,,,,,,,
1779370970.0055,plane,475,,,,,,,,,
1779370970.1018,plane,476,,,,,,,,,
1779370970.1978,plane,477,,,,,,,,,
1779370970.3091,plane,478,,,,,,,,,
1779370970.4052,plane,479,,,,,,,,,
1779370970.5017,plane,480,,,,,,,,,
1779370970.5976,plane,481,,,,,,,,,
1779370970.7090,plane,482,,,,,,,,,
1779370970.8052,plane,483,,,,,,,,,
1779370970.9017,plane,484,,,,,,,,,
1779370970.9974,plane,485,,,,,,,,,
1779370971.1097,plane,486,,,,,,,,,
1779370971.2052,plane,487,,,,,,,,,
1779370971.3013,plane,488,,,,,,,,,
1779370971.3972,plane,489,,,,,,,,,
1779370971.5093,plane,490,,,,,,,,,
1779370971.6055,plane,491,,,,,,,,,
1779370971.7016,plane,492,,,,,,,,,
1779370971.7980,plane,493,,,,,,,,,
1779370971.9095,plane,494,,,,,,,,,
1779370972.0063,plane,495,,,,,,,,,
1779370972.1017,plane,496,,,,,,,,,
1779370972.1977,plane,497,,,,,,,,,
1779370972.3094,plane,498,,,,,,,,,
1779370972.4052,plane,499,,,,,,,,,
1779370972.5015,plane,500,,,,,,,,,
1779370972.5971,plane,501,,,,,,,,,
1779370972.7092,plane,502,,,,,,,,,
1779370972.8053,plane,503,,,,,,,,,
1779370972.9010,plane,504,,,,,,,,,
1779370972.9976,plane,505,,,,,,,,,
1779370973.1093,plane,506,,,,,,,,,
1779370973.2053,plane,507,,,,,,,,,
1779370973.3011,plane,508,,,,,,,,,
1779370973.3974,plane,509,,,,,,,,,
1779370973.5093,plane,510,,,,,,,,,
1779370973.6054,plane,511,,,,,,,,,
1779370973.7016,plane,512,,,,,,,,,
1779370973.7973,plane,513,,,,,,,,,
1779370973.9093,plane,514,,,,,,,,,
1779370974.0053,plane,515,,,,,,,,,
1779370974.1011,plane,516,,,,,,,,,
1779370974.1973,plane,517,,,,,,,,,
1779370974.3096,plane,518,,,,,,,,,
1779370974.4055,plane,519,,,,,,,,,
1779370974.5016,plane,520,,,,,,,,,
1779370974.5976,plane,521,,,,,,,,,
1779370974.7089,plane,522,,,,,,,,,
1779370974.8055,plane,523,,,,,,,,,
1779370974.9019,plane,524,,,,,,,,,
1779370974.9973,plane,525,,,,,,,,,
1779370975.1097,plane,526,,,,,,,,,
1779370975.2052,plane,527,,,,,,,,,
1779370975.3010,plane,528,,,,,,,,,
1779370975.3970,plane,529,,,,,,,,,
1779370975.5095,plane,530,,,,,,,,,
1779370975.6053,plane,531,,,,,,,,,
1779370975.7012,plane,532,,,,,,,,,
1779370975.7974,plane,533,,,,,,,,,
1779370975.9094,plane,534,,,,,,,,,
1779370976.0054,plane,535,,,,,,,,,
1779370976.1016,plane,536,,,,,,,,,
1779370976.1970,plane,537,,,,,,,,,
1779370976.3095,plane,538,,,,,,,,,
1779370976.4059,plane,539,,,,,,,,,
1779370976.5016,plane,540,,,,,,,,,
1779370976.5976,plane,541,,,,,,,,,
1779370976.7098,plane,542,,,,,,,,,
1779370976.8053,plane,543,,,,,,,,,
1779370976.9016,plane,544,,,,,,,,,
1779370976.9970,plane,545,,,,,,,,,
1779370977.1091,plane,546,,,,,,,,,
1779370977.2051,plane,547,,,,,,,,,
1779370977.3009,plane,548,,,,,,,,,
1779370977.3970,plane,549,,,,,,,,,
1779370977.5089,plane,550,,,,,,,,,
1779370977.6052,plane,551,,,,,,,,,
1779370977.7013,plane,552,,,,,,,,,
1779370977.7974,plane,553,,,,,,,,,
1779370977.9098,plane,554,,,,,,,,,
1779370978.0055,plane,555,,,,,,,,,
1779370978.1019,plane,556,,,,,,,,,
1779370978.1971,plane,557,,,,,,,,,
1779370978.3107,plane,558,,,,,,,,,
1779370978.4057,plane,559,,,,,,,,,
1779370978.5015,plane,560,,,,,,,,,
1779370978.5979,plane,561,,,,,,,,,
1779370978.7094,plane,562,,,,,,,,,
1779370978.8059,plane,563,,,,,,,,,
1779370978.9011,plane,564,,,,,,,,,
1779370978.9976,plane,565,,,,,,,,,
1779370979.1097,plane,566,,,,,,,,,
1779370979.2055,plane,567,,,,,,,,,
1779370979.3012,plane,568,,,,,,,,,
1779370979.3976,plane,569,,,,,,,,,
1779370979.5094,plane,570,,,,,,,,,
1779370979.6056,plane,571,,,,,,,,,
1779370979.7013,plane,572,,,,,,,,,
1779370979.7972,plane,573,,,,,,,,,
1779370979.9096,plane,574,,,,,,,,,
1779370980.0061,plane,575,,,,,,,,,
1779370980.1016,plane,576,,,,,,,,,
1779370980.1974,plane,577,,,,,,,,,
1779370980.3102,plane,578,,,,,,,,,
1779370980.4052,plane,579,,,,,,,,,
1779370980.5019,plane,580,,,,,,,,,
1779370980.5972,plane,581,,,,,,,,,
1779370980.7095,plane,582,,,,,,,,,
1779370980.8054,plane,583,,,,,,,,,
1779370980.9015,plane,584,,,,,,,,,
1779370980.9975,plane,585,,,,,,,,,
1779370981.1090,plane,586,,,,,,,,,
1779370981.2054,plane,587,,,,,,,,,
1779370981.3012,plane,588,,,,,,,,,
1779370981.3976,plane,589,,,,,,,,,
1779370981.5095,plane,590,,,,,,,,,
1779370981.6055,plane,591,,,,,,,,,
1779370981.7013,plane,592,,,,,,,,,
1779370981.7976,plane,593,,,,,,,,,
1779370981.9094,plane,594,,,,,,,,,
1779370982.0052,plane,595,,,,,,,,,
1779370982.1021,plane,596,,,,,,,,,
1779370982.1971,plane,597,,,,,,,,,
1779370982.3088,plane,598,,,,,,,,,
1779370982.4057,plane,599,,,,,,,,,
1779370982.5014,plane,600,,,,,,,,,
1779370982.5975,plane,601,,,,,,,,,
1779370982.7097,plane,602,,,,,,,,,
1779370982.8053,plane,603,,,,,,,,,
1779370982.9018,plane,604,,,,,,,,,
1779370982.9974,plane,605,,,,,,,,,
1779370983.1094,plane,606,,,,,,,,,
1779370983.2052,plane,607,,,,,,,,,
1779370983.3013,plane,608,,,,,,,,,
1779370983.3970,plane,609,,,,,,,,,
1779370983.5090,plane,610,,,,,,,,,
1779370983.6054,plane,611,,,,,,,,,
1779370983.7017,plane,612,,,,,,,,,
1779370983.7976,plane,613,,,,,,,,,
1779370983.9095,plane,614,,,,,,,,,
1779370984.0054,plane,615,,,,,,,,,
1779370984.1018,plane,616,,,,,,,,,
1779370984.1976,plane,617,,,,,,,,,
1779370984.3096,plane,618,,,,,,,,,
1779370984.4069,plane,619,,,,,,,,,
1779370984.5014,plane,620,,,,,,,,,
1779370984.5971,plane,621,,,,,,,,,
1779370984.7093,plane,622,,,,,,,,,
1779370984.8056,plane,623,,,,,,,,,
1779370984.9016,plane,624,,,,,,,,,
1779370984.9971,plane,625,,,,,,,,,
1779370985.1091,plane,626,,,,,,,,,
1779370985.2051,plane,627,,,,,,,,,
1779370985.3013,plane,628,,,,,,,,,
1779370985.3974,plane,629,,,,,,,,,
1779370985.5093,plane,630,,,,,,,,,
1779370985.6053,plane,631,,,,,,,,,
1779370985.7015,plane,632,,,,,,,,,
1779370985.7977,plane,633,,,,,,,,,
1779370985.9094,plane,634,,,,,,,,,
1779370986.0056,plane,635,,,,,,,,,
1779370986.1011,plane,636,,,,,,,,,
1779370986.1975,plane,637,,,,,,,,,
1779370986.3094,plane,638,,,,,,,,,
1779370986.4054,plane,639,,,,,,,,,
1779370986.5011,plane,640,,,,,,,,,
1779370986.5974,plane,641,,,,,,,,,
1779370986.7097,plane,642,,,,,,,,,
1779370986.8054,plane,643,,,,,,,,,
1779370986.9016,plane,644,,,,,,,,,
1779370986.9973,plane,645,,,,,,,,,
1779370987.1095,plane,646,,,,,,,,,
1779370987.2054,plane,647,,,,,,,,,
1779370987.3016,plane,648,,,,,,,,,
1779370987.3983,plane,649,,,,,,,,,
1779370987.5096,plane,650,,,,,,,,,
1779370987.6051,plane,651,,,,,,,,,
1779370987.7011,plane,652,,,,,,,,,
1779370987.7973,plane,653,,,,,,,,,
1779370987.9094,plane,654,,,,,,,,,
1779370988.0057,plane,655,,,,,,,,,
1779370988.1012,plane,656,,,,,,,,,
1779370988.1976,plane,657,,,,,,,,,
1779370988.3094,plane,658,,,,,,,,,
1779370988.4055,plane,659,,,,,,,,,
1779370988.5013,plane,660,,,,,,,,,
1779370988.5973,plane,661,,,,,,,,,
1779370988.7091,plane,662,,,,,,,,,
1779370988.8052,plane,663,,,,,,,,,
1779370988.9014,plane,664,,,,,,,,,
1779370988.9975,plane,665,,,,,,,,,
1779370989.1096,plane,666,,,,,,,,,
1779370989.2051,plane,667,,,,,,,,,
1779370989.3015,plane,668,,,,,,,,,
1779370989.3973,plane,669,,,,,,,,,
1779370989.5096,plane,670,,,,,,,,,
1779370989.6056,plane,671,,,,,,,,,
1779370989.7014,plane,672,,,,,,,,,
1779370989.7974,plane,673,,,,,,,,,
1779370989.9093,plane,674,,,,,,,,,
1779370990.0051,plane,675,,,,,,,,,
1779370990.1013,plane,676,,,,,,,,,
1779370990.1971,plane,677,,,,,,,,,
1779370990.3092,plane,678,,,,,,,,,
1779370990.4053,plane,679,,,,,,,,,
1779370990.5017,plane,680,,,,,,,,,
1779370990.5973,plane,681,,,,,,,,,
1779370990.7092,plane,682,,,,,,,,,
1779370990.8060,plane,683,,,,,,,,,
1779370990.9016,plane,684,,,,,,,,,
1779370990.9979,plane,685,,,,,,,,,
1779370991.1094,plane,686,,,,,,,,,
1779370991.2053,plane,687,,,,,,,,,
1779370991.3015,plane,688,,,,,,,,,
1779370991.3974,plane,689,,,,,,,,,
1779370991.5093,plane,690,,,,,,,,,
1779370991.6050,plane,691,,,,,,,,,
1779370991.7019,plane,692,,,,,,,,,
1779370991.7974,plane,693,,,,,,,,,
1779370991.9092,plane,694,,,,,,,,,
1779370992.0054,plane,695,,,,,,,,,
1779370992.1011,plane,696,,,,,,,,,
1779370992.1973,plane,697,,,,,,,,,
1779370992.3094,plane,698,,,,,,,,,
1779370992.4048,plane,699,,,,,,,,,
1779370992.5016,plane,700,,,,,,,,,
1779370992.5972,plane,701,,,,,,,,,
1779370992.7093,plane,702,,,,,,,,,
1779370992.8051,plane,703,,,,,,,,,
1779370992.9019,plane,704,,,,,,,,,
1779370992.9976,plane,705,,,,,,,,,
1779370993.1096,plane,706,,,,,,,,,
1779370993.2057,plane,707,,,,,,,,,
1779370993.3017,plane,708,,,,,,,,,
1779370993.3974,plane,709,,,,,,,,,
1779370993.5097,plane,710,,,,,,,,,
1779370993.6053,plane,711,,,,,,,,,
1779370993.7014,plane,712,,,,,,,,,
1779370993.7976,plane,713,,,,,,,,,
1779370993.9097,plane,714,,,,,,,,,
1779370994.0055,plane,715,,,,,,,,,
1779370994.1016,plane,716,,,,,,,,,
1779370994.1975,plane,717,,,,,,,,,
1779370994.3093,plane,718,,,,,,,,,
1779370994.4055,plane,719,,,,,,,,,
1779370994.5014,plane,720,,,,,,,,,
1779370994.5976,plane,721,,,,,,,,,
1779370994.7093,plane,722,,,,,,,,,
1779370994.8054,plane,723,,,,,,,,,
1779370994.9017,plane,724,,,,,,,,,
1779370994.9977,plane,725,,,,,,,,,
1779370995.1093,plane,726,,,,,,,,,
1779370995.2050,plane,727,,,,,,,,,
1779370995.3015,plane,728,,,,,,,,,
1779370995.3977,plane,729,,,,,,,,,
1779370995.5097,plane,730,,,,,,,,,
1779370995.6051,plane,731,,,,,,,,,
1779370995.7016,plane,732,,,,,,,,,
1779370995.7975,plane,733,,,,,,,,,
1779370995.9088,plane,734,,,,,,,,,
1779370996.0054,plane,735,,,,,,,,,
1779370996.1013,plane,736,,,,,,,,,
1779370996.1975,plane,737,,,,,,,,,
1779370996.3091,plane,738,,,,,,,,,
1779370996.4054,plane,739,,,,,,,,,
1779370996.5012,plane,740,,,,,,,,,
1779370996.5973,plane,741,,,,,,,,,
1779370996.7092,plane,742,,,,,,,,,
1779370996.8054,plane,743,,,,,,,,,
1779370996.9012,plane,744,,,,,,,,,
1779370996.9974,plane,745,,,,,,,,,
1779370997.1092,plane,746,,,,,,,,,
1779370997.2052,plane,747,,,,,,,,,
1779370997.3013,plane,748,,,,,,,,,
1779370997.3975,plane,749,,,,,,,,,
1779370997.5089,plane,750,,,,,,,,,
1779370997.6051,plane,751,,,,,,,,,
1779370997.7013,plane,752,,,,,,,,,
1779370997.7972,plane,753,,,,,,,,,
1779370997.9096,plane,754,,,,,,,,,
1779370998.0053,plane,755,,,,,,,,,
1779370998.1011,plane,756,,,,,,,,,
1779370998.1973,plane,757,,,,,,,,,
1779370998.3089,plane,758,,,,,,,,,
1779370998.4054,plane,759,,,,,,,,,
1779370998.5011,plane,760,,,,,,,,,
1779370998.5974,plane,761,,,,,,,,,
1779370998.7090,plane,762,,,,,,,,,
1779370998.8050,plane,763,,,,,,,,,
1779370998.9019,plane,764,,,,,,,,,
1779370998.9977,plane,765,,,,,,,,,
1779370999.1095,plane,766,,,,,,,,,
1779370999.2057,plane,767,,,,,,,,,
1779370999.3016,plane,768,,,,,,,,,
1779370999.3976,plane,769,,,,,,,,,
1779370999.5091,plane,770,,,,,,,,,
1779370999.6049,plane,771,,,,,,,,,
1779370999.7011,plane,772,,,,,,,,,
1779370999.7974,plane,773,,,,,,,,,
1779370999.9094,plane,774,,,,,,,,,
1779371000.0055,plane,775,,,,,,,,,
1779371000.1015,plane,776,,,,,,,,,
1779371000.1973,plane,777,,,,,,,,,
1779371000.3090,plane,778,,,,,,,,,
1779371000.4053,plane,779,,,,,,,,,
1779371000.5013,plane,780,,,,,,,,,
1779371000.5974,plane,781,,,,,,,,,
1779371000.7092,plane,782,,,,,,,,,
1779371000.8051,plane,783,,,,,,,,,
1779371000.9016,plane,784,,,,,,,,,
1779371000.9973,plane,785,,,,,,,,,
1779371001.1101,plane,786,,,,,,,,,
1779371001.2052,plane,787,,,,,,,,,
1779371001.3014,plane,788,,,,,,,,,
1779371001.3974,plane,789,,,,,,,,,
1779371001.5093,plane,790,,,,,,,,,
1779371001.6053,plane,791,,,,,,,,,
1779371001.7014,plane,792,,,,,,,,,
1779371001.7972,plane,793,,,,,,,,,
1779371001.9092,plane,794,,,,,,,,,
1779371002.0050,plane,795,,,,,,,,,
1779371002.1010,plane,796,,,,,,,,,
1779371002.1975,plane,797,,,,,,,,,
1779371002.3092,plane,798,,,,,,,,,
1779371002.4054,plane,799,,,,,,,,,
1779371002.5013,plane,800,,,,,,,,,
1779371002.5979,plane,801,,,,,,,,,
1779371002.7096,plane,802,,,,,,,,,
1779371002.8056,plane,803,,,,,,,,,
1779371002.9013,plane,804,,,,,,,,,
1779371002.9973,plane,805,,,,,,,,,
1779371003.1091,plane,806,,,,,,,,,
1779371003.2059,plane,807,,,,,,,,,
1779371003.3013,plane,808,,,,,,,,,
1779371003.3974,plane,809,,,,,,,,,
1779371003.5090,plane,810,,,,,,,,,
1779371003.6051,plane,811,,,,,,,,,
1779371003.7012,plane,812,,,,,,,,,
1779371003.7972,plane,813,,,,,,,,,
1779371003.9105,plane,814,,,,,,,,,
1779371004.0054,plane,815,,,,,,,,,
1779371004.1012,plane,816,,,,,,,,,
1779371004.1971,plane,817,,,,,,,,,
1779371004.3092,plane,818,,,,,,,,,
1779371004.4053,plane,819,,,,,,,,,
1779371004.5014,plane,820,,,,,,,,,
1779371004.5970,plane,821,,,,,,,,,
1779371004.7101,plane,822,,,,,,,,,
1779371004.8054,plane,823,,,,,,,,,
1779371004.9022,plane,824,,,,,,,,,
1779371004.9972,plane,825,,,,,,,,,
1779371005.1090,plane,826,,,,,,,,,
1779371005.2053,plane,827,,,,,,,,,
1779371005.3016,plane,828,,,,,,,,,
1779371005.3974,plane,829,,,,,,,,,
1779371005.5092,plane,830,,,,,,,,,
1779371005.6051,plane,831,,,,,,,,,
1779371005.7017,plane,832,,,,,,,,,
1779371005.7974,plane,833,,,,,,,,,
1779371005.9096,plane,834,,,,,,,,,
1779371006.0053,plane,835,,,,,,,,,
1779371006.1014,plane,836,,,,,,,,,
1779371006.1971,plane,837,,,,,,,,,
1779371006.3094,plane,838,,,,,,,,,
1779371006.4054,plane,839,,,,,,,,,
1779371006.5013,plane,840,,,,,,,,,
1779371006.5972,plane,841,,,,,,,,,
1779371006.7093,plane,842,,,,,,,,,
1779371006.8050,plane,843,,,,,,,,,
1779371006.9019,plane,844,,,,,,,,,
1779371006.9973,plane,845,,,,,,,,,
1779371007.1091,plane,846,,,,,,,,,
1779371007.2054,plane,847,,,,,,,,,
1779371007.3014,plane,848,,,,,,,,,
1779371007.3972,plane,849,,,,,,,,,
1779371007.5094,plane,850,,,,,,,,,
1779371007.6062,plane,851,,,,,,,,,
1779371007.7013,plane,852,,,,,,,,,
1779371007.7972,plane,853,,,,,,,,,
1779371007.9096,plane,854,,,,,,,,,
1779371008.0052,plane,855,,,,,,,,,
1779371008.1018,plane,856,,,,,,,,,
1779371008.1972,plane,857,,,,,,,,,
1779371008.3093,plane,858,,,,,,,,,
1779371008.4054,plane,859,,,,,,,,,
1779371008.5014,plane,860,,,,,,,,,
1779371008.5974,plane,861,,,,,,,,,
1779371008.7102,plane,862,,,,,,,,,
1779371008.8053,plane,863,,,,,,,,,
1779371008.9014,plane,864,,,,,,,,,
1779371008.9973,plane,865,,,,,,,,,
1779371009.1094,plane,866,,,,,,,,,
1779371009.2058,plane,867,,,,,,,,,
1779371009.3017,plane,868,,,,,,,,,
1779371009.3978,plane,869,,,,,,,,,
1779371009.5101,plane,870,,,,,,,,,
1779371009.6052,plane,871,,,,,,,,,
1779371009.7013,plane,872,,,,,,,,,
1779371009.7980,plane,873,,,,,,,,,
1779371009.9095,plane,874,,,,,,,,,
1779371010.0051,plane,875,,,,,,,,,
1779371010.1015,plane,876,,,,,,,,,
1779371010.1974,plane,877,,,,,,,,,
1779371010.3092,plane,878,,,,,,,,,
1779371010.4051,plane,879,,,,,,,,,
1779371010.5013,plane,880,,,,,,,,,
1779371010.5972,plane,881,,,,,,,,,
1779371010.7094,plane,882,,,,,,,,,
1779371010.8054,plane,883,,,,,,,,,
1779371010.9014,plane,884,,,,,,,,,
1779371010.9979,plane,885,,,,,,,,,
1779371011.1095,plane,886,,,,,,,,,
1779371011.2051,plane,887,,,,,,,,,
1779371011.3011,plane,888,,,,,,,,,
1779371011.3971,plane,889,,,,,,,,,
1779371011.5089,plane,890,,,,,,,,,
1779371011.6054,plane,891,,,,,,,,,
1779371011.7015,plane,892,,,,,,,,,
1779371011.7975,plane,893,,,,,,,,,
1779371011.9099,plane,894,,,,,,,,,
1779371012.0054,plane,895,,,,,,,,,
1779371012.1008,plane,896,,,,,,,,,
1779371012.1972,plane,897,,,,,,,,,
1779371012.3087,plane,898,,,,,,,,,
1779371012.4051,plane,899,,,,,,,,,
1779371012.5014,plane,900,,,,,,,,,
1779371012.5973,plane,901,,,,,,,,,
1779371012.7091,plane,902,,,,,,,,,
1779371012.8066,plane,903,,,,,,,,,
1779371012.9015,plane,904,,,,,,,,,
1779371012.9975,plane,905,,,,,,,,,
1779371013.1094,plane,906,,,,,,,,,
1779371013.2059,plane,907,,,,,,,,,
1779371013.3017,plane,908,,,,,,,,,
1779371013.3975,plane,909,,,,,,,,,
1779371013.5096,plane,910,,,,,,,,,
1779371013.6052,plane,911,,,,,,,,,
1779371013.7013,plane,912,,,,,,,,,
1779371013.7971,plane,913,,,,,,,,,
1779371013.9097,plane,914,,,,,,,,,
1779371014.0054,plane,915,,,,,,,,,
1779371014.1022,plane,916,,,,,,,,,
1779371014.1978,plane,917,,,,,,,,,
1779371014.3096,plane,918,,,,,,,,,
1779371014.4053,plane,919,,,,,,,,,
1779371014.5014,plane,920,,,,,,,,,
1779371014.5975,plane,921,,,,,,,,,
1779371014.7092,plane,922,,,,,,,,,
1779371014.8054,plane,923,,,,,,,,,
1779371014.9016,plane,924,,,,,,,,,
1779371014.9972,plane,925,,,,,,,,,
1779371015.1095,plane,926,,,,,,,,,
1779371015.2050,plane,927,,,,,,,,,
1779371015.3013,plane,928,,,,,,,,,
1779371015.3974,plane,929,,,,,,,,,
1779371015.5094,plane,930,,,,,,,,,
1779371015.6056,plane,931,,,,,,,,,
1779371015.7013,plane,932,,,,,,,,,
1779371015.7976,plane,933,,,,,,,,,
1779371015.9094,plane,934,,,,,,,,,
1779371016.0055,plane,935,,,,,,,,,
1779371016.1012,plane,936,,,,,,,,,
1779371016.1973,plane,937,,,,,,,,,
1779371016.3095,plane,938,,,,,,,,,
1779371016.4053,plane,939,,,,,,,,,
1779371016.5014,plane,940,,,,,,,,,
1779371016.5974,plane,941,,,,,,,,,
1779371016.7094,plane,942,,,,,,,,,
1779371016.8054,plane,943,,,,,,,,,
1779371016.9012,plane,944,,,,,,,,,
1779371016.9973,plane,945,,,,,,,,,
1779371017.1095,plane,946,,,,,,,,,
1779371017.2055,plane,947,,,,,,,,,
1779371017.3010,plane,948,,,,,,,,,
1779371017.3972,plane,949,,,,,,,,,
1779371017.5100,plane,950,,,,,,,,,
1779371017.6051,plane,951,,,,,,,,,
1779371017.7018,plane,952,,,,,,,,,
1779371017.7973,plane,953,,,,,,,,,
1779371017.9093,plane,954,,,,,,,,,
1779371018.0051,plane,955,,,,,,,,,
1779371018.1015,plane,956,,,,,,,,,
1779371018.1974,plane,957,,,,,,,,,
1779371018.3090,plane,958,,,,,,,,,
1779371018.4052,plane,959,,,,,,,,,
1779371018.5014,plane,960,,,,,,,,,
1779371018.5978,plane,961,,,,,,,,,
1779371018.7094,plane,962,,,,,,,,,
1779371018.8051,plane,963,,,,,,,,,
1779371018.9016,plane,964,,,,,,,,,
1779371018.9976,plane,965,,,,,,,,,
1779371019.1093,plane,966,,,,,,,,,
1779371019.2052,plane,967,,,,,,,,,
1779371019.3016,plane,968,,,,,,,,,
1779371019.3973,plane,969,,,,,,,,,
1779371019.5097,plane,970,,,,,,,,,
1779371019.6056,plane,971,,,,,,,,,
1779371019.7013,plane,972,,,,,,,,,
1779371019.7977,plane,973,,,,,,,,,
1779371019.9095,plane,974,,,,,,,,,
1779371020.0053,plane,975,,,,,,,,,
1779371020.1018,plane,976,,,,,,,,,
1779371020.1976,plane,977,,,,,,,,,
1779371020.3091,plane,978,,,,,,,,,
1779371020.4051,plane,979,,,,,,,,,
1779371020.5015,plane,980,,,,,,,,,
1779371020.5977,plane,981,,,,,,,,,
1779371020.7095,plane,982,,,,,,,,,
1779371020.8054,plane,983,,,,,,,,,
1779371020.9013,plane,984,,,,,,,,,
1779371020.9972,plane,985,,,,,,,,,
1779371021.1095,plane,986,,,,,,,,,
1779371021.2053,plane,987,,,,,,,,,
1779371021.3016,plane,988,,,,,,,,,
1779371021.3977,plane,989,,,,,,,,,
1779371021.5098,plane,990,,,,,,,,,
1779371021.6050,plane,991,,,,,,,,,
1779371021.7018,plane,992,,,,,,,,,
1779371021.7972,plane,993,,,,,,,,,
1779371021.9095,plane,994,,,,,,,,,
1779371022.0055,plane,995,,,,,,,,,
1779371022.1014,plane,996,,,,,,,,,
1779371022.1972,plane,997,,,,,,,,,
1779371022.3098,plane,998,,,,,,,,,
1779371022.4052,plane,999,,,,,,,,,
1779371022.5013,plane,1000,,,,,,,,,
1779371022.5976,plane,1001,,,,,,,,,
1779371022.7098,plane,1002,,,,,,,,,
1779371022.8056,plane,1003,,,,,,,,,
1779371022.9016,plane,1004,,,,,,,,,
1779371022.9973,plane,1005,,,,,,,,,
1779371023.1096,plane,1006,,,,,,,,,
1779371023.2049,plane,1007,,,,,,,,,
1779371023.3014,plane,1008,,,,,,,,,
1779371023.3977,plane,1009,,,,,,,,,
1779371023.5092,plane,1010,,,,,,,,,
1779371023.6050,plane,1011,,,,,,,,,
1779371023.7014,plane,1012,,,,,,,,,
1779371023.7974,plane,1013,,,,,,,,,
1779371023.9098,plane,1014,,,,,,,,,
1779371024.0054,plane,1015,,,,,,,,,
1779371024.1016,plane,1016,,,,,,,,,
1779371024.1973,plane,1017,,,,,,,,,
1779371024.3091,plane,1018,,,,,,,,,
1779371024.4057,plane,1019,,,,,,,,,
1779371024.5014,plane,1020,,,,,,,,,
1779371024.5974,plane,1021,,,,,,,,,
1779371024.7094,plane,1022,,,,,,,,,
1779371024.8050,plane,1023,,,,,,,,,
1779371024.9019,plane,1024,,,,,,,,,
1779371024.9980,plane,1025,,,,,,,,,
1779371025.1093,plane,1026,,,,,,,,,
1779371025.2052,plane,1027,,,,,,,,,
1779371025.3013,plane,1028,,,,,,,,,
1779371025.3974,plane,1029,,,,,,,,,
1779371025.5094,plane,1030,,,,,,,,,
1779371025.6058,plane,1031,,,,,,,,,
1779371025.7015,plane,1032,,,,,,,,,
1779371025.7976,plane,1033,,,,,,,,,
1779371025.9090,plane,1034,,,,,,,,,
1779371026.0054,plane,1035,,,,,,,,,
1779371026.1021,plane,1036,,,,,,,,,
1779371026.1975,plane,1037,,,,,,,,,
1779371026.3091,plane,1038,,,,,,,,,
1779371026.4053,plane,1039,,,,,,,,,
1779371026.5019,plane,1040,,,,,,,,,
1779371026.5975,plane,1041,,,,,,,,,
1779371026.7091,plane,1042,,,,,,,,,
1779371026.8057,plane,1043,,,,,,,,,
1779371026.9013,plane,1044,,,,,,,,,
1779371026.9978,plane,1045,,,,,,,,,
1779371027.1093,plane,1046,,,,,,,,,
1779371027.2050,plane,1047,,,,,,,,,
1779371027.3017,plane,1048,,,,,,,,,
1779371027.3973,plane,1049,,,,,,,,,
1779371027.5093,plane,1050,,,,,,,,,
1779371027.6055,plane,1051,,,,,,,,,
1779371027.7014,plane,1052,,,,,,,,,
1779371027.7970,plane,1053,,,,,,,,,
1779371027.9098,plane,1054,,,,,,,,,
1779371028.0053,plane,1055,,,,,,,,,
1779371028.1017,plane,1056,,,,,,,,,
1779371028.1976,plane,1057,,,,,,,,,
1779371028.3097,plane,1058,,,,,,,,,
1779371028.4057,plane,1059,,,,,,,,,
1779371028.5019,plane,1060,,,,,,,,,
1779371028.5974,plane,1061,,,,,,,,,
1779371028.7091,plane,1062,,,,,,,,,
1779371028.8053,plane,1063,,,,,,,,,
1779371028.9016,plane,1064,,,,,,,,,
1779371028.9971,plane,1065,,,,,,,,,
1779371029.1089,plane,1066,,,,,,,,,
1779371029.2058,plane,1067,,,,,,,,,
1779371029.3021,plane,1068,,,,,,,,,
1779371029.3974,plane,1069,,,,,,,,,
1779371029.5095,plane,1070,,,,,,,,,
1779371029.6050,plane,1071,,,,,,,,,
1779371029.7014,plane,1072,,,,,,,,,
1779371029.7979,plane,1073,,,,,,,,,
1779371029.9098,plane,1074,,,,,,,,,
1779371030.0056,plane,1075,,,,,,,,,
1779371030.1017,plane,1076,,,,,,,,,
1779371030.1973,plane,1077,,,,,,,,,
1779371030.3097,plane,1078,,,,,,,,,
1779371030.4052,plane,1079,,,,,,,,,
1779371030.5010,plane,1080,,,,,,,,,
1779371030.5972,plane,1081,,,,,,,,,
1779371030.7094,plane,1082,,,,,,,,,
1779371030.8052,plane,1083,,,,,,,,,
1779371030.9018,plane,1084,,,,,,,,,
1779371030.9971,plane,1085,,,,,,,,,
1779371031.1096,plane,1086,,,,,,,,,
1779371031.2053,plane,1087,,,,,,,,,
1779371031.3014,plane,1088,,,,,,,,,
1779371031.3972,plane,1089,,,,,,,,,
1779371031.5094,plane,1090,,,,,,,,,
1779371031.6053,plane,1091,,,,,,,,,
1779371031.7016,plane,1092,,,,,,,,,
1779371031.7976,plane,1093,,,,,,,,,
1779371031.9095,plane,1094,,,,,,,,,
1779371032.0052,plane,1095,,,,,,,,,
1779371032.1016,plane,1096,,,,,,,,,
1779371032.1971,plane,1097,,,,,,,,,
1779371032.3102,plane,1098,,,,,,,,,
1779371032.4053,plane,1099,,,,,,,,,
1779371032.5016,plane,1100,,,,,,,,,
1779371032.5972,plane,1101,,,,,,,,,
1779371032.7094,plane,1102,,,,,,,,,
1779371032.8055,plane,1103,,,,,,,,,
1779371032.9009,plane,1104,,,,,,,,,
1779371032.9977,plane,1105,,,,,,,,,
1779371033.1093,plane,1106,,,,,,,,,
1779371033.2055,plane,1107,,,,,,,,,
1779371033.3014,plane,1108,,,,,,,,,
1779371033.3972,plane,1109,,,,,,,,,
1779371033.5092,plane,1110,,,,,,,,,
1779371033.6056,plane,1111,,,,,,,,,
1779371033.7018,plane,1112,,,,,,,,,
1779371033.7972,plane,1113,,,,,,,,,
1779371033.9094,plane,1114,,,,,,,,,
1779371034.0056,plane,1115,,,,,,,,,
1779371034.1017,plane,1116,,,,,,,,,
1779371034.1973,plane,1117,,,,,,,,,
1779371034.3095,plane,1118,,,,,,,,,
1779371034.4054,plane,1119,,,,,,,,,
1779371034.5014,plane,1120,,,,,,,,,
1779371034.5973,plane,1121,,,,,,,,,
1779371034.7094,plane,1122,,,,,,,,,
1779371034.8057,plane,1123,,,,,,,,,
1779371034.9022,plane,1124,,,,,,,,,
1779371034.9973,plane,1125,,,,,,,,,
1779371035.1095,plane,1126,,,,,,,,,
1779371035.2053,plane,1127,,,,,,,,,
1779371035.3014,plane,1128,,,,,,,,,
1779371035.3972,plane,1129,,,,,,,,,
1779371035.5092,plane,1130,,,,,,,,,
1779371035.6055,plane,1131,,,,,,,,,
1779371035.7017,plane,1132,,,,,,,,,
1779371035.7973,plane,1133,,,,,,,,,
1779371035.9099,plane,1134,,,,,,,,,
1779371036.0055,plane,1135,,,,,,,,,
1779371036.1015,plane,1136,,,,,,,,,
1779371036.1976,plane,1137,,,,,,,,,
1779371036.3092,plane,1138,,,,,,,,,
1779371036.4057,plane,1139,,,,,,,,,
1779371036.5034,plane,1140,,,,,,,,,
1779371036.5982,plane,1141,,,,,,,,,
1779371036.7095,plane,1142,,,,,,,,,
1779371036.8052,plane,1143,,,,,,,,,
1779371036.9015,plane,1144,,,,,,,,,
1779371036.9975,plane,1145,,,,,,,,,
1779371037.1090,plane,1146,,,,,,,,,
1779371037.2054,plane,1147,,,,,,,,,
1779371037.3011,plane,1148,,,,,,,,,
1779371037.3973,plane,1149,,,,,,,,,
1779371037.5091,plane,1150,,,,,,,,,
1779371037.6054,plane,1151,,,,,,,,,
1779371037.7010,plane,1152,,,,,,,,,
1779371037.7972,plane,1153,,,,,,,,,
1779371037.9092,plane,1154,,,,,,,,,
1779371038.0055,plane,1155,,,,,,,,,
1779371038.1013,plane,1156,,,,,,,,,
1779371038.1973,plane,1157,,,,,,,,,
1779371038.3100,plane,1158,,,,,,,,,
1779371038.4055,plane,1159,,,,,,,,,
1779371038.5013,plane,1160,,,,,,,,,
1779371038.5968,plane,1161,,,,,,,,,
1779371038.7092,plane,1162,,,,,,,,,
1779371038.8054,plane,1163,,,,,,,,,
1779371038.9022,plane,1164,,,,,,,,,
1779371038.9974,plane,1165,,,,,,,,,
1779371039.1094,plane,1166,,,,,,,,,
1779371039.2050,plane,1167,,,,,,,,,
1779371039.3015,plane,1168,,,,,,,,,
1779371039.3970,plane,1169,,,,,,,,,
1779371039.5098,plane,1170,,,,,,,,,
1779371039.6051,plane,1171,,,,,,,,,
1779371039.7011,plane,1172,,,,,,,,,
1779371039.7973,plane,1173,,,,,,,,,
1779371039.9093,plane,1174,,,,,,,,,
1779371040.0060,plane,1175,,,,,,,,,
1779371040.1011,plane,1176,,,,,,,,,
1779371040.1973,plane,1177,,,,,,,,,
1779371040.3091,plane,1178,,,,,,,,,
1779371040.4051,plane,1179,,,,,,,,,
1779371040.5015,plane,1180,,,,,,,,,
1779371040.5972,plane,1181,,,,,,,,,
1779371040.7093,plane,1182,,,,,,,,,
1779371040.8052,plane,1183,,,,,,,,,
1779371040.9013,plane,1184,,,,,,,,,
1779371040.9978,plane,1185,,,,,,,,,
1779371041.1093,plane,1186,,,,,,,,,
1779371041.2054,plane,1187,,,,,,,,,
1779371041.3013,plane,1188,,,,,,,,,
1779371041.3974,plane,1189,,,,,,,,,
1779371041.5094,plane,1190,,,,,,,,,
1779371041.6053,plane,1191,,,,,,,,,
1779371041.7012,plane,1192,,,,,,,,,
1779371041.7975,plane,1193,,,,,,,,,
1779371041.9095,plane,1194,,,,,,,,,
1779371042.0054,plane,1195,,,,,,,,,
1779371042.1014,plane,1196,,,,,,,,,
1779371042.1972,plane,1197,,,,,,,,,
1779371042.3091,plane,1198,,,,,,,,,
1779371042.4054,plane,1199,,,,,,,,,
1779371042.5012,plane,1200,,,,,,,,,
1779371042.5978,plane,1201,,,,,,,,,
1779371042.7094,plane,1202,,,,,,,,,
1779371042.8052,plane,1203,,,,,,,,,
1779371042.9013,plane,1204,,,,,,,,,
1779371042.9973,plane,1205,,,,,,,,,
1779371043.1099,plane,1206,,,,,,,,,
1779371043.2058,plane,1207,,,,,,,,,
1779371043.3015,plane,1208,,,,,,,,,
1779371043.3975,plane,1209,,,,,,,,,
1779371043.5098,plane,1210,,,,,,,,,
1779371043.6056,plane,1211,,,,,,,,,
1779371043.7010,plane,1212,,,,,,,,,
1779371043.7974,plane,1213,,,,,,,,,
1779371043.9093,plane,1214,,,,,,,,,
1779371044.0054,plane,1215,,,,,,,,,
1779371044.1012,plane,1216,,,,,,,,,
1779371044.1976,plane,1217,,,,,,,,,
1779371044.3095,plane,1218,,,,,,,,,
1779371044.4057,plane,1219,,,,,,,,,
1779371044.5014,plane,1220,,,,,,,,,
1779371044.5969,plane,1221,,,,,,,,,
1779371044.7097,plane,1222,,,,,,,,,
1779371044.8061,plane,1223,,,,,,,,,
1779371044.9013,plane,1224,,,,,,,,,
1779371044.9978,plane,1225,,,,,,,,,
1779371045.1096,plane,1226,,,,,,,,,
1779371045.2050,plane,1227,,,,,,,,,
1779371045.3015,plane,1228,,,,,,,,,
1779371045.3977,plane,1229,,,,,,,,,
1779371045.5105,plane,1230,,,,,,,,,
1779371045.6052,plane,1231,,,,,,,,,
1779371045.7018,plane,1232,,,,,,,,,
1779371045.7978,plane,1233,,,,,,,,,
1779371045.9092,plane,1234,,,,,,,,,
1779371046.0053,plane,1235,,,,,,,,,
1779371046.1014,plane,1236,,,,,,,,,
1779371046.1975,plane,1237,,,,,,,,,
1779371046.3092,plane,1238,,,,,,,,,
1779371046.4054,plane,1239,,,,,,,,,
1779371046.5016,plane,1240,,,,,,,,,
1779371046.5973,plane,1241,,,,,,,,,
1779371046.7094,plane,1242,,,,,,,,,
1779371046.8059,plane,1243,,,,,,,,,
1779371046.9016,plane,1244,,,,,,,,,
1779371046.9971,plane,1245,,,,,,,,,
1779371047.1093,plane,1246,,,,,,,,,
1779371047.2052,plane,1247,,,,,,,,,
1779371047.3014,plane,1248,,,,,,,,,
1779371047.3978,plane,1249,,,,,,,,,
1779371047.5100,plane,1250,,,,,,,,,
1779371047.6057,plane,1251,,,,,,,,,
1779371047.7017,plane,1252,,,,,,,,,
1779371047.7978,plane,1253,,,,,,,,,
1779371047.9091,plane,1254,,,,,,,,,
1779371048.0056,plane,1255,,,,,,,,,
1779371048.1015,plane,1256,,,,,,,,,
1779371048.1977,plane,1257,,,,,,,,,
1779371048.3103,plane,1258,,,,,,,,,
1779371048.4053,plane,1259,,,,,,,,,
1779371048.5015,plane,1260,,,,,,,,,
1779371048.5975,plane,1261,,,,,,,,,
1779371048.7094,plane,1262,,,,,,,,,
1779371048.8056,plane,1263,,,,,,,,,
1779371048.9017,plane,1264,,,,,,,,,
1779371048.9975,plane,1265,,,,,,,,,
1779371049.1096,plane,1266,,,,,,,,,
1779371049.2057,plane,1267,,,,,,,,,
1779371049.3015,plane,1268,,,,,,,,,
1779371049.3978,plane,1269,,,,,,,,,
1779371049.5096,plane,1270,,,,,,,,,
1779371049.6057,plane,1271,,,,,,,,,
1779371049.7012,plane,1272,,,,,,,,,
1779371049.7970,plane,1273,,,,,,,,,
1779371049.9092,plane,1274,,,,,,,,,
1779371050.0053,plane,1275,,,,,,,,,
1779371050.1015,plane,1276,,,,,,,,,
1779371050.1974,plane,1277,,,,,,,,,
1779371050.3090,plane,1278,,,,,,,,,
1779371050.4052,plane,1279,,,,,,,,,
1779371050.5014,plane,1280,,,,,,,,,
1779371050.5973,plane,1281,,,,,,,,,
1779371050.7093,plane,1282,,,,,,,,,
1779371050.8051,plane,1283,,,,,,,,,
1779371050.9023,plane,1284,,,,,,,,,
1779371050.9980,plane,1285,,,,,,,,,
1779371051.1092,plane,1286,,,,,,,,,
1779371051.2052,plane,1287,,,,,,,,,
1779371051.3015,plane,1288,,,,,,,,,
1779371051.3975,plane,1289,,,,,,,,,
1779371051.5093,plane,1290,,,,,,,,,
1779371051.6056,plane,1291,,,,,,,,,
1779371051.7017,plane,1292,,,,,,,,,
1779371051.7978,plane,1293,,,,,,,,,
1779371051.9094,plane,1294,,,,,,,,,
1779371052.0054,plane,1295,,,,,,,,,
1779371052.1013,plane,1296,,,,,,,,,
1779371052.1970,plane,1297,,,,,,,,,
1779371052.3091,plane,1298,,,,,,,,,
1779371052.4053,plane,1299,,,,,,,,,
1779371052.5016,plane,1300,,,,,,,,,
1779371052.5976,plane,1301,,,,,,,,,
1779371052.7097,plane,1302,,,,,,,,,
1779371052.8052,plane,1303,,,,,,,,,
1779371052.9015,plane,1304,,,,,,,,,
1779371052.9970,plane,1305,,,,,,,,,
1779371053.1093,plane,1306,,,,,,,,,
1779371053.2053,plane,1307,,,,,,,,,
1779371053.3013,plane,1308,,,,,,,,,
1779371053.3973,plane,1309,,,,,,,,,
1779371053.5092,plane,1310,,,,,,,,,
1779371053.6054,plane,1311,,,,,,,,,
1779371053.7014,plane,1312,,,,,,,,,
1779371053.7981,plane,1313,,,,,,,,,
1779371053.9096,plane,1314,,,,,,,,,
1779371054.0056,plane,1315,,,,,,,,,
1779371054.1015,plane,1316,,,,,,,,,
1779371054.1973,plane,1317,,,,,,,,,
1779371054.3089,plane,1318,,,,,,,,,
1779371054.4053,plane,1319,,,,,,,,,
1779371054.5013,plane,1320,,,,,,,,,
1779371054.5972,plane,1321,,,,,,,,,
1779371054.7092,plane,1322,,,,,,,,,
1779371054.8055,plane,1323,,,,,,,,,
1779371054.9011,plane,1324,,,,,,,,,
1779371054.9977,plane,1325,,,,,,,,,
1779371055.1094,plane,1326,,,,,,,,,
1779371055.2057,plane,1327,,,,,,,,,
1779371055.3021,plane,1328,,,,,,,,,
1779371055.3971,plane,1329,,,,,,,,,
1779371055.5091,plane,1330,,,,,,,,,
1779371055.6054,plane,1331,,,,,,,,,
1779371055.7012,plane,1332,,,,,,,,,
1779371055.7970,plane,1333,,,,,,,,,
1779371055.9094,plane,1334,,,,,,,,,
1779371056.0052,plane,1335,,,,,,,,,
1779371056.1012,plane,1336,,,,,,,,,
1779371056.1977,plane,1337,,,,,,,,,
1779371056.3088,plane,1338,,,,,,,,,
1779371056.4050,plane,1339,,,,,,,,,
1779371056.5013,plane,1340,,,,,,,,,
1779371056.5980,plane,1341,,,,,,,,,
1779371056.7090,plane,1342,,,,,,,,,
1779371056.8055,plane,1343,,,,,,,,,
1779371056.9017,plane,1344,,,,,,,,,
1779371056.9971,plane,1345,,,,,,,,,
1779371057.1101,plane,1346,,,,,,,,,
1779371057.2056,plane,1347,,,,,,,,,
1779371057.3015,plane,1348,,,,,,,,,
1779371057.3971,plane,1349,,,,,,,,,
1779371057.5092,plane,1350,,,,,,,,,
1779371057.6052,plane,1351,,,,,,,,,
1779371057.7015,plane,1352,,,,,,,,,
1779371057.7977,plane,1353,,,,,,,,,
1779371057.9093,plane,1354,,,,,,,,,
1779371058.0054,plane,1355,,,,,,,,,
1779371058.1017,plane,1356,,,,,,,,,
1779371058.1979,plane,1357,,,,,,,,,
1779371058.3093,plane,1358,,,,,,,,,
1779371058.4056,plane,1359,,,,,,,,,
1779371058.5016,plane,1360,,,,,,,,,
1779371058.5980,plane,1361,,,,,,,,,
1779371058.7096,plane,1362,,,,,,,,,
1779371058.8052,plane,1363,,,,,,,,,
1779371058.9011,plane,1364,,,,,,,,,
1779371058.9972,plane,1365,,,,,,,,,
1779371059.1091,plane,1366,,,,,,,,,
1779371059.2056,plane,1367,,,,,,,,,
1779371059.3018,plane,1368,,,,,,,,,
1779371059.3973,plane,1369,,,,,,,,,
1779371059.5103,plane,1370,,,,,,,,,
1779371059.6058,plane,1371,,,,,,,,,
1779371059.7013,plane,1372,,,,,,,,,
1779371059.7971,plane,1373,,,,,,,,,
1779371059.9089,plane,1374,,,,,,,,,
1779371060.0055,plane,1375,,,,,,,,,
1779371060.1016,plane,1376,,,,,,,,,
1779371060.1975,plane,1377,,,,,,,,,
1779371060.3091,plane,1378,,,,,,,,,
1779371060.4051,plane,1379,,,,,,,,,
1779371060.5009,plane,1380,,,,,,,,,
1779371060.5972,plane,1381,,,,,,,,,
1779371060.7092,plane,1382,,,,,,,,,
1779371060.8054,plane,1383,,,,,,,,,
1779371060.9021,plane,1384,,,,,,,,,
1779371060.9976,plane,1385,,,,,,,,,
1779371061.1094,plane,1386,,,,,,,,,
1779371061.2054,plane,1387,,,,,,,,,
1779371061.3017,plane,1388,,,,,,,,,
1779371061.3975,plane,1389,,,,,,,,,
1779371061.5091,plane,1390,,,,,,,,,
1779371061.6056,plane,1391,,,,,,,,,
1779371061.7014,plane,1392,,,,,,,,,
1779371061.7973,plane,1393,,,,,,,,,
1779371061.9095,plane,1394,,,,,,,,,
1779371062.0053,plane,1395,,,,,,,,,
1779371062.1012,plane,1396,,,,,,,,,
1779371062.1980,plane,1397,,,,,,,,,
1779371062.3091,plane,1398,,,,,,,,,
1779371062.4054,plane,1399,,,,,,,,,
1779371062.5020,plane,1400,,,,,,,,,
1779371062.5981,plane,1401,,,,,,,,,
1779371062.7093,plane,1402,,,,,,,,,
1779371062.8051,plane,1403,,,,,,,,,
1779371062.9012,plane,1404,,,,,,,,,
1779371062.9975,plane,1405,,,,,,,,,
1779371063.1093,plane,1406,,,,,,,,,
1779371063.2051,plane,1407,,,,,,,,,
1779371063.3016,plane,1408,,,,,,,,,
1779371063.3974,plane,1409,,,,,,,,,
1779371063.5092,plane,1410,,,,,,,,,
1779371063.6056,plane,1411,,,,,,,,,
1779371063.7017,plane,1412,,,,,,,,,
1779371063.7972,plane,1413,,,,,,,,,
1779371063.9100,plane,1414,,,,,,,,,
1779371064.0056,plane,1415,,,,,,,,,
1779371064.1013,plane,1416,,,,,,,,,
1779371064.1976,plane,1417,,,,,,,,,
1779371064.3096,plane,1418,,,,,,,,,
1779371064.4054,plane,1419,,,,,,,,,
1779371064.5019,plane,1420,,,,,,,,,
1779371064.5974,plane,1421,,,,,,,,,
1779371064.7092,plane,1422,,,,,,,,,
1779371064.8054,plane,1423,,,,,,,,,
1779371064.9015,plane,1424,,,,,,,,,
1779371064.9972,plane,1425,,,,,,,,,
1779371065.1090,plane,1426,,,,,,,,,
1779371065.2053,plane,1427,,,,,,,,,
1779371065.3013,plane,1428,,,,,,,,,
1779371065.3971,plane,1429,,,,,,,,,
1779371065.5100,plane,1430,,,,,,,,,
1779371065.6055,plane,1431,,,,,,,,,
1779371065.7016,plane,1432,,,,,,,,,
1779371065.7975,plane,1433,,,,,,,,,
1779371065.9095,plane,1434,,,,,,,,,
1779371066.0056,plane,1435,,,,,,,,,
1779371066.1014,plane,1436,,,,,,,,,
1779371066.1972,plane,1437,,,,,,,,,
1779371066.3094,plane,1438,,,,,,,,,
1779371066.4052,plane,1439,,,,,,,,,
1779371066.5010,plane,1440,,,,,,,,,
1779371066.5972,plane,1441,,,,,,,,,
1779371066.7098,plane,1442,,,,,,,,,
1779371066.8054,plane,1443,,,,,,,,,
1779371066.9016,plane,1444,,,,,,,,,
1779371066.9976,plane,1445,,,,,,,,,
1779371067.1089,plane,1446,,,,,,,,,
1779371067.2053,plane,1447,,,,,,,,,
1779371067.3012,plane,1448,,,,,,,,,
1779371067.3973,plane,1449,,,,,,,,,
1779371067.5092,plane,1450,,,,,,,,,
1779371067.6058,plane,1451,,,,,,,,,
1779371067.7013,plane,1452,,,,,,,,,
1779371067.7973,plane,1453,,,,,,,,,
1779371067.9090,plane,1454,,,,,,,,,
1779371068.0052,plane,1455,,,,,,,,,
1779371068.1016,plane,1456,,,,,,,,,
1779371068.1974,plane,1457,,,,,,,,,
1779371068.3094,plane,1458,,,,,,,,,
1779371068.4049,plane,1459,,,,,,,,,
1779371068.5015,plane,1460,,,,,,,,,
1779371068.5979,plane,1461,,,,,,,,,
1779371068.7096,plane,1462,,,,,,,,,
1779371068.8049,plane,1463,,,,,,,,,
1779371068.9018,plane,1464,,,,,,,,,
1779371068.9974,plane,1465,,,,,,,,,
1779371069.1102,plane,1466,,,,,,,,,
1779371069.2054,plane,1467,,,,,,,,,
1779371069.3011,plane,1468,,,,,,,,,
1779371069.3973,plane,1469,,,,,,,,,
1779371069.5095,plane,1470,,,,,,,,,
1779371069.6052,plane,1471,,,,,,,,,
1779371069.7015,plane,1472,,,,,,,,,
1779371069.7975,plane,1473,,,,,,,,,
1779371069.9097,plane,1474,,,,,,,,,
1779371070.0056,plane,1475,,,,,,,,,
1779371070.1009,plane,1476,,,,,,,,,
1779371070.1972,plane,1477,,,,,,,,,
1779371070.3093,plane,1478,,,,,,,,,
1779371070.4052,plane,1479,,,,,,,,,
1779371070.5012,plane,1480,,,,,,,,,
1779371070.5977,plane,1481,,,,,,,,,
1779371070.7092,plane,1482,,,,,,,,,
1779371070.8056,plane,1483,,,,,,,,,
1779371070.9015,plane,1484,,,,,,,,,
1779371070.9973,plane,1485,,,,,,,,,
1779371071.1093,plane,1486,,,,,,,,,
1779371071.2052,plane,1487,,,,,,,,,
1779371071.3035,plane,1488,,,,,,,,,
1779371071.3974,plane,1489,,,,,,,,,
1779371071.5094,plane,1490,,,,,,,,,
1779371071.6055,plane,1491,,,,,,,,,
1779371071.7019,plane,1492,,,,,,,,,
1779371071.7977,plane,1493,,,,,,,,,
1779371071.9099,plane,1494,,,,,,,,,
1779371072.0049,plane,1495,,,,,,,,,
1779371072.1010,plane,1496,,,,,,,,,
1779371072.1975,plane,1497,,,,,,,,,
1779371072.3092,plane,1498,,,,,,,,,
1779371072.4053,plane,1499,,,,,,,,,
1779371072.5011,plane,1500,,,,,,,,,
1779371072.5974,plane,1501,,,,,,,,,
1779371072.7096,plane,1502,,,,,,,,,
1779371072.8052,plane,1503,,,,,,,,,
1779371072.9014,plane,1504,,,,,,,,,
1779371072.9976,plane,1505,,,,,,,,,
1779371073.1098,plane,1506,,,,,,,,,
1779371073.2051,plane,1507,,,,,,,,,
1779371073.3017,plane,1508,,,,,,,,,
1779371073.3978,plane,1509,,,,,,,,,
1779371073.5095,plane,1510,,,,,,,,,
1779371073.6052,plane,1511,,,,,,,,,
1779371073.7013,plane,1512,,,,,,,,,
1779371073.7973,plane,1513,,,,,,,,,
1779371073.9089,plane,1514,,,,,,,,,
1779371074.0054,plane,1515,,,,,,,,,
1779371074.1013,plane,1516,,,,,,,,,
1779371074.1974,plane,1517,,,,,,,,,
1779371074.3091,plane,1518,,,,,,,,,
1779371074.4055,plane,1519,,,,,,,,,
1779371074.5015,plane,1520,,,,,,,,,
1779371074.5973,plane,1521,,,,,,,,,
1779371074.7092,plane,1522,,,,,,,,,
1779371074.8054,plane,1523,,,,,,,,,
1779371074.9015,plane,1524,,,,,,,,,
1779371074.9978,plane,1525,,,,,,,,,
1779371075.1099,plane,1526,,,,,,,,,
1779371075.2055,plane,1527,,,,,,,,,
1779371075.3010,plane,1528,,,,,,,,,
1779371075.3970,plane,1529,,,,,,,,,
1779371075.5091,plane,1530,,,,,,,,,
1779371075.6050,plane,1531,,,,,,,,,
1779371075.7013,plane,1532,,,,,,,,,
1779371075.7977,plane,1533,,,,,,,,,
1779371075.9095,plane,1534,,,,,,,,,
1779371076.0052,plane,1535,,,,,,,,,
1779371076.1018,plane,1536,,,,,,,,,
1779371076.1973,plane,1537,,,,,,,,,
1779371076.3091,plane,1538,,,,,,,,,
1779371076.4052,plane,1539,,,,,,,,,
1779371076.5011,plane,1540,,,,,,,,,
1779371076.5971,plane,1541,,,,,,,,,
1779371076.7090,plane,1542,,,,,,,,,
1779371076.8050,plane,1543,,,,,,,,,
1779371076.9016,plane,1544,,,,,,,,,
1779371076.9975,plane,1545,,,,,,,,,
1779371077.1096,plane,1546,,,,,,,,,
1779371077.2055,plane,1547,,,,,,,,,
1779371077.3014,plane,1548,,,,,,,,,
1779371077.3974,plane,1549,,,,,,,,,
1779371077.5096,plane,1550,,,,,,,,,
1779371077.6051,plane,1551,,,,,,,,,
1779371077.7018,plane,1552,,,,,,,,,
1779371077.7978,plane,1553,,,,,,,,,
1779371077.9091,plane,1554,,,,,,,,,
1779371078.0052,plane,1555,,,,,,,,,
1779371078.1013,plane,1556,,,,,,,,,
1779371078.1971,plane,1557,,,,,,,,,
1779371078.3090,plane,1558,,,,,,,,,
1779371078.4053,plane,1559,,,,,,,,,
1779371078.5013,plane,1560,,,,,,,,,
1779371078.5975,plane,1561,,,,,,,,,
1779371078.7092,plane,1562,,,,,,,,,
1779371078.8054,plane,1563,,,,,,,,,
1779371078.9022,plane,1564,,,,,,,,,
1779371078.9972,plane,1565,,,,,,,,,
1779371079.1097,plane,1566,,,,,,,,,
1779371079.2054,plane,1567,,,,,,,,,
1779371079.3025,plane,1568,,,,,,,,,
1779371079.3977,plane,1569,,,,,,,,,
1779371079.5096,plane,1570,,,,,,,,,
1779371079.6056,plane,1571,,,,,,,,,
1779371079.7012,plane,1572,,,,,,,,,
1779371079.7971,plane,1573,,,,,,,,,
1779371079.9096,plane,1574,,,,,,,,,
1779371080.0053,plane,1575,,,,,,,,,
1779371080.1012,plane,1576,,,,,,,,,
1779371080.1971,plane,1577,,,,,,,,,
1779371080.3091,plane,1578,,,,,,,,,
1779371080.4058,plane,1579,,,,,,,,,
1779371080.5016,plane,1580,,,,,,,,,
1779371080.5976,plane,1581,,,,,,,,,
1779371080.7092,plane,1582,,,,,,,,,
1779371080.8052,plane,1583,,,,,,,,,
1779371080.9010,plane,1584,,,,,,,,,
1779371080.9975,plane,1585,,,,,,,,,
1779371081.1092,plane,1586,,,,,,,,,
1779371081.2055,plane,1587,,,,,,,,,
1779371081.3010,plane,1588,,,,,,,,,
1779371081.3972,plane,1589,,,,,,,,,
1779371081.5094,plane,1590,,,,,,,,,
1779371081.6053,plane,1591,,,,,,,,,
1779371081.7015,plane,1592,,,,,,,,,
1779371081.7975,plane,1593,,,,,,,,,
1779371081.9095,plane,1594,,,,,,,,,
1779371082.0060,plane,1595,,,,,,,,,
1779371082.1015,plane,1596,,,,,,,,,
1779371082.1974,plane,1597,,,,,,,,,
1779371082.3089,plane,1598,,,,,,,,,
1779371082.4048,plane,1599,,,,,,,,,
1779371082.5013,plane,1600,,,,,,,,,
1779371082.5976,plane,1601,,,,,,,,,
1779371082.7091,plane,1602,,,,,,,,,
1779371082.8052,plane,1603,,,,,,,,,
1779371082.9017,plane,1604,,,,,,,,,
1779371082.9972,plane,1605,,,,,,,,,
1779371083.1092,plane,1606,,,,,,,,,
1779371083.2056,plane,1607,,,,,,,,,
1779371083.3015,plane,1608,,,,,,,,,
1779371083.3977,plane,1609,,,,,,,,,
1779371083.5093,plane,1610,,,,,,,,,
1779371083.6055,plane,1611,,,,,,,,,
1779371083.7015,plane,1612,,,,,,,,,
1779371083.7975,plane,1613,,,,,,,,,
1779371083.9096,plane,1614,,,,,,,,,
1779371084.0054,plane,1615,,,,,,,,,
1779371084.1017,plane,1616,,,,,,,,,
1779371084.1975,plane,1617,,,,,,,,,
1779371084.3094,plane,1618,,,,,,,,,
1779371084.4058,plane,1619,,,,,,,,,
1779371084.5016,plane,1620,,,,,,,,,
1779371084.5975,plane,1621,,,,,,,,,
1779371084.7090,plane,1622,,,,,,,,,
1779371084.8052,plane,1623,,,,,,,,,
1779371084.9016,plane,1624,,,,,,,,,
1779371084.9975,plane,1625,,,,,,,,,
1779371085.1098,plane,1626,,,,,,,,,
1779371085.2053,plane,1627,,,,,,,,,
1779371085.3017,plane,1628,,,,,,,,,
1779371085.3972,plane,1629,,,,,,,,,
1779371085.5091,plane,1630,,,,,,,,,
1779371085.6056,plane,1631,,,,,,,,,
1779371085.7013,plane,1632,,,,,,,,,
1779371085.7976,plane,1633,,,,,,,,,
1779371085.9090,plane,1634,,,,,,,,,
1779371086.0055,plane,1635,,,,,,,,,
1779371086.1014,plane,1636,,,,,,,,,
1779371086.1974,plane,1637,,,,,,,,,
1779371086.3099,plane,1638,,,,,,,,,
1779371086.4052,plane,1639,,,,,,,,,
1779371086.5010,plane,1640,,,,,,,,,
1779371086.5975,plane,1641,,,,,,,,,
1779371086.7093,plane,1642,,,,,,,,,
1779371086.8055,plane,1643,,,,,,,,,
1779371086.9016,plane,1644,,,,,,,,,
1779371086.9976,plane,1645,,,,,,,,,
1779371087.1091,plane,1646,,,,,,,,,
1779371087.2057,plane,1647,,,,,,,,,
1779371087.3013,plane,1648,,,,,,,,,
1779371087.3974,plane,1649,,,,,,,,,
1779371087.5091,plane,1650,,,,,,,,,
1779371087.6054,plane,1651,,,,,,,,,
1779371087.7017,plane,1652,,,,,,,,,
1779371087.7973,plane,1653,,,,,,,,,
1779371087.9095,plane,1654,,,,,,,,,
1779371088.0051,plane,1655,,,,,,,,,
1779371088.1010,plane,1656,,,,,,,,,
1779371088.1972,plane,1657,,,,,,,,,
1779371088.3099,plane,1658,,,,,,,,,
1779371088.4054,plane,1659,,,,,,,,,
1779371088.5014,plane,1660,,,,,,,,,
1779371088.5976,plane,1661,,,,,,,,,
1779371088.7097,plane,1662,,,,,,,,,
1779371088.8055,plane,1663,,,,,,,,,
1779371088.9018,plane,1664,,,,,,,,,
1779371088.9970,plane,1665,,,,,,,,,
1779371089.1094,plane,1666,,,,,,,,,
1779371089.2060,plane,1667,,,,,,,,,
1779371089.3015,plane,1668,,,,,,,,,
1779371089.3972,plane,1669,,,,,,,,,
1779371089.5091,plane,1670,,,,,,,,,
1779371089.6053,plane,1671,,,,,,,,,
1779371089.7013,plane,1672,,,,,,,,,
1779371089.7969,plane,1673,,,,,,,,,
1779371089.9091,plane,1674,,,,,,,,,
1779371090.0056,plane,1675,,,,,,,,,
1779371090.1015,plane,1676,,,,,,,,,
1779371090.1973,plane,1677,,,,,,,,,
1779371090.3092,plane,1678,,,,,,,,,
1779371090.4054,plane,1679,,,,,,,,,
1779371090.5015,plane,1680,,,,,,,,,
1779371090.5976,plane,1681,,,,,,,,,
1779371090.7094,plane,1682,,,,,,,,,
1779371090.8051,plane,1683,,,,,,,,,
1779371090.9016,plane,1684,,,,,,,,,
1779371090.9979,plane,1685,,,,,,,,,
1779371091.1093,plane,1686,,,,,,,,,
1779371091.2054,plane,1687,,,,,,,,,
1779371091.3019,plane,1688,,,,,,,,,
1779371091.3973,plane,1689,,,,,,,,,
1779371091.5092,plane,1690,,,,,,,,,
1779371091.6053,plane,1691,,,,,,,,,
1779371091.7018,plane,1692,,,,,,,,,
1779371091.7975,plane,1693,,,,,,,,,
1779371091.9091,plane,1694,,,,,,,,,
1779371092.0054,plane,1695,,,,,,,,,
1779371092.1018,plane,1696,,,,,,,,,
1779371092.1973,plane,1697,,,,,,,,,
1779371092.3098,plane,1698,,,,,,,,,
1779371092.4051,plane,1699,,,,,,,,,
1779371092.5012,plane,1700,,,,,,,,,
1779371092.5973,plane,1701,,,,,,,,,
1779371092.7091,plane,1702,,,,,,,,,
1779371092.8052,plane,1703,,,,,,,,,
1779371092.9019,plane,1704,,,,,,,,,
1779371092.9979,plane,1705,,,,,,,,,
1779371093.1094,plane,1706,,,,,,,,,
1779371093.2057,plane,1707,,,,,,,,,
1779371093.3013,plane,1708,,,,,,,,,
1779371093.3970,plane,1709,,,,,,,,,
1779371093.5092,plane,1710,,,,,,,,,
1779371093.6051,plane,1711,,,,,,,,,
1779371093.7015,plane,1712,,,,,,,,,
1779371093.7974,plane,1713,,,,,,,,,
1779371093.9093,plane,1714,,,,,,,,,
1779371094.0052,plane,1715,,,,,,,,,
1779371094.1014,plane,1716,,,,,,,,,
1779371094.1973,plane,1717,,,,,,,,,
1779371094.3090,plane,1718,,,,,,,,,
1779371094.4053,plane,1719,,,,,,,,,
1779371094.5018,plane,1720,,,,,,,,,
1779371094.5978,plane,1721,,,,,,,,,
1779371094.7093,plane,1722,,,,,,,,,
1779371094.8054,plane,1723,,,,,,,,,
1779371094.9014,plane,1724,,,,,,,,,
1779371094.9974,plane,1725,,,,,,,,,
1779371095.1095,plane,1726,,,,,,,,,
1779371095.2053,plane,1727,,,,,,,,,
1779371095.3017,plane,1728,,,,,,,,,
1779371095.3975,plane,1729,,,,,,,,,
1779371095.5094,plane,1730,,,,,,,,,
1779371095.6050,plane,1731,,,,,,,,,
1779371095.7013,plane,1732,,,,,,,,,
1779371095.7973,plane,1733,,,,,,,,,
1779371095.9094,plane,1734,,,,,,,,,
1779371096.0054,plane,1735,,,,,,,,,
1779371096.1016,plane,1736,,,,,,,,,
1779371096.1974,plane,1737,,,,,,,,,
1779371096.3093,plane,1738,,,,,,,,,
1779371096.4055,plane,1739,,,,,,,,,
1779371096.5013,plane,1740,,,,,,,,,
1779371096.5974,plane,1741,,,,,,,,,
1779371096.7097,plane,1742,,,,,,,,,
1779371096.8054,plane,1743,,,,,,,,,
1779371096.9017,plane,1744,,,,,,,,,
1779371096.9979,plane,1745,,,,,,,,,
1779371097.1092,plane,1746,,,,,,,,,
1779371097.2051,plane,1747,,,,,,,,,
1779371097.3013,plane,1748,,,,,,,,,
1779371097.3972,plane,1749,,,,,,,,,
1779371097.5091,plane,1750,,,,,,,,,
1779371097.6054,plane,1751,,,,,,,,,
1779371097.7013,plane,1752,,,,,,,,,
1779371097.7976,plane,1753,,,,,,,,,
1779371097.9094,plane,1754,,,,,,,,,
1779371098.0049,plane,1755,,,,,,,,,
1779371098.1013,plane,1756,,,,,,,,,
1779371098.1976,plane,1757,,,,,,,,,
1779371098.3092,plane,1758,,,,,,,,,
1779371098.4051,plane,1759,,,,,,,,,
1779371098.5017,plane,1760,,,,,,,,,
1779371098.5977,plane,1761,,,,,,,,,
1779371098.7094,plane,1762,,,,,,,,,
1779371098.8054,plane,1763,,,,,,,,,
1779371098.9011,plane,1764,,,,,,,,,
1779371098.9970,plane,1765,,,,,,,,,
1779371099.1091,plane,1766,,,,,,,,,
1779371099.2053,plane,1767,,,,,,,,,
1779371099.3019,plane,1768,,,,,,,,,
1779371099.3976,plane,1769,,,,,,,,,
1779371099.5093,plane,1770,,,,,,,,,
1779371099.6051,plane,1771,,,,,,,,,
1779371099.7015,plane,1772,,,,,,,,,
1779371099.7974,plane,1773,,,,,,,,,
1779371099.9090,plane,1774,,,,,,,,,
1779371100.0055,plane,1775,,,,,,,,,
1779371100.1015,plane,1776,,,,,,,,,
1779371100.1974,plane,1777,,,,,,,,,
1779371100.3091,plane,1778,,,,,,,,,
1779371100.4053,plane,1779,,,,,,,,,
1779371100.5015,plane,1780,,,,,,,,,
1779371100.5979,plane,1781,,,,,,,,,
1779371100.7093,plane,1782,,,,,,,,,
1779371100.8054,plane,1783,,,,,,,,,
1779371100.9014,plane,1784,,,,,,,,,
1779371100.9980,plane,1785,,,,,,,,,
1779371101.1091,plane,1786,,,,,,,,,
1779371101.2054,plane,1787,,,,,,,,,
1779371101.3015,plane,1788,,,,,,,,,
1779371101.3977,plane,1789,,,,,,,,,
1779371101.5090,plane,1790,,,,,,,,,
1779371101.6051,plane,1791,,,,,,,,,
1779371101.7017,plane,1792,,,,,,,,,
1779371101.7976,plane,1793,,,,,,,,,
1779371101.9097,plane,1794,,,,,,,,,
1779371102.0051,plane,1795,,,,,,,,,
1779371102.1013,plane,1796,,,,,,,,,
1779371102.1974,plane,1797,,,,,,,,,
1779371102.3097,plane,1798,,,,,,,,,
1779371102.4053,plane,1799,,,,,,,,,
1779371102.5013,plane,1800,,,,,,,,,
1779371102.5975,plane,1801,,,,,,,,,
1779371102.7097,plane,1802,,,,,,,,,
1779371102.8053,plane,1803,,,,,,,,,
1779371102.9013,plane,1804,,,,,,,,,
1779371102.9976,plane,1805,,,,,,,,,
1779371103.1103,plane,1806,,,,,,,,,
1779371103.2052,plane,1807,,,,,,,,,
1779371103.3019,plane,1808,,,,,,,,,
1779371103.3978,plane,1809,,,,,,,,,
1779371103.5090,plane,1810,,,,,,,,,
1779371103.6057,plane,1811,,,,,,,,,
1779371103.7014,plane,1812,,,,,,,,,
1779371103.7974,plane,1813,,,,,,,,,
1779371103.9094,plane,1814,,,,,,,,,
1779371104.0053,plane,1815,,,,,,,,,
1779371104.1019,plane,1816,,,,,,,,,
1779371104.1982,plane,1817,,,,,,,,,
1779371104.3096,plane,1818,,,,,,,,,
1779371104.4051,plane,1819,,,,,,,,,
1779371104.5013,plane,1820,,,,,,,,,
1779371104.5975,plane,1821,,,,,,,,,
1779371104.7092,plane,1822,,,,,,,,,
1779371104.8055,plane,1823,,,,,,,,,
1779371104.9014,plane,1824,,,,,,,,,
1779371104.9970,plane,1825,,,,,,,,,
1779371105.1095,plane,1826,,,,,,,,,
1779371105.2052,plane,1827,,,,,,,,,
1779371105.3012,plane,1828,,,,,,,,,
1779371105.3975,plane,1829,,,,,,,,,
1779371105.5090,plane,1830,,,,,,,,,
1779371105.6052,plane,1831,,,,,,,,,
1779371105.7014,plane,1832,,,,,,,,,
1779371105.7978,plane,1833,,,,,,,,,
1779371105.9089,plane,1834,,,,,,,,,
1779371106.0060,plane,1835,,,,,,,,,
1779371106.1013,plane,1836,,,,,,,,,
1779371106.1974,plane,1837,,,,,,,,,
1779371106.3092,plane,1838,,,,,,,,,
1779371106.4051,plane,1839,,,,,,,,,
1779371106.5013,plane,1840,,,,,,,,,
1779371106.5975,plane,1841,,,,,,,,,
1779371106.7095,plane,1842,,,,,,,,,
1779371106.8054,plane,1843,,,,,,,,,
1779371106.9013,plane,1844,,,,,,,,,
1779371106.9973,plane,1845,,,,,,,,,
1779371107.1097,plane,1846,,,,,,,,,
1779371107.2052,plane,1847,,,,,,,,,
1779371107.3011,plane,1848,,,,,,,,,
1779371107.3973,plane,1849,,,,,,,,,
1779371107.5092,plane,1850,,,,,,,,,
1779371107.6052,plane,1851,,,,,,,,,
1779371107.7013,plane,1852,,,,,,,,,
1779371107.7974,plane,1853,,,,,,,,,
1779371107.9100,plane,1854,,,,,,,,,
1779371108.0054,plane,1855,,,,,,,,,
1779371108.1015,plane,1856,,,,,,,,,
1779371108.1974,plane,1857,,,,,,,,,
1779371108.3092,plane,1858,,,,,,,,,
1779371108.4055,plane,1859,,,,,,,,,
1779371108.5013,plane,1860,,,,,,,,,
1779371108.5972,plane,1861,,,,,,,,,
1779371108.7090,plane,1862,,,,,,,,,
1779371108.8051,plane,1863,,,,,,,,,
1779371108.9013,plane,1864,,,,,,,,,
1779371108.9978,plane,1865,,,,,,,,,
1779371109.1100,plane,1866,,,,,,,,,
1779371109.2052,plane,1867,,,,,,,,,
1779371109.3019,plane,1868,,,,,,,,,
1779371109.3974,plane,1869,,,,,,,,,
1779371109.5090,plane,1870,,,,,,,,,
1779371109.6055,plane,1871,,,,,,,,,
1779371109.7013,plane,1872,,,,,,,,,
1779371109.7976,plane,1873,,,,,,,,,
1779371109.9100,plane,1874,,,,,,,,,
1779371110.0053,plane,1875,,,,,,,,,
1779371110.1015,plane,1876,,,,,,,,,
1779371110.1975,plane,1877,,,,,,,,,
1779371110.3098,plane,1878,,,,,,,,,
1779371110.4053,plane,1879,,,,,,,,,
1779371110.5017,plane,1880,,,,,,,,,
1779371110.5975,plane,1881,,,,,,,,,
1779371110.7093,plane,1882,,,,,,,,,
1779371110.8055,plane,1883,,,,,,,,,
1779371110.9017,plane,1884,,,,,,,,,
1779371110.9971,plane,1885,,,,,,,,,
1779371111.1091,plane,1886,,,,,,,,,
1779371111.2053,plane,1887,,,,,,,,,
1779371111.3013,plane,1888,,,,,,,,,
1779371111.3972,plane,1889,,,,,,,,,
1779371111.5095,plane,1890,,,,,,,,,
1779371111.6052,plane,1891,,,,,,,,,
1779371111.7019,plane,1892,,,,,,,,,
1779371111.7971,plane,1893,,,,,,,,,
1779371111.9091,plane,1894,,,,,,,,,
1779371112.0054,plane,1895,,,,,,,,,
1779371112.1014,plane,1896,,,,,,,,,
1779371112.1975,plane,1897,,,,,,,,,
1779371112.3092,plane,1898,,,,,,,,,
1779371112.4053,plane,1899,,,,,,,,,
1779371112.5013,plane,1900,,,,,,,,,
1779371112.5973,plane,1901,,,,,,,,,
1779371112.7089,plane,1902,,,,,,,,,
1779371112.8055,plane,1903,,,,,,,,,
1779371112.9016,plane,1904,,,,,,,,,
1779371112.9978,plane,1905,,,,,,,,,
1779371113.1098,plane,1906,,,,,,,,,
1779371113.2055,plane,1907,,,,,,,,,
1779371113.3017,plane,1908,,,,,,,,,
1779371113.3974,plane,1909,,,,,,,,,
1779371113.5092,plane,1910,,,,,,,,,
1779371113.6051,plane,1911,,,,,,,,,
1779371113.7016,plane,1912,,,,,,,,,
1779371113.7974,plane,1913,,,,,,,,,
1779371113.9090,plane,1914,,,,,,,,,
1779371114.0056,plane,1915,,,,,,,,,
1779371114.1018,plane,1916,,,,,,,,,
1779371114.1972,plane,1917,,,,,,,,,
1779371114.3088,plane,1918,,,,,,,,,
1779371114.4055,plane,1919,,,,,,,,,
1779371114.5024,plane,1920,,,,,,,,,
1779371114.5976,plane,1921,,,,,,,,,
1779371114.7094,plane,1922,,,,,,,,,
1779371114.8057,plane,1923,,,,,,,,,
1779371114.9014,plane,1924,,,,,,,,,
1779371114.9974,plane,1925,,,,,,,,,
1779371115.1101,plane,1926,,,,,,,,,
1779371115.2055,plane,1927,,,,,,,,,
1779371115.3013,plane,1928,,,,,,,,,
1779371115.3974,plane,1929,,,,,,,,,
1779371115.5093,plane,1930,,,,,,,,,
1779371115.6054,plane,1931,,,,,,,,,
1779371115.7015,plane,1932,,,,,,,,,
1779371115.7971,plane,1933,,,,,,,,,
1779371115.9093,plane,1934,,,,,,,,,
1779371116.0051,plane,1935,,,,,,,,,
1779371116.1013,plane,1936,,,,,,,,,
1779371116.1973,plane,1937,,,,,,,,,
1779371116.3093,plane,1938,,,,,,,,,
1779371116.4054,plane,1939,,,,,,,,,
1779371116.5012,plane,1940,,,,,,,,,
1779371116.5973,plane,1941,,,,,,,,,
1779371116.7093,plane,1942,,,,,,,,,
1779371116.8054,plane,1943,,,,,,,,,
1779371116.9012,plane,1944,,,,,,,,,
1779371116.9978,plane,1945,,,,,,,,,
1779371117.1093,plane,1946,,,,,,,,,
1779371117.2053,plane,1947,,,,,,,,,
1779371117.3013,plane,1948,,,,,,,,,
1779371117.3973,plane,1949,,,,,,,,,
1779371117.5092,plane,1950,,,,,,,,,
1779371117.6052,plane,1951,,,,,,,,,
1779371117.7012,plane,1952,,,,,,,,,
1779371117.7975,plane,1953,,,,,,,,,
1779371117.9093,plane,1954,,,,,,,,,
1779371118.0055,plane,1955,,,,,,,,,
1779371118.1014,plane,1956,,,,,,,,,
1779371118.1972,plane,1957,,,,,,,,,
1779371118.3098,plane,1958,,,,,,,,,
1779371118.4057,plane,1959,,,,,,,,,
1779371118.5015,plane,1960,,,,,,,,,
1779371118.5972,plane,1961,,,,,,,,,
1779371118.7091,plane,1962,,,,,,,,,
1779371118.8053,plane,1963,,,,,,,,,
1779371118.9016,plane,1964,,,,,,,,,
1779371118.9971,plane,1965,,,,,,,,,
1779371119.1092,plane,1966,,,,,,,,,
1779371119.2053,plane,1967,,,,,,,,,
1779371119.3014,plane,1968,,,,,,,,,
1779371119.3976,plane,1969,,,,,,,,,
1779371119.5091,plane,1970,,,,,,,,,
1779371119.6053,plane,1971,,,,,,,,,
1779371119.7018,plane,1972,,,,,,,,,
1779371119.7976,plane,1973,,,,,,,,,
1779371119.8937,plane,1974,,,,,,,,,
1779371120.0057,plane,1975,,,,,,,,,
1779371120.1016,plane,1976,,,,,,,,,
1779371120.1977,plane,1977,,,,,,,,,
1779371120.2936,plane,1978,,,,,,,,,
1779371120.4055,plane,1979,,,,,,,,,
1779371120.5013,plane,1980,,,,,,,,,
1779371120.5973,plane,1981,,,,,,,,,
1779371120.6935,plane,1982,,,,,,,,,
1779371120.8056,plane,1983,,,,,,,,,
1779371120.9017,plane,1984,,,,,,,,,
1779371120.9974,plane,1985,,,,,,,,,
1779371121.0937,plane,1986,,,,,,,,,
1779371121.2051,plane,1987,,,,,,,,,
1779371121.3014,plane,1988,,,,,,,,,
1779371121.3972,plane,1989,,,,,,,,,
1779371121.4933,plane,1990,,,,,,,,,
1779371121.6055,plane,1991,,,,,,,,,
1779371121.7009,plane,1992,,,,,,,,,
1779371121.7972,plane,1993,,,,,,,,,
1779371121.8939,plane,1994,,,,,,,,,
1779371122.0052,plane,1995,,,,,,,,,
1779371122.1017,plane,1996,,,,,,,,,
1779371122.1973,plane,1997,,,,,,,,,
1779371122.2938,plane,1998,,,,,,,,,
1779371122.4054,plane,1999,,,,,,,,,
1779371122.5017,plane,2000,,,,,,,,,
1779371122.5974,plane,2001,,,,,,,,,
1779371122.6934,plane,2002,,,,,,,,,
1779371122.8050,plane,2003,,,,,,,,,
1779371122.9017,plane,2004,,,,,,,,,
1779371122.9977,plane,2005,,,,,,,,,
1779371123.0933,plane,2006,,,,,,,,,
1779371123.2052,plane,2007,,,,,,,,,
1779371123.3018,plane,2008,,,,,,,,,
1779371123.3996,plane,2009,,,,,,,,,
1779371123.4933,plane,2010,,,,,,,,,
1779371123.6053,plane,2011,,,,,,,,,
1779371123.7016,plane,2012,,,,,,,,,
1779371123.7976,plane,2013,,,,,,,,,
1779371123.8931,plane,2014,,,,,,,,,
1779371124.0052,plane,2015,,,,,,,,,
1779371124.1012,plane,2016,,,,,,,,,
1779371124.1975,plane,2017,,,,,,,,,
1779371124.2937,plane,2018,,,,,,,,,
1779371124.4054,plane,2019,,,,,,,,,
1779371124.5011,plane,2020,,,,,,,,,
1779371124.5975,plane,2021,,,,,,,,,
1779371124.6935,plane,2022,,,,,,,,,
1779371124.8050,plane,2023,,,,,,,,,
1779371124.9013,plane,2024,,,,,,,,,
1779371124.9970,plane,2025,,,,,,,,,
1779371125.0932,plane,2026,,,,,,,,,
1779371125.2057,plane,2027,,,,,,,,,
1779371125.3009,plane,2028,,,,,,,,,
1779371125.3975,plane,2029,,,,,,,,,
1779371125.4935,plane,2030,,,,,,,,,
1779371125.6052,plane,2031,,,,,,,,,
1779371125.7014,plane,2032,,,,,,,,,
1779371125.7978,plane,2033,,,,,,,,,
1779371125.8941,plane,2034,,,,,,,,,
1779371126.0053,plane,2035,,,,,,,,,
1779371126.1014,plane,2036,,,,,,,,,
1779371126.1975,plane,2037,,,,,,,,,
1779371126.2935,plane,2038,,,,,,,,,
1779371126.4055,plane,2039,,,,,,,,,
1779371126.5014,plane,2040,,,,,,,,,
1779371126.5972,plane,2041,,,,,,,,,
1779371126.6939,plane,2042,,,,,,,,,
1779371126.8061,plane,2043,,,,,,,,,
1779371126.9013,plane,2044,,,,,,,,,
1779371126.9981,plane,2045,,,,,,,,,
1779371127.0939,plane,2046,,,,,,,,,
1779371127.2054,plane,2047,,,,,,,,,
1779371127.3019,plane,2048,,,,,,,,,
1779371127.3975,plane,2049,,,,,,,,,
1779371127.4939,plane,2050,,,,,,,,,
1779371127.6054,plane,2051,,,,,,,,,
1779371127.7012,plane,2052,,,,,,,,,
1779371127.7971,plane,2053,,,,,,,,,
1779371127.8942,plane,2054,,,,,,,,,
1779371128.0054,plane,2055,,,,,,,,,
1779371128.1013,plane,2056,,,,,,,,,
1779371128.1972,plane,2057,,,,,,,,,
1779371128.2932,plane,2058,,,,,,,,,
1779371128.4052,plane,2059,,,,,,,,,
1779371128.5012,plane,2060,,,,,,,,,
1779371128.5975,plane,2061,,,,,,,,,
1779371128.6934,plane,2062,,,,,,,,,
1779371128.8053,plane,2063,,,,,,,,,
1779371128.9015,plane,2064,,,,,,,,,
1779371128.9978,plane,2065,,,,,,,,,
1779371129.0940,plane,2066,,,,,,,,,
1779371129.2061,plane,2067,,,,,,,,,
1779371129.3023,plane,2068,,,,,,,,,
1779371129.3977,plane,2069,,,,,,,,,
1779371129.4936,plane,2070,,,,,,,,,
1779371129.6057,plane,2071,,,,,,,,,
1779371129.7012,plane,2072,,,,,,,,,
1779371129.7974,plane,2073,,,,,,,,,
1779371129.8933,plane,2074,,,,,,,,,
1779371130.0057,plane,2075,,,,,,,,,
1779371130.1012,plane,2076,,,,,,,,,
1779371130.1979,plane,2077,,,,,,,,,
1779371130.2932,plane,2078,,,,,,,,,
1779371130.4068,plane,2079,,,,,,,,,
1779371130.5017,plane,2080,,,,,,,,,
1779371130.5976,plane,2081,,,,,,,,,
1779371130.6933,plane,2082,,,,,,,,,
1779371130.8053,plane,2083,,,,,,,,,
1779371130.9016,plane,2084,,,,,,,,,
1779371130.9970,plane,2085,,,,,,,,,
1779371131.0933,plane,2086,,,,,,,,,
1779371131.2057,plane,2087,,,,,,,,,
1779371131.3015,plane,2088,,,,,,,,,
1779371131.3979,plane,2089,,,,,,,,,
1779371131.4934,plane,2090,,,,,,,,,
1779371131.6054,plane,2091,,,,,,,,,
1779371131.7013,plane,2092,,,,,,,,,
1779371131.7973,plane,2093,,,,,,,,,
1779371131.8938,plane,2094,,,,,,,,,
1779371132.0051,plane,2095,,,,,,,,,
1779371132.1011,plane,2096,,,,,,,,,
1779371132.1972,plane,2097,,,,,,,,,
1779371132.2935,plane,2098,,,,,,,,,
1779371132.4055,plane,2099,,,,,,,,,
1779371132.5013,plane,2100,,,,,,,,,
1779371132.5971,plane,2101,,,,,,,,,
1779371132.6934,plane,2102,,,,,,,,,
1779371132.8055,plane,2103,,,,,,,,,
1779371132.9016,plane,2104,,,,,,,,,
1779371132.9974,plane,2105,,,,,,,,,
1779371133.0936,plane,2106,,,,,,,,,
1779371133.2055,plane,2107,,,,,,,,,
1779371133.3012,plane,2108,,,,,,,,,
1779371133.3976,plane,2109,,,,,,,,,
1779371133.4932,plane,2110,,,,,,,,,
1779371133.6054,plane,2111,,,,,,,,,
1779371133.7019,plane,2112,,,,,,,,,
1779371133.7982,plane,2113,,,,,,,,,
1779371133.8939,plane,2114,,,,,,,,,
1779371134.0056,plane,2115,,,,,,,,,
1779371134.1020,plane,2116,,,,,,,,,
1779371134.1971,plane,2117,,,,,,,,,
1779371134.2942,plane,2118,,,,,,,,,
1779371134.4052,plane,2119,,,,,,,,,
1779371134.5013,plane,2120,,,,,,,,,
1779371134.5978,plane,2121,,,,,,,,,
1779371134.6937,plane,2122,,,,,,,,,
1779371134.8052,plane,2123,,,,,,,,,
1779371134.9015,plane,2124,,,,,,,,,
1779371134.9979,plane,2125,,,,,,,,,
1779371135.0932,plane,2126,,,,,,,,,
1779371135.2049,plane,2127,,,,,,,,,
1779371135.3012,plane,2128,,,,,,,,,
1779371135.3976,plane,2129,,,,,,,,,
1779371135.4935,plane,2130,,,,,,,,,
1779371135.6052,plane,2131,,,,,,,,,
1779371135.7018,plane,2132,,,,,,,,,
1779371135.7974,plane,2133,,,,,,,,,
1779371135.8933,plane,2134,,,,,,,,,
1779371136.0054,plane,2135,,,,,,,,,
1779371136.1015,plane,2136,,,,,,,,,
1779371136.1975,plane,2137,,,,,,,,,
1779371136.2932,plane,2138,,,,,,,,,
1779371136.4055,plane,2139,,,,,,,,,
1779371136.5012,plane,2140,,,,,,,,,
1779371136.5976,plane,2141,,,,,,,,,
1779371136.6934,plane,2142,,,,,,,,,
1779371136.8050,plane,2143,,,,,,,,,
1779371136.9016,plane,2144,,,,,,,,,
1779371136.9977,plane,2145,,,,,,,,,
1779371137.0932,plane,2146,,,,,,,,,
1779371137.2064,plane,2147,,,,,,,,,
1779371137.3014,plane,2148,,,,,,,,,
1779371137.3972,plane,2149,,,,,,,,,
1779371137.4933,plane,2150,,,,,,,,,
1779371137.6058,plane,2151,,,,,,,,,
1779371137.7015,plane,2152,,,,,,,,,
1779371137.7974,plane,2153,,,,,,,,,
1779371137.8938,plane,2154,,,,,,,,,
1779371138.0050,plane,2155,,,,,,,,,
1779371138.1019,plane,2156,,,,,,,,,
1779371138.1975,plane,2157,,,,,,,,,
1779371138.2935,plane,2158,,,,,,,,,
1779371138.4054,plane,2159,,,,,,,,,
1779371138.5018,plane,2160,,,,,,,,,
1779371138.5975,plane,2161,,,,,,,,,
1779371138.6934,plane,2162,,,,,,,,,
1779371138.8052,plane,2163,,,,,,,,,
1779371138.9014,plane,2164,,,,,,,,,
1779371138.9974,plane,2165,,,,,,,,,
1779371139.0933,plane,2166,,,,,,,,,
1779371139.2052,plane,2167,,,,,,,,,
1779371139.3017,plane,2168,,,,,,,,,
1779371139.3975,plane,2169,,,,,,,,,
1779371139.4931,plane,2170,,,,,,,,,
1779371139.6051,plane,2171,,,,,,,,,
1779371139.7013,plane,2172,,,,,,,,,
1779371139.7971,plane,2173,,,,,,,,,
1779371139.8935,plane,2174,,,,,,,,,
1779371140.0055,plane,2175,,,,,,,,,
1779371140.1013,plane,2176,,,,,,,,,
1779371140.1972,plane,2177,,,,,,,,,
1779371140.2932,plane,2178,,,,,,,,,
1779371140.4057,plane,2179,,,,,,,,,
1779371140.5016,plane,2180,,,,,,,,,
1779371140.5973,plane,2181,,,,,,,,,
1779371140.6934,plane,2182,,,,,,,,,
1779371140.8053,plane,2183,,,,,,,,,
1779371140.9020,plane,2184,,,,,,,,,
1779371140.9974,plane,2185,,,,,,,,,
1779371141.0933,plane,2186,,,,,,,,,
1779371141.2057,plane,2187,,,,,,,,,
1779371141.3018,plane,2188,,,,,,,,,
1779371141.3977,plane,2189,,,,,,,,,
1779371141.4933,plane,2190,,,,,,,,,
1779371141.6057,plane,2191,,,,,,,,,
1779371141.7015,plane,2192,,,,,,,,,
1779371141.7974,plane,2193,,,,,,,,,
1779371141.8935,plane,2194,,,,,,,,,
1779371142.0053,plane,2195,,,,,,,,,
1779371142.1013,plane,2196,,,,,,,,,
1779371142.1976,plane,2197,,,,,,,,,
1779371142.2934,plane,2198,,,,,,,,,
1779371142.4056,plane,2199,,,,,,,,,
1779371142.5010,plane,2200,,,,,,,,,
1779371142.5975,plane,2201,,,,,,,,,
1779371142.6943,plane,2202,,,,,,,,,
1779371142.8052,plane,2203,,,,,,,,,
1779371142.9014,plane,2204,,,,,,,,,
1779371142.9974,plane,2205,,,,,,,,,
1779371143.0937,plane,2206,,,,,,,,,
1779371143.2053,plane,2207,,,,,,,,,
1779371143.3016,plane,2208,,,,,,,,,
1779371143.3975,plane,2209,,,,,,,,,
1779371143.4937,plane,2210,,,,,,,,,
1779371143.6052,plane,2211,,,,,,,,,
1779371143.7013,plane,2212,,,,,,,,,
1779371143.7973,plane,2213,,,,,,,,,
1779371143.8944,plane,2214,,,,,,,,,
1779371144.0053,plane,2215,,,,,,,,,
1779371144.1016,plane,2216,,,,,,,,,
1779371144.1976,plane,2217,,,,,,,,,
1779371144.2934,plane,2218,,,,,,,,,
1779371144.4056,plane,2219,,,,,,,,,
1779371144.5013,plane,2220,,,,,,,,,
1779371144.5972,plane,2221,,,,,,,,,
1779371144.6933,plane,2222,,,,,,,,,
1779371144.8054,plane,2223,,,,,,,,,
1779371144.9012,plane,2224,,,,,,,,,
1779371144.9973,plane,2225,,,,,,,,,
1779371145.0933,plane,2226,,,,,,,,,
1779371145.2057,plane,2227,,,,,,,,,
1779371145.3014,plane,2228,,,,,,,,,
1779371145.3974,plane,2229,,,,,,,,,
1779371145.4935,plane,2230,,,,,,,,,
1779371145.6051,plane,2231,,,,,,,,,
1779371145.7012,plane,2232,,,,,,,,,
1779371145.7972,plane,2233,,,,,,,,,
1779371145.8936,plane,2234,,,,,,,,,
1779371146.0054,plane,2235,,,,,,,,,
1779371146.1013,plane,2236,,,,,,,,,
1779371146.1973,plane,2237,,,,,,,,,
1779371146.2937,plane,2238,,,,,,,,,
1779371146.4051,plane,2239,,,,,,,,,
1779371146.5012,plane,2240,,,,,,,,,
1779371146.5972,plane,2241,,,,,,,,,
1779371146.6934,plane,2242,,,,,,,,,
1779371146.8055,plane,2243,,,,,,,,,
1779371146.9019,plane,2244,,,,,,,,,
1779371146.9976,plane,2245,,,,,,,,,
1779371147.0935,plane,2246,,,,,,,,,
1779371147.2050,plane,2247,,,,,,,,,
1779371147.3017,plane,2248,,,,,,,,,
1779371147.3974,plane,2249,,,,,,,,,
1779371147.4937,plane,2250,,,,,,,,,
1779371147.6056,plane,2251,,,,,,,,,
1779371147.7016,plane,2252,,,,,,,,,
1779371147.7975,plane,2253,,,,,,,,,
1779371147.8933,plane,2254,,,,,,,,,
1779371148.0058,plane,2255,,,,,,,,,
1779371148.1019,plane,2256,,,,,,,,,
1779371148.1975,plane,2257,,,,,,,,,
1779371148.2935,plane,2258,,,,,,,,,
1779371148.4055,plane,2259,,,,,,,,,
1779371148.5012,plane,2260,,,,,,,,,
1779371148.5978,plane,2261,,,,,,,,,
1779371148.6934,plane,2262,,,,,,,,,
1779371148.8054,plane,2263,,,,,,,,,
1779371148.9015,plane,2264,,,,,,,,,
1779371148.9980,plane,2265,,,,,,,,,
1779371149.0931,plane,2266,,,,,,,,,
1779371149.2049,plane,2267,,,,,,,,,
1779371149.3010,plane,2268,,,,,,,,,
1779371149.3974,plane,2269,,,,,,,,,
1779371149.4931,plane,2270,,,,,,,,,
1779371149.6054,plane,2271,,,,,,,,,
1779371149.7013,plane,2272,,,,,,,,,
1779371149.7990,plane,2273,,,,,,,,,
1779371149.8936,plane,2274,,,,,,,,,
1779371150.0054,plane,2275,,,,,,,,,
1779371150.1014,plane,2276,,,,,,,,,
1779371150.1972,plane,2277,,,,,,,,,
1779371150.2932,plane,2278,,,,,,,,,
1779371150.4051,plane,2279,,,,,,,,,
1779371150.5016,plane,2280,,,,,,,,,
1779371150.5977,plane,2281,,,,,,,,,
1779371150.6936,plane,2282,,,,,,,,,
1779371150.8051,plane,2283,,,,,,,,,
1779371150.9014,plane,2284,,,,,,,,,
1779371150.9976,plane,2285,,,,,,,,,
1779371151.0934,plane,2286,,,,,,,,,
1779371151.2053,plane,2287,,,,,,,,,
1779371151.3013,plane,2288,,,,,,,,,
1779371151.3974,plane,2289,,,,,,,,,
1779371151.4934,plane,2290,,,,,,,,,
1779371151.6054,plane,2291,,,,,,,,,
1779371151.7016,plane,2292,,,,,,,,,
1779371151.7975,plane,2293,,,,,,,,,
1779371151.8941,plane,2294,,,,,,,,,
1779371152.0059,plane,2295,,,,,,,,,
1779371152.1014,plane,2296,,,,,,,,,
1779371152.1976,plane,2297,,,,,,,,,
1779371152.2932,plane,2298,,,,,,,,,
1779371152.4057,plane,2299,,,,,,,,,
1779371152.5016,plane,2300,,,,,,,,,
1779371152.5977,plane,2301,,,,,,,,,
1779371152.6934,plane,2302,,,,,,,,,
1779371152.8053,plane,2303,,,,,,,,,
1779371152.9018,plane,2304,,,,,,,,,
1779371152.9981,plane,2305,,,,,,,,,
1779371153.0936,plane,2306,,,,,,,,,
1779371153.2052,plane,2307,,,,,,,,,
1779371153.3014,plane,2308,,,,,,,,,
1779371153.3974,plane,2309,,,,,,,,,
1779371153.4930,plane,2310,,,,,,,,,
1779371153.6054,plane,2311,,,,,,,,,
1779371153.7011,plane,2312,,,,,,,,,
1779371153.7970,plane,2313,,,,,,,,,
1779371153.8932,plane,2314,,,,,,,,,
1779371154.0052,plane,2315,,,,,,,,,
1779371154.1014,plane,2316,,,,,,,,,
1779371154.1982,plane,2317,,,,,,,,,
1779371154.2934,plane,2318,,,,,,,,,
1779371154.4052,plane,2319,,,,,,,,,
1779371154.5016,plane,2320,,,,,,,,,
1779371154.5972,plane,2321,,,,,,,,,
1779371154.6934,plane,2322,,,,,,,,,
1779371154.8061,plane,2323,,,,,,,,,
1779371154.9012,plane,2324,,,,,,,,,
1779371154.9972,plane,2325,,,,,,,,,
1779371155.0931,plane,2326,,,,,,,,,
1779371155.2052,plane,2327,,,,,,,,,
1779371155.3014,plane,2328,,,,,,,,,
1779371155.3974,plane,2329,,,,,,,,,
1779371155.4935,plane,2330,,,,,,,,,
1779371155.6051,plane,2331,,,,,,,,,
1779371155.7014,plane,2332,,,,,,,,,
1779371155.7974,plane,2333,,,,,,,,,
1779371155.8935,plane,2334,,,,,,,,,
1779371156.0054,plane,2335,,,,,,,,,
1779371156.1013,plane,2336,,,,,,,,,
1779371156.1971,plane,2337,,,,,,,,,
1779371156.2934,plane,2338,,,,,,,,,
1779371156.4052,plane,2339,,,,,,,,,
1779371156.5012,plane,2340,,,,,,,,,
1779371156.5975,plane,2341,,,,,,,,,
1779371156.6934,plane,2342,,,,,,,,,
1779371156.8051,plane,2343,,,,,,,,,
1779371156.9018,plane,2344,,,,,,,,,
1779371156.9978,plane,2345,,,,,,,,,
1779371157.0931,plane,2346,,,,,,,,,
1779371157.2051,plane,2347,,,,,,,,,
1779371157.3014,plane,2348,,,,,,,,,
1779371157.3971,plane,2349,,,,,,,,,
1779371157.4931,plane,2350,,,,,,,,,
1779371157.6054,plane,2351,,,,,,,,,
1779371157.7016,plane,2352,,,,,,,,,
1779371157.7974,plane,2353,,,,,,,,,
1779371157.8944,plane,2354,,,,,,,,,
1779371158.0064,plane,2355,,,,,,,,,
1779371158.1015,plane,2356,,,,,,,,,
1779371158.1976,plane,2357,,,,,,,,,
1779371158.2938,plane,2358,,,,,,,,,
1779371158.4054,plane,2359,,,,,,,,,
1779371158.5011,plane,2360,,,,,,,,,
1779371158.5974,plane,2361,,,,,,,,,
1779371158.6940,plane,2362,,,,,,,,,
1779371158.8060,plane,2363,,,,,,,,,
1779371158.9023,plane,2364,,,,,,,,,
1779371158.9976,plane,2365,,,,,,,,,
1779371159.0933,plane,2366,,,,,,,,,
1779371159.2056,plane,2367,,,,,,,,,
1779371159.3015,plane,2368,,,,,,,,,
1779371159.3977,plane,2369,,,,,,,,,
1779371159.4942,plane,2370,,,,,,,,,
1779371159.6054,plane,2371,,,,,,,,,
1779371159.7014,plane,2372,,,,,,,,,
1779371159.7974,plane,2373,,,,,,,,,
1779371159.8934,plane,2374,,,,,,,,,
1779371160.0051,plane,2375,,,,,,,,,
1779371160.1013,plane,2376,,,,,,,,,
1779371160.1976,plane,2377,,,,,,,,,
1779371160.2934,plane,2378,,,,,,,,,
1779371160.4054,plane,2379,,,,,,,,,
1779371160.5013,plane,2380,,,,,,,,,
1779371160.5976,plane,2381,,,,,,,,,
1779371160.6933,plane,2382,,,,,,,,,
1779371160.8059,plane,2383,,,,,,,,,
1779371160.9018,plane,2384,,,,,,,,,
1779371160.9972,plane,2385,,,,,,,,,
1779371161.0932,plane,2386,,,,,,,,,
1779371161.2054,plane,2387,,,,,,,,,
1779371161.3011,plane,2388,,,,,,,,,
1779371161.3974,plane,2389,,,,,,,,,
1779371161.4933,plane,2390,,,,,,,,,
1779371161.6055,plane,2391,,,,,,,,,
1779371161.7014,plane,2392,,,,,,,,,
1779371161.7977,plane,2393,,,,,,,,,
1779371161.8938,plane,2394,,,,,,,,,
1779371162.0054,plane,2395,,,,,,,,,
1779371162.1014,plane,2396,,,,,,,,,
1779371162.1972,plane,2397,,,,,,,,,
1779371162.2937,plane,2398,,,,,,,,,
1779371162.4060,plane,2399,,,,,,,,,
1779371162.5013,plane,2400,,,,,,,,,
1779371162.5974,plane,2401,,,,,,,,,
1779371162.6931,plane,2402,,,,,,,,,
1779371162.8054,plane,2403,,,,,,,,,
1779371162.9017,plane,2404,,,,,,,,,
1779371162.9975,plane,2405,,,,,,,,,
1779371163.0933,plane,2406,,,,,,,,,
1779371163.2052,plane,2407,,,,,,,,,
1779371163.3015,plane,2408,,,,,,,,,
1779371163.3972,plane,2409,,,,,,,,,
1779371163.4934,plane,2410,,,,,,,,,
1779371163.6054,plane,2411,,,,,,,,,
1779371163.7016,plane,2412,,,,,,,,,
1779371163.7975,plane,2413,,,,,,,,,
1779371163.8934,plane,2414,,,,,,,,,
1779371164.0052,plane,2415,,,,,,,,,
1779371164.1018,plane,2416,,,,,,,,,
1779371164.1972,plane,2417,,,,,,,,,
1779371164.2935,plane,2418,,,,,,,,,
1779371164.4052,plane,2419,,,,,,,,,
1779371164.5011,plane,2420,,,,,,,,,
1779371164.5972,plane,2421,,,,,,,,,
1779371164.6934,plane,2422,,,,,,,,,
1779371164.8056,plane,2423,,,,,,,,,
1779371164.9014,plane,2424,,,,,,,,,
1779371164.9975,plane,2425,,,,,,,,,
1779371165.0939,plane,2426,,,,,,,,,
1779371165.2051,plane,2427,,,,,,,,,
1779371165.3013,plane,2428,,,,,,,,,
1779371165.3978,plane,2429,,,,,,,,,
1779371165.4935,plane,2430,,,,,,,,,
1779371165.6054,plane,2431,,,,,,,,,
1779371165.7012,plane,2432,,,,,,,,,
1779371165.7977,plane,2433,,,,,,,,,
1779371165.8935,plane,2434,,,,,,,,,
1779371166.0052,plane,2435,,,,,,,,,
1779371166.1014,plane,2436,,,,,,,,,
1779371166.1976,plane,2437,,,,,,,,,
1779371166.2931,plane,2438,,,,,,,,,
1779371166.4051,plane,2439,,,,,,,,,
1779371166.5016,plane,2440,,,,,,,,,
1779371166.5971,plane,2441,,,,,,,,,
1779371166.6933,plane,2442,,,,,,,,,
1779371166.8055,plane,2443,,,,,,,,,
1779371166.9019,plane,2444,,,,,,,,,
1779371166.9974,plane,2445,,,,,,,,,
1779371167.0939,plane,2446,,,,,,,,,
1779371167.2053,plane,2447,,,,,,,,,
1779371167.3013,plane,2448,,,,,,,,,
1779371167.3971,plane,2449,,,,,,,,,
1779371167.4933,plane,2450,,,,,,,,,
1779371167.6050,plane,2451,,,,,,,,,
1779371167.7013,plane,2452,,,,,,,,,
1779371167.7974,plane,2453,,,,,,,,,
1779371167.8941,plane,2454,,,,,,,,,
1779371168.0051,plane,2455,,,,,,,,,
1779371168.1014,plane,2456,,,,,,,,,
1779371168.1975,plane,2457,,,,,,,,,
1779371168.2933,plane,2458,,,,,,,,,
1779371168.4053,plane,2459,,,,,,,,,
1779371168.5012,plane,2460,,,,,,,,,
1779371168.5977,plane,2461,,,,,,,,,
1779371168.6932,plane,2462,,,,,,,,,
1779371168.8051,plane,2463,,,,,,,,,
1779371168.9014,plane,2464,,,,,,,,,
1779371168.9976,plane,2465,,,,,,,,,
1779371169.0937,plane,2466,,,,,,,,,
1779371169.2052,plane,2467,,,,,,,,,
1779371169.3013,plane,2468,,,,,,,,,
1779371169.3977,plane,2469,,,,,,,,,
1779371169.4934,plane,2470,,,,,,,,,
1779371169.6060,plane,2471,,,,,,,,,
1779371169.7017,plane,2472,,,,,,,,,
1779371169.7974,plane,2473,,,,,,,,,
1779371169.8934,plane,2474,,,,,,,,,
1779371170.0058,plane,2475,,,,,,,,,
1779371170.1015,plane,2476,,,,,,,,,
1779371170.1976,plane,2477,,,,,,,,,
1779371170.2935,plane,2478,,,,,,,,,
1779371170.4053,plane,2479,,,,,,,,,
1779371170.5016,plane,2480,,,,,,,,,
1779371170.5976,plane,2481,,,,,,,,,
1779371170.6935,plane,2482,,,,,,,,,
1779371170.8051,plane,2483,,,,,,,,,
1779371170.9012,plane,2484,,,,,,,,,
1779371170.9973,plane,2485,,,,,,,,,
1779371171.0934,plane,2486,,,,,,,,,
1779371171.2063,plane,2487,,,,,,,,,
1779371171.3015,plane,2488,,,,,,,,,
1779371171.3974,plane,2489,,,,,,,,,
1779371171.4935,plane,2490,,,,,,,,,
1779371171.6050,plane,2491,,,,,,,,,
1779371171.7012,plane,2492,,,,,,,,,
1779371171.7973,plane,2493,,,,,,,,,
1779371171.8934,plane,2494,,,,,,,,,
1779371172.0054,plane,2495,,,,,,,,,
1779371172.1013,plane,2496,,,,,,,,,
1779371172.1972,plane,2497,,,,,,,,,
1779371172.2931,plane,2498,,,,,,,,,
1779371172.4051,plane,2499,,,,,,,,,
1779371172.5016,plane,2500,,,,,,,,,
1779371172.5975,plane,2501,,,,,,,,,
1779371172.6936,plane,2502,,,,,,,,,
1779371172.8055,plane,2503,,,,,,,,,
1779371172.9015,plane,2504,,,,,,,,,
1779371172.9979,plane,2505,,,,,,,,,
1779371173.0942,plane,2506,,,,,,,,,
1779371173.2057,plane,2507,,,,,,,,,
1779371173.3011,plane,2508,,,,,,,,,
1779371173.3976,plane,2509,,,,,,,,,
1779371173.4934,plane,2510,,,,,,,,,
1779371173.6056,plane,2511,,,,,,,,,
1779371173.7018,plane,2512,,,,,,,,,
1779371173.7977,plane,2513,,,,,,,,,
1779371173.8938,plane,2514,,,,,,,,,
1779371174.0053,plane,2515,,,,,,,,,
1779371174.1016,plane,2516,,,,,,,,,
1779371174.1974,plane,2517,,,,,,,,,
1779371174.2938,plane,2518,,,,,,,,,
1779371174.4059,plane,2519,,,,,,,,,
1779371174.5013,plane,2520,,,,,,,,,
1779371174.5977,plane,2521,,,,,,,,,
1779371174.6936,plane,2522,,,,,,,,,
1779371174.8054,plane,2523,,,,,,,,,
1779371174.9014,plane,2524,,,,,,,,,
1779371174.9976,plane,2525,,,,,,,,,
1779371175.0935,plane,2526,,,,,,,,,
1779371175.2051,plane,2527,,,,,,,,,
1779371175.3015,plane,2528,,,,,,,,,
1779371175.3972,plane,2529,,,,,,,,,
1779371175.4953,plane,2530,,,,,,,,,
1779371175.6054,plane,2531,,,,,,,,,
1779371175.7011,plane,2532,,,,,,,,,
1779371175.7974,plane,2533,,,,,,,,,
1779371175.8931,plane,2534,,,,,,,,,
1779371176.0051,plane,2535,,,,,,,,,
1779371176.1010,plane,2536,,,,,,,,,
1779371176.1973,plane,2537,,,,,,,,,
1779371176.2933,plane,2538,,,,,,,,,
1779371176.4058,plane,2539,,,,,,,,,
1779371176.5011,plane,2540,,,,,,,,,
1779371176.5974,plane,2541,,,,,,,,,
1779371176.6940,plane,2542,,,,,,,,,
1779371176.8053,plane,2543,,,,,,,,,
1779371176.9013,plane,2544,,,,,,,,,
1779371176.9977,plane,2545,,,,,,,,,
1779371177.0937,plane,2546,,,,,,,,,
1779371177.2052,plane,2547,,,,,,,,,
1779371177.3018,plane,2548,,,,,,,,,
1779371177.3974,plane,2549,,,,,,,,,
1779371177.4935,plane,2550,,,,,,,,,
1779371177.6056,plane,2551,,,,,,,,,
1779371177.7013,plane,2552,,,,,,,,,
1779371177.7982,plane,2553,,,,,,,,,
1779371177.8939,plane,2554,,,,,,,,,
1779371178.0053,plane,2555,,,,,,,,,
1779371178.1019,plane,2556,,,,,,,,,
1779371178.1978,plane,2557,,,,,,,,,
1779371178.2937,plane,2558,,,,,,,,,
1779371178.4052,plane,2559,,,,,,,,,
1779371178.5018,plane,2560,,,,,,,,,
1779371178.5973,plane,2561,,,,,,,,,
1779371178.6935,plane,2562,,,,,,,,,
1779371178.8053,plane,2563,,,,,,,,,
1779371178.9018,plane,2564,,,,,,,,,
1779371178.9977,plane,2565,,,,,,,,,
1779371179.0937,plane,2566,,,,,,,,,
1779371179.2053,plane,2567,,,,,,,,,
1779371179.3012,plane,2568,,,,,,,,,
1779371179.3973,plane,2569,,,,,,,,,
1779371179.4934,plane,2570,,,,,,,,,
1779371179.6052,plane,2571,,,,,,,,,
1779371179.7014,plane,2572,,,,,,,,,
1779371179.7973,plane,2573,,,,,,,,,
1779371179.8936,plane,2574,,,,,,,,,
1779371180.0050,plane,2575,,,,,,,,,
1779371180.1011,plane,2576,,,,,,,,,
1779371180.1971,plane,2577,,,,,,,,,
1779371180.2931,plane,2578,,,,,,,,,
1779371180.4060,plane,2579,,,,,,,,,
1779371180.5016,plane,2580,,,,,,,,,
1779371180.5972,plane,2581,,,,,,,,,
1779371180.6938,plane,2582,,,,,,,,,
1779371180.8064,plane,2583,,,,,,,,,
1779371180.9019,plane,2584,,,,,,,,,
1779371180.9979,plane,2585,,,,,,,,,
1779371181.0942,plane,2586,,,,,,,,,
1779371181.2052,plane,2587,,,,,,,,,
1779371181.3015,plane,2588,,,,,,,,,
1779371181.3976,plane,2589,,,,,,,,,
1779371181.4934,plane,2590,,,,,,,,,
1779371181.6054,plane,2591,,,,,,,,,
1779371181.7020,plane,2592,,,,,,,,,
1779371181.7972,plane,2593,,,,,,,,,
1779371181.8932,plane,2594,,,,,,,,,
1779371182.0060,plane,2595,,,,,,,,,
1779371182.1016,plane,2596,,,,,,,,,
1779371182.1976,plane,2597,,,,,,,,,
1779371182.2937,plane,2598,,,,,,,,,
1779371182.4051,plane,2599,,,,,,,,,
1779371182.5016,plane,2600,,,,,,,,,
1779371182.5974,plane,2601,,,,,,,,,
1779371182.6933,plane,2602,,,,,,,,,
1779371182.8058,plane,2603,,,,,,,,,
1779371182.9028,plane,2604,,,,,,,,,
1779371182.9982,plane,2605,,,,,,,,,
1779371183.0938,plane,2606,,,,,,,,,
1779371183.2051,plane,2607,,,,,,,,,
1779371183.3018,plane,2608,,,,,,,,,
1779371183.3972,plane,2609,,,,,,,,,
1779371183.4935,plane,2610,,,,,,,,,
1779371183.6053,plane,2611,,,,,,,,,
1779371183.7011,plane,2612,,,,,,,,,
1779371183.7974,plane,2613,,,,,,,,,
1779371183.8934,plane,2614,,,,,,,,,
1779371184.0053,plane,2615,,,,,,,,,
1779371184.1016,plane,2616,,,,,,,,,
1779371184.1979,plane,2617,,,,,,,,,
1779371184.2938,plane,2618,,,,,,,,,
1779371184.4052,plane,2619,,,,,,,,,
1779371184.5015,plane,2620,,,,,,,,,
1779371184.5976,plane,2621,,,,,,,,,
1779371184.6933,plane,2622,,,,,,,,,
1779371184.8055,plane,2623,,,,,,,,,
1779371184.9014,plane,2624,,,,,,,,,
1779371184.9975,plane,2625,,,,,,,,,
1779371185.0936,plane,2626,,,,,,,,,
1779371185.2055,plane,2627,,,,,,,,,
1779371185.3015,plane,2628,,,,,,,,,
1779371185.3972,plane,2629,,,,,,,,,
1779371185.4947,plane,2630,,,,,,,,,
1779371185.6056,plane,2631,,,,,,,,,
1779371185.7013,plane,2632,,,,,,,,,
1779371185.7976,plane,2633,,,,,,,,,
1779371185.8934,plane,2634,,,,,,,,,
1779371186.0054,plane,2635,,,,,,,,,
1779371186.1016,plane,2636,,,,,,,,,
1779371186.1974,plane,2637,,,,,,,,,
1779371186.2933,plane,2638,,,,,,,,,
1779371186.4055,plane,2639,,,,,,,,,
1779371186.5013,plane,2640,,,,,,,,,
1779371186.5972,plane,2641,,,,,,,,,
1779371186.6935,plane,2642,,,,,,,,,
1779371186.8052,plane,2643,,,,,,,,,
1779371186.9015,plane,2644,,,,,,,,,
1779371186.9973,plane,2645,,,,,,,,,
1779371187.0938,plane,2646,,,,,,,,,
1779371187.2052,plane,2647,,,,,,,,,
1779371187.3014,plane,2648,,,,,,,,,
1779371187.3972,plane,2649,,,,,,,,,
1779371187.4933,plane,2650,,,,,,,,,
1779371187.6055,plane,2651,,,,,,,,,
1779371187.7017,plane,2652,,,,,,,,,
1779371187.7978,plane,2653,,,,,,,,,
1779371187.8935,plane,2654,,,,,,,,,
1779371188.0051,plane,2655,,,,,,,,,
1779371188.1014,plane,2656,,,,,,,,,
1779371188.1974,plane,2657,,,,,,,,,
1779371188.2934,plane,2658,,,,,,,,,
1779371188.4053,plane,2659,,,,,,,,,
1779371188.5011,plane,2660,,,,,,,,,
1779371188.5973,plane,2661,,,,,,,,,
1779371188.6932,plane,2662,,,,,,,,,
1779371188.8057,plane,2663,,,,,,,,,
1779371188.9013,plane,2664,,,,,,,,,
1779371188.9975,plane,2665,,,,,,,,,
1779371189.0931,plane,2666,,,,,,,,,
1779371189.2052,plane,2667,,,,,,,,,
1779371189.3017,plane,2668,,,,,,,,,
1779371189.3973,plane,2669,,,,,,,,,
1779371189.4937,plane,2670,,,,,,,,,
1779371189.6052,plane,2671,,,,,,,,,
1779371189.7016,plane,2672,,,,,,,,,
1779371189.7976,plane,2673,,,,,,,,,
1779371189.8933,plane,2674,,,,,,,,,
1779371190.0053,plane,2675,,,,,,,,,
1779371190.1011,plane,2676,,,,,,,,,
1779371190.1971,plane,2677,,,,,,,,,
1779371190.2936,plane,2678,,,,,,,,,
1779371190.4057,plane,2679,,,,,,,,,
1779371190.5018,plane,2680,,,,,,,,,
1779371190.5973,plane,2681,,,,,,,,,
1779371190.6933,plane,2682,,,,,,,,,
1779371190.8050,plane,2683,,,,,,,,,
1779371190.9011,plane,2684,,,,,,,,,
1779371190.9971,plane,2685,,,,,,,,,
1779371191.0931,plane,2686,,,,,,,,,
1779371191.2054,plane,2687,,,,,,,,,
1779371191.3013,plane,2688,,,,,,,,,
1779371191.3974,plane,2689,,,,,,,,,
1779371191.4936,plane,2690,,,,,,,,,
1779371191.6062,plane,2691,,,,,,,,,
1779371191.7013,plane,2692,,,,,,,,,
1779371191.7984,plane,2693,,,,,,,,,
1779371191.8939,plane,2694,,,,,,,,,
1779371192.0050,plane,2695,,,,,,,,,
1779371192.1014,plane,2696,,,,,,,,,
1779371192.1982,plane,2697,,,,,,,,,
1779371192.2935,plane,2698,,,,,,,,,
1779371192.4060,plane,2699,,,,,,,,,
1779371192.5020,plane,2700,,,,,,,,,
1779371192.5978,plane,2701,,,,,,,,,
1779371192.6936,plane,2702,,,,,,,,,
1779371192.8068,plane,2703,,,,,,,,,
1779371192.9030,plane,2704,,,,,,,,,
1779371192.9978,plane,2705,,,,,,,,,
1779371193.0936,plane,2706,,,,,,,,,
1779371193.2052,plane,2707,,,,,,,,,
1779371193.3012,plane,2708,,,,,,,,,
1779371193.3979,plane,2709,,,,,,,,,
1779371193.4936,plane,2710,,,,,,,,,
1779371193.6058,plane,2711,,,,,,,,,
1779371193.7016,plane,2712,,,,,,,,,
1779371193.7975,plane,2713,,,,,,,,,
1779371193.8937,plane,2714,,,,,,,,,
1779371194.0052,plane,2715,,,,,,,,,
1779371194.1015,plane,2716,,,,,,,,,
1779371194.1975,plane,2717,,,,,,,,,
1779371194.2937,plane,2718,,,,,,,,,
1779371194.4053,plane,2719,,,,,,,,,
1779371194.5016,plane,2720,,,,,,,,,
1779371194.5975,plane,2721,,,,,,,,,
1779371194.6934,plane,2722,,,,,,,,,
1779371194.8055,plane,2723,,,,,,,,,
1779371194.9015,plane,2724,,,,,,,,,
1779371194.9973,plane,2725,,,,,,,,,
1779371195.0932,plane,2726,,,,,,,,,
1779371195.2052,plane,2727,,,,,,,,,
1779371195.3018,plane,2728,,,,,,,,,
1779371195.3974,plane,2729,,,,,,,,,
1779371195.4937,plane,2730,,,,,,,,,
1779371195.6052,plane,2731,,,,,,,,,
1779371195.7013,plane,2732,,,,,,,,,
1779371195.7977,plane,2733,,,,,,,,,
1779371195.8936,plane,2734,,,,,,,,,
1779371196.0056,plane,2735,,,,,,,,,
1779371196.1013,plane,2736,,,,,,,,,
1779371196.1973,plane,2737,,,,,,,,,
1779371196.2933,plane,2738,,,,,,,,,
1779371196.4052,plane,2739,,,,,,,,,
1779371196.5016,plane,2740,,,,,,,,,
1779371196.5976,plane,2741,,,,,,,,,
1779371196.6931,plane,2742,,,,,,,,,
1779371196.8056,plane,2743,,,,,,,,,
1779371196.9016,plane,2744,,,,,,,,,
1779371196.9973,plane,2745,,,,,,,,,
1779371197.0935,plane,2746,,,,,,,,,
1779371197.2061,plane,2747,,,,,,,,,
1779371197.3018,plane,2748,,,,,,,,,
1779371197.3975,plane,2749,,,,,,,,,
1779371197.4934,plane,2750,,,,,,,,,
1779371197.6050,plane,2751,,,,,,,,,
1779371197.7018,plane,2752,,,,,,,,,
1779371197.7979,plane,2753,,,,,,,,,
1779371197.8934,plane,2754,,,,,,,,,
1779371198.0054,plane,2755,,,,,,,,,
1779371198.1017,plane,2756,,,,,,,,,
1779371198.1975,plane,2757,,,,,,,,,
1779371198.2932,plane,2758,,,,,,,,,
1779371198.4057,plane,2759,,,,,,,,,
1779371198.5013,plane,2760,,,,,,,,,
1779371198.5975,plane,2761,,,,,,,,,
1779371198.6935,plane,2762,,,,,,,,,
1779371198.8052,plane,2763,,,,,,,,,
1779371198.9017,plane,2764,,,,,,,,,
1779371198.9980,plane,2765,,,,,,,,,
1779371199.0936,plane,2766,,,,,,,,,
1779371199.2052,plane,2767,,,,,,,,,
1779371199.3014,plane,2768,,,,,,,,,
1779371199.3972,plane,2769,,,,,,,,,
1779371199.4936,plane,2770,,,,,,,,,
1779371199.6058,plane,2771,,,,,,,,,
1779371199.7014,plane,2772,,,,,,,,,
1779371199.7975,plane,2773,,,,,,,,,
1779371199.8931,plane,2774,,,,,,,,,
1779371200.0051,plane,2775,,,,,,,,,
1779371200.1015,plane,2776,,,,,,,,,
1779371200.1977,plane,2777,,,,,,,,,
1779371200.2935,plane,2778,,,,,,,,,
1779371200.4055,plane,2779,,,,,,,,,
1779371200.5010,plane,2780,,,,,,,,,
1779371200.5974,plane,2781,,,,,,,,,
1779371200.6935,plane,2782,,,,,,,,,
1779371200.8051,plane,2783,,,,,,,,,
1779371200.9015,plane,2784,,,,,,,,,
1779371200.9977,plane,2785,,,,,,,,,
1779371201.0934,plane,2786,,,,,,,,,
1779371201.2051,plane,2787,,,,,,,,,
1779371201.3012,plane,2788,,,,,,,,,
1779371201.3971,plane,2789,,,,,,,,,
1779371201.4933,plane,2790,,,,,,,,,
1779371201.6057,plane,2791,,,,,,,,,
1779371201.7016,plane,2792,,,,,,,,,
1779371201.7973,plane,2793,,,,,,,,,
1779371201.8934,plane,2794,,,,,,,,,
1779371202.0055,plane,2795,,,,,,,,,
1779371202.1012,plane,2796,,,,,,,,,
1779371202.1973,plane,2797,,,,,,,,,
1779371202.2937,plane,2798,,,,,,,,,
1779371202.4051,plane,2799,,,,,,,,,
1779371202.5011,plane,2800,,,,,,,,,
1779371202.5971,plane,2801,,,,,,,,,
1779371202.6934,plane,2802,,,,,,,,,
1779371202.8055,plane,2803,,,,,,,,,
1779371202.9013,plane,2804,,,,,,,,,
1779371202.9972,plane,2805,,,,,,,,,
1779371203.0935,plane,2806,,,,,,,,,
1779371203.2055,plane,2807,,,,,,,,,
1779371203.3013,plane,2808,,,,,,,,,
1779371203.3976,plane,2809,,,,,,,,,
1779371203.4935,plane,2810,,,,,,,,,
1779371203.6052,plane,2811,,,,,,,,,
1779371203.7013,plane,2812,,,,,,,,,
1779371203.7973,plane,2813,,,,,,,,,
1779371203.8936,plane,2814,,,,,,,,,
1779371204.0057,plane,2815,,,,,,,,,
1779371204.1014,plane,2816,,,,,,,,,
1779371204.1975,plane,2817,,,,,,,,,
1779371204.2935,plane,2818,,,,,,,,,
1779371204.4056,plane,2819,,,,,,,,,
1779371204.5011,plane,2820,,,,,,,,,
1779371204.5976,plane,2821,,,,,,,,,
1779371204.6934,plane,2822,,,,,,,,,
1779371204.8055,plane,2823,,,,,,,,,
1779371204.9014,plane,2824,,,,,,,,,
1779371204.9975,plane,2825,,,,,,,,,
1779371205.0937,plane,2826,,,,,,,,,
1779371205.2054,plane,2827,,,,,,,,,
1779371205.3013,plane,2828,,,,,,,,,
1779371205.3972,plane,2829,,,,,,,,,
1779371205.4935,plane,2830,,,,,,,,,
1779371205.6060,plane,2831,,,,,,,,,
1779371205.7013,plane,2832,,,,,,,,,
1779371205.7975,plane,2833,,,,,,,,,
1779371205.8937,plane,2834,,,,,,,,,
1779371206.0056,plane,2835,,,,,,,,,
1779371206.1012,plane,2836,,,,,,,,,
1779371206.1973,plane,2837,,,,,,,,,
1779371206.2935,plane,2838,,,,,,,,,
1779371206.4055,plane,2839,,,,,,,,,
1779371206.5012,plane,2840,,,,,,,,,
1779371206.5979,plane,2841,,,,,,,,,
1779371206.6934,plane,2842,,,,,,,,,
1779371206.8053,plane,2843,,,,,,,,,
1779371206.9016,plane,2844,,,,,,,,,
1779371206.9976,plane,2845,,,,,,,,,
1779371207.0934,plane,2846,,,,,,,,,
1779371207.2053,plane,2847,,,,,,,,,
1779371207.3012,plane,2848,,,,,,,,,
1779371207.3977,plane,2849,,,,,,,,,
1779371207.4932,plane,2850,,,,,,,,,
1779371207.6054,plane,2851,,,,,,,,,
1779371207.7015,plane,2852,,,,,,,,,
1779371207.7972,plane,2853,,,,,,,,,
1779371207.8933,plane,2854,,,,,,,,,
1779371208.0054,plane,2855,,,,,,,,,
1779371208.1019,plane,2856,,,,,,,,,
1779371208.1974,plane,2857,,,,,,,,,
1779371208.2930,plane,2858,,,,,,,,,
1779371208.4053,plane,2859,,,,,,,,,
1779371208.5016,plane,2860,,,,,,,,,
1779371208.5976,plane,2861,,,,,,,,,
1779371208.6940,plane,2862,,,,,,,,,
1779371208.8056,plane,2863,,,,,,,,,
1779371208.9017,plane,2864,,,,,,,,,
1779371208.9978,plane,2865,,,,,,,,,
1779371209.0937,plane,2866,,,,,,,,,
1779371209.2057,plane,2867,,,,,,,,,
1779371209.3014,plane,2868,,,,,,,,,
1779371209.3976,plane,2869,,,,,,,,,
1779371209.4933,plane,2870,,,,,,,,,
1779371209.6057,plane,2871,,,,,,,,,
1779371209.7011,plane,2872,,,,,,,,,
1779371209.7977,plane,2873,,,,,,,,,
1779371209.8933,plane,2874,,,,,,,,,
1779371210.0055,plane,2875,,,,,,,,,
1779371210.1012,plane,2876,,,,,,,,,
1779371210.1972,plane,2877,,,,,,,,,
1779371210.2940,plane,2878,,,,,,,,,
1779371210.4057,plane,2879,,,,,,,,,
1779371210.5019,plane,2880,,,,,,,,,
1779371210.5979,plane,2881,,,,,,,,,
1779371210.6938,plane,2882,,,,,,,,,
1779371210.8059,plane,2883,,,,,,,,,
1779371210.9010,plane,2884,,,,,,,,,
1779371210.9977,plane,2885,,,,,,,,,
1779371211.0933,plane,2886,,,,,,,,,
1779371211.2054,plane,2887,,,,,,,,,
1779371211.3014,plane,2888,,,,,,,,,
1779371211.3976,plane,2889,,,,,,,,,
1779371211.4939,plane,2890,,,,,,,,,
1779371211.6055,plane,2891,,,,,,,,,
1779371211.7015,plane,2892,,,,,,,,,
1779371211.7972,plane,2893,,,,,,,,,
1779371211.8932,plane,2894,,,,,,,,,
1779371212.0058,plane,2895,,,,,,,,,
1779371212.1021,plane,2896,,,,,,,,,
1779371212.1975,plane,2897,,,,,,,,,
1779371212.2936,plane,2898,,,,,,,,,
1779371212.4056,plane,2899,,,,,,,,,
1779371212.5012,plane,2900,,,,,,,,,
1779371212.5979,plane,2901,,,,,,,,,
1779371212.6935,plane,2902,,,,,,,,,
1779371212.8052,plane,2903,,,,,,,,,
1779371212.9016,plane,2904,,,,,,,,,
1779371212.9976,plane,2905,,,,,,,,,
1779371213.0938,plane,2906,,,,,,,,,
1779371213.2061,plane,2907,,,,,,,,,
1779371213.3013,plane,2908,,,,,,,,,
1779371213.3974,plane,2909,,,,,,,,,
1779371213.4931,plane,2910,,,,,,,,,
1779371213.6054,plane,2911,,,,,,,,,
1779371213.7012,plane,2912,,,,,,,,,
1779371213.7972,plane,2913,,,,,,,,,
1779371213.8932,plane,2914,,,,,,,,,
1779371214.0052,plane,2915,,,,,,,,,
1779371214.1014,plane,2916,,,,,,,,,
1779371214.1974,plane,2917,,,,,,,,,
1779371214.2935,plane,2918,,,,,,,,,
1779371214.4055,plane,2919,,,,,,,,,
1779371214.5013,plane,2920,,,,,,,,,
1779371214.5976,plane,2921,,,,,,,,,
1779371214.6937,plane,2922,,,,,,,,,
1779371214.8057,plane,2923,,,,,,,,,
1779371214.9018,plane,2924,,,,,,,,,
1779371214.9975,plane,2925,,,,,,,,,
1779371215.0930,plane,2926,,,,,,,,,
1779371215.2052,plane,2927,,,,,,,,,
1779371215.3012,plane,2928,,,,,,,,,
1779371215.3973,plane,2929,,,,,,,,,
1779371215.4937,plane,2930,,,,,,,,,
1779371215.6060,plane,2931,,,,,,,,,
1779371215.7019,plane,2932,,,,,,,,,
1779371215.7981,plane,2933,,,,,,,,,
1779371215.8937,plane,2934,,,,,,,,,
1779371216.0052,plane,2935,,,,,,,,,
1779371216.1019,plane,2936,,,,,,,,,
1779371216.1975,plane,2937,,,,,,,,,
1779371216.2931,plane,2938,,,,,,,,,
1779371216.4052,plane,2939,,,,,,,,,
1779371216.5014,plane,2940,,,,,,,,,
1779371216.5975,plane,2941,,,,,,,,,
1779371216.6938,plane,2942,,,,,,,,,
1779371216.8061,plane,2943,,,,,,,,,
1779371216.9017,plane,2944,,,,,,,,,
1779371216.9975,plane,2945,,,,,,,,,
1779371217.0937,plane,2946,,,,,,,,,
1779371217.2057,plane,2947,,,,,,,,,
1779371217.3014,plane,2948,,,,,,,,,
1779371217.3975,plane,2949,,,,,,,,,
1779371217.4932,plane,2950,,,,,,,,,
1779371217.6056,plane,2951,,,,,,,,,
1779371217.7012,plane,2952,,,,,,,,,
1779371217.7976,plane,2953,,,,,,,,,
1779371217.8933,plane,2954,,,,,,,,,
1779371218.0053,plane,2955,,,,,,,,,
1779371218.1017,plane,2956,,,,,,,,,
1779371218.1974,plane,2957,,,,,,,,,
1779371218.2935,plane,2958,,,,,,,,,
1779371218.4058,plane,2959,,,,,,,,,
1779371218.5020,plane,2960,,,,,,,,,
1779371218.5972,plane,2961,,,,,,,,,
1779371218.6932,plane,2962,,,,,,,,,
1779371218.8054,plane,2963,,,,,,,,,
1779371218.9016,plane,2964,,,,,,,,,
1779371218.9981,plane,2965,,,,,,,,,
1779371219.0935,plane,2966,,,,,,,,,
1779371219.2052,plane,2967,,,,,,,,,
1779371219.3012,plane,2968,,,,,,,,,
1779371219.3975,plane,2969,,,,,,,,,
1779371219.4931,plane,2970,,,,,,,,,
1779371219.6055,plane,2971,,,,,,,,,
1779371219.7015,plane,2972,,,,,,,,,
1779371219.7971,plane,2973,,,,,,,,,
1779371219.8936,plane,2974,,,,,,,,,
1779371220.0062,plane,2975,,,,,,,,,
1779371220.1017,plane,2976,,,,,,,,,
1779371220.1973,plane,2977,,,,,,,,,
1779371220.2937,plane,2978,,,,,,,,,
1779371220.4054,plane,2979,,,,,,,,,
1779371220.5013,plane,2980,,,,,,,,,
1779371220.5973,plane,2981,,,,,,,,,
1779371220.6941,plane,2982,,,,,,,,,
1779371220.8053,plane,2983,,,,,,,,,
1779371220.9018,plane,2984,,,,,,,,,
1779371220.9978,plane,2985,,,,,,,,,
1779371221.0935,plane,2986,,,,,,,,,
1779371221.2052,plane,2987,,,,,,,,,
1779371221.3013,plane,2988,,,,,,,,,
1779371221.3971,plane,2989,,,,,,,,,
1779371221.4931,plane,2990,,,,,,,,,
1779371221.6058,plane,2991,,,,,,,,,
1779371221.7016,plane,2992,,,,,,,,,
1779371221.7975,plane,2993,,,,,,,,,
1779371221.8938,plane,2994,,,,,,,,,
1779371222.0056,plane,2995,,,,,,,,,
1779371222.1016,plane,2996,,,,,,,,,
1779371222.1973,plane,2997,,,,,,,,,
1779371222.2937,plane,2998,,,,,,,,,
1779371222.4054,plane,2999,,,,,,,,,
1779371222.5015,plane,3000,,,,,,,,,
1779371222.5977,plane,3001,,,,,,,,,
1779371222.6938,plane,3002,,,,,,,,,
1779371222.8059,plane,3003,,,,,,,,,
1779371222.9014,plane,3004,,,,,,,,,
1779371222.9978,plane,3005,,,,,,,,,
1779371223.0935,plane,3006,,,,,,,,,
1779371223.2056,plane,3007,,,,,,,,,
1779371223.3010,plane,3008,,,,,,,,,
1779371223.3973,plane,3009,,,,,,,,,
1779371223.4933,plane,3010,,,,,,,,,
1779371223.6063,plane,3011,,,,,,,,,
1779371223.7014,plane,3012,,,,,,,,,
1779371223.7975,plane,3013,,,,,,,,,
1779371223.8937,plane,3014,,,,,,,,,
1779371224.0054,plane,3015,,,,,,,,,
1779371224.1017,plane,3016,,,,,,,,,
1779371224.1975,plane,3017,,,,,,,,,
1779371224.2936,plane,3018,,,,,,,,,
1779371224.4055,plane,3019,,,,,,,,,
1779371224.5013,plane,3020,,,,,,,,,
1779371224.5974,plane,3021,,,,,,,,,
1779371224.6936,plane,3022,,,,,,,,,
1779371224.8055,plane,3023,,,,,,,,,
1779371224.9019,plane,3024,,,,,,,,,
1779371224.9978,plane,3025,,,,,,,,,
1779371225.0936,plane,3026,,,,,,,,,
1779371225.2062,plane,3027,,,,,,,,,
1779371225.3013,plane,3028,,,,,,,,,
1779371225.3975,plane,3029,,,,,,,,,
1779371225.4935,plane,3030,,,,,,,,,
1779371225.6054,plane,3031,,,,,,,,,
1779371225.7017,plane,3032,,,,,,,,,
1779371225.7976,plane,3033,,,,,,,,,
1779371225.8933,plane,3034,,,,,,,,,
1779371226.0058,plane,3035,,,,,,,,,
1779371226.1015,plane,3036,,,,,,,,,
1779371226.1973,plane,3037,,,,,,,,,
1779371226.2939,plane,3038,,,,,,,,,
1779371226.4055,plane,3039,,,,,,,,,
1779371226.5015,plane,3040,,,,,,,,,
1779371226.5980,plane,3041,,,,,,,,,
1779371226.6937,plane,3042,,,,,,,,,
1779371226.8051,plane,3043,,,,,,,,,
1779371226.9019,plane,3044,,,,,,,,,
1779371226.9976,plane,3045,,,,,,,,,
1779371227.0939,plane,3046,,,,,,,,,
1779371227.2054,plane,3047,,,,,,,,,
1779371227.3014,plane,3048,,,,,,,,,
1779371227.3973,plane,3049,,,,,,,,,
1779371227.4932,plane,3050,,,,,,,,,
1779371227.6058,plane,3051,,,,,,,,,
1779371227.7027,plane,3052,,,,,,,,,
1779371227.7977,plane,3053,,,,,,,,,
1779371227.8934,plane,3054,,,,,,,,,
1779371228.0056,plane,3055,,,,,,,,,
1779371228.1015,plane,3056,,,,,,,,,
1779371228.1972,plane,3057,,,,,,,,,
1779371228.2931,plane,3058,,,,,,,,,
1779371228.4051,plane,3059,,,,,,,,,
1779371228.5013,plane,3060,,,,,,,,,
1779371228.5975,plane,3061,,,,,,,,,
1779371228.6937,plane,3062,,,,,,,,,
1779371228.8053,plane,3063,,,,,,,,,
1779371228.9015,plane,3064,,,,,,,,,
1779371228.9976,plane,3065,,,,,,,,,
1779371229.0930,plane,3066,,,,,,,,,
1779371229.2056,plane,3067,,,,,,,,,
1779371229.3016,plane,3068,,,,,,,,,
1779371229.3973,plane,3069,,,,,,,,,
1779371229.4935,plane,3070,,,,,,,,,
1779371229.6056,plane,3071,,,,,,,,,
1779371229.7013,plane,3072,,,,,,,,,
1779371229.7977,plane,3073,,,,,,,,,
1779371229.8938,plane,3074,,,,,,,,,
1779371230.0062,plane,3075,,,,,,,,,
1779371230.1015,plane,3076,,,,,,,,,
1779371230.1977,plane,3077,,,,,,,,,
1779371230.2934,plane,3078,,,,,,,,,
1779371230.4054,plane,3079,,,,,,,,,
1779371230.5017,plane,3080,,,,,,,,,
1779371230.5976,plane,3081,,,,,,,,,
1779371230.6928,plane,3082,,,,,,,,,
1779371230.8054,plane,3083,,,,,,,,,
1779371230.9018,plane,3084,,,,,,,,,
1779371230.9973,plane,3085,,,,,,,,,
1779371231.0934,plane,3086,,,,,,,,,
1779371231.2053,plane,3087,,,,,,,,,
1779371231.3019,plane,3088,,,,,,,,,
1779371231.3974,plane,3089,,,,,,,,,
1779371231.4939,plane,3090,,,,,,,,,
1779371231.6052,plane,3091,,,,,,,,,
1779371231.7011,plane,3092,,,,,,,,,
1779371231.7973,plane,3093,,,,,,,,,
1779371231.8939,plane,3094,,,,,,,,,
1779371232.0056,plane,3095,,,,,,,,,
1779371232.1014,plane,3096,,,,,,,,,
1779371232.1975,plane,3097,,,,,,,,,
1779371232.2935,plane,3098,,,,,,,,,
1779371232.4052,plane,3099,,,,,,,,,
1779371232.5014,plane,3100,,,,,,,,,
1779371232.5974,plane,3101,,,,,,,,,
1779371232.6943,plane,3102,,,,,,,,,
1779371232.8056,plane,3103,,,,,,,,,
1779371232.9015,plane,3104,,,,,,,,,
1779371232.9975,plane,3105,,,,,,,,,
1779371233.0933,plane,3106,,,,,,,,,
1779371233.2053,plane,3107,,,,,,,,,
1779371233.3016,plane,3108,,,,,,,,,
1779371233.3979,plane,3109,,,,,,,,,
1779371233.4939,plane,3110,,,,,,,,,
1779371233.6055,plane,3111,,,,,,,,,
1779371233.7013,plane,3112,,,,,,,,,
1779371233.7977,plane,3113,,,,,,,,,
1779371233.8939,plane,3114,,,,,,,,,
1779371234.0053,plane,3115,,,,,,,,,
1779371234.1018,plane,3116,,,,,,,,,
1779371234.1976,plane,3117,,,,,,,,,
1779371234.2933,plane,3118,,,,,,,,,
1779371234.4054,plane,3119,,,,,,,,,
1779371234.5015,plane,3120,,,,,,,,,
1779371234.5976,plane,3121,,,,,,,,,
1779371234.6937,plane,3122,,,,,,,,,
1779371234.8052,plane,3123,,,,,,,,,
1779371234.9013,plane,3124,,,,,,,,,
1779371234.9987,plane,3125,,,,,,,,,
1779371235.0933,plane,3126,,,,,,,,,
1779371235.2051,plane,3127,,,,,,,,,
1779371235.3015,plane,3128,,,,,,,,,
1779371235.3975,plane,3129,,,,,,,,,
1779371235.4935,plane,3130,,,,,,,,,
1779371235.6058,plane,3131,,,,,,,,,
1779371235.7013,plane,3132,,,,,,,,,
1779371235.7974,plane,3133,,,,,,,,,
1779371235.8935,plane,3134,,,,,,,,,
1779371236.0055,plane,3135,,,,,,,,,
1779371236.1015,plane,3136,,,,,,,,,
1779371236.1975,plane,3137,,,,,,,,,
1779371236.2935,plane,3138,,,,,,,,,
1779371236.4051,plane,3139,,,,,,,,,
1779371236.5015,plane,3140,,,,,,,,,
1779371236.5974,plane,3141,,,,,,,,,
1779371236.6933,plane,3142,,,,,,,,,
1779371236.8054,plane,3143,,,,,,,,,
1779371236.9015,plane,3144,,,,,,,,,
1779371236.9975,plane,3145,,,,,,,,,
1779371237.0938,plane,3146,,,,,,,,,
1779371237.2054,plane,3147,,,,,,,,,
1779371237.3014,plane,3148,,,,,,,,,
1779371237.3976,plane,3149,,,,,,,,,
1779371237.4937,plane,3150,,,,,,,,,
1779371237.6056,plane,3151,,,,,,,,,
1779371237.7015,plane,3152,,,,,,,,,
1779371237.7975,plane,3153,,,,,,,,,
1779371237.8934,plane,3154,,,,,,,,,
1779371238.0057,plane,3155,,,,,,,,,
1779371238.1015,plane,3156,,,,,,,,,
1779371238.1973,plane,3157,,,,,,,,,
1779371238.2939,plane,3158,,,,,,,,,
1779371238.4054,plane,3159,,,,,,,,,
1779371238.5012,plane,3160,,,,,,,,,
1779371238.5976,plane,3161,,,,,,,,,
1779371238.6934,plane,3162,,,,,,,,,
1779371238.8055,plane,3163,,,,,,,,,
1779371238.9012,plane,3164,,,,,,,,,
1779371238.9972,plane,3165,,,,,,,,,
1779371239.0932,plane,3166,,,,,,,,,
1779371239.2056,plane,3167,,,,,,,,,
1779371239.3014,plane,3168,,,,,,,,,
1779371239.3975,plane,3169,,,,,,,,,
1779371239.4937,plane,3170,,,,,,,,,
1779371239.6053,plane,3171,,,,,,,,,
1779371239.7013,plane,3172,,,,,,,,,
1779371239.7973,plane,3173,,,,,,,,,
1779371239.8935,plane,3174,,,,,,,,,
1779371240.0053,plane,3175,,,,,,,,,
1779371240.1013,plane,3176,,,,,,,,,
1779371240.1977,plane,3177,,,,,,,,,
1779371240.2941,plane,3178,,,,,,,,,
1779371240.4057,plane,3179,,,,,,,,,
1779371240.5013,plane,3180,,,,,,,,,
1779371240.5978,plane,3181,,,,,,,,,
1779371240.6938,plane,3182,,,,,,,,,
1779371240.8053,plane,3183,,,,,,,,,
1779371240.9013,plane,3184,,,,,,,,,
1779371240.9973,plane,3185,,,,,,,,,
1779371241.0931,plane,3186,,,,,,,,,
1779371241.2054,plane,3187,,,,,,,,,
1779371241.3015,plane,3188,,,,,,,,,
1779371241.3972,plane,3189,,,,,,,,,
1779371241.4933,plane,3190,,,,,,,,,
1779371241.6057,plane,3191,,,,,,,,,
1779371241.7010,plane,3192,,,,,,,,,
1779371241.7976,plane,3193,,,,,,,,,
1779371241.8933,plane,3194,,,,,,,,,
1779371242.0051,plane,3195,,,,,,,,,
1779371242.1014,plane,3196,,,,,,,,,
1779371242.1975,plane,3197,,,,,,,,,
1779371242.2936,plane,3198,,,,,,,,,
1779371242.4053,plane,3199,,,,,,,,,
1779371242.5015,plane,3200,,,,,,,,,
1779371242.5973,plane,3201,,,,,,,,,
1779371242.6930,plane,3202,,,,,,,,,
1779371242.8058,plane,3203,,,,,,,,,
1779371242.9017,plane,3204,,,,,,,,,
1779371242.9976,plane,3205,,,,,,,,,
1779371243.0934,plane,3206,,,,,,,,,
1779371243.2063,plane,3207,,,,,,,,,
1779371243.3011,plane,3208,,,,,,,,,
1779371243.3975,plane,3209,,,,,,,,,
1779371243.4934,plane,3210,,,,,,,,,
1779371243.6055,plane,3211,,,,,,,,,
1779371243.7014,plane,3212,,,,,,,,,
1779371243.7972,plane,3213,,,,,,,,,
1779371243.8930,plane,3214,,,,,,,,,
1779371244.0055,plane,3215,,,,,,,,,
1779371244.1012,plane,3216,,,,,,,,,
1779371244.1978,plane,3217,,,,,,,,,
1779371244.2938,plane,3218,,,,,,,,,
1779371244.4062,plane,3219,,,,,,,,,
1779371244.5016,plane,3220,,,,,,,,,
1779371244.5973,plane,3221,,,,,,,,,
1779371244.6937,plane,3222,,,,,,,,,
1779371244.8058,plane,3223,,,,,,,,,
1779371244.9014,plane,3224,,,,,,,,,
1779371244.9974,plane,3225,,,,,,,,,
1779371245.0934,plane,3226,,,,,,,,,
1779371245.2052,plane,3227,,,,,,,,,
1779371245.3013,plane,3228,,,,,,,,,
1779371245.3989,plane,3229,,,,,,,,,
1779371245.4935,plane,3230,,,,,,,,,
1779371245.6055,plane,3231,,,,,,,,,
1779371245.7012,plane,3232,,,,,,,,,
1779371245.7981,plane,3233,,,,,,,,,
1779371245.8936,plane,3234,,,,,,,,,
1779371246.0054,plane,3235,,,,,,,,,
1779371246.1013,plane,3236,,,,,,,,,
1779371246.1974,plane,3237,,,,,,,,,
1779371246.2935,plane,3238,,,,,,,,,
1779371246.4052,plane,3239,,,,,,,,,
1779371246.5016,plane,3240,,,,,,,,,
1779371246.5976,plane,3241,,,,,,,,,
1779371246.6934,plane,3242,,,,,,,,,
1779371246.8051,plane,3243,,,,,,,,,
1779371246.9019,plane,3244,,,,,,,,,
1779371246.9974,plane,3245,,,,,,,,,
1779371247.0934,plane,3246,,,,,,,,,
1779371247.2056,plane,3247,,,,,,,,,
1779371247.3016,plane,3248,,,,,,,,,
1779371247.3975,plane,3249,,,,,,,,,
1779371247.4935,plane,3250,,,,,,,,,
1779371247.6055,plane,3251,,,,,,,,,
1779371247.7016,plane,3252,,,,,,,,,
1779371247.7974,plane,3253,,,,,,,,,
1779371247.8941,plane,3254,,,,,,,,,
1779371248.0060,plane,3255,,,,,,,,,
1779371248.1011,plane,3256,,,,,,,,,
1779371248.1977,plane,3257,,,,,,,,,
1779371248.2935,plane,3258,,,,,,,,,
1779371248.4055,plane,3259,,,,,,,,,
1779371248.5017,plane,3260,,,,,,,,,
1779371248.5978,plane,3261,,,,,,,,,
1779371248.6934,plane,3262,,,,,,,,,
1779371248.8061,plane,3263,,,,,,,,,
1779371248.9016,plane,3264,,,,,,,,,
1779371248.9973,plane,3265,,,,,,,,,
1779371249.0932,plane,3266,,,,,,,,,
1779371249.2064,plane,3267,,,,,,,,,
1779371249.3015,plane,3268,,,,,,,,,
1779371249.3976,plane,3269,,,,,,,,,
1779371249.4936,plane,3270,,,,,,,,,
1779371249.6053,plane,3271,,,,,,,,,
1779371249.7017,plane,3272,,,,,,,,,
1779371249.7975,plane,3273,,,,,,,,,
1779371249.8934,plane,3274,,,,,,,,,
1779371250.0056,plane,3275,,,,,,,,,
1779371250.1017,plane,3276,,,,,,,,,
1779371250.1973,plane,3277,,,,,,,,,
1779371250.2937,plane,3278,,,,,,,,,
1779371250.4052,plane,3279,,,,,,,,,
1779371250.5016,plane,3280,,,,,,,,,
1779371250.5973,plane,3281,,,,,,,,,
1779371250.6934,plane,3282,,,,,,,,,
1779371250.8053,plane,3283,,,,,,,,,
1779371250.9015,plane,3284,,,,,,,,,
1779371250.9975,plane,3285,,,,,,,,,
1779371251.0933,plane,3286,,,,,,,,,
1779371251.2053,plane,3287,,,,,,,,,
1779371251.3017,plane,3288,,,,,,,,,
1779371251.3978,plane,3289,,,,,,,,,
1779371251.4940,plane,3290,,,,,,,,,
1779371251.6054,plane,3291,,,,,,,,,
1779371251.7016,plane,3292,,,,,,,,,
1779371251.7974,plane,3293,,,,,,,,,
1779371251.8936,plane,3294,,,,,,,,,
1779371252.0056,plane,3295,,,,,,,,,
1779371252.1016,plane,3296,,,,,,,,,
1779371252.1975,plane,3297,,,,,,,,,
1779371252.2931,plane,3298,,,,,,,,,
1779371252.4054,plane,3299,,,,,,,,,
1779371252.5011,plane,3300,,,,,,,,,
1779371252.5977,plane,3301,,,,,,,,,
1779371252.6940,plane,3302,,,,,,,,,
1779371252.8058,plane,3303,,,,,,,,,
1779371252.9017,plane,3304,,,,,,,,,
1779371252.9978,plane,3305,,,,,,,,,
1779371253.0933,plane,3306,,,,,,,,,
1779371253.2056,plane,3307,,,,,,,,,
1779371253.3015,plane,3308,,,,,,,,,
1779371253.3970,plane,3309,,,,,,,,,
1779371253.4937,plane,3310,,,,,,,,,
1779371253.6057,plane,3311,,,,,,,,,
1779371253.7016,plane,3312,,,,,,,,,
1779371253.7978,plane,3313,,,,,,,,,
1779371253.8939,plane,3314,,,,,,,,,
1779371254.0051,plane,3315,,,,,,,,,
1779371254.1013,plane,3316,,,,,,,,,
1779371254.1979,plane,3317,,,,,,,,,
1779371254.2933,plane,3318,,,,,,,,,
1779371254.4052,plane,3319,,,,,,,,,
1779371254.5016,plane,3320,,,,,,,,,
1779371254.5972,plane,3321,,,,,,,,,
1779371254.6931,plane,3322,,,,,,,,,
1779371254.8053,plane,3323,,,,,,,,,
1779371254.9017,plane,3324,,,,,,,,,
1779371254.9979,plane,3325,,,,,,,,,
1779371255.0934,plane,3326,,,,,,,,,
1779371255.2051,plane,3327,,,,,,,,,
1779371255.3015,plane,3328,,,,,,,,,
1779371255.3975,plane,3329,,,,,,,,,
1779371255.4935,plane,3330,,,,,,,,,
1779371255.6053,plane,3331,,,,,,,,,
1779371255.7012,plane,3332,,,,,,,,,
1779371255.7975,plane,3333,,,,,,,,,
1779371255.8934,plane,3334,,,,,,,,,
1779371256.0057,plane,3335,,,,,,,,,
1779371256.1014,plane,3336,,,,,,,,,
1779371256.1977,plane,3337,,,,,,,,,
1779371256.2936,plane,3338,,,,,,,,,
1779371256.4057,plane,3339,,,,,,,,,
1779371256.5017,plane,3340,,,,,,,,,
1779371256.5974,plane,3341,,,,,,,,,
1779371256.6935,plane,3342,,,,,,,,,
1779371256.8054,plane,3343,,,,,,,,,
1779371256.9015,plane,3344,,,,,,,,,
1779371256.9974,plane,3345,,,,,,,,,
1779371257.0936,plane,3346,,,,,,,,,
1779371257.2053,plane,3347,,,,,,,,,
1779371257.3014,plane,3348,,,,,,,,,
1779371257.3976,plane,3349,,,,,,,,,
1779371257.4935,plane,3350,,,,,,,,,
1779371257.6055,plane,3351,,,,,,,,,
1779371257.7015,plane,3352,,,,,,,,,
1779371257.7974,plane,3353,,,,,,,,,
1779371257.8938,plane,3354,,,,,,,,,
1779371258.0052,plane,3355,,,,,,,,,
1779371258.1014,plane,3356,,,,,,,,,
1779371258.1973,plane,3357,,,,,,,,,
1779371258.2933,plane,3358,,,,,,,,,
1779371258.4054,plane,3359,,,,,,,,,
1779371258.5012,plane,3360,,,,,,,,,
1779371258.5973,plane,3361,,,,,,,,,
1779371258.6936,plane,3362,,,,,,,,,
1779371258.8050,plane,3363,,,,,,,,,
1779371258.9018,plane,3364,,,,,,,,,
1779371258.9978,plane,3365,,,,,,,,,
1779371259.0936,plane,3366,,,,,,,,,
1779371259.2058,plane,3367,,,,,,,,,
1779371259.3014,plane,3368,,,,,,,,,
1779371259.3973,plane,3369,,,,,,,,,
1779371259.4933,plane,3370,,,,,,,,,
1779371259.6057,plane,3371,,,,,,,,,
1779371259.7017,plane,3372,,,,,,,,,
1779371259.7976,plane,3373,,,,,,,,,
1779371259.8934,plane,3374,,,,,,,,,
1779371260.0053,plane,3375,,,,,,,,,
1779371260.1016,plane,3376,,,,,,,,,
1779371260.1977,plane,3377,,,,,,,,,
1779371260.2938,plane,3378,,,,,,,,,
1779371260.4050,plane,3379,,,,,,,,,
1779371260.5020,plane,3380,,,,,,,,,
1779371260.5976,plane,3381,,,,,,,,,
1779371260.6933,plane,3382,,,,,,,,,
1779371260.8055,plane,3383,,,,,,,,,
1779371260.9016,plane,3384,,,,,,,,,
1779371260.9973,plane,3385,,,,,,,,,
1779371261.0937,plane,3386,,,,,,,,,
1779371261.2056,plane,3387,,,,,,,,,
1779371261.3014,plane,3388,,,,,,,,,
1779371261.3976,plane,3389,,,,,,,,,
1779371261.4932,plane,3390,,,,,,,,,
1779371261.6054,plane,3391,,,,,,,,,
1779371261.7016,plane,3392,,,,,,,,,
1779371261.7976,plane,3393,,,,,,,,,
1779371261.8930,plane,3394,,,,,,,,,
1779371262.0055,plane,3395,,,,,,,,,
1779371262.1014,plane,3396,,,,,,,,,
1779371262.1978,plane,3397,,,,,,,,,
1779371262.2938,plane,3398,,,,,,,,,
1779371262.4065,plane,3399,,,,,,,,,
1779371262.5014,plane,3400,,,,,,,,,
1779371262.5975,plane,3401,,,,,,,,,
1779371262.6949,plane,3402,,,,,,,,,
1779371262.8053,plane,3403,,,,,,,,,
1779371262.9017,plane,3404,,,,,,,,,
1779371262.9973,plane,3405,,,,,,,,,
1779371263.0935,plane,3406,,,,,,,,,
1779371263.2056,plane,3407,,,,,,,,,
1779371263.3014,plane,3408,,,,,,,,,
1779371263.3980,plane,3409,,,,,,,,,
1779371263.4936,plane,3410,,,,,,,,,
1779371263.6053,plane,3411,,,,,,,,,
1779371263.7017,plane,3412,,,,,,,,,
1779371263.7978,plane,3413,,,,,,,,,
1779371263.8936,plane,3414,,,,,,,,,
1779371264.0054,plane,3415,,,,,,,,,
1779371264.1014,plane,3416,,,,,,,,,
1779371264.1977,plane,3417,,,,,,,,,
1779371264.2935,plane,3418,,,,,,,,,
1779371264.4053,plane,3419,,,,,,,,,
1779371264.5012,plane,3420,,,,,,,,,
1779371264.5974,plane,3421,,,,,,,,,
1779371264.6940,plane,3422,,,,,,,,,
1779371264.8052,plane,3423,,,,,,,,,
1779371264.9014,plane,3424,,,,,,,,,
1779371264.9976,plane,3425,,,,,,,,,
1779371265.0932,plane,3426,,,,,,,,,
1779371265.2055,plane,3427,,,,,,,,,
1779371265.3016,plane,3428,,,,,,,,,
1779371265.3974,plane,3429,,,,,,,,,
1779371265.4933,plane,3430,,,,,,,,,
1779371265.6055,plane,3431,,,,,,,,,
1779371265.7011,plane,3432,,,,,,,,,
1779371265.7973,plane,3433,,,,,,,,,
1779371265.8932,plane,3434,,,,,,,,,
1779371266.0054,plane,3435,,,,,,,,,
1779371266.1014,plane,3436,,,,,,,,,
1779371266.1975,plane,3437,,,,,,,,,
1779371266.2939,plane,3438,,,,,,,,,
1779371266.4056,plane,3439,,,,,,,,,
1779371266.5014,plane,3440,,,,,,,,,
1779371266.5977,plane,3441,,,,,,,,,
1779371266.6933,plane,3442,,,,,,,,,
1779371266.8057,plane,3443,,,,,,,,,
1779371266.9019,plane,3444,,,,,,,,,
1779371266.9979,plane,3445,,,,,,,,,
1779371267.0940,plane,3446,,,,,,,,,
1779371267.2053,plane,3447,,,,,,,,,
1779371267.3015,plane,3448,,,,,,,,,
1779371267.3977,plane,3449,,,,,,,,,
1779371267.4940,plane,3450,,,,,,,,,
1779371267.6056,plane,3451,,,,,,,,,
1779371267.7011,plane,3452,,,,,,,,,
1779371267.7972,plane,3453,,,,,,,,,
1779371267.8936,plane,3454,,,,,,,,,
1779371268.0055,plane,3455,,,,,,,,,
1779371268.1013,plane,3456,,,,,,,,,
1779371268.1976,plane,3457,,,,,,,,,
1779371268.2937,plane,3458,,,,,,,,,
1779371268.4052,plane,3459,,,,,,,,,
1779371268.5012,plane,3460,,,,,,,,,
1779371268.5979,plane,3461,,,,,,,,,
1779371268.6939,plane,3462,,,,,,,,,
1779371268.8051,plane,3463,,,,,,,,,
1779371268.9015,plane,3464,,,,,,,,,
1779371268.9973,plane,3465,,,,,,,,,
1779371269.0938,plane,3466,,,,,,,,,
1779371269.2055,plane,3467,,,,,,,,,
1779371269.3011,plane,3468,,,,,,,,,
1779371269.3971,plane,3469,,,,,,,,,
1779371269.4933,plane,3470,,,,,,,,,
1779371269.6052,plane,3471,,,,,,,,,
1779371269.7011,plane,3472,,,,,,,,,
1779371269.7974,plane,3473,,,,,,,,,
1779371269.8938,plane,3474,,,,,,,,,
1779371270.0051,plane,3475,,,,,,,,,
1779371270.1012,plane,3476,,,,,,,,,
1779371270.1979,plane,3477,,,,,,,,,
1779371270.2938,plane,3478,,,,,,,,,
1779371270.4054,plane,3479,,,,,,,,,
1779371270.5013,plane,3480,,,,,,,,,
1779371270.5974,plane,3481,,,,,,,,,
1779371270.6943,plane,3482,,,,,,,,,
1779371270.8063,plane,3483,,,,,,,,,
1779371270.9010,plane,3484,,,,,,,,,
1779371270.9978,plane,3485,,,,,,,,,
1779371271.0936,plane,3486,,,,,,,,,
1779371271.2051,plane,3487,,,,,,,,,
1779371271.3012,plane,3488,,,,,,,,,
1779371271.3976,plane,3489,,,,,,,,,
1779371271.4935,plane,3490,,,,,,,,,
1779371271.6053,plane,3491,,,,,,,,,
1779371271.7017,plane,3492,,,,,,,,,
1779371271.7973,plane,3493,,,,,,,,,
1779371271.8937,plane,3494,,,,,,,,,
1779371272.0055,plane,3495,,,,,,,,,
1779371272.1014,plane,3496,,,,,,,,,
1779371272.1975,plane,3497,,,,,,,,,
1779371272.2936,plane,3498,,,,,,,,,
1779371272.4054,plane,3499,,,,,,,,,
1779371272.5014,plane,3500,,,,,,,,,
1779371272.5974,plane,3501,,,,,,,,,
1779371272.6931,plane,3502,,,,,,,,,
1779371272.8054,plane,3503,,,,,,,,,
1779371272.9011,plane,3504,,,,,,,,,
1779371272.9972,plane,3505,,,,,,,,,
1779371273.0934,plane,3506,,,,,,,,,
1779371273.2054,plane,3507,,,,,,,,,
1779371273.3013,plane,3508,,,,,,,,,
1779371273.3977,plane,3509,,,,,,,,,
1779371273.4934,plane,3510,,,,,,,,,
1779371273.6052,plane,3511,,,,,,,,,
1779371273.7011,plane,3512,,,,,,,,,
1779371273.7975,plane,3513,,,,,,,,,
1779371273.8938,plane,3514,,,,,,,,,
1779371274.0060,plane,3515,,,,,,,,,
1779371274.1014,plane,3516,,,,,,,,,
1779371274.1975,plane,3517,,,,,,,,,
1779371274.2938,plane,3518,,,,,,,,,
1779371274.4055,plane,3519,,,,,,,,,
1779371274.5013,plane,3520,,,,,,,,,
1779371274.5980,plane,3521,,,,,,,,,
1779371274.6935,plane,3522,,,,,,,,,
1779371274.8055,plane,3523,,,,,,,,,
1779371274.9013,plane,3524,,,,,,,,,
1779371274.9974,plane,3525,,,,,,,,,
1779371275.0938,plane,3526,,,,,,,,,
1779371275.2058,plane,3527,,,,,,,,,
1779371275.3018,plane,3528,,,,,,,,,
1779371275.3976,plane,3529,,,,,,,,,
1779371275.4935,plane,3530,,,,,,,,,
1779371275.6056,plane,3531,,,,,,,,,
1779371275.7012,plane,3532,,,,,,,,,
1779371275.7973,plane,3533,,,,,,,,,
1779371275.8936,plane,3534,,,,,,,,,
1779371276.0057,plane,3535,,,,,,,,,
1779371276.1012,plane,3536,,,,,,,,,
1779371276.1975,plane,3537,,,,,,,,,
1779371276.2935,plane,3538,,,,,,,,,
1779371276.4055,plane,3539,,,,,,,,,
1779371276.5014,plane,3540,,,,,,,,,
1779371276.5974,plane,3541,,,,,,,,,
1779371276.6934,plane,3542,,,,,,,,,
1779371276.8054,plane,3543,,,,,,,,,
1779371276.9016,plane,3544,,,,,,,,,
1779371276.9976,plane,3545,,,,,,,,,
1779371277.0933,plane,3546,,,,,,,,,
1779371277.2053,plane,3547,,,,,,,,,
1779371277.3014,plane,3548,,,,,,,,,
1779371277.3975,plane,3549,,,,,,,,,
1779371277.4935,plane,3550,,,,,,,,,
1779371277.6053,plane,3551,,,,,,,,,
1779371277.7015,plane,3552,,,,,,,,,
1779371277.7985,plane,3553,,,,,,,,,
1779371277.8934,plane,3554,,,,,,,,,
1779371278.0053,plane,3555,,,,,,,,,
1779371278.1019,plane,3556,,,,,,,,,
1779371278.1975,plane,3557,,,,,,,,,
1779371278.2935,plane,3558,,,,,,,,,
1779371278.4053,plane,3559,,,,,,,,,
1779371278.5015,plane,3560,,,,,,,,,
1779371278.5975,plane,3561,,,,,,,,,
1779371278.6938,plane,3562,,,,,,,,,
1779371278.8057,plane,3563,,,,,,,,,
1779371278.9016,plane,3564,,,,,,,,,
1779371278.9975,plane,3565,,,,,,,,,
1779371279.0934,plane,3566,,,,,,,,,
1779371279.2053,plane,3567,,,,,,,,,
1779371279.3015,plane,3568,,,,,,,,,
1779371279.3976,plane,3569,,,,,,,,,
1779371279.4936,plane,3570,,,,,,,,,
1779371279.6057,plane,3571,,,,,,,,,
1779371279.7017,plane,3572,,,,,,,,,
1779371279.7971,plane,3573,,,,,,,,,
1779371279.8935,plane,3574,,,,,,,,,
1779371280.0055,plane,3575,,,,,,,,,
1779371280.1017,plane,3576,,,,,,,,,
1779371280.1972,plane,3577,,,,,,,,,
1779371280.2935,plane,3578,,,,,,,,,
1779371280.4064,plane,3579,,,,,,,,,
1779371280.5016,plane,3580,,,,,,,,,
1779371280.5976,plane,3581,,,,,,,,,
1779371280.6935,plane,3582,,,,,,,,,
1779371280.8054,plane,3583,,,,,,,,,
1779371280.9013,plane,3584,,,,,,,,,
1779371280.9975,plane,3585,,,,,,,,,
1779371281.0934,plane,3586,,,,,,,,,
1779371281.2058,plane,3587,,,,,,,,,
1779371281.3013,plane,3588,,,,,,,,,
1779371281.3975,plane,3589,,,,,,,,,
1779371281.4933,plane,3590,,,,,,,,,
1779371281.6054,plane,3591,,,,,,,,,
1779371281.7013,plane,3592,,,,,,,,,
1779371281.7972,plane,3593,,,,,,,,,
1779371281.8939,plane,3594,,,,,,,,,
1779371282.0049,plane,3595,,,,,,,,,
1779371282.1015,plane,3596,,,,,,,,,
1779371282.1971,plane,3597,,,,,,,,,
1779371282.2935,plane,3598,,,,,,,,,
1779371282.4055,plane,3599,,,,,,,,,
1779371282.5011,plane,3600,,,,,,,,,
1779371282.5977,plane,3601,,,,,,,,,
1779371282.6937,plane,3602,,,,,,,,,
1779371282.8054,plane,3603,,,,,,,,,
1779371282.9015,plane,3604,,,,,,,,,
1779371282.9980,plane,3605,,,,,,,,,
1779371283.0937,plane,3606,,,,,,,,,
1779371283.2055,plane,3607,,,,,,,,,
1779371283.3013,plane,3608,,,,,,,,,
1779371283.3973,plane,3609,,,,,,,,,
1779371283.4939,plane,3610,,,,,,,,,
1779371283.6055,plane,3611,,,,,,,,,
1779371283.7013,plane,3612,,,,,,,,,
1779371283.7978,plane,3613,,,,,,,,,
1779371283.8939,plane,3614,,,,,,,,,
1779371284.0056,plane,3615,,,,,,,,,
1779371284.1013,plane,3616,,,,,,,,,
1779371284.1976,plane,3617,,,,,,,,,
1779371284.2936,plane,3618,,,,,,,,,
1779371284.4056,plane,3619,,,,,,,,,
1779371284.5016,plane,3620,,,,,,,,,
1779371284.5975,plane,3621,,,,,,,,,
1779371284.6933,plane,3622,,,,,,,,,
1779371284.8054,plane,3623,,,,,,,,,
1779371284.9011,plane,3624,,,,,,,,,
1779371284.9978,plane,3625,,,,,,,,,
1779371285.0933,plane,3626,,,,,,,,,
1779371285.2052,plane,3627,,,,,,,,,
1779371285.3012,plane,3628,,,,,,,,,
1779371285.3973,plane,3629,,,,,,,,,
1779371285.4938,plane,3630,,,,,,,,,
1779371285.6058,plane,3631,,,,,,,,,
1779371285.7015,plane,3632,,,,,,,,,
1779371285.7975,plane,3633,,,,,,,,,
1779371285.8935,plane,3634,,,,,,,,,
1779371286.0057,plane,3635,,,,,,,,,
1779371286.1012,plane,3636,,,,,,,,,
1779371286.1974,plane,3637,,,,,,,,,
1779371286.2934,plane,3638,,,,,,,,,
1779371286.4057,plane,3639,,,,,,,,,
1779371286.5015,plane,3640,,,,,,,,,
1779371286.5978,plane,3641,,,,,,,,,
1779371286.6935,plane,3642,,,,,,,,,
1779371286.8052,plane,3643,,,,,,,,,
1779371286.9019,plane,3644,,,,,,,,,
1779371286.9977,plane,3645,,,,,,,,,
1779371287.0934,plane,3646,,,,,,,,,
1779371287.2055,plane,3647,,,,,,,,,
1779371287.3019,plane,3648,,,,,,,,,
1779371287.3980,plane,3649,,,,,,,,,
1779371287.4932,plane,3650,,,,,,,,,
1779371287.6056,plane,3651,,,,,,,,,
1779371287.7018,plane,3652,,,,,,,,,
1779371287.7976,plane,3653,,,,,,,,,
1779371287.8935,plane,3654,,,,,,,,,
1779371288.0053,plane,3655,,,,,,,,,
1779371288.1017,plane,3656,,,,,,,,,
1779371288.1979,plane,3657,,,,,,,,,
1779371288.2936,plane,3658,,,,,,,,,
1779371288.4057,plane,3659,,,,,,,,,
1779371288.5017,plane,3660,,,,,,,,,
1779371288.5973,plane,3661,,,,,,,,,
1779371288.6937,plane,3662,,,,,,,,,
1779371288.8056,plane,3663,,,,,,,,,
1779371288.9011,plane,3664,,,,,,,,,
1779371288.9976,plane,3665,,,,,,,,,
1779371289.0936,plane,3666,,,,,,,,,
1779371289.2052,plane,3667,,,,,,,,,
1779371289.3012,plane,3668,,,,,,,,,
1779371289.3974,plane,3669,,,,,,,,,
1779371289.4935,plane,3670,,,,,,,,,
1779371289.6056,plane,3671,,,,,,,,,
1779371289.7017,plane,3672,,,,,,,,,
1779371289.7975,plane,3673,,,,,,,,,
1779371289.8936,plane,3674,,,,,,,,,
1779371290.0057,plane,3675,,,,,,,,,
1779371290.1010,plane,3676,,,,,,,,,
1779371290.1975,plane,3677,,,,,,,,,
1779371290.2942,plane,3678,,,,,,,,,
1779371290.4052,plane,3679,,,,,,,,,
1779371290.5013,plane,3680,,,,,,,,,
1779371290.5974,plane,3681,,,,,,,,,
1779371290.6932,plane,3682,,,,,,,,,
1779371290.8056,plane,3683,,,,,,,,,
1779371290.9020,plane,3684,,,,,,,,,
1779371290.9975,plane,3685,,,,,,,,,
1779371291.0938,plane,3686,,,,,,,,,
1779371291.2054,plane,3687,,,,,,,,,
1779371291.3011,plane,3688,,,,,,,,,
1779371291.3978,plane,3689,,,,,,,,,
1779371291.4939,plane,3690,,,,,,,,,
1779371291.6051,plane,3691,,,,,,,,,
1779371291.7014,plane,3692,,,,,,,,,
1779371291.7978,plane,3693,,,,,,,,,
1779371291.8935,plane,3694,,,,,,,,,
1779371292.0052,plane,3695,,,,,,,,,
1779371292.1012,plane,3696,,,,,,,,,
1779371292.1974,plane,3697,,,,,,,,,
1779371292.2935,plane,3698,,,,,,,,,
1779371292.4051,plane,3699,,,,,,,,,
1779371292.5017,plane,3700,,,,,,,,,
1779371292.5973,plane,3701,,,,,,,,,
1779371292.6951,plane,3702,,,,,,,,,
1779371292.8054,plane,3703,,,,,,,,,
1779371292.9013,plane,3704,,,,,,,,,
1779371292.9973,plane,3705,,,,,,,,,
1779371293.0935,plane,3706,,,,,,,,,
1779371293.2053,plane,3707,,,,,,,,,
1779371293.3015,plane,3708,,,,,,,,,
1779371293.3981,plane,3709,,,,,,,,,
1779371293.4936,plane,3710,,,,,,,,,
1779371293.6057,plane,3711,,,,,,,,,
1779371293.7014,plane,3712,,,,,,,,,
1779371293.7977,plane,3713,,,,,,,,,
1779371293.8937,plane,3714,,,,,,,,,
1779371294.0057,plane,3715,,,,,,,,,
1779371294.1018,plane,3716,,,,,,,,,
1779371294.1974,plane,3717,,,,,,,,,
1779371294.2930,plane,3718,,,,,,,,,
1779371294.4056,plane,3719,,,,,,,,,
1779371294.5011,plane,3720,,,,,,,,,
1779371294.5984,plane,3721,,,,,,,,,
1779371294.6941,plane,3722,,,,,,,,,
1779371294.8060,plane,3723,,,,,,,,,
1779371294.9015,plane,3724,,,,,,,,,
1779371294.9977,plane,3725,,,,,,,,,
1779371295.0941,plane,3726,,,,,,,,,
1779371295.2060,plane,3727,,,,,,,,,
1779371295.3015,plane,3728,,,,,,,,,
1779371295.3976,plane,3729,,,,,,,,,
1779371295.4934,plane,3730,,,,,,,,,
1779371295.6057,plane,3731,,,,,,,,,
1779371295.7015,plane,3732,,,,,,,,,
1779371295.7977,plane,3733,,,,,,,,,
1779371295.8934,plane,3734,,,,,,,,,
1779371296.0063,plane,3735,,,,,,,,,
1779371296.1015,plane,3736,,,,,,,,,
1779371296.1974,plane,3737,,,,,,,,,
1779371296.2936,plane,3738,,,,,,,,,
1779371296.4051,plane,3739,,,,,,,,,
1779371296.5012,plane,3740,,,,,,,,,
1779371296.5977,plane,3741,,,,,,,,,
1779371296.6937,plane,3742,,,,,,,,,
1779371296.8054,plane,3743,,,,,,,,,
1779371296.9014,plane,3744,,,,,,,,,
1779371296.9975,plane,3745,,,,,,,,,
1779371297.0935,plane,3746,,,,,,,,,
1779371297.2052,plane,3747,,,,,,,,,
1779371297.3014,plane,3748,,,,,,,,,
1779371297.3973,plane,3749,,,,,,,,,
1779371297.4939,plane,3750,,,,,,,,,
1779371297.6058,plane,3751,,,,,,,,,
1779371297.7012,plane,3752,,,,,,,,,
1779371297.7978,plane,3753,,,,,,,,,
1779371297.8936,plane,3754,,,,,,,,,
1779371298.0054,plane,3755,,,,,,,,,
1779371298.1021,plane,3756,,,,,,,,,
1779371298.1978,plane,3757,,,,,,,,,
1779371298.2934,plane,3758,,,,,,,,,
1779371298.4054,plane,3759,,,,,,,,,
1779371298.5013,plane,3760,,,,,,,,,
1779371298.5973,plane,3761,,,,,,,,,
1779371298.6935,plane,3762,,,,,,,,,
1779371298.8057,plane,3763,,,,,,,,,
1779371298.9015,plane,3764,,,,,,,,,
1779371298.9974,plane,3765,,,,,,,,,
1779371299.0932,plane,3766,,,,,,,,,
1779371299.2054,plane,3767,,,,,,,,,
1779371299.3013,plane,3768,,,,,,,,,
1779371299.3976,plane,3769,,,,,,,,,
1779371299.4932,plane,3770,,,,,,,,,
1779371299.6055,plane,3771,,,,,,,,,
1779371299.7014,plane,3772,,,,,,,,,
1779371299.7978,plane,3773,,,,,,,,,
1779371299.8932,plane,3774,,,,,,,,,
1779371300.0053,plane,3775,,,,,,,,,
1779371300.1014,plane,3776,,,,,,,,,
1779371300.1975,plane,3777,,,,,,,,,
1779371300.2934,plane,3778,,,,,,,,,
1779371300.4058,plane,3779,,,,,,,,,
1779371300.5017,plane,3780,,,,,,,,,
1779371300.5977,plane,3781,,,,,,,,,
1779371300.6934,plane,3782,,,,,,,,,
1779371300.8052,plane,3783,,,,,,,,,
1779371300.9016,plane,3784,,,,,,,,,
1779371300.9977,plane,3785,,,,,,,,,
1779371301.0939,plane,3786,,,,,,,,,
1779371301.2052,plane,3787,,,,,,,,,
1779371301.3012,plane,3788,,,,,,,,,
1779371301.3972,plane,3789,,,,,,,,,
1779371301.4934,plane,3790,,,,,,,,,
1779371301.6060,plane,3791,,,,,,,,,
1779371301.7016,plane,3792,,,,,,,,,
1779371301.7974,plane,3793,,,,,,,,,
1779371301.8937,plane,3794,,,,,,,,,
1779371302.0060,plane,3795,,,,,,,,,
1779371302.1015,plane,3796,,,,,,,,,
1779371302.1978,plane,3797,,,,,,,,,
1779371302.2942,plane,3798,,,,,,,,,
1779371302.4054,plane,3799,,,,,,,,,
1779371302.5014,plane,3800,,,,,,,,,
1779371302.5975,plane,3801,,,,,,,,,
1779371302.6930,plane,3802,,,,,,,,,
1779371302.8057,plane,3803,,,,,,,,,
1779371302.9018,plane,3804,,,,,,,,,
1779371302.9980,plane,3805,,,,,,,,,
1779371303.0937,plane,3806,,,,,,,,,
1779371303.2051,plane,3807,,,,,,,,,
1779371303.3011,plane,3808,,,,,,,,,
1779371303.3972,plane,3809,,,,,,,,,
1779371303.4939,plane,3810,,,,,,,,,
1779371303.6054,plane,3811,,,,,,,,,
1779371303.7016,plane,3812,,,,,,,,,
1779371303.7979,plane,3813,,,,,,,,,
1779371303.8931,plane,3814,,,,,,,,,
1779371304.0059,plane,3815,,,,,,,,,
1779371304.1012,plane,3816,,,,,,,,,
1779371304.1971,plane,3817,,,,,,,,,
1779371304.2936,plane,3818,,,,,,,,,
1779371304.4059,plane,3819,,,,,,,,,
1779371304.5013,plane,3820,,,,,,,,,
1779371304.5976,plane,3821,,,,,,,,,
1779371304.6937,plane,3822,,,,,,,,,
1779371304.8050,plane,3823,,,,,,,,,
1779371304.9011,plane,3824,,,,,,,,,
1779371304.9971,plane,3825,,,,,,,,,
1779371305.0938,plane,3826,,,,,,,,,
1779371305.2054,plane,3827,,,,,,,,,
1779371305.3014,plane,3828,,,,,,,,,
1779371305.3979,plane,3829,,,,,,,,,
1779371305.4934,plane,3830,,,,,,,,,
1779371305.6051,plane,3831,,,,,,,,,
1779371305.7016,plane,3832,,,,,,,,,
1779371305.7976,plane,3833,,,,,,,,,
1779371305.8938,plane,3834,,,,,,,,,
1779371306.0059,plane,3835,,,,,,,,,
1779371306.1015,plane,3836,,,,,,,,,
1779371306.1975,plane,3837,,,,,,,,,
1779371306.2938,plane,3838,,,,,,,,,
1779371306.4058,plane,3839,,,,,,,,,
1779371306.5014,plane,3840,,,,,,,,,
1779371306.5972,plane,3841,,,,,,,,,
1779371306.6937,plane,3842,,,,,,,,,
1779371306.8052,plane,3843,,,,,,,,,
1779371306.9012,plane,3844,,,,,,,,,
1779371306.9976,plane,3845,,,,,,,,,
1779371307.0935,plane,3846,,,,,,,,,
1779371307.2051,plane,3847,,,,,,,,,
1779371307.3012,plane,3848,,,,,,,,,
1779371307.3976,plane,3849,,,,,,,,,
1779371307.4933,plane,3850,,,,,,,,,
1779371307.6055,plane,3851,,,,,,,,,
1779371307.7016,plane,3852,,,,,,,,,
1779371307.7975,plane,3853,,,,,,,,,
1779371307.8937,plane,3854,,,,,,,,,
1779371308.0052,plane,3855,,,,,,,,,
1779371308.1012,plane,3856,,,,,,,,,
1779371308.1972,plane,3857,,,,,,,,,
1779371308.2936,plane,3858,,,,,,,,,
1779371308.4054,plane,3859,,,,,,,,,
1779371308.5010,plane,3860,,,,,,,,,
1779371308.5974,plane,3861,,,,,,,,,
1779371308.6938,plane,3862,,,,,,,,,
1779371308.8057,plane,3863,,,,,,,,,
1779371308.9014,plane,3864,,,,,,,,,
1779371308.9975,plane,3865,,,,,,,,,
1779371309.0933,plane,3866,,,,,,,,,
1779371309.2058,plane,3867,,,,,,,,,
1779371309.3016,plane,3868,,,,,,,,,
1779371309.3975,plane,3869,,,,,,,,,
1779371309.4942,plane,3870,,,,,,,,,
1779371309.6057,plane,3871,,,,,,,,,
1779371309.7015,plane,3872,,,,,,,,,
1779371309.7976,plane,3873,,,,,,,,,
1779371309.8941,plane,3874,,,,,,,,,
1779371310.0065,plane,3875,,,,,,,,,
1779371310.1013,plane,3876,,,,,,,,,
1779371310.1973,plane,3877,,,,,,,,,
1779371310.2933,plane,3878,,,,,,,,,
1779371310.4061,plane,3879,,,,,,,,,
1779371310.5016,plane,3880,,,,,,,,,
1779371310.5976,plane,3881,,,,,,,,,
1779371310.6930,plane,3882,,,,,,,,,
1779371310.8053,plane,3883,,,,,,,,,
1779371310.9016,plane,3884,,,,,,,,,
1779371310.9974,plane,3885,,,,,,,,,
1779371311.0934,plane,3886,,,,,,,,,
1779371311.2057,plane,3887,,,,,,,,,
1779371311.3012,plane,3888,,,,,,,,,
1779371311.3978,plane,3889,,,,,,,,,
1779371311.4939,plane,3890,,,,,,,,,
1779371311.6053,plane,3891,,,,,,,,,
1779371311.7012,plane,3892,,,,,,,,,
1779371311.7974,plane,3893,,,,,,,,,
1779371311.8936,plane,3894,,,,,,,,,
1779371312.0055,plane,3895,,,,,,,,,
1779371312.1018,plane,3896,,,,,,,,,
1779371312.1974,plane,3897,,,,,,,,,
1779371312.2930,plane,3898,,,,,,,,,
1779371312.4056,plane,3899,,,,,,,,,
1779371312.5015,plane,3900,,,,,,,,,
1779371312.5981,plane,3901,,,,,,,,,
1779371312.6941,plane,3902,,,,,,,,,
1779371312.8057,plane,3903,,,,,,,,,
1779371312.9013,plane,3904,,,,,,,,,
1779371312.9978,plane,3905,,,,,,,,,
1779371313.0937,plane,3906,,,,,,,,,
1779371313.2056,plane,3907,,,,,,,,,
1779371313.3015,plane,3908,,,,,,,,,
1779371313.3980,plane,3909,,,,,,,,,
1779371313.4932,plane,3910,,,,,,,,,
1779371313.6056,plane,3911,,,,,,,,,
1779371313.7011,plane,3912,,,,,,,,,
1779371313.7974,plane,3913,,,,,,,,,
1779371313.8933,plane,3914,,,,,,,,,
1779371314.0052,plane,3915,,,,,,,,,
1779371314.1019,plane,3916,,,,,,,,,
1779371314.1973,plane,3917,,,,,,,,,
1779371314.2935,plane,3918,,,,,,,,,
1779371314.4052,plane,3919,,,,,,,,,
1779371314.5013,plane,3920,,,,,,,,,
1779371314.5975,plane,3921,,,,,,,,,
1779371314.6932,plane,3922,,,,,,,,,
1779371314.8058,plane,3923,,,,,,,,,
1779371314.9013,plane,3924,,,,,,,,,
1779371314.9976,plane,3925,,,,,,,,,
1779371315.0939,plane,3926,,,,,,,,,
1779371315.2056,plane,3927,,,,,,,,,
1779371315.3014,plane,3928,,,,,,,,,
1779371315.3972,plane,3929,,,,,,,,,
1779371315.4935,plane,3930,,,,,,,,,
1779371315.6054,plane,3931,,,,,,,,,
1779371315.7015,plane,3932,,,,,,,,,
1779371315.7973,plane,3933,,,,,,,,,
1779371315.8937,plane,3934,,,,,,,,,
1779371316.0054,plane,3935,,,,,,,,,
1779371316.1016,plane,3936,,,,,,,,,
1779371316.1973,plane,3937,,,,,,,,,
1779371316.2937,plane,3938,,,,,,,,,
1779371316.4055,plane,3939,,,,,,,,,
1779371316.5017,plane,3940,,,,,,,,,
1779371316.5981,plane,3941,,,,,,,,,
1779371316.6936,plane,3942,,,,,,,,,
1779371316.8055,plane,3943,,,,,,,,,
1779371316.9019,plane,3944,,,,,,,,,
1779371316.9978,plane,3945,,,,,,,,,
1779371317.0934,plane,3946,,,,,,,,,
1779371317.2054,plane,3947,,,,,,,,,
1779371317.3013,plane,3948,,,,,,,,,
1779371317.3979,plane,3949,,,,,,,,,
1779371317.4938,plane,3950,,,,,,,,,
1779371317.6049,plane,3951,,,,,,,,,
1779371317.7010,plane,3952,,,,,,,,,
1779371317.7978,plane,3953,,,,,,,,,
1779371317.8934,plane,3954,,,,,,,,,
1779371318.0052,plane,3955,,,,,,,,,
1779371318.1015,plane,3956,,,,,,,,,
1779371318.1978,plane,3957,,,,,,,,,
1779371318.2934,plane,3958,,,,,,,,,
1779371318.4058,plane,3959,,,,,,,,,
1779371318.5016,plane,3960,,,,,,,,,
1779371318.5973,plane,3961,,,,,,,,,
1779371318.6940,plane,3962,,,,,,,,,
1779371318.8055,plane,3963,,,,,,,,,
1779371318.9012,plane,3964,,,,,,,,,
1779371318.9974,plane,3965,,,,,,,,,
1779371319.0935,plane,3966,,,,,,,,,
1779371319.2053,plane,3967,,,,,,,,,
1779371319.3013,plane,3968,,,,,,,,,
1779371319.3973,plane,3969,,,,,,,,,
1779371319.4936,plane,3970,,,,,,,,,
1779371319.6054,plane,3971,,,,,,,,,
1779371319.7017,plane,3972,,,,,,,,,
1779371319.7976,plane,3973,,,,,,,,,
1779371319.8934,plane,3974,,,,,,,,,
1779371320.0058,plane,3975,,,,,,,,,
1779371320.1017,plane,3976,,,,,,,,,
1779371320.1973,plane,3977,,,,,,,,,
1779371320.2945,plane,3978,,,,,,,,,
1779371320.4056,plane,3979,,,,,,,,,
1779371320.5016,plane,3980,,,,,,,,,
1779371320.5976,plane,3981,,,,,,,,,
1779371320.6934,plane,3982,,,,,,,,,
1779371320.8056,plane,3983,,,,,,,,,
1779371320.9017,plane,3984,,,,,,,,,
1779371320.9976,plane,3985,,,,,,,,,
1779371321.0930,plane,3986,,,,,,,,,
1779371321.2058,plane,3987,,,,,,,,,
1779371321.3015,plane,3988,,,,,,,,,
1779371321.3973,plane,3989,,,,,,,,,
1779371321.4937,plane,3990,,,,,,,,,
1779371321.6054,plane,3991,,,,,,,,,
1779371321.7015,plane,3992,,,,,,,,,
1779371321.7974,plane,3993,,,,,,,,,
1779371321.8932,plane,3994,,,,,,,,,
1779371322.0051,plane,3995,,,,,,,,,
1779371322.1011,plane,3996,,,,,,,,,
1779371322.1974,plane,3997,,,,,,,,,
1779371322.2936,plane,3998,,,,,,,,,
1779371322.4052,plane,3999,,,,,,,,,
1779371322.5013,plane,4000,,,,,,,,,
1779371322.5975,plane,4001,,,,,,,,,
1779371322.6930,plane,4002,,,,,,,,,
1779371322.8054,plane,4003,,,,,,,,,
1779371322.9019,plane,4004,,,,,,,,,
1779371322.9977,plane,4005,,,,,,,,,
1779371323.0935,plane,4006,,,,,,,,,
1779371323.2060,plane,4007,,,,,,,,,
1779371323.3014,plane,4008,,,,,,,,,
1779371323.3975,plane,4009,,,,,,,,,
1779371323.4933,plane,4010,,,,,,,,,
1779371323.6055,plane,4011,,,,,,,,,
1779371323.7012,plane,4012,,,,,,,,,
1779371323.7981,plane,4013,,,,,,,,,
1779371323.8936,plane,4014,,,,,,,,,
1779371324.0052,plane,4015,,,,,,,,,
1779371324.1012,plane,4016,,,,,,,,,
1779371324.1977,plane,4017,,,,,,,,,
1779371324.2936,plane,4018,,,,,,,,,
1779371324.4053,plane,4019,,,,,,,,,
1779371324.5017,plane,4020,,,,,,,,,
1779371324.5973,plane,4021,,,,,,,,,
1779371324.6934,plane,4022,,,,,,,,,
1779371324.8054,plane,4023,,,,,,,,,
1779371324.9009,plane,4024,,,,,,,,,
1779371324.9974,plane,4025,,,,,,,,,
1779371325.0935,plane,4026,,,,,,,,,
1779371325.2053,plane,4027,,,,,,,,,
1779371325.3011,plane,4028,,,,,,,,,
1779371325.3973,plane,4029,,,,,,,,,
1779371325.4938,plane,4030,,,,,,,,,
1779371325.6055,plane,4031,,,,,,,,,
1779371325.7014,plane,4032,,,,,,,,,
1779371325.7977,plane,4033,,,,,,,,,
1779371325.8937,plane,4034,,,,,,,,,
1779371326.0052,plane,4035,,,,,,,,,
1779371326.1015,plane,4036,,,,,,,,,
1779371326.1975,plane,4037,,,,,,,,,
1779371326.2936,plane,4038,,,,,,,,,
1779371326.4053,plane,4039,,,,,,,,,
1779371326.5011,plane,4040,,,,,,,,,
1779371326.5975,plane,4041,,,,,,,,,
1779371326.6934,plane,4042,,,,,,,,,
1779371326.8055,plane,4043,,,,,,,,,
1779371326.9013,plane,4044,,,,,,,,,
1779371326.9978,plane,4045,,,,,,,,,
1779371327.0940,plane,4046,,,,,,,,,
1779371327.2056,plane,4047,,,,,,,,,
1779371327.3015,plane,4048,,,,,,,,,
1779371327.3990,plane,4049,,,,,,,,,
1779371327.4937,plane,4050,,,,,,,,,
1779371327.6054,plane,4051,,,,,,,,,
1779371327.7015,plane,4052,,,,,,,,,
1779371327.7973,plane,4053,,,,,,,,,
1779371327.8933,plane,4054,,,,,,,,,
1779371328.0054,plane,4055,,,,,,,,,
1779371328.1012,plane,4056,,,,,,,,,
1779371328.1976,plane,4057,,,,,,,,,
1779371328.2932,plane,4058,,,,,,,,,
1779371328.4049,plane,4059,,,,,,,,,
1779371328.5014,plane,4060,,,,,,,,,
1779371328.5974,plane,4061,,,,,,,,,
1779371328.6937,plane,4062,,,,,,,,,
1779371328.8055,plane,4063,,,,,,,,,
1779371328.9015,plane,4064,,,,,,,,,
1779371328.9973,plane,4065,,,,,,,,,
1779371329.0938,plane,4066,,,,,,,,,
1779371329.2054,plane,4067,,,,,,,,,
1779371329.3014,plane,4068,,,,,,,,,
1779371329.3972,plane,4069,,,,,,,,,
1779371329.4940,plane,4070,,,,,,,,,
1779371329.6056,plane,4071,,,,,,,,,
1779371329.7015,plane,4072,,,,,,,,,
1779371329.7974,plane,4073,,,,,,,,,
1779371329.8940,plane,4074,,,,,,,,,
1779371330.0056,plane,4075,,,,,,,,,
1779371330.1014,plane,4076,,,,,,,,,
1779371330.1971,plane,4077,,,,,,,,,
1779371330.2934,plane,4078,,,,,,,,,
1779371330.4055,plane,4079,,,,,,,,,
1779371330.5019,plane,4080,,,,,,,,,
1779371330.5978,plane,4081,,,,,,,,,
1779371330.6936,plane,4082,,,,,,,,,
1779371330.8059,plane,4083,,,,,,,,,
1779371330.9013,plane,4084,,,,,,,,,
1779371330.9976,plane,4085,,,,,,,,,
1779371331.0934,plane,4086,,,,,,,,,
1779371331.2055,plane,4087,,,,,,,,,
1779371331.3014,plane,4088,,,,,,,,,
1779371331.3972,plane,4089,,,,,,,,,
1779371331.4932,plane,4090,,,,,,,,,
1779371331.6052,plane,4091,,,,,,,,,
1779371331.7020,plane,4092,,,,,,,,,
1779371331.7991,plane,4093,,,,,,,,,
1779371331.8936,plane,4094,,,,,,,,,
1779371332.0051,plane,4095,,,,,,,,,
1779371332.1013,plane,4096,,,,,,,,,
1779371332.1976,plane,4097,,,,,,,,,
1779371332.2935,plane,4098,,,,,,,,,
1779371332.4052,plane,4099,,,,,,,,,
1779371332.5016,plane,4100,,,,,,,,,
1779371332.5975,plane,4101,,,,,,,,,
1779371332.6930,plane,4102,,,,,,,,,
1779371332.8052,plane,4103,,,,,,,,,
1779371332.9013,plane,4104,,,,,,,,,
1779371332.9976,plane,4105,,,,,,,,,
1779371333.0937,plane,4106,,,,,,,,,
1779371333.2058,plane,4107,,,,,,,,,
1779371333.3010,plane,4108,,,,,,,,,
1779371333.3973,plane,4109,,,,,,,,,
1779371333.4933,plane,4110,,,,,,,,,
1779371333.6055,plane,4111,,,,,,,,,
1779371333.7015,plane,4112,,,,,,,,,
1779371333.7974,plane,4113,,,,,,,,,
1779371333.8937,plane,4114,,,,,,,,,
1779371334.0054,plane,4115,,,,,,,,,
1779371334.1016,plane,4116,,,,,,,,,
1779371334.1972,plane,4117,,,,,,,,,
1779371334.2937,plane,4118,,,,,,,,,
1779371334.4056,plane,4119,,,,,,,,,
1779371334.5016,plane,4120,,,,,,,,,
1779371334.5979,plane,4121,,,,,,,,,
1779371334.6938,plane,4122,,,,,,,,,
1779371334.8052,plane,4123,,,,,,,,,
1779371334.9017,plane,4124,,,,,,,,,
1779371334.9979,plane,4125,,,,,,,,,
1779371335.0932,plane,4126,,,,,,,,,
1779371335.2052,plane,4127,,,,,,,,,
1779371335.3018,plane,4128,,,,,,,,,
1779371335.3975,plane,4129,,,,,,,,,
1779371335.4934,plane,4130,,,,,,,,,
1779371335.6061,plane,4131,,,,,,,,,
1779371335.7014,plane,4132,,,,,,,,,
1779371335.7974,plane,4133,,,,,,,,,
1779371335.8940,plane,4134,,,,,,,,,
1779371336.0050,plane,4135,,,,,,,,,
1779371336.1012,plane,4136,,,,,,,,,
1779371336.1973,plane,4137,,,,,,,,,
1779371336.2938,plane,4138,,,,,,,,,
1779371336.4055,plane,4139,,,,,,,,,
1779371336.5017,plane,4140,,,,,,,,,
1779371336.5973,plane,4141,,,,,,,,,
1779371336.6936,plane,4142,,,,,,,,,
1779371336.8049,plane,4143,,,,,,,,,
1779371336.9015,plane,4144,,,,,,,,,
1779371336.9974,plane,4145,,,,,,,,,
1779371337.0938,plane,4146,,,,,,,,,
1779371337.2062,plane,4147,,,,,,,,,
1779371337.3011,plane,4148,,,,,,,,,
1779371337.3978,plane,4149,,,,,,,,,
1779371337.4935,plane,4150,,,,,,,,,
1779371337.6058,plane,4151,,,,,,,,,
1779371337.7013,plane,4152,,,,,,,,,
1779371337.7971,plane,4153,,,,,,,,,
1779371337.8940,plane,4154,,,,,,,,,
1779371338.0051,plane,4155,,,,,,,,,
1779371338.1018,plane,4156,,,,,,,,,
1779371338.1977,plane,4157,,,,,,,,,
1779371338.2935,plane,4158,,,,,,,,,
1779371338.4053,plane,4159,,,,,,,,,
1779371338.5019,plane,4160,,,,,,,,,
1779371338.5976,plane,4161,,,,,,,,,
1779371338.6932,plane,4162,,,,,,,,,
1779371338.8057,plane,4163,,,,,,,,,
1779371338.9013,plane,4164,,,,,,,,,
1779371338.9974,plane,4165,,,,,,,,,
1779371339.0934,plane,4166,,,,,,,,,
1779371339.2055,plane,4167,,,,,,,,,
1779371339.3012,plane,4168,,,,,,,,,
1779371339.3977,plane,4169,,,,,,,,,
1779371339.4935,plane,4170,,,,,,,,,
1779371339.6054,plane,4171,,,,,,,,,
1779371339.7014,plane,4172,,,,,,,,,
1779371339.7975,plane,4173,,,,,,,,,
1779371339.8932,plane,4174,,,,,,,,,
1779371340.0057,plane,4175,,,,,,,,,
1779371340.1015,plane,4176,,,,,,,,,
1779371340.1970,plane,4177,,,,,,,,,
1779371340.2932,plane,4178,,,,,,,,,
1779371340.4056,plane,4179,,,,,,,,,
1779371340.5017,plane,4180,,,,,,,,,
1779371340.5975,plane,4181,,,,,,,,,
1779371340.6935,plane,4182,,,,,,,,,
1779371340.8053,plane,4183,,,,,,,,,
1779371340.9012,plane,4184,,,,,,,,,
1779371340.9977,plane,4185,,,,,,,,,
1779371341.0933,plane,4186,,,,,,,,,
1779371341.2053,plane,4187,,,,,,,,,
1779371341.3013,plane,4188,,,,,,,,,
1779371341.3974,plane,4189,,,,,,,,,
1779371341.4933,plane,4190,,,,,,,,,
1779371341.6061,plane,4191,,,,,,,,,
1779371341.7020,plane,4192,,,,,,,,,
1779371341.7973,plane,4193,,,,,,,,,
1779371341.8937,plane,4194,,,,,,,,,
1779371342.0055,plane,4195,,,,,,,,,
1779371342.1011,plane,4196,,,,,,,,,
1779371342.1978,plane,4197,,,,,,,,,
1779371342.2939,plane,4198,,,,,,,,,
1779371342.4053,plane,4199,,,,,,,,,
1779371342.5012,plane,4200,,,,,,,,,
1779371342.5973,plane,4201,,,,,,,,,
1779371342.6932,plane,4202,,,,,,,,,
1779371342.8054,plane,4203,,,,,,,,,
1779371342.9020,plane,4204,,,,,,,,,
1779371342.9975,plane,4205,,,,,,,,,
1779371343.0934,plane,4206,,,,,,,,,
1779371343.2051,plane,4207,,,,,,,,,
1779371343.3014,plane,4208,,,,,,,,,
1779371343.3974,plane,4209,,,,,,,,,
1779371343.4929,plane,4210,,,,,,,,,
1779371343.6056,plane,4211,,,,,,,,,
1779371343.7017,plane,4212,,,,,,,,,
1779371343.7974,plane,4213,,,,,,,,,
1779371343.8933,plane,4214,,,,,,,,,
1779371344.0053,plane,4215,,,,,,,,,
1779371344.1012,plane,4216,,,,,,,,,
1779371344.1977,plane,4217,,,,,,,,,
1779371344.2938,plane,4218,,,,,,,,,
1779371344.4052,plane,4219,,,,,,,,,
1779371344.5013,plane,4220,,,,,,,,,
1779371344.5975,plane,4221,,,,,,,,,
1779371344.6931,plane,4222,,,,,,,,,
1779371344.8055,plane,4223,,,,,,,,,
1779371344.9014,plane,4224,,,,,,,,,
1779371344.9971,plane,4225,,,,,,,,,
1779371345.0933,plane,4226,,,,,,,,,
1779371345.2059,plane,4227,,,,,,,,,
1779371345.3012,plane,4228,,,,,,,,,
1779371345.3974,plane,4229,,,,,,,,,
1779371345.4935,plane,4230,,,,,,,,,
1779371345.6051,plane,4231,,,,,,,,,
1779371345.7012,plane,4232,,,,,,,,,
1779371345.7977,plane,4233,,,,,,,,,
1779371345.8935,plane,4234,,,,,,,,,
1779371346.0058,plane,4235,,,,,,,,,
1779371346.1013,plane,4236,,,,,,,,,
1779371346.1973,plane,4237,,,,,,,,,
1779371346.2937,plane,4238,,,,,,,,,
1779371346.4057,plane,4239,,,,,,,,,
1779371346.5011,plane,4240,,,,,,,,,
1779371346.5973,plane,4241,,,,,,,,,
1779371346.6932,plane,4242,,,,,,,,,
1779371346.8052,plane,4243,,,,,,,,,
1779371346.9016,plane,4244,,,,,,,,,
1779371346.9975,plane,4245,,,,,,,,,
1779371347.0934,plane,4246,,,,,,,,,
1779371347.2054,plane,4247,,,,,,,,,
1779371347.3012,plane,4248,,,,,,,,,
1779371347.3971,plane,4249,,,,,,,,,
1779371347.4943,plane,4250,,,,,,,,,
1779371347.6056,plane,4251,,,,,,,,,
1779371347.7013,plane,4252,,,,,,,,,
1779371347.7973,plane,4253,,,,,,,,,
1779371347.8939,plane,4254,,,,,,,,,
1779371348.0059,plane,4255,,,,,,,,,
1779371348.1014,plane,4256,,,,,,,,,
1779371348.1972,plane,4257,,,,,,,,,
1779371348.2938,plane,4258,,,,,,,,,
1779371348.4058,plane,4259,,,,,,,,,
1779371348.5012,plane,4260,,,,,,,,,
1779371348.5976,plane,4261,,,,,,,,,
1779371348.6936,plane,4262,,,,,,,,,
1779371348.8056,plane,4263,,,,,,,,,
1779371348.9011,plane,4264,,,,,,,,,
1779371348.9978,plane,4265,,,,,,,,,
1779371349.0937,plane,4266,,,,,,,,,
1779371349.2058,plane,4267,,,,,,,,,
1779371349.3015,plane,4268,,,,,,,,,
1779371349.3978,plane,4269,,,,,,,,,
1779371349.4934,plane,4270,,,,,,,,,
1779371349.6056,plane,4271,,,,,,,,,
1779371349.7013,plane,4272,,,,,,,,,
1779371349.7978,plane,4273,,,,,,,,,
1779371349.8944,plane,4274,,,,,,,,,
1779371350.0053,plane,4275,,,,,,,,,
1779371350.1015,plane,4276,,,,,,,,,
1779371350.1975,plane,4277,,,,,,,,,
1779371350.2936,plane,4278,,,,,,,,,
1779371350.4059,plane,4279,,,,,,,,,
1779371350.5013,plane,4280,,,,,,,,,
1779371350.5975,plane,4281,,,,,,,,,
1779371350.6935,plane,4282,,,,,,,,,
1779371350.8054,plane,4283,,,,,,,,,
1779371350.9017,plane,4284,,,,,,,,,
1779371350.9976,plane,4285,,,,,,,,,
1779371351.0937,plane,4286,,,,,,,,,
1779371351.2052,plane,4287,,,,,,,,,
1779371351.3013,plane,4288,,,,,,,,,
1779371351.3975,plane,4289,,,,,,,,,
1779371351.4936,plane,4290,,,,,,,,,
1779371351.6057,plane,4291,,,,,,,,,
1779371351.7013,plane,4292,,,,,,,,,
1779371351.7973,plane,4293,,,,,,,,,
1779371351.8931,plane,4294,,,,,,,,,
1779371352.0056,plane,4295,,,,,,,,,
1779371352.1015,plane,4296,,,,,,,,,
1779371352.1977,plane,4297,,,,,,,,,
1779371352.2932,plane,4298,,,,,,,,,
1779371352.4053,plane,4299,,,,,,,,,
1779371352.5016,plane,4300,,,,,,,,,
1779371352.5974,plane,4301,,,,,,,,,
1779371352.6937,plane,4302,,,,,,,,,
1779371352.8058,plane,4303,,,,,,,,,
1779371352.9010,plane,4304,,,,,,,,,
1779371352.9975,plane,4305,,,,,,,,,
1779371353.0935,plane,4306,,,,,,,,,
1779371353.2060,plane,4307,,,,,,,,,
1779371353.3014,plane,4308,,,,,,,,,
1779371353.3976,plane,4309,,,,,,,,,
1779371353.4931,plane,4310,,,,,,,,,
1779371353.6052,plane,4311,,,,,,,,,
1779371353.7013,plane,4312,,,,,,,,,
1779371353.7982,plane,4313,,,,,,,,,
1779371353.8939,plane,4314,,,,,,,,,
1779371354.0057,plane,4315,,,,,,,,,
1779371354.1009,plane,4316,,,,,,,,,
1779371354.1977,plane,4317,,,,,,,,,
1779371354.2934,plane,4318,,,,,,,,,
1779371354.4057,plane,4319,,,,,,,,,
1779371354.5016,plane,4320,,,,,,,,,
1779371354.5977,plane,4321,,,,,,,,,
1779371354.6935,plane,4322,,,,,,,,,
1779371354.8052,plane,4323,,,,,,,,,
1779371354.9017,plane,4324,,,,,,,,,
1779371354.9979,plane,4325,,,,,,,,,
1779371355.0934,plane,4326,,,,,,,,,
1779371355.2052,plane,4327,,,,,,,,,
1779371355.3014,plane,4328,,,,,,,,,
1779371355.3980,plane,4329,,,,,,,,,
1779371355.4935,plane,4330,,,,,,,,,
1779371355.6053,plane,4331,,,,,,,,,
1779371355.7012,plane,4332,,,,,,,,,
1779371355.7977,plane,4333,,,,,,,,,
1779371355.8937,plane,4334,,,,,,,,,
1779371356.0059,plane,4335,,,,,,,,,
1779371356.1012,plane,4336,,,,,,,,,
1779371356.1976,plane,4337,,,,,,,,,
1779371356.2936,plane,4338,,,,,,,,,
1779371356.4053,plane,4339,,,,,,,,,
1779371356.5015,plane,4340,,,,,,,,,
1779371356.5983,plane,4341,,,,,,,,,
1779371356.6932,plane,4342,,,,,,,,,
1779371356.8058,plane,4343,,,,,,,,,
1779371356.9022,plane,4344,,,,,,,,,
1779371356.9976,plane,4345,,,,,,,,,
1779371357.0934,plane,4346,,,,,,,,,
1779371357.2057,plane,4347,,,,,,,,,
1779371357.3011,plane,4348,,,,,,,,,
1779371357.3976,plane,4349,,,,,,,,,
1779371357.4939,plane,4350,,,,,,,,,
1779371357.6053,plane,4351,,,,,,,,,
1779371357.7015,plane,4352,,,,,,,,,
1779371357.7978,plane,4353,,,,,,,,,
1779371357.8931,plane,4354,,,,,,,,,
1779371358.0058,plane,4355,,,,,,,,,
1779371358.1015,plane,4356,,,,,,,,,
1779371358.1975,plane,4357,,,,,,,,,
1779371358.2937,plane,4358,,,,,,,,,
1779371358.4063,plane,4359,,,,,,,,,
1779371358.5015,plane,4360,,,,,,,,,
1779371358.5972,plane,4361,,,,,,,,,
1779371358.6935,plane,4362,,,,,,,,,
1779371358.8050,plane,4363,,,,,,,,,
1779371358.9019,plane,4364,,,,,,,,,
1779371358.9979,plane,4365,,,,,,,,,
1779371359.0933,plane,4366,,,,,,,,,
1779371359.2051,plane,4367,,,,,,,,,
1779371359.3018,plane,4368,,,,,,,,,
1779371359.3975,plane,4369,,,,,,,,,
1779371359.4934,plane,4370,,,,,,,,,
1779371359.6054,plane,4371,,,,,,,,,
1779371359.7013,plane,4372,,,,,,,,,
1779371359.7983,plane,4373,,,,,,,,,
1779371359.8935,plane,4374,,,,,,,,,
1779371360.0059,plane,4375,,,,,,,,,
1779371360.1019,plane,4376,,,,,,,,,
1779371360.1975,plane,4377,,,,,,,,,
1779371360.2934,plane,4378,,,,,,,,,
1779371360.4056,plane,4379,,,,,,,,,
1779371360.5011,plane,4380,,,,,,,,,
1779371360.5978,plane,4381,,,,,,,,,
1779371360.6943,plane,4382,,,,,,,,,
1779371360.8052,plane,4383,,,,,,,,,
1779371360.9016,plane,4384,,,,,,,,,
1779371360.9975,plane,4385,,,,,,,,,
1779371361.0934,plane,4386,,,,,,,,,
1779371361.2056,plane,4387,,,,,,,,,
1779371361.3014,plane,4388,,,,,,,,,
1779371361.3974,plane,4389,,,,,,,,,
1779371361.4936,plane,4390,,,,,,,,,
1779371361.6059,plane,4391,,,,,,,,,
1779371361.7009,plane,4392,,,,,,,,,
1779371361.7973,plane,4393,,,,,,,,,
1779371361.8932,plane,4394,,,,,,,,,
1779371362.0059,plane,4395,,,,,,,,,
1779371362.1017,plane,4396,,,,,,,,,
1779371362.1976,plane,4397,,,,,,,,,
1779371362.2935,plane,4398,,,,,,,,,
1779371362.4054,plane,4399,,,,,,,,,
1779371362.5014,plane,4400,,,,,,,,,
1779371362.5975,plane,4401,,,,,,,,,
1779371362.6938,plane,4402,,,,,,,,,
1779371362.8055,plane,4403,,,,,,,,,
1779371362.9014,plane,4404,,,,,,,,,
1779371362.9974,plane,4405,,,,,,,,,
1779371363.0937,plane,4406,,,,,,,,,
1779371363.2053,plane,4407,,,,,,,,,
1779371363.3012,plane,4408,,,,,,,,,
1779371363.3977,plane,4409,,,,,,,,,
1779371363.4935,plane,4410,,,,,,,,,
1779371363.6055,plane,4411,,,,,,,,,
1779371363.7014,plane,4412,,,,,,,,,
1779371363.7976,plane,4413,,,,,,,,,
1779371363.8934,plane,4414,,,,,,,,,
1779371364.0057,plane,4415,,,,,,,,,
1779371364.1015,plane,4416,,,,,,,,,
1779371364.1979,plane,4417,,,,,,,,,
1779371364.2938,plane,4418,,,,,,,,,
1779371364.4057,plane,4419,,,,,,,,,
1779371364.5015,plane,4420,,,,,,,,,
1779371364.5977,plane,4421,,,,,,,,,
1779371364.6933,plane,4422,,,,,,,,,
1779371364.8057,plane,4423,,,,,,,,,
1779371364.9014,plane,4424,,,,,,,,,
1779371364.9979,plane,4425,,,,,,,,,
1779371365.0937,plane,4426,,,,,,,,,
1779371365.2056,plane,4427,,,,,,,,,
1779371365.3011,plane,4428,,,,,,,,,
1779371365.3976,plane,4429,,,,,,,,,
1779371365.4933,plane,4430,,,,,,,,,
1779371365.6055,plane,4431,,,,,,,,,
1779371365.7017,plane,4432,,,,,,,,,
1779371365.7973,plane,4433,,,,,,,,,
1779371365.8933,plane,4434,,,,,,,,,
1779371366.0055,plane,4435,,,,,,,,,
1779371366.1016,plane,4436,,,,,,,,,
1779371366.1974,plane,4437,,,,,,,,,
1779371366.2932,plane,4438,,,,,,,,,
1779371366.4054,plane,4439,,,,,,,,,
1779371366.5014,plane,4440,,,,,,,,,
1779371366.5975,plane,4441,,,,,,,,,
1779371366.6932,plane,4442,,,,,,,,,
1779371366.8053,plane,4443,,,,,,,,,
1779371366.9013,plane,4444,,,,,,,,,
1779371366.9975,plane,4445,,,,,,,,,
1779371367.0935,plane,4446,,,,,,,,,
1779371367.2051,plane,4447,,,,,,,,,
1779371367.3017,plane,4448,,,,,,,,,
1779371367.3976,plane,4449,,,,,,,,,
1779371367.4936,plane,4450,,,,,,,,,
1779371367.6055,plane,4451,,,,,,,,,
1779371367.7016,plane,4452,,,,,,,,,
1779371367.7977,plane,4453,,,,,,,,,
1779371367.8941,plane,4454,,,,,,,,,
1779371368.0064,plane,4455,,,,,,,,,
1779371368.1012,plane,4456,,,,,,,,,
1779371368.1977,plane,4457,,,,,,,,,
1779371368.2941,plane,4458,,,,,,,,,
1779371368.4052,plane,4459,,,,,,,,,
1779371368.5014,plane,4460,,,,,,,,,
1779371368.5970,plane,4461,,,,,,,,,
1779371368.6934,plane,4462,,,,,,,,,
1779371368.8056,plane,4463,,,,,,,,,
1779371368.9012,plane,4464,,,,,,,,,
1779371368.9974,plane,4465,,,,,,,,,
1779371369.0938,plane,4466,,,,,,,,,
1779371369.2052,plane,4467,,,,,,,,,
1779371369.3012,plane,4468,,,,,,,,,
1779371369.3976,plane,4469,,,,,,,,,
1779371369.4935,plane,4470,,,,,,,,,
1779371369.6053,plane,4471,,,,,,,,,
1779371369.7014,plane,4472,,,,,,,,,
1779371369.7974,plane,4473,,,,,,,,,
1779371369.8939,plane,4474,,,,,,,,,
1779371370.0055,plane,4475,,,,,,,,,
1779371370.1013,plane,4476,,,,,,,,,
1779371370.1972,plane,4477,,,,,,,,,
1779371370.2936,plane,4478,,,,,,,,,
1779371370.4055,plane,4479,,,,,,,,,
1779371370.5020,plane,4480,,,,,,,,,
1779371370.5976,plane,4481,,,,,,,,,
1779371370.6938,plane,4482,,,,,,,,,
1779371370.8055,plane,4483,,,,,,,,,
1779371370.9018,plane,4484,,,,,,,,,
1779371370.9974,plane,4485,,,,,,,,,
1779371371.0935,plane,4486,,,,,,,,,
1779371371.2058,plane,4487,,,,,,,,,
1779371371.3016,plane,4488,,,,,,,,,
1779371371.3975,plane,4489,,,,,,,,,
1779371371.4934,plane,4490,,,,,,,,,
1779371371.6054,plane,4491,,,,,,,,,
1779371371.7018,plane,4492,,,,,,,,,
1779371371.7975,plane,4493,,,,,,,,,
1779371371.8935,plane,4494,,,,,,,,,
1779371372.0054,plane,4495,,,,,,,,,
1779371372.1014,plane,4496,,,,,,,,,
1779371372.1973,plane,4497,,,,,,,,,
1779371372.2934,plane,4498,,,,,,,,,
1779371372.4054,plane,4499,,,,,,,,,
1779371372.5016,plane,4500,,,,,,,,,
1779371372.5972,plane,4501,,,,,,,,,
1779371372.6933,plane,4502,,,,,,,,,
1779371372.8066,plane,4503,,,,,,,,,
1779371372.9010,plane,4504,,,,,,,,,
1779371372.9973,plane,4505,,,,,,,,,
1779371373.0934,plane,4506,,,,,,,,,
1779371373.2056,plane,4507,,,,,,,,,
1779371373.3012,plane,4508,,,,,,,,,
1779371373.3972,plane,4509,,,,,,,,,
1779371373.4933,plane,4510,,,,,,,,,
1779371373.6055,plane,4511,,,,,,,,,
1779371373.7017,plane,4512,,,,,,,,,
1779371373.7975,plane,4513,,,,,,,,,
1779371373.8937,plane,4514,,,,,,,,,
1779371374.0056,plane,4515,,,,,,,,,
1779371374.1019,plane,4516,,,,,,,,,
1779371374.1974,plane,4517,,,,,,,,,
1779371374.2942,plane,4518,,,,,,,,,
1779371374.4059,plane,4519,,,,,,,,,
1779371374.5014,plane,4520,,,,,,,,,
1779371374.5978,plane,4521,,,,,,,,,
1779371374.6934,plane,4522,,,,,,,,,
1779371374.8053,plane,4523,,,,,,,,,
1779371374.9017,plane,4524,,,,,,,,,
1779371374.9976,plane,4525,,,,,,,,,
1779371375.0934,plane,4526,,,,,,,,,
1779371375.2058,plane,4527,,,,,,,,,
1779371375.3019,plane,4528,,,,,,,,,
1779371375.3972,plane,4529,,,,,,,,,
1779371375.4938,plane,4530,,,,,,,,,
1779371375.6057,plane,4531,,,,,,,,,
1779371375.7014,plane,4532,,,,,,,,,
1779371375.7973,plane,4533,,,,,,,,,
1779371375.8936,plane,4534,,,,,,,,,
1779371376.0055,plane,4535,,,,,,,,,
1779371376.1012,plane,4536,,,,,,,,,
1779371376.1977,plane,4537,,,,,,,,,
1779371376.2933,plane,4538,,,,,,,,,
1779371376.4055,plane,4539,,,,,,,,,
1779371376.5012,plane,4540,,,,,,,,,
1779371376.5975,plane,4541,,,,,,,,,
1779371376.6936,plane,4542,,,,,,,,,
1779371376.8052,plane,4543,,,,,,,,,
1779371376.9014,plane,4544,,,,,,,,,
1779371376.9974,plane,4545,,,,,,,,,
1779371377.0930,plane,4546,,,,,,,,,
1779371377.2049,plane,4547,,,,,,,,,
1779371377.3017,plane,4548,,,,,,,,,
1779371377.3979,plane,4549,,,,,,,,,
1779371377.4931,plane,4550,,,,,,,,,
1779371377.6052,plane,4551,,,,,,,,,
1779371377.7017,plane,4552,,,,,,,,,
1779371377.7979,plane,4553,,,,,,,,,
1779371377.8936,plane,4554,,,,,,,,,
1779371378.0054,plane,4555,,,,,,,,,
1779371378.1015,plane,4556,,,,,,,,,
1779371378.1977,plane,4557,,,,,,,,,
1779371378.2932,plane,4558,,,,,,,,,
1779371378.4059,plane,4559,,,,,,,,,
1779371378.5019,plane,4560,,,,,,,,,
1779371378.5977,plane,4561,,,,,,,,,
1779371378.6935,plane,4562,,,,,,,,,
1779371378.8057,plane,4563,,,,,,,,,
1779371378.9015,plane,4564,,,,,,,,,
1779371378.9978,plane,4565,,,,,,,,,
1779371379.0937,plane,4566,,,,,,,,,
1779371379.2055,plane,4567,,,,,,,,,
1779371379.3011,plane,4568,,,,,,,,,
1779371379.3973,plane,4569,,,,,,,,,
1779371379.4935,plane,4570,,,,,,,,,
1779371379.6055,plane,4571,,,,,,,,,
1779371379.7017,plane,4572,,,,,,,,,
1779371379.7978,plane,4573,,,,,,,,,
1779371379.8935,plane,4574,,,,,,,,,
1779371380.0055,plane,4575,,,,,,,,,
1779371380.1018,plane,4576,,,,,,,,,
1779371380.1973,plane,4577,,,,,,,,,
1779371380.2937,plane,4578,,,,,,,,,
1779371380.4058,plane,4579,,,,,,,,,
1779371380.5011,plane,4580,,,,,,,,,
1779371380.5972,plane,4581,,,,,,,,,
1779371380.6936,plane,4582,,,,,,,,,
1779371380.8054,plane,4583,,,,,,,,,
1779371380.9020,plane,4584,,,,,,,,,
1779371380.9978,plane,4585,,,,,,,,,
1779371381.0937,plane,4586,,,,,,,,,
1779371381.2054,plane,4587,,,,,,,,,
1779371381.3017,plane,4588,,,,,,,,,
1779371381.3983,plane,4589,,,,,,,,,
1779371381.4934,plane,4590,,,,,,,,,
1779371381.6062,plane,4591,,,,,,,,,
1779371381.7017,plane,4592,,,,,,,,,
1779371381.7975,plane,4593,,,,,,,,,
1779371381.8936,plane,4594,,,,,,,,,
1779371382.0059,plane,4595,,,,,,,,,
1779371382.1016,plane,4596,,,,,,,,,
1779371382.1977,plane,4597,,,,,,,,,
1779371382.2935,plane,4598,,,,,,,,,
1779371382.4056,plane,4599,,,,,,,,,
1779371382.5018,plane,4600,,,,,,,,,
1779371382.5978,plane,4601,,,,,,,,,
1779371382.6935,plane,4602,,,,,,,,,
1779371382.8058,plane,4603,,,,,,,,,
1779371382.9018,plane,4604,,,,,,,,,
1779371382.9983,plane,4605,,,,,,,,,
1779371383.0939,plane,4606,,,,,,,,,
1779371383.2060,plane,4607,,,,,,,,,
1779371383.3017,plane,4608,,,,,,,,,
1779371383.3977,plane,4609,,,,,,,,,
1779371383.4935,plane,4610,,,,,,,,,
1779371383.6059,plane,4611,,,,,,,,,
1779371383.7012,plane,4612,,,,,,,,,
1779371383.7979,plane,4613,,,,,,,,,
1779371383.8935,plane,4614,,,,,,,,,
1779371384.0055,plane,4615,,,,,,,,,
1779371384.1013,plane,4616,,,,,,,,,
1779371384.1974,plane,4617,,,,,,,,,
1779371384.2931,plane,4618,,,,,,,,,
1779371384.4055,plane,4619,,,,,,,,,
1779371384.5017,plane,4620,,,,,,,,,
1779371384.5975,plane,4621,,,,,,,,,
1779371384.6936,plane,4622,,,,,,,,,
1779371384.8053,plane,4623,,,,,,,,,
1779371384.9019,plane,4624,,,,,,,,,
1779371384.9978,plane,4625,,,,,,,,,
1779371385.0938,plane,4626,,,,,,,,,
1779371385.2053,plane,4627,,,,,,,,,
1779371385.3015,plane,4628,,,,,,,,,
1779371385.3973,plane,4629,,,,,,,,,
1779371385.4935,plane,4630,,,,,,,,,
1779371385.6059,plane,4631,,,,,,,,,
1779371385.7016,plane,4632,,,,,,,,,
1779371385.7981,plane,4633,,,,,,,,,
1779371385.8939,plane,4634,,,,,,,,,
1779371386.0062,plane,4635,,,,,,,,,
1779371386.1016,plane,4636,,,,,,,,,
1779371386.1974,plane,4637,,,,,,,,,
1779371386.2940,plane,4638,,,,,,,,,
1779371386.4062,plane,4639,,,,,,,,,
1779371386.5013,plane,4640,,,,,,,,,
1779371386.5979,plane,4641,,,,,,,,,
1779371386.6941,plane,4642,,,,,,,,,
1779371386.8054,plane,4643,,,,,,,,,
1779371386.9020,plane,4644,,,,,,,,,
1779371386.9976,plane,4645,,,,,,,,,
1779371387.0943,plane,4646,,,,,,,,,
1779371387.2058,plane,4647,,,,,,,,,
1779371387.3021,plane,4648,,,,,,,,,
1779371387.3981,plane,4649,,,,,,,,,
1779371387.4935,plane,4650,,,,,,,,,
1779371387.6056,plane,4651,,,,,,,,,
1779371387.7011,plane,4652,,,,,,,,,
1779371387.7972,plane,4653,,,,,,,,,
1779371387.8932,plane,4654,,,,,,,,,
1779371388.0055,plane,4655,,,,,,,,,
1779371388.1016,plane,4656,,,,,,,,,
1779371388.1974,plane,4657,,,,,,,,,
1779371388.2936,plane,4658,,,,,,,,,
1779371388.4054,plane,4659,,,,,,,,,
1779371388.5017,plane,4660,,,,,,,,,
1779371388.5974,plane,4661,,,,,,,,,
1779371388.6934,plane,4662,,,,,,,,,
1779371388.8053,plane,4663,,,,,,,,,
1779371388.9018,plane,4664,,,,,,,,,
1779371388.9976,plane,4665,,,,,,,,,
1779371389.0937,plane,4666,,,,,,,,,
1779371389.2058,plane,4667,,,,,,,,,
1779371389.3016,plane,4668,,,,,,,,,
1779371389.3972,plane,4669,,,,,,,,,
1779371389.4936,plane,4670,,,,,,,,,
1779371389.6053,plane,4671,,,,,,,,,
1779371389.7014,plane,4672,,,,,,,,,
1779371389.7973,plane,4673,,,,,,,,,
1779371389.8941,plane,4674,,,,,,,,,
1779371390.0054,plane,4675,,,,,,,,,
1779371390.1013,plane,4676,,,,,,,,,
1779371390.1971,plane,4677,,,,,,,,,
1779371390.2935,plane,4678,,,,,,,,,
1779371390.4053,plane,4679,,,,,,,,,
1779371390.5014,plane,4680,,,,,,,,,
1779371390.5980,plane,4681,,,,,,,,,
1779371390.6940,plane,4682,,,,,,,,,
1779371390.8061,plane,4683,,,,,,,,,
1779371390.9014,plane,4684,,,,,,,,,
1779371390.9978,plane,4685,,,,,,,,,
1779371391.0938,plane,4686,,,,,,,,,
1779371391.2060,plane,4687,,,,,,,,,
1779371391.3016,plane,4688,,,,,,,,,
1779371391.3975,plane,4689,,,,,,,,,
1779371391.4935,plane,4690,,,,,,,,,
1779371391.6057,plane,4691,,,,,,,,,
1779371391.7018,plane,4692,,,,,,,,,
1779371391.7982,plane,4693,,,,,,,,,
1779371391.8942,plane,4694,,,,,,,,,
1779371392.0054,plane,4695,,,,,,,,,
1779371392.1014,plane,4696,,,,,,,,,
1779371392.1978,plane,4697,,,,,,,,,
1779371392.2937,plane,4698,,,,,,,,,
1779371392.4053,plane,4699,,,,,,,,,
1779371392.5019,plane,4700,,,,,,,,,
1779371392.5980,plane,4701,,,,,,,,,
1779371392.6935,plane,4702,,,,,,,,,
1779371392.8055,plane,4703,,,,,,,,,
1779371392.9017,plane,4704,,,,,,,,,
1779371392.9975,plane,4705,,,,,,,,,
1779371393.0935,plane,4706,,,,,,,,,
1779371393.2057,plane,4707,,,,,,,,,
1779371393.3014,plane,4708,,,,,,,,,
1779371393.3975,plane,4709,,,,,,,,,
1779371393.4935,plane,4710,,,,,,,,,
1779371393.6055,plane,4711,,,,,,,,,
1779371393.7014,plane,4712,,,,,,,,,
1779371393.7976,plane,4713,,,,,,,,,
1779371393.8937,plane,4714,,,,,,,,,
1779371394.0057,plane,4715,,,,,,,,,
1779371394.1019,plane,4716,,,,,,,,,
1779371394.1974,plane,4717,,,,,,,,,
1779371394.2932,plane,4718,,,,,,,,,
1779371394.4061,plane,4719,,,,,,,,,
1779371394.5021,plane,4720,,,,,,,,,
1779371394.5981,plane,4721,,,,,,,,,
1779371394.6934,plane,4722,,,,,,,,,
1779371394.8058,plane,4723,,,,,,,,,
1779371394.9010,plane,4724,,,,,,,,,
1779371394.9978,plane,4725,,,,,,,,,
1779371395.0933,plane,4726,,,,,,,,,
1779371395.2057,plane,4727,,,,,,,,,
1779371395.3021,plane,4728,,,,,,,,,
1779371395.3978,plane,4729,,,,,,,,,
1779371395.4936,plane,4730,,,,,,,,,
1779371395.6057,plane,4731,,,,,,,,,
1779371395.7015,plane,4732,,,,,,,,,
1779371395.7973,plane,4733,,,,,,,,,
1779371395.8939,plane,4734,,,,,,,,,
1779371396.0056,plane,4735,,,,,,,,,
1779371396.1016,plane,4736,,,,,,,,,
1779371396.1975,plane,4737,,,,,,,,,
1779371396.2933,plane,4738,,,,,,,,,
1779371396.4057,plane,4739,,,,,,,,,
1779371396.5014,plane,4740,,,,,,,,,
1779371396.5978,plane,4741,,,,,,,,,
1779371396.6935,plane,4742,,,,,,,,,
1779371396.8061,plane,4743,,,,,,,,,
1779371396.9017,plane,4744,,,,,,,,,
1779371396.9976,plane,4745,,,,,,,,,
1779371397.0941,plane,4746,,,,,,,,,
1779371397.2059,plane,4747,,,,,,,,,
1779371397.3020,plane,4748,,,,,,,,,
1779371397.3981,plane,4749,,,,,,,,,
1779371397.4935,plane,4750,,,,,,,,,
1779371397.6054,plane,4751,,,,,,,,,
1779371397.7014,plane,4752,,,,,,,,,
1779371397.7974,plane,4753,,,,,,,,,
1779371397.8933,plane,4754,,,,,,,,,
1779371398.0053,plane,4755,,,,,,,,,
1779371398.1013,plane,4756,,,,,,,,,
1779371398.1972,plane,4757,,,,,,,,,
1779371398.2939,plane,4758,,,,,,,,,
1779371398.4053,plane,4759,,,,,,,,,
1779371398.5021,plane,4760,,,,,,,,,
1779371398.5984,plane,4761,,,,,,,,,
1779371398.6935,plane,4762,,,,,,,,,
1779371398.8056,plane,4763,,,,,,,,,
1779371398.9017,plane,4764,,,,,,,,,
1779371398.9973,plane,4765,,,,,,,,,
1779371399.0939,plane,4766,,,,,,,,,
1779371399.2058,plane,4767,,,,,,,,,
1779371399.3017,plane,4768,,,,,,,,,
1779371399.3978,plane,4769,,,,,,,,,
1779371399.4942,plane,4770,,,,,,,,,
1779371399.6053,plane,4771,,,,,,,,,
1779371399.7015,plane,4772,,,,,,,,,
1779371399.7978,plane,4773,,,,,,,,,
1779371399.8937,plane,4774,,,,,,,,,
1779371400.0055,plane,4775,,,,,,,,,
1779371400.1022,plane,4776,,,,,,,,,
1779371400.1971,plane,4777,,,,,,,,,
1779371400.2933,plane,4778,,,,,,,,,
1779371400.4056,plane,4779,,,,,,,,,
1779371400.5014,plane,4780,,,,,,,,,
1779371400.5976,plane,4781,,,,,,,,,
1779371400.6935,plane,4782,,,,,,,,,
1779371400.8058,plane,4783,,,,,,,,,
1779371400.9017,plane,4784,,,,,,,,,
1779371400.9979,plane,4785,,,,,,,,,
1779371401.0936,plane,4786,,,,,,,,,
1779371401.2052,plane,4787,,,,,,,,,
1779371401.3014,plane,4788,,,,,,,,,
1779371401.3977,plane,4789,,,,,,,,,
1779371401.4937,plane,4790,,,,,,,,,
1779371401.6054,plane,4791,,,,,,,,,
1779371401.7018,plane,4792,,,,,,,,,
1779371401.7976,plane,4793,,,,,,,,,
1779371401.8934,plane,4794,,,,,,,,,
1779371402.0055,plane,4795,,,,,,,,,
1779371402.1015,plane,4796,,,,,,,,,
1779371402.1973,plane,4797,,,,,,,,,
1779371402.2938,plane,4798,,,,,,,,,
1779371402.4055,plane,4799,,,,,,,,,
1779371402.5012,plane,4800,,,,,,,,,
1779371402.5977,plane,4801,,,,,,,,,
1779371402.6940,plane,4802,,,,,,,,,
1779371402.8054,plane,4803,,,,,,,,,
1779371402.9017,plane,4804,,,,,,,,,
1779371402.9981,plane,4805,,,,,,,,,
1779371403.0934,plane,4806,,,,,,,,,
1779371403.2053,plane,4807,,,,,,,,,
1779371403.3015,plane,4808,,,,,,,,,
1779371403.3973,plane,4809,,,,,,,,,
1779371403.4939,plane,4810,,,,,,,,,
1779371403.6062,plane,4811,,,,,,,,,
1779371403.7013,plane,4812,,,,,,,,,
1779371403.7976,plane,4813,,,,,,,,,
1779371403.8937,plane,4814,,,,,,,,,
1779371404.0060,plane,4815,,,,,,,,,
1779371404.1014,plane,4816,,,,,,,,,
1779371404.1976,plane,4817,,,,,,,,,
1779371404.2935,plane,4818,,,,,,,,,
1779371404.4055,plane,4819,,,,,,,,,
1779371404.5015,plane,4820,,,,,,,,,
1779371404.5975,plane,4821,,,,,,,,,
1779371404.6932,plane,4822,,,,,,,,,
1779371404.8053,plane,4823,,,,,,,,,
1779371404.9017,plane,4824,,,,,,,,,
1779371404.9975,plane,4825,,,,,,,,,
1779371405.0935,plane,4826,,,,,,,,,
1779371405.2054,plane,4827,,,,,,,,,
1779371405.3012,plane,4828,,,,,,,,,
1779371405.3976,plane,4829,,,,,,,,,
1779371405.4935,plane,4830,,,,,,,,,
1779371405.6055,plane,4831,,,,,,,,,
1779371405.7014,plane,4832,,,,,,,,,
1779371405.7976,plane,4833,,,,,,,,,
1779371405.8936,plane,4834,,,,,,,,,
1779371406.0053,plane,4835,,,,,,,,,
1779371406.1016,plane,4836,,,,,,,,,
1779371406.1975,plane,4837,,,,,,,,,
1779371406.2937,plane,4838,,,,,,,,,
1779371406.4056,plane,4839,,,,,,,,,
1779371406.5016,plane,4840,,,,,,,,,
1779371406.5977,plane,4841,,,,,,,,,
1779371406.6935,plane,4842,,,,,,,,,
1779371406.8057,plane,4843,,,,,,,,,
1779371406.9019,plane,4844,,,,,,,,,
1779371406.9981,plane,4845,,,,,,,,,
1779371407.0934,plane,4846,,,,,,,,,
1779371407.2056,plane,4847,,,,,,,,,
1779371407.3015,plane,4848,,,,,,,,,
1779371407.3977,plane,4849,,,,,,,,,
1779371407.4932,plane,4850,,,,,,,,,
1779371407.6052,plane,4851,,,,,,,,,
1779371407.7019,plane,4852,,,,,,,,,
1779371407.7984,plane,4853,,,,,,,,,
1779371407.8937,plane,4854,,,,,,,,,
1779371408.0053,plane,4855,,,,,,,,,
1779371408.1013,plane,4856,,,,,,,,,
1779371408.1981,plane,4857,,,,,,,,,
1779371408.2933,plane,4858,,,,,,,,,
1779371408.4055,plane,4859,,,,,,,,,
1779371408.5017,plane,4860,,,,,,,,,
1779371408.5973,plane,4861,,,,,,,,,
1779371408.6935,plane,4862,,,,,,,,,
1779371408.8058,plane,4863,,,,,,,,,
1779371408.9016,plane,4864,,,,,,,,,
1779371408.9976,plane,4865,,,,,,,,,
1779371409.0934,plane,4866,,,,,,,,,
1779371409.2058,plane,4867,,,,,,,,,
1779371409.3014,plane,4868,,,,,,,,,
1779371409.3979,plane,4869,,,,,,,,,
1779371409.4932,plane,4870,,,,,,,,,
1779371409.6056,plane,4871,,,,,,,,,
1779371409.7016,plane,4872,,,,,,,,,
1779371409.7972,plane,4873,,,,,,,,,
1779371409.8939,plane,4874,,,,,,,,,
1779371410.0056,plane,4875,,,,,,,,,
1779371410.1015,plane,4876,,,,,,,,,
1779371410.1976,plane,4877,,,,,,,,,
1779371410.2935,plane,4878,,,,,,,,,
1779371410.4053,plane,4879,,,,,,,,,
1779371410.5017,plane,4880,,,,,,,,,
1779371410.5975,plane,4881,,,,,,,,,
1779371410.6936,plane,4882,,,,,,,,,
1779371410.8058,plane,4883,,,,,,,,,
1779371410.9016,plane,4884,,,,,,,,,
1779371410.9974,plane,4885,,,,,,,,,
1779371411.0934,plane,4886,,,,,,,,,
1779371411.2054,plane,4887,,,,,,,,,
1779371411.3012,plane,4888,,,,,,,,,
1779371411.3974,plane,4889,,,,,,,,,
1779371411.4936,plane,4890,,,,,,,,,
1779371411.6057,plane,4891,,,,,,,,,
1779371411.7015,plane,4892,,,,,,,,,
1779371411.7977,plane,4893,,,,,,,,,
1779371411.8932,plane,4894,,,,,,,,,
1779371412.0054,plane,4895,,,,,,,,,
1779371412.1013,plane,4896,,,,,,,,,
1779371412.1978,plane,4897,,,,,,,,,
1779371412.2941,plane,4898,,,,,,,,,
1779371412.4055,plane,4899,,,,,,,,,
1779371412.5016,plane,4900,,,,,,,,,
1779371412.5978,plane,4901,,,,,,,,,
1779371412.6931,plane,4902,,,,,,,,,
1779371412.8057,plane,4903,,,,,,,,,
1779371412.9018,plane,4904,,,,,,,,,
1779371412.9976,plane,4905,,,,,,,,,
1779371413.0933,plane,4906,,,,,,,,,
1779371413.2054,plane,4907,,,,,,,,,
1779371413.3015,plane,4908,,,,,,,,,
1779371413.3977,plane,4909,,,,,,,,,
1779371413.4935,plane,4910,,,,,,,,,
1779371413.6054,plane,4911,,,,,,,,,
1779371413.7012,plane,4912,,,,,,,,,
1779371413.7974,plane,4913,,,,,,,,,
1779371413.8939,plane,4914,,,,,,,,,
1779371414.0054,plane,4915,,,,,,,,,
1779371414.1018,plane,4916,,,,,,,,,
1779371414.1975,plane,4917,,,,,,,,,
1779371414.2936,plane,4918,,,,,,,,,
1779371414.4053,plane,4919,,,,,,,,,
1779371414.5015,plane,4920,,,,,,,,,
1779371414.5977,plane,4921,,,,,,,,,
1779371414.6934,plane,4922,,,,,,,,,
1779371414.8059,plane,4923,,,,,,,,,
1779371414.9014,plane,4924,,,,,,,,,
1779371414.9973,plane,4925,,,,,,,,,
1779371415.0935,plane,4926,,,,,,,,,
1779371415.2059,plane,4927,,,,,,,,,
1779371415.3013,plane,4928,,,,,,,,,
1779371415.3976,plane,4929,,,,,,,,,
1779371415.4935,plane,4930,,,,,,,,,
1779371415.6055,plane,4931,,,,,,,,,
1779371415.7010,plane,4932,,,,,,,,,
1779371415.7975,plane,4933,,,,,,,,,
1779371415.8934,plane,4934,,,,,,,,,
1779371416.0059,plane,4935,,,,,,,,,
1779371416.1015,plane,4936,,,,,,,,,
1779371416.1978,plane,4937,,,,,,,,,
1779371416.2936,plane,4938,,,,,,,,,
1779371416.4060,plane,4939,,,,,,,,,
1779371416.5016,plane,4940,,,,,,,,,
1779371416.5977,plane,4941,,,,,,,,,
1779371416.6935,plane,4942,,,,,,,,,
1779371416.8054,plane,4943,,,,,,,,,
1779371416.9016,plane,4944,,,,,,,,,
1779371416.9977,plane,4945,,,,,,,,,
1779371417.0935,plane,4946,,,,,,,,,
1779371417.2060,plane,4947,,,,,,,,,
1779371417.3017,plane,4948,,,,,,,,,
1779371417.3975,plane,4949,,,,,,,,,
1779371417.4936,plane,4950,,,,,,,,,
1779371417.6057,plane,4951,,,,,,,,,
1779371417.7016,plane,4952,,,,,,,,,
1779371417.7976,plane,4953,,,,,,,,,
1779371417.8938,plane,4954,,,,,,,,,
1779371418.0058,plane,4955,,,,,,,,,
1779371418.1021,plane,4956,,,,,,,,,
1779371418.1974,plane,4957,,,,,,,,,
1779371418.2934,plane,4958,,,,,,,,,
1779371418.4055,plane,4959,,,,,,,,,
1779371418.5014,plane,4960,,,,,,,,,
1779371418.5974,plane,4961,,,,,,,,,
1779371418.6933,plane,4962,,,,,,,,,
1779371418.8057,plane,4963,,,,,,,,,
1779371418.9012,plane,4964,,,,,,,,,
1779371418.9977,plane,4965,,,,,,,,,
1779371419.0935,plane,4966,,,,,,,,,
1779371419.2056,plane,4967,,,,,,,,,
1779371419.3018,plane,4968,,,,,,,,,
1779371419.3979,plane,4969,,,,,,,,,
1779371419.4939,plane,4970,,,,,,,,,
1779371419.6055,plane,4971,,,,,,,,,
1779371419.7014,plane,4972,,,,,,,,,
1779371419.7976,plane,4973,,,,,,,,,
1779371419.8935,plane,4974,,,,,,,,,
1779371420.0053,plane,4975,,,,,,,,,
1779371420.1012,plane,4976,,,,,,,,,
1779371420.1978,plane,4977,,,,,,,,,
1779371420.2932,plane,4978,,,,,,,,,
1779371420.4058,plane,4979,,,,,,,,,
1779371420.5013,plane,4980,,,,,,,,,
1779371420.5973,plane,4981,,,,,,,,,
1779371420.6936,plane,4982,,,,,,,,,
1779371420.8064,plane,4983,,,,,,,,,
1779371420.9023,plane,4984,,,,,,,,,
1779371420.9980,plane,4985,,,,,,,,,
1779371421.0936,plane,4986,,,,,,,,,
1779371421.2073,plane,4987,,,,,,,,,
1779371421.3014,plane,4988,,,,,,,,,
1779371421.3977,plane,4989,,,,,,,,,
1779371421.4936,plane,4990,,,,,,,,,
1779371421.6055,plane,4991,,,,,,,,,
1779371421.7014,plane,4992,,,,,,,,,
1779371421.7976,plane,4993,,,,,,,,,
