time,surface,frame,blob_id,x,y,area,major,minor,angle,vx,vy
1779371912.5854,plane,1,,,,,,,,,
1779371912.6785,plane,2,,,,,,,,,
1779371912.7900,plane,3,,,,,,,,,
1779371912.8865,plane,4,,,,,,,,,
1779371912.9830,plane,5,,,,,,,,,
1779371913.0790,plane,6,,,,,,,,,
1779371913.2041,plane,7,,,,,,,,,
1779371913.3000,plane,8,,,,,,,,,
1779371913.3968,plane,9,,,,,,,,,
1779371913.4920,plane,10,,,,,,,,,
1779371913.6056,plane,11,,,,,,,,,
1779371913.7003,plane,12,,,,,,,,,
1779371913.7969,plane,13,,,,,,,,,
1779371913.8921,plane,14,,,,,,,,,
1779371914.0024,plane,15,,,,,,,,,
1779371914.1001,plane,16,,,,,,,,,
1779371914.1963,plane,17,,,,,,,,,
1779371914.2896,plane,18,,,,,,,,,
1779371914.4049,plane,19,,,,,,,,,
1779371914.4956,plane,20,,,,,,,,,
1779371914.5941,plane,21,,,,,,,,,
1779371914.6920,plane,22,,,,,,,,,
1779371914.8046,plane,23,,,,,,,,,
1779371914.8986,plane,24,,,,,,,,,
1779371914.9954,plane,25,,,,,,,,,
1779371915.0924,plane,26,,,,,,,,,
1779371915.2002,plane,27,,,,,,,,,
1779371915.2964,plane,28,,,,,,,,,
1779371915.3926,plane,29,,,,,,,,,
1779371915.4914,plane,30,0,0.42816,0.46064,0.005742,0.17489,0.14714,110.17,0.00000,0.00000
1779371915.6016,plane,31,0,0.40595,0.43062,0.013201,0.14161,0.13353,38.05,-0.20122,-0.27204
1779371915.7004,plane,32,0,0.37157,0.41110,0.022234,0.15063,0.14107,59.04,-0.34929,-0.19831
1779371915.7937,plane,33,0,0.34505,0.45162,0.021111,0.15288,0.14218,67.59,-0.28383,0.43379
1779371915.8921,plane,34,0,0.34098,0.40546,0.032840,0.18042,0.14864,31.66,-0.04131,-0.46853
1779371916.0024,plane,35,0,0.29402,0.34700,0.038439,0.18369,0.15219,33.25,-0.42590,-0.53010
1779371916.0973,plane,36,0,0.33478,0.30970,0.028493,0.15599,0.14144,27.54,0.42802,-0.39174
1779371916.1944,plane,37,0,0.29413,0.19161,0.038245,0.17488,0.15527,124.05,-0.41925,-1.21813
1779371916.2916,plane,38,0,0.33463,0.25070,0.033079,0.15629,0.14993,96.72,0.41778,0.60950
1779371916.4025,plane,39,0,0.35305,0.25724,0.033859,0.15972,0.15007,99.53,0.16596,0.05898
1779371916.4973,plane,40,0,0.38435,0.27987,0.034090,0.16004,0.15076,109.69,0.33028,0.23878
1779371916.5923,plane,41,0,0.42132,0.31998,0.032888,0.15589,0.14944,74.71,0.38935,0.42246
1779371916.6883,plane,42,0,0.45717,0.36082,0.030262,0.16009,0.13925,61.84,0.37268,0.42446
1779371916.8013,plane,43,0,0.49332,0.40584,0.027483,0.15885,0.13972,61.11,0.32046,0.39904
1779371916.8992,plane,44,0,0.53018,0.45273,0.024648,0.15417,0.14727,92.88,0.37606,0.47835
1779371916.9950,plane,45,0,0.58069,0.52370,0.025655,0.16090,0.13514,135.21,0.52565,0.73870
1779371917.0908,plane,46,0,0.61334,0.63659,0.023402,0.15736,0.14596,129.69,0.34282,1.18514
1779371917.2032,plane,47,0,0.55535,0.73386,0.022842,0.15385,0.14701,169.64,-0.51517,0.86400
1779371917.2988,plane,48,0,0.65960,0.63772,0.034773,0.16869,0.15117,73.32,1.09045,-1.00558
1779371917.3936,plane,49,0,0.59379,0.76846,0.034617,0.16755,0.14661,75.89,-0.69416,1.37907
1779371917.4916,plane,50,0,0.60994,0.67238,0.028885,0.16010,0.13514,49.61,0.16484,-0.98089
1779371917.6012,plane,51,0,0.60231,0.65335,0.030357,0.15996,0.13740,54.31,-0.06947,-0.17343
1779371917.6975,plane,52,0,0.58623,0.62419,0.030263,0.15893,0.13710,49.82,-0.16677,-0.30236
1779371917.7928,plane,53,0,0.56732,0.58048,0.029312,0.15954,0.13939,50.02,-0.19828,-0.45837
1779371917.8896,plane,54,0,0.53862,0.53026,0.025828,0.15757,0.13778,52.99,-0.29780,-0.52093
1779371918.0047,plane,55,0,0.50099,0.44144,0.022783,0.16156,0.14954,102.60,-0.32722,-0.77247
1779371918.0992,plane,56,0,0.46168,0.39715,0.022970,0.16196,0.14983,103.86,-0.41494,-0.46757
1779371918.1922,plane,57,0,0.44208,0.50630,0.029748,0.18178,0.15029,98.71,-0.21037,1.17121
1779371918.2901,plane,58,1,0.37177,0.33844,0.032516,0.16801,0.15856,90.02,0.00000,0.00000
1779371918.4003,plane,59,0,0.43045,0.36744,0.030801,0.18785,0.15913,136.47,-0.10488,-1.25199
1779371918.4956,plane,60,0,0.34140,0.43899,0.031070,0.17249,0.14558,166.22,-0.93656,0.75255
1779371918.5947,plane,61,0,0.37201,0.32914,0.049649,0.30685,0.13776,79.50,0.30898,-1.10890
1779371918.6896,plane,62,0,0.30729,0.26471,0.090756,0.34218,0.21070,165.77,-0.68424,-0.68115
1779371918.8013,plane,63,0,0.25551,0.29926,0.096203,0.47678,0.18143,95.26,-0.46319,0.30906
1779371918.8989,plane,64,0,0.24213,0.22280,0.132904,0.35779,0.34191,44.82,-0.13739,-0.78515
1779371918.9954,plane,65,0,0.32629,0.22245,0.033678,0.15720,0.15191,99.77,0.86888,-0.00361
1779371919.0892,plane,66,0,0.34549,0.23432,0.033349,0.15746,0.15000,98.04,0.20450,0.12646
1779371919.2008,plane,67,0,0.37912,0.25318,0.033390,0.15680,0.15088,107.52,0.30119,0.16889
1779371919.2973,plane,68,0,0.42084,0.28995,0.033191,0.15548,0.15133,93.38,0.43375,0.38232
1779371919.3938,plane,69,0,0.45808,0.33250,0.030811,0.15803,0.14056,59.29,0.38482,0.43968
1779371919.4883,plane,70,0,0.49362,0.37526,0.027930,0.15949,0.13859,66.31,0.37738,0.45412
1779371919.6023,plane,71,0,0.53029,0.42478,0.025889,0.15704,0.14463,87.70,0.32118,0.43368
1779371919.6963,plane,72,0,0.58268,0.51119,0.023722,0.15729,0.14765,104.62,0.55774,0.91994
1779371919.7925,plane,73,0,0.60997,0.58254,0.024736,0.15432,0.14938,138.80,0.28257,0.73885
1779371919.8891,plane,74,0,0.55178,0.53247,0.028678,0.18138,0.15699,55.02,-0.60441,-0.52011
1779371920.0011,plane,75,0,0.60830,0.65586,0.030167,0.17369,0.13971,74.13,0.50400,1.10028
1779371920.0972,plane,76,0,0.59345,0.72087,0.034032,0.19297,0.15313,52.24,-0.15457,0.67656
1779371920.1928,plane,77,0,0.60416,0.60815,0.030368,0.18244,0.15080,74.71,0.11182,-1.17724
1779371920.2896,plane,78,0,0.60720,0.74428,0.037181,0.18694,0.14476,89.62,0.03158,1.41109
1779371920.4003,plane,79,0,0.56305,0.70043,0.027966,0.16176,0.13598,77.95,-0.39869,-0.39593
1779371920.4981,plane,80,0,0.59889,0.65706,0.032800,0.16652,0.15865,79.61,0.36583,-0.44264
1779371920.5927,plane,81,0,0.58344,0.62651,0.027142,0.16060,0.13454,61.23,-0.16357,-0.32340
1779371920.6908,plane,82,0,0.58597,0.58304,0.028646,0.16104,0.13495,54.30,0.02579,-0.44458
1779371920.8023,plane,83,0,0.57405,0.53282,0.028151,0.15913,0.13601,49.27,-0.10634,-0.44841
1779371920.8984,plane,84,0,0.55976,0.45664,0.025469,0.15375,0.14280,40.14,-0.14924,-0.79533
1779371920.9935,plane,85,0,0.53349,0.38914,0.023687,0.15000,0.14576,50.47,-0.27518,-0.70702
1779371921.0888,plane,86,0,0.47055,0.30583,0.021868,0.15656,0.14982,87.98,-0.65982,-0.87337
1779371921.2002,plane,87,0,0.43463,0.23870,0.026925,0.16314,0.13147,91.43,-0.32260,-0.60280
1779371921.2973,plane,88,0,0.50199,0.20767,0.022576,0.15153,0.14728,42.37,0.69588,-0.32052
1779371921.3931,plane,89,0,0.36766,0.26232,0.033300,0.15526,0.15168,65.66,-1.40378,0.57102
1779371921.4894,plane,90,2,0.46109,0.12523,0.033037,0.15663,0.15173,85.25,0.00000,0.00000
1779371921.6019,plane,91,0,0.44581,0.20841,0.031313,0.15955,0.14266,73.36,0.69441,-0.47902
1779371921.6950,plane,92,0,0.44839,0.23098,0.031982,0.15886,0.14357,74.77,0.02767,0.24182
1779371921.7961,plane,93,0,0.46386,0.26357,0.032138,0.15762,0.14474,76.24,0.15272,0.32178
1779371921.7961,plane,93,3,0.32858,0.02772,0.006804,0.20227,0.03571,90.07,0.00000,0.00000
1779371921.8914,plane,94,0,0.48209,0.31096,0.031265,0.15876,0.14299,74.88,0.19158,0.49785
1779371921.8914,plane,94,2,0.40222,0.02765,0.015215,0.41548,0.03621,90.28,-0.61842,-1.02515
1779371922.0021,plane,95,0,0.49821,0.38009,0.028629,0.16144,0.13632,78.69,0.14553,0.62428
1779371922.0021,plane,95,2,0.40526,0.02766,0.015584,0.47581,0.03463,90.10,0.02741,0.00012
1779371922.1005,plane,96,0,0.51355,0.44859,0.025387,0.15634,0.14148,87.33,0.15519,0.69288
1779371922.1005,plane,96,2,0.42234,0.02758,0.016720,0.50419,0.03572,89.96,0.17283,-0.00079
1779371922.1924,plane,97,0,0.52777,0.52610,0.023663,0.15471,0.14859,168.26,0.15594,0.84978
1779371922.2891,plane,98,0,0.54645,0.64400,0.023643,0.15846,0.15604,159.18,0.19234,1.21416
1779371922.4014,plane,99,0,0.56784,0.77124,0.025898,0.15766,0.14260,83.25,0.19095,1.13590
1779371922.4975,plane,100,0,0.59870,0.80008,0.030372,0.18311,0.15046,150.58,0.32086,0.29986
1779371922.5918,plane,101,0,0.62069,0.79910,0.035741,0.18251,0.15087,98.64,0.23243,-0.01028
1779371922.6893,plane,102,0,0.57970,0.89922,0.030892,0.17618,0.14107,112.83,-0.42144,1.02936
1779371922.8026,plane,103,0,0.63105,0.80383,0.039968,0.18425,0.15388,61.42,0.45398,-0.84335
1779371922.8976,plane,104,0,0.61528,0.80518,0.033254,0.15725,0.14980,87.04,-0.16557,0.01424
1779371922.9940,plane,105,0,0.60651,0.77215,0.032978,0.15702,0.14873,88.83,-0.09092,-0.34236
1779371923.0883,plane,106,0,0.59376,0.72132,0.033418,0.15809,0.14967,97.49,-0.13494,-0.53769
1779371923.2014,plane,107,0,0.57153,0.65993,0.032054,0.15907,0.14381,76.36,-0.19779,-0.54643
1779371923.2969,plane,108,0,0.54944,0.59872,0.029085,0.16120,0.13444,64.28,-0.23066,-0.63893
1779371923.3990,plane,109,0,0.52625,0.53908,0.021917,0.15083,0.14431,104.96,-0.22726,-0.58462
1779371923.4980,plane,110,0,0.48477,0.43961,0.021769,0.15573,0.15017,86.21,-0.42030,-1.00795
1779371923.6093,plane,111,0,0.47183,0.40929,0.021878,0.15605,0.15030,87.85,-0.11623,-0.27227
1779371923.7042,plane,112,0,0.47181,0.40965,0.021856,0.15597,0.15027,87.82,-0.00021,0.00375
1779371923.8013,plane,113,0,0.49923,0.43029,0.844316,1.00000,0.56250,0.00,0.28202,0.21233
1779371923.8975,plane,114,0,0.49927,0.43607,0.857015,1.00000,0.56250,0.00,0.00041,0.06017
1779371924.0103,plane,115,0,0.49918,0.43596,0.855630,1.00000,0.56250,0.00,-0.00084,-0.00100
1779371924.1056,plane,116,0,0.49916,0.43607,0.855811,1.00000,0.56250,0.00,-0.00020,0.00113
1779371924.2011,plane,117,0,0.49916,0.43605,0.855781,1.00000,0.56250,0.00,0.00005,-0.00015
1779371924.2987,plane,118,0,0.49916,0.43606,0.855798,1.00000,0.56250,0.00,-0.00000,0.00009
1779371924.4092,plane,119,0,0.49915,0.43609,0.855843,1.00000,0.56250,0.00,-0.00008,0.00025
1779371924.5085,plane,120,0,0.49943,0.43232,0.848679,1.00000,0.56250,0.00,0.00274,-0.03799
1779371924.5085,plane,120,4,0.43559,0.87957,0.003579,0.26645,0.06454,89.79,0.00000,0.00000
1779371924.6047,plane,121,0,0.49942,0.43230,0.848633,1.00000,0.56250,0.00,-0.00005,-0.00021
1779371924.6047,plane,121,4,0.43555,0.87960,0.003576,0.26645,0.06454,89.79,-0.00040,0.00037
1779371924.7003,plane,122,0,0.49943,0.43230,0.848631,1.00000,0.56250,0.00,0.00003,-0.00003
1779371924.7003,plane,122,4,0.43556,0.87951,0.003571,0.26769,0.06449,89.79,0.00004,-0.00094
1779371924.8131,plane,123,0,0.49959,0.43185,0.847705,1.00000,0.56250,0.00,0.00149,-0.00400
1779371924.8131,plane,123,4,0.43646,0.86436,0.002535,0.12593,0.07966,87.40,0.00802,-0.13478
1779371924.9090,plane,124,0,0.49959,0.43187,0.847748,1.00000,0.56250,0.00,-0.00005,0.00027
1779371924.9090,plane,124,4,0.43619,0.86358,0.002494,0.36797,0.09411,0.54,-0.00277,-0.00816
1779371925.0041,plane,125,0,0.49960,0.43183,0.847700,1.00000,0.56250,0.00,0.00018,-0.00046
1779371925.0041,plane,125,4,0.43884,0.87110,0.002877,0.23058,0.05933,88.98,0.02785,0.07921
1779371925.1007,plane,126,0,0.49968,0.43137,0.846819,1.00000,0.56250,0.00,0.00081,-0.00467
1779371925.1007,plane,126,4,0.43624,0.86213,0.002423,0.14342,0.10392,0.95,-0.02666,-0.09198
1779371925.2122,plane,127,0,0.49971,0.43132,0.846731,2.11336,0.57113,91.63,0.00026,-0.00052
1779371925.2122,plane,127,4,0.43608,0.86194,0.002414,0.16684,0.10178,0.13,-0.00143,-0.00172
1779371925.3081,plane,128,0,0.49969,0.43136,0.846807,1.00000,0.56250,0.00,-0.00027,0.00047
1779371925.3081,plane,128,4,0.43611,0.86192,0.002416,0.18818,0.10042,0.16,0.00037,-0.00020
1779371925.4040,plane,129,0,0.49959,0.43025,0.844706,17.22451,0.45975,89.49,-0.00101,-0.01166
1779371925.4040,plane,129,4,0.43541,0.86136,0.002363,0.15125,0.10366,2.00,-0.00737,-0.00585
1779371925.5014,plane,130,0,0.49960,0.43024,0.844686,2.27016,0.59670,91.03,0.00007,-0.00003
1779371925.5014,plane,130,4,0.43548,0.86137,0.002367,0.14960,0.10385,2.05,0.00077,0.00011
1779371925.6124,plane,131,0,0.49961,0.43028,0.844747,2.06653,0.60282,90.56,0.00014,0.00034
1779371925.6124,plane,131,4,0.43522,0.86130,0.002355,0.15360,0.10341,2.01,-0.00233,-0.00061
1779371925.7080,plane,132,0,0.49972,0.42993,0.844042,1.54196,0.57012,90.08,0.00108,-0.00362
1779371925.7080,plane,132,4,0.43532,0.85950,0.002221,0.35791,0.09396,0.38,0.00104,-0.01877
1779371925.8046,plane,133,0,0.49971,0.42992,0.844018,2.19915,0.49593,88.97,-0.00008,-0.00010
1779371925.8046,plane,133,4,0.43532,0.85947,0.002218,2.34443,0.09475,0.50,-0.00001,-0.00034
1779371925.9005,plane,134,0,0.49971,0.42992,0.844003,1.72864,0.52963,89.51,0.00005,-0.00009
1779371925.9005,plane,134,4,0.43529,0.85945,0.002219,0.39395,0.09414,0.40,-0.00036,-0.00024
1779371926.0123,plane,135,0,0.49984,0.42967,0.843494,2.02577,0.56650,89.80,0.00113,-0.00220
1779371926.0123,plane,135,4,0.43648,0.86010,0.002135,0.18177,0.06595,89.69,0.01067,0.00584
1779371926.1082,plane,136,0,0.49985,0.42963,0.843445,1.67064,0.60402,90.98,0.00014,-0.00044
1779371926.1082,plane,136,4,0.43652,0.86049,0.002107,0.19061,0.06484,89.77,0.00046,0.00405
1779371926.2042,plane,137,0,0.49986,0.42962,0.843423,1.87737,0.57113,90.36,0.00005,-0.00013
1779371926.2042,plane,137,4,0.43652,0.86034,0.002118,0.19354,0.06451,89.74,0.00001,-0.00153
1779371926.3010,plane,138,0,0.49996,0.42928,0.842278,1.55464,0.53959,88.31,0.00099,-0.00350
1779371926.3010,plane,138,4,0.43587,0.86141,0.002036,0.13905,0.07678,90.22,-0.00674,0.01105
1779371926.4120,plane,139,0,0.49990,0.42924,0.842202,1.48004,0.53284,87.04,-0.00047,-0.00032
1779371926.4120,plane,139,4,0.43597,0.86119,0.002048,0.18944,0.06468,90.09,0.00095,-0.00204
1779371926.4886,plane,140,0,0.49993,0.42928,0.842221,1.59936,0.52548,87.15,0.00032,0.00046
1779371926.4886,plane,140,4,0.43600,0.86121,0.002046,0.18790,0.06476,90.16,0.00034,0.00024
1779371926.5852,plane,141,0,0.49972,0.42840,0.839703,31.84144,0.49617,89.43,-0.00211,-0.00907
1779371926.6796,plane,142,0,0.50004,0.39747,0.795019,3.46717,0.45583,93.37,0.00331,-0.32837
1779371926.7959,plane,143,0,0.49951,0.49913,1.000000,1.00000,0.56250,0.00,-0.00450,0.87281
1779371926.8902,plane,144,0,0.49992,0.43125,0.846536,1.80676,0.58707,89.85,0.00434,-0.72351
1779371926.9826,plane,145,0,0.49976,0.43102,0.845969,2.32032,0.65276,88.83,-0.00169,-0.00247
1779371927.0789,plane,146,0,0.47927,0.42861,0.031418,0.15227,0.14611,85.43,-0.21330,-0.02505
1779371927.1938,plane,147,0,0.47927,0.42862,0.031294,0.15196,0.14579,85.29,0.00005,0.00013
1779371927.2900,plane,148,0,0.47926,0.42864,0.031282,0.15193,0.14577,85.36,-0.00013,0.00015
1779371927.3862,plane,149,0,0.47926,0.42859,0.031282,0.15191,0.14580,85.13,-0.00002,-0.00052
1779371927.4789,plane,150,0,0.47924,0.42868,0.031374,0.15218,0.14600,85.94,-0.00023,0.00094
1779371927.5945,plane,151,,,,,,,,,
1779371927.6906,plane,152,,,,,,,,,
1779371927.7830,plane,153,,,,,,,,,
1779371927.8784,plane,154,,,,,,,,,
1779371927.9945,plane,155,,,,,,,,,
1779371928.0896,plane,156,,,,,,,,,
1779371928.1832,plane,157,,,,,,,,,
1779371928.2802,plane,158,,,,,,,,,
1779371928.3950,plane,159,5,0.44010,0.50010,0.002533,0.19164,0.15921,44.02,0.00000,0.00000
1779371928.4880,plane,160,5,0.42873,0.47867,0.002458,0.17749,0.15552,57.15,-0.12244,-0.23073
1779371928.5884,plane,161,5,0.43549,0.49036,0.002626,0.17633,0.15237,58.99,0.06730,0.11639
1779371928.6830,plane,162,5,0.47930,0.42887,0.031664,0.15269,0.14681,85.43,0.46386,-0.65107
1779371928.7958,plane,163,5,0.47926,0.42899,0.031621,0.15263,0.14669,85.48,-0.00041,0.00107
1779371928.8913,plane,164,5,0.47926,0.42892,0.031665,0.15273,0.14679,85.71,0.00005,-0.00070
1779371928.9844,plane,165,5,0.47922,0.42895,0.032037,0.15358,0.14764,85.49,-0.00042,0.00027
1779371929.0813,plane,166,5,0.47924,0.42897,0.032047,0.15363,0.14762,85.41,0.00020,0.00021
1779371929.1957,plane,167,5,0.47925,0.42895,0.032057,0.15356,0.14775,85.17,0.00007,-0.00015
1779371929.2944,plane,168,5,0.47923,0.42884,0.032335,0.15424,0.14846,86.16,-0.00021,-0.00105
1779371929.3839,plane,169,5,0.47923,0.42887,0.032342,0.15426,0.14848,86.24,0.00003,0.00028
1779371929.4789,plane,170,5,0.47922,0.42883,0.032359,0.15437,0.14848,85.62,-0.00012,-0.00046
1779371929.5925,plane,171,5,0.47931,0.42881,0.032588,0.15481,0.14919,86.32,0.00079,-0.00018
1779371929.6922,plane,172,5,0.47931,0.42881,0.032589,0.15481,0.14917,86.28,-0.00001,0.00007
1779371929.7839,plane,173,5,0.47930,0.42885,0.032593,0.15481,0.14917,86.30,-0.00012,0.00038
1779371929.8802,plane,174,5,0.47934,0.42897,0.032889,0.15546,0.14980,87.46,0.00038,0.00131
1779371929.9937,plane,175,5,0.47932,0.42894,0.032891,0.15552,0.14975,87.25,-0.00015,-0.00027
1779371930.0870,plane,176,5,0.47933,0.42893,0.032889,0.15549,0.14977,87.25,0.00009,-0.00012
1779371930.1876,plane,177,5,0.47939,0.42909,0.033210,0.15611,0.15072,88.56,0.00065,0.00161
1779371930.1876,plane,177,6,0.97367,0.10254,0.009376,0.10917,0.04655,156.10,0.00000,0.00000
1779371930.1876,plane,177,7,0.13298,0.02597,0.007011,0.17357,0.06238,69.52,0.00000,0.00000
1779371930.2865,plane,178,5,0.47941,0.42910,0.033208,0.15616,0.15066,88.62,0.00014,0.00008
1779371930.2865,plane,178,6,0.97432,0.10209,0.009315,0.10972,0.04714,155.93,0.00653,-0.00451
1779371930.2865,plane,178,7,0.13866,0.02453,0.006702,0.32209,0.07528,75.52,0.05746,-0.01453
1779371930.3965,plane,179,5,0.47940,0.42911,0.033207,0.15617,0.15062,88.46,-0.00007,0.00004
1779371930.3965,plane,179,6,0.97335,0.10379,0.009727,0.09814,0.04150,156.38,-0.00882,0.01544
1779371930.3965,plane,179,7,0.13687,0.02503,0.006936,0.23914,0.06768,73.31,-0.01630,0.00451
1779371930.4894,plane,180,5,0.56030,0.52256,0.090118,0.35999,0.21172,104.29,0.86970,1.00469
1779371930.4894,plane,180,6,0.92768,0.14056,0.043864,0.25574,0.13687,146.62,-0.49099,0.39531
1779371930.4894,plane,180,7,0.09727,0.09707,0.035621,0.17172,0.08722,63.13,-0.42569,0.77441
1779371930.5925,plane,181,5,0.56086,0.52561,0.091788,0.35880,0.21464,104.63,0.00541,0.02953
1779371930.5925,plane,181,6,0.92642,0.14152,0.044910,0.25377,0.13601,146.92,-0.01218,0.00931
1779371930.5925,plane,181,7,0.09788,0.09924,0.036758,0.17875,0.09089,63.08,0.00597,0.02109
1779371930.6828,plane,182,5,0.56334,0.53472,0.096798,0.36114,0.22112,106.73,0.02751,0.10095
1779371930.6828,plane,182,6,0.92640,0.14254,0.045481,0.26216,0.13783,145.95,-0.00025,0.01125
1779371930.6828,plane,182,7,0.09841,0.10230,0.038372,0.18501,0.09694,62.53,0.00587,0.03392
1779371930.7922,plane,183,5,0.57469,0.64138,0.159875,0.42655,0.31483,143.24,0.10366,0.97445
1779371930.7922,plane,183,8,0.51555,0.20878,0.346115,0.98848,0.72624,93.44,0.00000,0.00000
1779371930.8925,plane,184,5,0.57466,0.64130,0.159938,0.41795,0.33102,139.73,-0.00024,-0.00073
1779371930.8925,plane,184,8,0.51633,0.21261,0.355075,0.99134,0.74389,95.46,0.00772,0.03829
1779371930.9876,plane,185,5,0.57467,0.64134,0.159873,0.42648,0.33275,145.72,0.00008,0.00042
1779371930.9876,plane,185,8,0.51716,0.20794,0.345517,0.99016,0.72916,93.93,0.00878,-0.04905
1779371931.0875,plane,186,5,0.57471,0.64133,0.159963,0.43096,0.34166,148.05,0.00042,-0.00010
1779371931.0875,plane,186,8,0.51594,0.21169,0.356238,1.00096,0.76183,95.61,-0.01223,0.03747
1779371931.1965,plane,187,5,0.57468,0.64139,0.159987,0.42645,0.33584,142.05,-0.00032,0.00049
1779371931.1965,plane,187,8,0.51495,0.21253,0.354947,0.99368,0.74850,94.06,-0.00909,0.00779
1779371931.2921,plane,188,5,0.57469,0.64136,0.160055,0.43167,0.32558,137.31,0.00010,-0.00028
1779371931.2921,plane,188,8,0.51480,0.21658,0.362712,0.99526,0.77350,95.05,-0.00153,0.04232
1779371931.3873,plane,189,5,0.57464,0.64176,0.159771,0.40479,0.32532,137.77,-0.00044,0.00417
1779371931.3873,plane,189,8,0.51456,0.21337,0.356488,0.99586,0.75446,95.26,-0.00259,-0.03374
1779371931.4857,plane,190,5,0.57462,0.64232,0.159587,0.40189,0.32645,131.08,-0.00028,0.00572
1779371931.4857,plane,190,8,0.51592,0.21026,0.350310,0.98764,0.72449,94.22,0.01386,-0.03150
1779371931.5934,plane,191,5,0.57462,0.64237,0.159619,0.40999,0.32517,135.40,0.00006,0.00042
1779371931.5934,plane,191,8,0.51489,0.21199,0.354160,0.99062,0.73407,94.04,-0.00961,0.01602
1779371931.6914,plane,192,5,0.57459,0.64240,0.159782,0.40483,0.32060,138.12,-0.00034,0.00029
1779371931.6914,plane,192,8,0.51545,0.21755,0.365063,0.99495,0.76066,94.95,0.00575,0.05666
1779371931.7891,plane,193,5,0.57461,0.64247,0.159890,0.40860,0.32290,140.08,0.00025,0.00073
1779371931.7891,plane,193,8,0.51341,0.21819,0.364022,0.99453,0.77656,94.27,-0.02091,0.00663
1779371931.8809,plane,194,5,0.57464,0.64241,0.159788,0.40721,0.32288,139.65,0.00024,-0.00064
1779371931.8809,plane,194,8,0.51447,0.21616,0.361572,0.99298,0.75150,95.08,0.01151,-0.02216
1779371931.9929,plane,195,5,0.57464,0.64228,0.159609,0.40452,0.32709,130.64,0.00001,-0.00115
1779371931.9929,plane,195,8,0.51566,0.21263,0.356511,0.98979,0.72860,94.02,0.01069,-0.03153
1779371932.0886,plane,196,5,0.57464,0.64230,0.159590,0.40095,0.32830,130.71,0.00001,0.00017
1779371932.0886,plane,196,8,0.51614,0.21296,0.354606,0.99404,0.75705,95.98,0.00497,0.00336
1779371932.1863,plane,197,5,0.57458,0.64235,0.159680,0.40855,0.31416,137.44,-0.00064,0.00058
1779371932.1863,plane,197,8,0.51380,0.21351,0.357695,0.99568,0.74790,93.88,-0.02398,0.00571
1779371932.2823,plane,198,5,0.57469,0.64237,0.159573,0.40408,0.32594,130.79,0.00117,0.00016
1779371932.2823,plane,198,8,0.51550,0.20951,0.350886,0.99117,0.71615,94.18,0.01770,-0.04156
1779371932.3953,plane,199,5,0.57455,0.64235,0.159529,0.40044,0.33489,135.20,-0.00124,-0.00015
1779371932.3953,plane,199,8,0.51577,0.21005,0.350060,0.99387,0.73959,93.77,0.00237,0.00477
1779371932.4904,plane,200,5,0.57456,0.64226,0.159412,0.40011,0.32804,135.29,0.00006,-0.00099
1779371932.4904,plane,200,8,0.51651,0.20771,0.344179,0.99016,0.72517,93.56,0.00773,-0.02457
1779371932.5891,plane,201,5,0.57456,0.64235,0.159649,0.40165,0.32998,136.02,0.00006,0.00089
1779371932.5891,plane,201,8,0.51530,0.21325,0.355201,0.99202,0.74733,94.83,-0.01221,0.05610
1779371932.6808,plane,202,5,0.57463,0.64243,0.159841,0.41205,0.31506,138.00,0.00078,0.00090
1779371932.6808,plane,202,8,0.51526,0.21609,0.362252,0.99324,0.75589,94.41,-0.00045,0.03098
1779371932.7937,plane,203,5,0.57466,0.64246,0.159765,0.41026,0.31696,139.87,0.00025,0.00029
1779371932.7937,plane,203,8,0.51413,0.21315,0.358088,0.99243,0.73388,93.85,-0.01001,-0.02601
1779371932.8898,plane,204,5,0.57466,0.64226,0.159685,0.40548,0.32477,135.25,-0.00000,-0.00211
1779371932.8898,plane,204,8,0.51493,0.21352,0.357703,0.99337,0.74793,93.58,0.00833,0.00385
1779371932.9888,plane,205,5,0.57459,0.64234,0.159892,0.40924,0.31807,139.56,-0.00071,0.00083
1779371932.9888,plane,205,8,0.51391,0.21867,0.367908,0.99354,0.75457,95.24,-0.01028,0.05203
1779371933.0837,plane,206,5,0.57465,0.64235,0.159697,0.41182,0.32897,130.65,0.00062,0.00011
1779371933.0837,plane,206,8,0.51500,0.21433,0.360401,0.99809,0.75615,94.91,0.01137,-0.04549
1779371933.1948,plane,207,5,0.57463,0.64223,0.159692,0.40967,0.33286,138.81,-0.00018,-0.00110
1779371933.1948,plane,207,8,0.51438,0.21511,0.361454,0.99540,0.75749,94.45,-0.00556,0.00699
1779371933.2905,plane,208,5,0.57464,0.64227,0.159695,0.40380,0.32886,134.74,0.00007,0.00042
1779371933.2905,plane,208,8,0.51565,0.21334,0.357936,0.99789,0.75629,94.62,0.01329,-0.01843
1779371933.3861,plane,209,5,0.57463,0.64208,0.159420,0.40949,0.32708,137.06,-0.00007,-0.00194
1779371933.3861,plane,209,8,0.51621,0.20930,0.351722,0.99290,0.72085,93.92,0.00587,-0.04230
1779371933.4844,plane,210,5,0.57461,0.64222,0.159422,0.40082,0.33556,129.87,-0.00019,0.00136
1779371933.4844,plane,210,8,0.51605,0.20936,0.347519,0.99424,0.74376,94.54,-0.00169,0.00060
1779371933.5985,plane,211,5,0.57457,0.64215,0.159348,0.40367,0.32178,133.79,-0.00040,-0.00058
1779371933.5985,plane,211,8,0.51555,0.20724,0.342582,0.99777,0.75396,93.99,-0.00437,-0.01856
1779371933.6884,plane,212,5,0.57457,0.64240,0.159517,0.40838,0.31838,137.28,0.00007,0.00272
1779371933.6884,plane,212,8,0.51513,0.20881,0.343035,0.98831,0.73185,94.04,-0.00465,0.01737
1779371933.7878,plane,213,5,0.57464,0.64232,0.159682,0.40832,0.32756,136.69,0.00063,-0.00071
1779371933.7878,plane,213,8,0.51516,0.21365,0.357702,0.99036,0.73324,93.81,0.00028,0.04871
1779371933.8859,plane,214,5,0.57463,0.64241,0.159827,0.40531,0.32213,137.89,-0.00010,0.00085
1779371933.8859,plane,214,8,0.51540,0.21664,0.364119,0.99624,0.75913,95.15,0.00247,0.03048
1779371933.9958,plane,215,5,0.57460,0.64232,0.159626,0.40021,0.33441,130.10,-0.00020,-0.00079
1779371933.9958,plane,215,8,0.51489,0.21273,0.355672,0.99342,0.74490,94.34,-0.00468,-0.03556
1779371934.0896,plane,216,5,0.57463,0.64215,0.159554,0.40495,0.32587,133.01,0.00030,-0.00184
1779371934.0896,plane,216,8,0.51607,0.21187,0.355162,0.99524,0.74049,93.88,0.01264,-0.00919
1779371934.1875,plane,217,5,0.57455,0.64225,0.159397,0.39995,0.33335,134.27,-0.00079,0.00100
1779371934.1875,plane,217,8,0.51612,0.20919,0.348206,0.99387,0.73559,94.71,0.00046,-0.02734
1779371934.2835,plane,218,5,0.57456,0.64218,0.159288,0.40139,0.32519,136.48,0.00009,-0.00074
1779371934.2835,plane,218,8,0.51690,0.20438,0.337363,0.98926,0.72227,93.75,0.00815,-0.05015
1779371934.3955,plane,219,5,0.57458,0.64232,0.159475,0.40130,0.33824,129.97,0.00013,0.00128
1779371934.3955,plane,219,8,0.51700,0.20944,0.347856,0.99160,0.73612,95.25,0.00093,0.04516
1779371934.4909,plane,220,5,0.57460,0.64231,0.159680,0.40470,0.32713,135.62,0.00022,-0.00015
1779371934.4909,plane,220,8,0.51580,0.21362,0.358999,0.99566,0.74173,94.85,-0.01254,0.04371
1779371934.5880,plane,221,5,0.57461,0.64242,0.159639,0.40315,0.32256,136.56,0.00007,0.00121
1779371934.5880,plane,221,8,0.51444,0.21289,0.354333,0.99143,0.74504,93.79,-0.01402,-0.00750
1779371934.6831,plane,222,5,0.57463,0.64241,0.159807,0.41395,0.32202,137.64,0.00023,-0.00010
1779371934.6831,plane,222,8,0.51487,0.21732,0.364387,0.99185,0.74735,95.21,0.00450,0.04657
1779371934.8096,plane,223,5,0.57463,0.64245,0.159690,0.41003,0.33035,133.35,0.00002,0.00029
1779371934.8096,plane,223,8,0.51578,0.21338,0.358149,0.99263,0.73566,94.60,0.00722,-0.03139
1779371934.9061,plane,224,5,0.57464,0.64243,0.159799,0.40740,0.32444,136.83,0.00010,-0.00025
1779371934.9061,plane,224,8,0.51488,0.21355,0.357830,0.99369,0.74257,94.51,-0.00925,0.00169
1779371935.0035,plane,225,5,0.57463,0.64211,0.159698,0.40462,0.32901,134.68,-0.00008,-0.00323
1779371935.0035,plane,225,8,0.51500,0.21213,0.354282,0.99043,0.73513,94.87,0.00119,-0.01458
1779371935.0874,plane,226,9,0.52250,0.46974,0.869397,1.40467,0.67373,95.22,0.00000,0.00000
1779371935.2016,plane,227,9,0.52247,0.46972,0.869337,1.44180,0.64899,96.00,-0.00032,-0.00016
1779371935.2992,plane,228,9,0.52137,0.47073,0.871126,1.22736,1.12514,88.63,-0.01129,0.01033
1779371935.3940,plane,229,9,0.49987,0.49941,0.934387,1.00000,0.56250,0.00,-0.22526,0.30061
1779371935.4886,plane,230,9,0.49987,0.49941,0.934399,1.00000,0.56250,0.00,-0.00002,0.00000
1779371935.6016,plane,231,9,0.49987,0.49941,0.934428,1.00000,0.56250,0.00,-0.00002,-0.00001
1779371935.6969,plane,232,9,0.49988,0.49944,0.932970,1.00000,0.56250,0.00,0.00012,0.00032
1779371935.7942,plane,233,9,0.49988,0.49943,0.933017,1.00000,0.56250,0.00,0.00006,-0.00018
1779371935.8895,plane,234,9,0.50023,0.50094,0.971554,1.00000,0.56250,0.00,0.00361,0.01597
1779371936.0042,plane,235,9,0.49991,0.50074,0.975794,1.00000,0.56250,0.00,-0.00276,-0.00170
1779371936.0987,plane,236,9,0.49990,0.50021,0.976707,1.00000,0.56250,0.00,-0.00011,-0.00557
1779371936.1949,plane,237,9,0.49997,0.50081,0.971976,1.00000,0.56250,0.00,0.00074,0.00631
1779371936.2922,plane,238,9,0.49977,0.50077,0.979336,1.00000,0.56250,0.00,-0.00207,-0.00041
1779371936.4013,plane,239,9,0.49993,0.50024,0.975942,1.00000,0.56250,0.00,0.00148,-0.00487
1779371936.4977,plane,240,9,0.50010,0.50166,0.967092,1.00000,0.56250,0.00,0.00172,0.01467
1779371936.5937,plane,241,9,0.49977,0.50059,0.976032,1.00000,0.56250,0.00,-0.00342,-0.01105
1779371936.6897,plane,242,9,0.50015,0.50097,0.970805,1.00000,0.56250,0.00,0.00401,0.00389
1779371936.8034,plane,243,9,0.49997,0.50203,0.965936,1.00000,0.56250,0.00,-0.00154,0.00930
1779371936.8977,plane,244,9,0.50004,0.50030,0.976457,1.00000,0.56250,0.00,0.00071,-0.01847
1779371936.9944,plane,245,9,0.49987,0.50219,0.963186,1.00000,0.56250,0.00,-0.00171,0.01950
1779371937.0890,plane,246,9,0.49988,0.50068,0.977236,1.00000,0.56250,0.00,0.00011,-0.01599
1779371937.2024,plane,247,9,0.49994,0.50153,0.965737,1.00000,0.56250,0.00,0.00048,0.00744
1779371937.2979,plane,248,9,0.50008,0.50155,0.968123,1.00000,0.56250,0.00,0.00152,0.00019
1779371937.3934,plane,249,9,0.49985,0.50189,0.964216,1.00000,0.56250,0.00,-0.00241,0.00358
1779371937.4892,plane,250,9,0.50009,0.50105,0.970295,1.00000,0.56250,0.00,0.00251,-0.00873
1779371937.6002,plane,251,9,0.49976,0.50280,0.961234,1.00000,0.56250,0.00,-0.00306,0.01577
1779371937.6965,plane,252,9,0.49983,0.50020,0.977019,1.00000,0.56250,0.00,0.00081,-0.02713
1779371937.7941,plane,253,9,0.49996,0.50210,0.964015,1.00000,0.56250,0.00,0.00127,0.01940
1779371937.8881,plane,254,9,0.49989,0.50052,0.977169,1.00000,0.56250,0.00,-0.00074,-0.01691
1779371938.0040,plane,255,9,0.50005,0.50135,0.967616,1.00000,0.56250,0.00,0.00141,0.00718
1779371938.0969,plane,256,9,0.49994,0.50076,0.972471,1.00000,0.56250,0.00,-0.00124,-0.00636
1779371938.1941,plane,257,9,0.49988,0.50069,0.970571,1.00000,0.56250,0.00,-0.00060,-0.00068
1779371938.2888,plane,258,9,0.49990,0.50042,0.974104,1.00000,0.56250,0.00,0.00021,-0.00282
1779371938.4018,plane,259,9,0.50001,0.50177,0.967631,1.00000,0.56250,0.00,0.00096,0.01189
1779371938.4973,plane,260,9,0.49992,0.50036,0.975306,1.00000,0.56250,0.00,-0.00090,-0.01467
1779371938.5940,plane,261,9,0.50004,0.50125,0.968791,1.00000,0.56250,0.00,0.00121,0.00916
1779371938.6912,plane,262,9,0.49982,0.50093,0.973967,1.00000,0.56250,0.00,-0.00228,-0.00328
1779371938.8010,plane,263,9,0.50004,0.50036,0.972827,1.00000,0.56250,0.00,0.00204,-0.00524
1779371938.9000,plane,264,9,0.49985,0.50165,0.966119,1.00000,0.56250,0.00,-0.00200,0.01310
1779371938.9946,plane,265,9,0.50004,0.50060,0.976076,1.00000,0.56250,0.00,0.00203,-0.01108
1779371939.0908,plane,266,9,0.49966,0.50182,0.963021,1.00000,0.56250,0.00,-0.00391,0.01264
1779371939.2015,plane,267,9,0.50001,0.50128,0.976598,1.00000,0.56250,0.00,0.00313,-0.00496
1779371939.2989,plane,268,9,0.49964,0.50155,0.962270,1.00000,0.56250,0.00,-0.00378,0.00284
1779371939.3959,plane,269,9,0.50005,0.50116,0.969686,1.00000,0.56250,0.00,0.00429,-0.00402
1779371939.4902,plane,270,9,0.49953,0.50209,0.960141,1.00000,0.56250,0.00,-0.00561,0.00989
1779371939.6010,plane,271,9,0.50015,0.50034,0.975135,1.00000,0.56250,0.00,0.00558,-0.01579
1779371939.6981,plane,272,9,0.49953,0.50257,0.959761,1.00000,0.56250,0.00,-0.00631,0.02288
1779371939.7929,plane,273,9,0.49994,0.50002,0.980823,1.00000,0.56250,0.00,0.00431,-0.02702
1779371939.8903,plane,274,9,0.49963,0.50223,0.960922,1.00000,0.56250,0.00,-0.00319,0.02267
1779371940.0023,plane,275,9,0.49995,0.50083,0.980613,1.00000,0.56250,0.00,0.00291,-0.01255
1779371940.0971,plane,276,9,0.49975,0.50175,0.962304,1.00000,0.56250,0.00,-0.00209,0.00963
1779371940.1932,plane,277,9,0.50005,0.50123,0.969945,1.00000,0.56250,0.00,0.00307,-0.00534
1779371940.2903,plane,278,9,0.49988,0.50177,0.963915,1.00000,0.56250,0.00,-0.00173,0.00553
1779371940.4008,plane,279,9,0.50007,0.50032,0.975233,1.00000,0.56250,0.00,0.00172,-0.01307
1779371940.4978,plane,280,9,0.49993,0.50216,0.964037,1.00000,0.56250,0.00,-0.00150,0.01909
1779371940.5926,plane,281,9,0.49981,0.50007,0.979248,1.00000,0.56250,0.00,-0.00121,-0.02195
1779371940.6905,plane,282,9,0.50007,0.50162,0.966710,1.00000,0.56250,0.00,0.00264,0.01593
1779371940.8026,plane,283,9,0.49996,0.50116,0.975767,1.00000,0.56250,0.00,-0.00097,-0.00408
1779371940.8969,plane,284,9,0.50013,0.50070,0.971976,1.00000,0.56250,0.00,0.00177,-0.00485
1779371940.9931,plane,285,9,0.49989,0.50183,0.965576,1.00000,0.56250,0.00,-0.00247,0.01175
1779371941.0898,plane,286,9,0.50011,0.50036,0.976861,1.00000,0.56250,0.00,0.00230,-0.01536
1779371941.2007,plane,287,9,0.50000,0.50125,0.967562,1.00000,0.56250,0.00,-0.00101,0.00806
1779371941.2966,plane,288,9,0.49994,0.50071,0.979368,1.00000,0.56250,0.00,-0.00060,-0.00562
1779371941.3942,plane,289,9,0.49985,0.50097,0.968226,1.00000,0.56250,0.00,-0.00094,0.00270
1779371941.4915,plane,290,9,0.50007,0.50089,0.971510,1.00000,0.56250,0.00,0.00226,-0.00086
1779371941.6024,plane,291,9,0.49984,0.50200,0.965156,1.00000,0.56250,0.00,-0.00204,0.01004
1779371941.6968,plane,292,9,0.50003,0.49996,0.978200,1.00000,0.56250,0.00,0.00199,-0.02153
1779371941.7943,plane,293,9,0.49973,0.50240,0.961507,1.00000,0.56250,0.00,-0.00313,0.02509
1779371941.8891,plane,294,9,0.49976,0.49973,0.985591,1.00000,0.56250,0.00,0.00033,-0.02810
1779371942.0041,plane,295,9,0.49984,0.50185,0.963309,1.00000,0.56250,0.00,0.00068,0.01850
1779371942.0976,plane,296,9,0.49976,0.50043,0.984958,1.00000,0.56250,0.00,-0.00077,-0.01504
1779371942.1931,plane,297,9,0.50002,0.50144,0.966431,1.00000,0.56250,0.00,0.00264,0.01057
1779371942.2914,plane,298,9,0.50003,0.50109,0.970798,1.00000,0.56250,0.00,0.00014,-0.00363
1779371942.4017,plane,299,9,0.49994,0.50162,0.968007,1.00000,0.56250,0.00,-0.00085,0.00481
1779371942.4988,plane,300,9,0.49994,0.50028,0.975449,1.00000,0.56250,0.00,0.00001,-0.01374
1779371942.5950,plane,301,9,0.50001,0.50206,0.965207,1.00000,0.56250,0.00,0.00073,0.01855
1779371942.6893,plane,302,9,0.49953,0.49978,0.983288,1.00000,0.56250,0.00,-0.00499,-0.02416
1779371942.8029,plane,303,9,0.50003,0.50151,0.966756,1.00000,0.56250,0.00,0.00437,0.01533
1779371942.8979,plane,304,9,0.49983,0.50063,0.978260,1.00000,0.56250,0.00,-0.00210,-0.00927
1779371942.9935,plane,305,9,0.50016,0.50078,0.971959,1.00000,0.56250,0.00,0.00345,0.00161
1779371943.0908,plane,306,9,0.49992,0.50152,0.967485,1.00000,0.56250,0.00,-0.00237,0.00759
1779371943.2009,plane,307,9,0.50004,0.50088,0.974177,1.00000,0.56250,0.00,0.00103,-0.00585
1779371943.2979,plane,308,9,0.50002,0.50112,0.968648,1.00000,0.56250,0.00,-0.00013,0.00248
1779371943.3935,plane,309,9,0.50015,0.50114,0.972702,1.00000,0.56250,0.00,0.00129,0.00015
1779371943.4894,plane,310,9,0.49988,0.50093,0.971210,1.00000,0.56250,0.00,-0.00277,-0.00215
1779371943.6023,plane,311,9,0.50008,0.50076,0.972051,1.00000,0.56250,0.00,0.00173,-0.00155
1779371943.6962,plane,312,9,0.49994,0.50192,0.965698,1.00000,0.56250,0.00,-0.00144,0.01238
1779371943.7932,plane,313,9,0.50011,0.50009,0.977366,1.00000,0.56250,0.00,0.00171,-0.01891
1779371943.8892,plane,314,9,0.49981,0.50229,0.962584,1.00000,0.56250,0.00,-0.00311,0.02298
1779371944.0025,plane,315,9,0.49971,0.50006,0.985301,1.00000,0.56250,0.00,-0.00088,-0.01972
1779371944.0974,plane,316,9,0.49982,0.50189,0.963294,1.00000,0.56250,0.00,0.00124,0.01937
1779371944.1925,plane,317,9,0.49981,0.50062,0.978017,1.00000,0.56250,0.00,-0.00013,-0.01332
1779371944.2899,plane,318,9,0.49987,0.50154,0.964591,1.00000,0.56250,0.00,0.00064,0.00943
1779371944.4015,plane,319,9,0.50008,0.50097,0.970820,1.00000,0.56250,0.00,0.00182,-0.00510
1779371944.4973,plane,320,9,0.49988,0.50202,0.963718,1.00000,0.56250,0.00,-0.00204,0.01087
1779371944.5922,plane,321,9,0.49999,0.50023,0.975664,1.00000,0.56250,0.00,0.00118,-0.01881
1779371944.6907,plane,322,9,0.50005,0.50183,0.965664,1.00000,0.56250,0.00,0.00059,0.01629
1779371944.8021,plane,323,9,0.49988,0.49993,0.983032,1.00000,0.56250,0.00,-0.00153,-0.01710
1779371944.8985,plane,324,9,0.50011,0.50114,0.969435,1.00000,0.56250,0.00,0.00240,0.01243
1779371944.9948,plane,325,9,0.49968,0.50035,0.983546,1.00000,0.56250,0.00,-0.00459,-0.00824
1779371945.0897,plane,326,9,0.50018,0.50041,0.974964,1.00000,0.56250,0.00,0.00531,0.00064
1779371945.2024,plane,327,9,0.50005,0.50086,0.971629,1.00000,0.56250,0.00,-0.00117,0.00400
1779371945.2978,plane,328,9,0.50004,0.50065,0.979618,1.00000,0.56250,0.00,-0.00005,-0.00228
1779371945.3943,plane,329,9,0.50001,0.50054,0.973304,1.00000,0.56250,0.00,-0.00028,-0.00105
1779371945.4915,plane,330,9,0.50000,0.50076,0.975279,1.00000,0.56250,0.00,-0.00016,0.00217
1779371945.6029,plane,331,9,0.50011,0.50063,0.973485,1.00000,0.56250,0.00,0.00098,-0.00111
1779371945.6965,plane,332,9,0.50011,0.50080,0.971866,1.00000,0.56250,0.00,0.00006,0.00172
1779371945.7936,plane,333,9,0.49996,0.50109,0.974069,1.00000,0.56250,0.00,-0.00164,0.00303
1779371945.8910,plane,334,9,0.49993,0.50019,0.976247,1.00000,0.56250,0.00,-0.00029,-0.00923
1779371946.0011,plane,335,9,0.50002,0.50177,0.966153,1.00000,0.56250,0.00,0.00088,0.01434
1779371946.0981,plane,336,9,0.49974,0.50043,0.978758,1.00000,0.56250,0.00,-0.00297,-0.01390
1779371946.1955,plane,337,9,0.50006,0.50135,0.967814,1.00000,0.56250,0.00,0.00326,0.00951
1779371946.2888,plane,338,9,0.49992,0.50123,0.971761,1.00000,0.56250,0.00,-0.00148,-0.00137
1779371946.4016,plane,339,9,0.50003,0.50093,0.970201,1.00000,0.56250,0.00,0.00101,-0.00261
1779371946.4970,plane,340,9,0.50010,0.50119,0.969598,1.00000,0.56250,0.00,0.00070,0.00274
1779371946.5942,plane,341,9,0.50009,0.50146,0.970201,1.00000,0.56250,0.00,-0.00008,0.00275
1779371946.6900,plane,342,9,0.49990,0.50044,0.974457,1.00000,0.56250,0.00,-0.00195,-0.01061
1779371946.8023,plane,343,9,0.49999,0.50185,0.965790,1.00000,0.56250,0.00,0.00075,0.01263
1779371946.8976,plane,344,9,0.49959,0.50014,0.979780,1.00000,0.56250,0.00,-0.00414,-0.01799
1779371946.9941,plane,345,9,0.50012,0.50119,0.969189,1.00000,0.56250,0.00,0.00548,0.01090
1779371947.0892,plane,346,9,0.49976,0.50059,0.977244,1.00000,0.56250,0.00,-0.00386,-0.00630
1779371947.2017,plane,347,9,0.50010,0.50059,0.973139,1.00000,0.56250,0.00,0.00302,-0.00003
1779371947.2969,plane,348,9,0.50004,0.50095,0.971054,1.00000,0.56250,0.00,-0.00060,0.00380
1779371947.3952,plane,349,9,0.50011,0.50083,0.976462,1.00000,0.56250,0.00,0.00075,-0.00121
1779371947.4903,plane,350,9,0.49994,0.50034,0.974872,1.00000,0.56250,0.00,-0.00187,-0.00514
1779371947.6020,plane,351,9,0.50003,0.50130,0.969387,1.00000,0.56250,0.00,0.00085,0.00862
1779371947.6971,plane,352,9,0.49985,0.50025,0.977902,1.00000,0.56250,0.00,-0.00191,-0.01102
1779371947.7932,plane,353,9,0.50014,0.50086,0.971420,1.00000,0.56250,0.00,0.00299,0.00625
1779371947.8904,plane,354,9,0.49994,0.50124,0.972349,1.00000,0.56250,0.00,-0.00208,0.00397
1779371948.0047,plane,355,9,0.49991,0.49997,0.978361,1.00000,0.56250,0.00,-0.00019,-0.01115
1779371948.0961,plane,356,9,0.49991,0.50196,0.964693,1.00000,0.56250,0.00,-0.00006,0.02169
1779371948.1940,plane,357,9,0.49987,0.50012,0.982271,1.00000,0.56250,0.00,-0.00039,-0.01887
1779371948.2921,plane,358,9,0.49993,0.50150,0.965970,1.00000,0.56250,0.00,0.00062,0.01398
1779371948.4008,plane,359,9,0.49995,0.50106,0.972502,1.00000,0.56250,0.00,0.00015,-0.00403
1779371948.4979,plane,360,9,0.49996,0.50138,0.966609,1.00000,0.56250,0.00,0.00007,0.00329
1779371948.5938,plane,361,9,0.50008,0.50107,0.970296,1.00000,0.56250,0.00,0.00128,-0.00325
1779371948.6887,plane,362,9,0.49995,0.50199,0.964971,1.00000,0.56250,0.00,-0.00136,0.00983
1779371948.8018,plane,363,9,0.49990,0.50016,0.976418,1.00000,0.56250,0.00,-0.00045,-0.01621
1779371948.8983,plane,364,9,0.49989,0.50232,0.962891,1.00000,0.56250,0.00,-0.00012,0.02231
1779371948.9932,plane,365,9,0.49966,0.50023,0.981277,1.00000,0.56250,0.00,-0.00240,-0.02216
1779371949.0911,plane,366,9,0.50006,0.50168,0.966187,1.00000,0.56250,0.00,0.00403,0.01482
1779371949.2021,plane,367,9,0.50002,0.50121,0.972385,1.00000,0.56250,0.00,-0.00035,-0.00426
1779371949.2981,plane,368,9,0.50010,0.50108,0.969793,1.00000,0.56250,0.00,0.00086,-0.00134
1779371949.3954,plane,369,9,0.50012,0.50146,0.968123,1.00000,0.56250,0.00,0.00019,0.00388
1779371949.4901,plane,370,9,0.50010,0.50114,0.972478,1.00000,0.56250,0.00,-0.00020,-0.00345
1779371949.6022,plane,371,9,0.50004,0.50049,0.973753,1.00000,0.56250,0.00,-0.00051,-0.00569
1779371949.6988,plane,372,9,0.49998,0.50166,0.968296,1.00000,0.56250,0.00,-0.00067,0.01211
1779371949.7932,plane,373,9,0.49985,0.50052,0.975608,1.00000,0.56250,0.00,-0.00133,-0.01205
1779371949.8885,plane,374,9,0.50017,0.50132,0.968801,1.00000,0.56250,0.00,0.00335,0.00847
1779371950.0017,plane,375,9,0.50007,0.50168,0.969983,1.00000,0.56250,0.00,-0.00087,0.00318
1779371950.0988,plane,376,9,0.50004,0.50040,0.974643,1.00000,0.56250,0.00,-0.00025,-0.01313
1779371950.1923,plane,377,9,0.49999,0.50218,0.964089,1.00000,0.56250,0.00,-0.00062,0.01887
1779371950.2898,plane,378,9,0.49992,0.50052,0.977195,1.00000,0.56250,0.00,-0.00065,-0.01705
1779371950.4014,plane,379,9,0.50005,0.50129,0.968007,1.00000,0.56250,0.00,0.00118,0.00684
1779371950.4983,plane,380,9,0.50002,0.50157,0.968989,1.00000,0.56250,0.00,-0.00034,0.00293
1779371950.5945,plane,381,9,0.49998,0.50130,0.967958,1.00000,0.56250,0.00,-0.00045,-0.00285
1779371950.6884,plane,382,9,0.50014,0.50130,0.968909,1.00000,0.56250,0.00,0.00166,0.00003
1779371950.8005,plane,383,9,0.49993,0.50210,0.966412,1.00000,0.56250,0.00,-0.00184,0.00709
1779371950.8985,plane,384,9,0.49992,0.50032,0.975304,1.00000,0.56250,0.00,-0.00010,-0.01834
1779371950.9942,plane,385,9,0.49995,0.50222,0.963648,1.00000,0.56250,0.00,0.00032,0.01982
1779371951.0908,plane,386,9,0.49973,0.50031,0.978436,1.00000,0.56250,0.00,-0.00229,-0.01970
1779371951.2010,plane,387,9,0.50004,0.50140,0.967090,1.00000,0.56250,0.00,0.00281,0.00984
1779371951.2969,plane,388,9,0.49991,0.50099,0.974372,1.00000,0.56250,0.00,-0.00138,-0.00424
1779371951.3945,plane,389,9,0.50027,0.50126,0.970788,1.00000,0.56250,0.00,0.00379,0.00277
1779371951.4941,plane,390,9,0.50012,0.50148,0.968170,1.00000,0.56250,0.00,-0.00160,0.00220
1779371951.6060,plane,391,9,0.49996,0.50122,0.970645,1.00000,0.56250,0.00,-0.00142,-0.00232
1779371951.7011,plane,392,9,0.50002,0.50084,0.971710,1.00000,0.56250,0.00,0.00070,-0.00398
1779371951.7928,plane,393,9,0.49997,0.50199,0.966544,1.00000,0.56250,0.00,-0.00058,0.01253
1779371951.8908,plane,394,9,0.49977,0.50076,0.973484,1.00000,0.56250,0.00,-0.00201,-0.01259
1779371952.0020,plane,395,9,0.50017,0.50143,0.968196,1.00000,0.56250,0.00,0.00354,0.00598
1779371952.0994,plane,396,9,0.50000,0.50218,0.965651,1.00000,0.56250,0.00,-0.00171,0.00762
1779371952.1950,plane,397,9,0.50011,0.50091,0.971371,1.00000,0.56250,0.00,0.00112,-0.01321
1779371952.2904,plane,398,9,0.49993,0.50266,0.962124,1.00000,0.56250,0.00,-0.00182,0.01832
1779371952.4017,plane,399,9,0.50000,0.50156,0.970232,1.00000,0.56250,0.00,0.00058,-0.00982
1779371952.4980,plane,400,9,0.50002,0.50170,0.966053,1.00000,0.56250,0.00,0.00026,0.00145
1779371952.5940,plane,401,9,0.50024,0.50246,0.963957,1.00000,0.56250,0.00,0.00224,0.00790
1779371952.6895,plane,402,9,0.49995,0.50179,0.965651,1.00000,0.56250,0.00,-0.00306,-0.00701
1779371952.8029,plane,403,9,0.50019,0.50157,0.967563,1.00000,0.56250,0.00,0.00213,-0.00191
1779371952.8973,plane,404,9,0.49991,0.50292,0.961611,1.00000,0.56250,0.00,-0.00295,0.01424
1779371952.9943,plane,405,9,0.50009,0.50102,0.970501,1.00000,0.56250,0.00,0.00187,-0.01956
1779371953.0911,plane,406,9,0.49990,0.50289,0.961243,1.00000,0.56250,0.00,-0.00199,0.01928
1779371953.2011,plane,407,9,0.50005,0.50169,0.968875,1.00000,0.56250,0.00,0.00137,-0.01087
1779371953.2973,plane,408,9,0.50000,0.50193,0.964900,1.00000,0.56250,0.00,-0.00048,0.00253
1779371953.3941,plane,409,9,0.50020,0.50246,0.964155,1.00000,0.56250,0.00,0.00207,0.00550
1779371953.4896,plane,410,9,0.50008,0.50163,0.966851,1.00000,0.56250,0.00,-0.00132,-0.00879
1779371953.6023,plane,411,9,0.50019,0.50157,0.967551,1.00000,0.56250,0.00,0.00097,-0.00050
1779371953.6990,plane,412,9,0.49999,0.50233,0.965769,1.00000,0.56250,0.00,-0.00205,0.00795
1779371953.7931,plane,413,9,0.50002,0.50092,0.971234,1.00000,0.56250,0.00,0.00033,-0.01498
1779371953.8908,plane,414,9,0.50011,0.50266,0.962797,1.00000,0.56250,0.00,0.00092,0.01784
1779371954.0021,plane,415,9,0.49990,0.50141,0.970527,1.00000,0.56250,0.00,-0.00191,-0.01123
1779371954.0970,plane,416,9,0.50015,0.50162,0.967224,1.00000,0.56250,0.00,0.00263,0.00219
1779371954.1924,plane,417,9,0.50002,0.50275,0.962497,1.00000,0.56250,0.00,-0.00139,0.01188
1779371954.2900,plane,418,9,0.50018,0.50104,0.970688,1.00000,0.56250,0.00,0.00161,-0.01749
1779371954.4023,plane,419,9,0.50008,0.50206,0.965003,1.00000,0.56250,0.00,-0.00084,0.00911
1779371954.4979,plane,420,9,0.50004,0.50181,0.968555,1.00000,0.56250,0.00,-0.00044,-0.00260
1779371954.5930,plane,421,9,0.49998,0.50147,0.967397,1.00000,0.56250,0.00,-0.00059,-0.00354
1779371954.6880,plane,422,9,0.50027,0.50261,0.963177,1.00000,0.56250,0.00,0.00301,0.01197
1779371954.8013,plane,423,9,0.49993,0.50205,0.965407,1.00000,0.56250,0.00,-0.00302,-0.00497
1779371954.8973,plane,424,9,0.50018,0.50151,0.967877,1.00000,0.56250,0.00,0.00263,-0.00568
1779371954.9936,plane,425,9,0.49985,0.50307,0.960497,1.00000,0.56250,0.00,-0.00348,0.01639
1779371955.0905,plane,426,9,0.50008,0.50091,0.971322,1.00000,0.56250,0.00,0.00236,-0.02233
1779371955.2018,plane,427,9,0.49989,0.50252,0.962374,1.00000,0.56250,0.00,-0.00164,0.01440
1779371955.2966,plane,428,9,0.50002,0.50171,0.968625,1.00000,0.56250,0.00,0.00132,-0.00846
1779371955.3941,plane,429,9,0.49997,0.50196,0.964533,1.00000,0.56250,0.00,-0.00052,0.00252
1779371955.4907,plane,430,9,0.50021,0.50249,0.963837,1.00000,0.56250,0.00,0.00247,0.00548
1779371955.6023,plane,431,9,0.49991,0.50217,0.963828,1.00000,0.56250,0.00,-0.00267,-0.00283
1779371955.6975,plane,432,9,0.50018,0.50156,0.967624,1.00000,0.56250,0.00,0.00288,-0.00648
1779371955.7936,plane,433,9,0.49999,0.50261,0.962997,1.00000,0.56250,0.00,-0.00199,0.01090
1779371955.8888,plane,434,9,0.49996,0.50073,0.972605,1.00000,0.56250,0.00,-0.00033,-0.01976
1779371956.0015,plane,435,9,0.49999,0.50232,0.963572,1.00000,0.56250,0.00,0.00030,0.01414
1779371956.0975,plane,436,9,0.49991,0.50124,0.971597,1.00000,0.56250,0.00,-0.00087,-0.01123
1779371956.1953,plane,437,9,0.50016,0.50152,0.967711,1.00000,0.56250,0.00,0.00257,0.00291
1779371956.2911,plane,438,9,0.50005,0.50264,0.963045,1.00000,0.56250,0.00,-0.00113,0.01161
1779371956.4014,plane,439,9,0.50007,0.50132,0.969304,1.00000,0.56250,0.00,0.00013,-0.01193
1779371956.4974,plane,440,9,0.50012,0.50185,0.966081,1.00000,0.56250,0.00,0.00059,0.00549
1779371956.5943,plane,441,9,0.50010,0.50179,0.968201,1.00000,0.56250,0.00,-0.00025,-0.00059
1779371956.6909,plane,442,9,0.49995,0.50106,0.970059,1.00000,0.56250,0.00,-0.00147,-0.00756
1779371956.8030,plane,443,9,0.50020,0.50213,0.965107,1.00000,0.56250,0.00,0.00216,0.00953
1779371956.8992,plane,444,9,0.49994,0.50172,0.968011,1.00000,0.56250,0.00,-0.00266,-0.00427
1779371956.9936,plane,445,9,0.50018,0.50148,0.968004,1.00000,0.56250,0.00,0.00252,-0.00251
1779371957.0911,plane,446,9,0.49989,0.50298,0.961004,1.00000,0.56250,0.00,-0.00304,0.01555
1779371957.2017,plane,447,9,0.50008,0.50114,0.970262,1.00000,0.56250,0.00,0.00179,-0.01662
1779371957.2998,plane,448,9,0.49995,0.50240,0.963030,1.00000,0.56250,0.00,-0.00140,0.01294
1779371957.3944,plane,449,9,0.50007,0.50194,0.967489,1.00000,0.56250,0.00,0.00134,-0.00495
1779371957.4904,plane,450,9,0.49999,0.50193,0.964856,1.00000,0.56250,0.00,-0.00084,-0.00006
1779371957.6029,plane,451,9,0.50031,0.50250,0.963599,1.00000,0.56250,0.00,0.00282,0.00504
1779371957.6968,plane,452,9,0.49998,0.50221,0.963993,1.00000,0.56250,0.00,-0.00353,-0.00308
1779371957.7929,plane,453,9,0.50021,0.50171,0.966941,1.00000,0.56250,0.00,0.00234,-0.00524
1779371957.8909,plane,454,9,0.49999,0.50300,0.961300,1.00000,0.56250,0.00,-0.00222,0.01321
1779371958.0025,plane,455,9,0.50008,0.50127,0.969403,1.00000,0.56250,0.00,0.00081,-0.01546
1779371958.0977,plane,456,9,0.50003,0.50249,0.963136,1.00000,0.56250,0.00,-0.00053,0.01283
1779371958.1920,plane,457,9,0.50000,0.50180,0.967792,1.00000,0.56250,0.00,-0.00029,-0.00739
1779371958.2898,plane,458,9,0.50015,0.50160,0.967348,1.00000,0.56250,0.00,0.00155,-0.00205
1779371958.4020,plane,459,9,0.50022,0.50272,0.962758,1.00000,0.56250,0.00,0.00057,0.01002
1779371958.4972,plane,460,9,0.50012,0.50150,0.968370,1.00000,0.56250,0.00,-0.00099,-0.01267
1779371958.5926,plane,461,9,0.50012,0.50205,0.965208,1.00000,0.56250,0.00,-0.00006,0.00572
1779371958.6895,plane,462,9,0.50016,0.50245,0.964335,1.00000,0.56250,0.00,0.00049,0.00410
1779371958.8009,plane,463,9,0.50014,0.50148,0.967904,1.00000,0.56250,0.00,-0.00025,-0.00875
1779371958.8970,plane,464,9,0.50024,0.50238,0.964081,1.00000,0.56250,0.00,0.00110,0.00936
1779371958.9945,plane,465,9,0.49996,0.50195,0.966597,1.00000,0.56250,0.00,-0.00293,-0.00439
1779371959.0915,plane,466,9,0.50019,0.50153,0.967731,1.00000,0.56250,0.00,0.00242,-0.00431
1779371959.2012,plane,467,9,0.50009,0.50259,0.962979,1.00000,0.56250,0.00,-0.00094,0.00957
1779371959.2989,plane,468,9,0.50014,0.50136,0.968775,1.00000,0.56250,0.00,0.00057,-0.01277
1779371959.3936,plane,469,9,0.50006,0.50216,0.964484,1.00000,0.56250,0.00,-0.00089,0.00841
1779371959.4884,plane,470,9,0.50013,0.50188,0.967134,1.00000,0.56250,0.00,0.00079,-0.00295
1779371959.6015,plane,471,9,0.50011,0.50154,0.967489,1.00000,0.56250,0.00,-0.00017,-0.00307
1779371959.6975,plane,472,9,0.50035,0.50235,0.964105,1.00000,0.56250,0.00,0.00250,0.00856
1779371959.7957,plane,473,9,0.49999,0.50187,0.966159,1.00000,0.56250,0.00,-0.00371,-0.00489
1779371959.8885,plane,474,9,0.50021,0.50159,0.967439,1.00000,0.56250,0.00,0.00237,-0.00299
1779371960.0043,plane,475,9,0.50007,0.50268,0.962597,1.00000,0.56250,0.00,-0.00121,0.00945
1779371960.0972,plane,476,9,0.50009,0.50130,0.969342,1.00000,0.56250,0.00,0.00024,-0.01489
1779371960.1945,plane,477,9,0.50013,0.50208,0.965137,1.00000,0.56250,0.00,0.00038,0.00803
1779371960.2892,plane,478,9,0.50005,0.50173,0.968074,1.00000,0.56250,0.00,-0.00085,-0.00367
1779371960.4020,plane,479,9,0.50015,0.50129,0.968918,1.00000,0.56250,0.00,0.00090,-0.00392
1779371960.4973,plane,480,9,0.50027,0.50237,0.964103,1.00000,0.56250,0.00,0.00123,0.01141
1779371960.5935,plane,481,9,0.50011,0.50106,0.971096,1.00000,0.56250,0.00,-0.00165,-0.01367
1779371960.6899,plane,482,9,0.50017,0.50158,0.967478,1.00000,0.56250,0.00,0.00066,0.00545
1779371960.8023,plane,483,9,0.50007,0.50233,0.965254,1.00000,0.56250,0.00,-0.00090,0.00661
1779371960.8981,plane,484,9,0.49991,0.50079,0.972585,1.00000,0.56250,0.00,-0.00166,-0.01604
1779371960.9933,plane,485,9,0.50025,0.50211,0.965188,1.00000,0.56250,0.00,0.00351,0.01375
1779371961.0901,plane,486,9,0.49989,0.50149,0.969432,1.00000,0.56250,0.00,-0.00372,-0.00649
1779371961.2026,plane,487,9,0.50015,0.50132,0.968777,1.00000,0.56250,0.00,0.00230,-0.00148
1779371961.2976,plane,488,9,0.50007,0.50267,0.962640,1.00000,0.56250,0.00,-0.00090,0.01420
1779371961.3938,plane,489,9,0.50012,0.50124,0.969872,1.00000,0.56250,0.00,0.00051,-0.01498
1779371961.4895,plane,490,9,0.50003,0.50217,0.964327,1.00000,0.56250,0.00,-0.00086,0.00962
1779371961.6001,plane,491,9,0.50026,0.50248,0.964486,1.00000,0.56250,0.00,0.00201,0.00280
1779371961.6955,plane,492,9,0.50009,0.50162,0.966926,1.00000,0.56250,0.00,-0.00178,-0.00897
1779371961.7928,plane,493,9,0.50038,0.50248,0.963625,1.00000,0.56250,0.00,0.00301,0.00882
1779371961.8880,plane,494,9,0.50002,0.50198,0.965571,1.00000,0.56250,0.00,-0.00374,-0.00528
1779371962.0024,plane,495,9,0.50018,0.50145,0.968145,1.00000,0.56250,0.00,0.00134,-0.00461
1779371962.0979,plane,496,9,0.50000,0.50293,0.961505,1.00000,0.56250,0.00,-0.00185,0.01552
1779371962.1933,plane,497,9,0.50004,0.50127,0.969772,1.00000,0.56250,0.00,0.00041,-0.01744
1779371962.2901,plane,498,9,0.50007,0.50221,0.964376,1.00000,0.56250,0.00,0.00034,0.00965
1779371962.4002,plane,499,9,0.50019,0.50237,0.965396,1.00000,0.56250,0.00,0.00104,0.00145
1779371962.4976,plane,500,9,0.50014,0.50148,0.967884,1.00000,0.56250,0.00,-0.00050,-0.00920
1779371962.5933,plane,501,9,0.50027,0.50249,0.963647,1.00000,0.56250,0.00,0.00143,0.01068
1779371962.6910,plane,502,9,0.50014,0.50146,0.968614,1.00000,0.56250,0.00,-0.00141,-0.01047
1779371962.8016,plane,503,9,0.50018,0.50145,0.968136,1.00000,0.56250,0.00,0.00038,-0.00011
1779371962.8980,plane,504,9,0.50015,0.50254,0.963625,1.00000,0.56250,0.00,-0.00028,0.01127
1779371962.9945,plane,505,9,0.49988,0.50088,0.972497,1.00000,0.56250,0.00,-0.00279,-0.01720
1779371963.0911,plane,506,9,0.50024,0.50211,0.965198,1.00000,0.56250,0.00,0.00372,0.01274
1779371963.2030,plane,507,9,0.49998,0.50197,0.966927,1.00000,0.56250,0.00,-0.00229,-0.00125
1779371963.2980,plane,508,9,0.50013,0.50119,0.969450,1.00000,0.56250,0.00,0.00157,-0.00820
1779371963.3950,plane,509,9,0.50006,0.50265,0.962684,1.00000,0.56250,0.00,-0.00072,0.01509
1779371963.4875,plane,510,9,0.50008,0.50112,0.970654,1.00000,0.56250,0.00,0.00017,-0.01649
1779371963.6004,plane,511,9,0.50014,0.50160,0.967248,1.00000,0.56250,0.00,0.00056,0.00427
1779371963.6974,plane,512,9,0.50028,0.50230,0.964706,1.00000,0.56250,0.00,0.00138,0.00725
1779371963.7936,plane,513,9,0.50007,0.50123,0.969035,1.00000,0.56250,0.00,-0.00212,-0.01117
1779371963.8904,plane,514,9,0.50031,0.50206,0.965310,1.00000,0.56250,0.00,0.00241,0.00863
1779371964.0017,plane,515,9,0.49999,0.50200,0.967105,1.00000,0.56250,0.00,-0.00284,-0.00062
1779371964.0973,plane,516,9,0.50014,0.50130,0.968920,1.00000,0.56250,0.00,0.00151,-0.00725
1779371964.1940,plane,517,9,0.49998,0.50279,0.961909,1.00000,0.56250,0.00,-0.00161,0.01540
1779371964.2901,plane,518,9,0.49999,0.50107,0.970927,1.00000,0.56250,0.00,0.00009,-0.01799
1779371964.4027,plane,519,9,0.50006,0.50183,0.965705,1.00000,0.56250,0.00,0.00059,0.00667
1779371964.4977,plane,520,9,0.50017,0.50210,0.966031,1.00000,0.56250,0.00,0.00120,0.00288
1779371964.5938,plane,521,9,0.50012,0.50118,0.969342,1.00000,0.56250,0.00,-0.00055,-0.00956
1779371964.6898,plane,522,9,0.50022,0.50215,0.964998,1.00000,0.56250,0.00,0.00103,0.01008
1779371964.8006,plane,523,9,0.50002,0.50164,0.969550,1.00000,0.56250,0.00,-0.00173,-0.00455
1779371964.8983,plane,524,9,0.50014,0.50127,0.969047,1.00000,0.56250,0.00,0.00118,-0.00380
1779371964.9936,plane,525,9,0.50009,0.50254,0.963250,1.00000,0.56250,0.00,-0.00057,0.01335
1779371965.0898,plane,526,9,0.50000,0.50101,0.970862,1.00000,0.56250,0.00,-0.00087,-0.01598
1779371965.2049,plane,527,9,0.50014,0.50174,0.966626,1.00000,0.56250,0.00,0.00122,0.00637
1779371965.2975,plane,528,9,0.49998,0.50207,0.966088,1.00000,0.56250,0.00,-0.00172,0.00354
1779371965.3924,plane,529,9,0.50015,0.50113,0.969862,1.00000,0.56250,0.00,0.00180,-0.01000
1779371965.4895,plane,530,9,0.50003,0.50269,0.962426,1.00000,0.56250,0.00,-0.00129,0.01607
1779371965.6000,plane,531,9,0.49998,0.50153,0.969613,1.00000,0.56250,0.00,-0.00039,-0.01044
1779371965.7007,plane,532,9,0.49997,0.50260,0.962511,1.00000,0.56250,0.00,-0.00013,0.01068
1779371965.7941,plane,533,9,0.50022,0.50352,0.960805,1.00000,0.56250,0.00,0.00263,0.00984
1779371965.8894,plane,534,9,0.49985,0.50274,0.961426,1.00000,0.56250,0.00,-0.00388,-0.00811
1779371966.0029,plane,535,9,0.50022,0.50284,0.962307,1.00000,0.56250,0.00,0.00334,0.00087
1779371966.0980,plane,536,9,0.49972,0.50386,0.957987,1.00000,0.56250,0.00,-0.00523,0.01067
1779371966.1944,plane,537,9,0.50021,0.50216,0.964986,1.00000,0.56250,0.00,0.00511,-0.01775
1779371966.2903,plane,538,9,0.49972,0.50418,0.957292,1.00000,0.56250,0.00,-0.00512,0.02102
1779371966.4031,plane,539,9,0.50026,0.50308,0.961489,1.00000,0.56250,0.00,0.00480,-0.00990
1779371966.5000,plane,540,9,0.49978,0.50310,0.960122,1.00000,0.56250,0.00,-0.00484,0.00029
1779371966.5947,plane,541,9,0.50026,0.50394,0.958750,1.00000,0.56250,0.00,0.00498,0.00879
1779371966.6878,plane,542,9,0.49985,0.50276,0.961434,1.00000,0.56250,0.00,-0.00433,-0.01264
1779371966.8016,plane,543,9,0.50022,0.50305,0.961544,1.00000,0.56250,0.00,0.00327,0.00260
1779371966.8972,plane,544,9,0.49982,0.50374,0.958544,1.00000,0.56250,0.00,-0.00424,0.00718
1779371966.9937,plane,545,9,0.50016,0.50209,0.965195,1.00000,0.56250,0.00,0.00356,-0.01732
1779371967.0909,plane,546,9,0.50000,0.50387,0.958630,1.00000,0.56250,0.00,-0.00158,0.01831
1779371967.2029,plane,547,9,0.50017,0.50266,0.962908,1.00000,0.56250,0.00,0.00146,-0.01080
1779371967.2961,plane,548,9,0.50006,0.50271,0.962424,1.00000,0.56250,0.00,-0.00117,0.00051
1779371967.3941,plane,549,9,0.50004,0.50373,0.959081,1.00000,0.56250,0.00,-0.00020,0.01036
1779371967.4889,plane,550,9,0.50016,0.50202,0.965485,1.00000,0.56250,0.00,0.00129,-0.01815
1779371967.6010,plane,551,9,0.50005,0.50324,0.960632,1.00000,0.56250,0.00,-0.00095,0.01087
1779371967.6980,plane,552,9,0.50018,0.50303,0.961570,1.00000,0.56250,0.00,0.00136,-0.00215
1779371967.7951,plane,553,9,0.49999,0.50245,0.963086,1.00000,0.56250,0.00,-0.00201,-0.00597
1779371967.8898,plane,554,9,0.50030,0.50368,0.959529,1.00000,0.56250,0.00,0.00322,0.01279
1779371968.0015,plane,555,9,0.49995,0.50281,0.961689,1.00000,0.56250,0.00,-0.00314,-0.00775
1779371968.0985,plane,556,9,0.50026,0.50266,0.963013,1.00000,0.56250,0.00,0.00319,-0.00162
1779371968.1925,plane,557,9,0.49979,0.50387,0.958147,1.00000,0.56250,0.00,-0.00493,0.01284
1779371968.2905,plane,558,9,0.50023,0.50200,0.965644,1.00000,0.56250,0.00,0.00450,-0.01906
1779371968.4013,plane,559,9,0.49978,0.50381,0.958282,1.00000,0.56250,0.00,-0.00406,0.01629
1779371968.4984,plane,560,9,0.50031,0.50301,0.961806,1.00000,0.56250,0.00,0.00543,-0.00828
1779371968.5944,plane,561,9,0.49985,0.50290,0.961004,1.00000,0.56250,0.00,-0.00476,-0.00111
1779371968.6902,plane,562,9,0.50034,0.50384,0.959042,1.00000,0.56250,0.00,0.00513,0.00981
1779371968.8004,plane,563,9,0.49987,0.50293,0.960960,1.00000,0.56250,0.00,-0.00431,-0.00822
1779371968.8977,plane,564,9,0.50031,0.50312,0.961351,1.00000,0.56250,0.00,0.00455,0.00187
1779371968.9949,plane,565,9,0.49991,0.50387,0.958427,1.00000,0.56250,0.00,-0.00407,0.00773
1779371969.0892,plane,566,9,0.50021,0.50228,0.964469,1.00000,0.56250,0.00,0.00316,-0.01703
1779371969.2025,plane,567,9,0.49991,0.50395,0.958235,1.00000,0.56250,0.00,-0.00262,0.01467
1779371969.2971,plane,568,9,0.50023,0.50299,0.961770,1.00000,0.56250,0.00,0.00336,-0.01000
1779371969.3933,plane,569,9,0.50007,0.50288,0.961872,1.00000,0.56250,0.00,-0.00167,-0.00122
1779371969.4913,plane,570,9,0.50010,0.50393,0.958633,1.00000,0.56250,0.00,0.00029,0.01066
1779371969.6014,plane,571,9,0.50009,0.50263,0.962825,1.00000,0.56250,0.00,-0.00008,-0.01176
1779371969.6968,plane,572,9,0.50008,0.50354,0.959735,1.00000,0.56250,0.00,-0.00011,0.00951
1779371969.7936,plane,573,9,0.50018,0.50355,0.959847,1.00000,0.56250,0.00,0.00107,0.00011
1779371969.8906,plane,574,9,0.49995,0.50287,0.961521,1.00000,0.56250,0.00,-0.00234,-0.00700
1779371970.0018,plane,575,9,0.50020,0.50412,0.958203,1.00000,0.56250,0.00,0.00224,0.01121
1779371970.0988,plane,576,9,0.49990,0.50327,0.960108,1.00000,0.56250,0.00,-0.00307,-0.00875
1779371970.1929,plane,577,9,0.50025,0.50300,0.961736,1.00000,0.56250,0.00,0.00366,-0.00288
1779371970.2897,plane,578,9,0.49977,0.50415,0.957458,1.00000,0.56250,0.00,-0.00496,0.01193
1779371970.4027,plane,579,9,0.50022,0.50231,0.964364,1.00000,0.56250,0.00,0.00403,-0.01633
1779371970.4978,plane,580,9,0.49979,0.50387,0.958155,1.00000,0.56250,0.00,-0.00454,0.01642
1779371970.5949,plane,581,9,0.50030,0.50329,0.960783,1.00000,0.56250,0.00,0.00528,-0.00599
1779371970.6889,plane,582,9,0.49980,0.50317,0.959997,1.00000,0.56250,0.00,-0.00531,-0.00120
1779371970.8004,plane,583,9,0.50031,0.50397,0.958664,1.00000,0.56250,0.00,0.00459,0.00717
1779371970.8982,plane,584,9,0.49977,0.50324,0.959715,1.00000,0.56250,0.00,-0.00546,-0.00749
1779371970.9937,plane,585,9,0.50025,0.50304,0.961595,1.00000,0.56250,0.00,0.00497,-0.00204
1779371971.0881,plane,586,9,0.49979,0.50397,0.957891,1.00000,0.56250,0.00,-0.00488,0.00984
1779371971.1999,plane,587,9,0.50020,0.50213,0.965101,1.00000,0.56250,0.00,0.00375,-0.01663
1779371971.2976,plane,588,9,0.49981,0.50392,0.958077,1.00000,0.56250,0.00,-0.00402,0.01835
1779371971.3940,plane,589,9,0.50015,0.50298,0.961751,1.00000,0.56250,0.00,0.00354,-0.00969
1779371971.4902,plane,590,9,0.49998,0.50290,0.961509,1.00000,0.56250,0.00,-0.00183,-0.00086
1779371971.6002,plane,591,9,0.50018,0.50401,0.958494,1.00000,0.56250,0.00,0.00183,0.01002
1779371971.6987,plane,592,9,0.50000,0.50267,0.962360,1.00000,0.56250,0.00,-0.00186,-0.01356
1779371971.7936,plane,593,9,0.50004,0.50321,0.960692,1.00000,0.56250,0.00,0.00049,0.00565
1779371971.8889,plane,594,9,0.50011,0.50342,0.960139,1.00000,0.56250,0.00,0.00074,0.00224
1779371972.0030,plane,595,9,0.50006,0.50237,0.963711,1.00000,0.56250,0.00,-0.00044,-0.00926
1779371972.0970,plane,596,9,0.50013,0.50379,0.959057,1.00000,0.56250,0.00,0.00066,0.01499
1779371972.1942,plane,597,9,0.49989,0.50310,0.960609,1.00000,0.56250,0.00,-0.00242,-0.00713
1779371972.2912,plane,598,9,0.50020,0.50273,0.962704,1.00000,0.56250,0.00,0.00323,-0.00384
1779371972.4026,plane,599,9,0.49983,0.50404,0.957825,1.00000,0.56250,0.00,-0.00337,0.01176
1779371972.4966,plane,600,9,0.50018,0.50211,0.965137,1.00000,0.56250,0.00,0.00380,-0.02057
1779371972.5942,plane,601,9,0.49974,0.50371,0.958381,1.00000,0.56250,0.00,-0.00454,0.01645
1779371972.6904,plane,602,9,0.50026,0.50303,0.961622,1.00000,0.56250,0.00,0.00542,-0.00708
1779371972.8031,plane,603,9,0.49984,0.50273,0.961417,1.00000,0.56250,0.00,-0.00376,-0.00271
1779371972.8984,plane,604,9,0.50031,0.50372,0.959412,1.00000,0.56250,0.00,0.00491,0.01031
1779371972.9937,plane,605,9,0.49980,0.50317,0.959997,1.00000,0.56250,0.00,-0.00535,-0.00571
1779371973.0909,plane,606,9,0.50025,0.50287,0.962214,1.00000,0.56250,0.00,0.00469,-0.00315
1779371973.2028,plane,607,9,0.49970,0.50428,0.957091,1.00000,0.56250,0.00,-0.00493,0.01266
1779371973.2982,plane,608,9,0.50020,0.50220,0.964756,1.00000,0.56250,0.00,0.00520,-0.02168
1779371973.3945,plane,609,9,0.49980,0.50393,0.958015,1.00000,0.56250,0.00,-0.00419,0.01792
1779371973.4903,plane,610,9,0.50015,0.50301,0.961609,1.00000,0.56250,0.00,0.00367,-0.00963
1779371973.6008,plane,611,9,0.49989,0.50279,0.961500,1.00000,0.56250,0.00,-0.00236,-0.00199
1779371973.6988,plane,612,9,0.50018,0.50401,0.958469,1.00000,0.56250,0.00,0.00296,0.01245
1779371973.7940,plane,613,9,0.50000,0.50277,0.962056,1.00000,0.56250,0.00,-0.00189,-0.01313
1779371973.8905,plane,614,9,0.50005,0.50332,0.960359,1.00000,0.56250,0.00,0.00052,0.00574
1779371974.0027,plane,615,9,0.49995,0.50406,0.958033,1.00000,0.56250,0.00,-0.00092,0.00661
1779371974.0971,plane,616,9,0.50006,0.50244,0.963442,1.00000,0.56250,0.00,0.00119,-0.01719
1779371974.1941,plane,617,9,0.50013,0.50379,0.959034,1.00000,0.56250,0.00,0.00068,0.01386
1779371974.2895,plane,618,9,0.49992,0.50318,0.960429,1.00000,0.56250,0.00,-0.00220,-0.00646
1779371974.4019,plane,619,9,0.50013,0.50238,0.963896,1.00000,0.56250,0.00,0.00188,-0.00700
1779371974.4972,plane,620,9,0.49988,0.50407,0.957857,1.00000,0.56250,0.00,-0.00263,0.01798
1779371974.5954,plane,621,9,0.50020,0.50228,0.964439,1.00000,0.56250,0.00,0.00322,-0.01816
1779371974.6915,plane,622,9,0.49980,0.50362,0.958806,1.00000,0.56250,0.00,-0.00413,0.01389
1779371974.8013,plane,623,9,0.50027,0.50346,0.960234,1.00000,0.56250,0.00,0.00427,-0.00149
1779371974.8977,plane,624,9,0.49988,0.50259,0.962060,1.00000,0.56250,0.00,-0.00413,-0.00902
1779371974.9936,plane,625,9,0.50028,0.50346,0.960183,1.00000,0.56250,0.00,0.00415,0.00910
1779371975.0913,plane,626,9,0.49979,0.50293,0.960619,1.00000,0.56250,0.00,-0.00499,-0.00549
1779371975.2023,plane,627,9,0.50021,0.50208,0.965291,1.00000,0.56250,0.00,0.00379,-0.00762
1779371975.2982,plane,628,9,0.49975,0.50390,0.957984,1.00000,0.56250,0.00,-0.00475,0.01897
1779371975.3946,plane,629,9,0.50020,0.50186,0.966246,1.00000,0.56250,0.00,0.00459,-0.02107
1779371975.4896,plane,630,9,0.49982,0.50354,0.959073,1.00000,0.56250,0.00,-0.00402,0.01771
1779371975.6034,plane,631,9,0.50023,0.50315,0.961473,1.00000,0.56250,0.00,0.00361,-0.00340
1779371975.6972,plane,632,9,0.49993,0.50247,0.962691,1.00000,0.56250,0.00,-0.00329,-0.00730
1779371975.7940,plane,633,9,0.50020,0.50358,0.959746,1.00000,0.56250,0.00,0.00281,0.01145
1779371975.8904,plane,634,9,0.50001,0.50254,0.962855,1.00000,0.56250,0.00,-0.00201,-0.01082
1779371976.0029,plane,635,9,0.50016,0.50233,0.964199,1.00000,0.56250,0.00,0.00140,-0.00187
1779371976.0978,plane,636,9,0.50000,0.50364,0.959247,1.00000,0.56250,0.00,-0.00176,0.01393
1779371976.1931,plane,637,9,0.50009,0.50201,0.965354,1.00000,0.56250,0.00,0.00100,-0.01709
1779371976.2891,plane,638,9,0.50016,0.50335,0.960446,1.00000,0.56250,0.00,0.00067,0.01400
1779371976.4017,plane,639,9,0.50006,0.50305,0.961451,1.00000,0.56250,0.00,-0.00085,-0.00265
1779371976.4986,plane,640,9,0.50015,0.50206,0.965281,1.00000,0.56250,0.00,0.00095,-0.01025
1779371976.5933,plane,641,9,0.49993,0.50382,0.958620,1.00000,0.56250,0.00,-0.00232,0.01844
1779371976.6899,plane,642,9,0.50020,0.50202,0.965546,1.00000,0.56250,0.00,0.00275,-0.01865
1779371976.8020,plane,643,9,0.49996,0.50277,0.961887,1.00000,0.56250,0.00,-0.00212,0.00666
1779371976.8990,plane,644,9,0.50023,0.50343,0.960373,1.00000,0.56250,0.00,0.00277,0.00687
1779371976.9938,plane,645,9,0.49988,0.50253,0.962251,1.00000,0.56250,0.00,-0.00359,-0.00938
1779371977.0899,plane,646,9,0.50034,0.50354,0.959949,1.00000,0.56250,0.00,0.00472,0.01055
1779371977.2014,plane,647,9,0.49981,0.50348,0.959208,1.00000,0.56250,0.00,-0.00471,-0.00058
1779371977.2986,plane,648,9,0.50023,0.50211,0.965178,1.00000,0.56250,0.00,0.00436,-0.01413
1779371977.3939,plane,649,9,0.49977,0.50402,0.957731,1.00000,0.56250,0.00,-0.00481,0.01998
1779371977.4910,plane,650,9,0.50022,0.50207,0.965347,1.00000,0.56250,0.00,0.00460,-0.02003
1779371977.6013,plane,651,9,0.49980,0.50321,0.959885,1.00000,0.56250,0.00,-0.00383,0.01031
1779371977.6977,plane,652,9,0.50026,0.50334,0.960644,1.00000,0.56250,0.00,0.00482,0.00142
1779371977.7924,plane,653,9,0.49991,0.50257,0.962265,1.00000,0.56250,0.00,-0.00372,-0.00811
1779371977.8897,plane,654,9,0.50020,0.50375,0.959257,1.00000,0.56250,0.00,0.00305,0.01212
1779371978.0043,plane,655,9,0.49990,0.50327,0.960108,1.00000,0.56250,0.00,-0.00261,-0.00418
1779371978.0981,plane,656,9,0.50019,0.50241,0.963923,1.00000,0.56250,0.00,0.00312,-0.00924
1779371978.1939,plane,657,9,0.50000,0.50387,0.958633,1.00000,0.56250,0.00,-0.00198,0.01526
1779371978.2898,plane,658,9,0.50012,0.50216,0.964766,1.00000,0.56250,0.00,0.00116,-0.01779
1779371978.4027,plane,659,9,0.50002,0.50313,0.960902,1.00000,0.56250,0.00,-0.00086,0.00858
1779371978.4972,plane,660,9,0.50007,0.50331,0.960480,1.00000,0.56250,0.00,0.00056,0.00193
1779371978.5943,plane,661,9,0.50014,0.50215,0.964898,1.00000,0.56250,0.00,0.00073,-0.01202
1779371978.6899,plane,662,9,0.49996,0.50383,0.958659,1.00000,0.56250,0.00,-0.00187,0.01744
1779371978.8021,plane,663,9,0.50016,0.50264,0.962969,1.00000,0.56250,0.00,0.00177,-0.01059
1779371978.8981,plane,664,9,0.50000,0.50270,0.962312,1.00000,0.56250,0.00,-0.00165,0.00057
1779371978.9942,plane,665,9,0.50029,0.50346,0.960219,1.00000,0.56250,0.00,0.00301,0.00792
1779371979.0892,plane,666,9,0.49993,0.50240,0.962940,1.00000,0.56250,0.00,-0.00382,-0.01112
1779371979.2021,plane,667,9,0.50026,0.50291,0.962084,1.00000,0.56250,0.00,0.00293,0.00446
1779371979.2976,plane,668,9,0.49986,0.50335,0.959717,1.00000,0.56250,0.00,-0.00426,0.00470
1779371979.3950,plane,669,9,0.50024,0.50204,0.965495,1.00000,0.56250,0.00,0.00387,-0.01345
1779371979.4896,plane,670,9,0.49980,0.50396,0.957938,1.00000,0.56250,0.00,-0.00468,0.02040
1779371979.6014,plane,671,9,0.50027,0.50233,0.964271,1.00000,0.56250,0.00,0.00425,-0.01463
1779371979.6982,plane,672,9,0.49988,0.50292,0.961060,1.00000,0.56250,0.00,-0.00405,0.00603
1779371979.7952,plane,673,9,0.50034,0.50331,0.960763,1.00000,0.56250,0.00,0.00474,0.00397
1779371979.8894,plane,674,9,0.49998,0.50235,0.963340,1.00000,0.56250,0.00,-0.00391,-0.01021
1779371980.0022,plane,675,9,0.50034,0.50307,0.961494,1.00000,0.56250,0.00,0.00320,0.00637
1779371980.0975,plane,676,9,0.49994,0.50305,0.960902,1.00000,0.56250,0.00,-0.00409,-0.00025
1779371980.1929,plane,677,9,0.50021,0.50220,0.964810,1.00000,0.56250,0.00,0.00281,-0.00896
1779371980.2909,plane,678,9,0.50003,0.50370,0.959159,1.00000,0.56250,0.00,-0.00188,0.01532
1779371980.4013,plane,679,9,0.50022,0.50215,0.965047,1.00000,0.56250,0.00,0.00174,-0.01400
1779371980.5021,plane,680,9,0.50027,0.50308,0.961489,1.00000,0.56250,0.00,0.00053,0.00930
1779371980.5942,plane,681,9,0.50045,0.50355,0.960376,1.00000,0.56250,0.00,0.00193,0.00511
1779371980.6890,plane,682,9,0.50034,0.50244,0.963821,1.00000,0.56250,0.00,-0.00119,-0.01157
1779371980.8018,plane,683,9,0.50046,0.50393,0.958784,1.00000,0.56250,0.00,0.00111,0.01325
1779371980.8996,plane,684,9,0.50044,0.50323,0.960931,1.00000,0.56250,0.00,-0.00017,-0.00725
1779371980.9955,plane,685,9,0.50027,0.50295,0.961926,1.00000,0.56250,0.00,-0.00185,-0.00289
1779371981.0896,plane,686,9,0.50070,0.50414,0.958038,1.00000,0.56250,0.00,0.00462,0.01250
1779371981.2015,plane,687,9,0.50026,0.50262,0.963153,1.00000,0.56250,0.00,-0.00399,-0.01361
1779371981.2967,plane,688,9,0.50066,0.50363,0.959420,1.00000,0.56250,0.00,0.00426,0.01064
1779371981.3947,plane,689,9,0.50021,0.50358,0.959781,1.00000,0.56250,0.00,-0.00468,-0.00056
1779371981.4907,plane,690,9,0.50057,0.50272,0.962335,1.00000,0.56250,0.00,0.00380,-0.00896
1779371981.6003,plane,691,9,0.50021,0.50408,0.958311,1.00000,0.56250,0.00,-0.00328,0.01240
1779371981.6985,plane,692,9,0.50064,0.50319,0.960737,1.00000,0.56250,0.00,0.00434,-0.00906
1779371981.7952,plane,693,9,0.50015,0.50302,0.961560,1.00000,0.56250,0.00,-0.00505,-0.00174
1779371981.8893,plane,694,9,0.50075,0.50405,0.958181,1.00000,0.56250,0.00,0.00634,0.01091
1779371982.0007,plane,695,9,0.50014,0.50251,0.963413,1.00000,0.56250,0.00,-0.00544,-0.01372
1779371982.0981,plane,696,9,0.50069,0.50376,0.959027,1.00000,0.56250,0.00,0.00566,0.01279
1779371982.1923,plane,697,9,0.50020,0.50345,0.960181,1.00000,0.56250,0.00,-0.00522,-0.00331
1779371982.2901,plane,698,9,0.50049,0.50274,0.962463,1.00000,0.56250,0.00,0.00286,-0.00717
1779371982.4018,plane,699,9,0.50022,0.50415,0.958140,1.00000,0.56250,0.00,-0.00234,0.01263
1779371982.4988,plane,700,9,0.50050,0.50289,0.961951,1.00000,0.56250,0.00,0.00286,-0.01305
1779371982.5946,plane,701,9,0.50030,0.50324,0.960914,1.00000,0.56250,0.00,-0.00210,0.00366
1779371982.6908,plane,702,9,0.50047,0.50381,0.959113,1.00000,0.56250,0.00,0.00178,0.00587
1779371982.8007,plane,703,9,0.50023,0.50234,0.964240,1.00000,0.56250,0.00,-0.00216,-0.01344
1779371982.8982,plane,704,9,0.50044,0.50376,0.959264,1.00000,0.56250,0.00,0.00209,0.01466
1779371982.9932,plane,705,9,0.50040,0.50321,0.961005,1.00000,0.56250,0.00,-0.00041,-0.00575
1779371983.0917,plane,706,9,0.50023,0.50279,0.962467,1.00000,0.56250,0.00,-0.00173,-0.00425
1779371983.2012,plane,707,9,0.50048,0.50426,0.957896,1.00000,0.56250,0.00,0.00235,0.01340
1779371983.2986,plane,708,9,0.50022,0.50276,0.962591,1.00000,0.56250,0.00,-0.00272,-0.01537
1779371983.3944,plane,709,9,0.50057,0.50361,0.959605,1.00000,0.56250,0.00,0.00366,0.00887
1779371983.4894,plane,710,9,0.50016,0.50389,0.958781,1.00000,0.56250,0.00,-0.00433,0.00298
1779371983.6014,plane,711,9,0.50044,0.50251,0.963384,1.00000,0.56250,0.00,0.00251,-0.01244
1779371983.6986,plane,712,9,0.50016,0.50406,0.958328,1.00000,0.56250,0.00,-0.00285,0.01595
1779371983.7944,plane,713,9,0.50059,0.50315,0.960948,1.00000,0.56250,0.00,0.00455,-0.00953
1779371983.8902,plane,714,9,0.50011,0.50298,0.961629,1.00000,0.56250,0.00,-0.00502,-0.00177
1779371984.0026,plane,715,9,0.50068,0.50412,0.958091,1.00000,0.56250,0.00,0.00509,0.01028
1779371984.0967,plane,716,9,0.50010,0.50251,0.963308,1.00000,0.56250,0.00,-0.00615,-0.01702
1779371984.1942,plane,717,9,0.50063,0.50357,0.959663,1.00000,0.56250,0.00,0.00545,0.01092
1779371984.2905,plane,718,9,0.50010,0.50343,0.960100,1.00000,0.56250,0.00,-0.00541,-0.00140
1779371984.4004,plane,719,9,0.50040,0.50232,0.964110,1.00000,0.56250,0.00,0.00271,-0.01005
1779371984.4961,plane,720,9,0.50012,0.50400,0.958447,1.00000,0.56250,0.00,-0.00298,0.01744
1779371984.5934,plane,721,9,0.50041,0.50267,0.962858,1.00000,0.56250,0.00,0.00298,-0.01365
1779371984.6903,plane,722,9,0.50022,0.50306,0.961499,1.00000,0.56250,0.00,-0.00195,0.00394
1779371984.8013,plane,723,9,0.50058,0.50412,0.958181,1.00000,0.56250,0.00,0.00331,0.00965
1779371984.8993,plane,724,9,0.50019,0.50229,0.964411,1.00000,0.56250,0.00,-0.00397,-0.01876
1779371984.9939,plane,725,9,0.50041,0.50363,0.959664,1.00000,0.56250,0.00,0.00223,0.01409
1779371985.0886,plane,726,9,0.50037,0.50304,0.961617,1.00000,0.56250,0.00,-0.00045,-0.00633
1779371985.2014,plane,727,9,0.50027,0.50219,0.964856,1.00000,0.56250,0.00,-0.00087,-0.00753
1779371985.2979,plane,728,9,0.50047,0.50402,0.958538,1.00000,0.56250,0.00,0.00208,0.01905
1779371985.3940,plane,729,9,0.50019,0.50245,0.963779,1.00000,0.56250,0.00,-0.00281,-0.01618
1779371985.4903,plane,730,9,0.50051,0.50326,0.960739,1.00000,0.56250,0.00,0.00328,0.00851
1779371985.6010,plane,731,9,0.50025,0.50398,0.958613,1.00000,0.56250,0.00,-0.00234,0.00648
1779371985.6986,plane,732,9,0.50040,0.50235,0.964030,1.00000,0.56250,0.00,0.00156,-0.01683
1779371985.7946,plane,733,9,0.50017,0.50393,0.958683,1.00000,0.56250,0.00,-0.00243,0.01642
1779371985.8899,plane,734,9,0.50060,0.50309,0.961116,1.00000,0.56250,0.00,0.00458,-0.00888
1779371986.0016,plane,735,9,0.50016,0.50233,0.964203,1.00000,0.56250,0.00,-0.00393,-0.00678
1779371986.0985,plane,736,9,0.50080,0.50414,0.957896,1.00000,0.56250,0.00,0.00651,0.01867
1779371986.1945,plane,737,9,0.50015,0.50239,0.963908,1.00000,0.56250,0.00,-0.00680,-0.01838
1779371986.2909,plane,738,9,0.50072,0.50356,0.959500,1.00000,0.56250,0.00,0.00593,0.01218
1779371986.4031,plane,739,9,0.50018,0.50393,0.958710,1.00000,0.56250,0.00,-0.00478,0.00321
1779371986.4968,plane,740,9,0.50053,0.50251,0.963128,1.00000,0.56250,0.00,0.00375,-0.01523
1779371986.5943,plane,741,9,0.50023,0.50395,0.958688,1.00000,0.56250,0.00,-0.00305,0.01478
1779371986.6914,plane,742,9,0.50052,0.50284,0.962073,1.00000,0.56250,0.00,0.00299,-0.01144
1779371986.8024,plane,743,9,0.50016,0.50240,0.963899,1.00000,0.56250,0.00,-0.00318,-0.00395
1779371986.9005,plane,744,9,0.50064,0.50395,0.958571,1.00000,0.56250,0.00,0.00482,0.01570
1779371986.9951,plane,745,9,0.50022,0.50223,0.964689,1.00000,0.56250,0.00,-0.00444,-0.01830
1779371987.0909,plane,746,9,0.50046,0.50360,0.959724,1.00000,0.56250,0.00,0.00251,0.01434
1779371987.2020,plane,747,9,0.50030,0.50376,0.959281,1.00000,0.56250,0.00,-0.00146,0.00140
1779371987.2992,plane,748,9,0.50031,0.50232,0.964322,1.00000,0.56250,0.00,0.00008,-0.01496
1779371987.3959,plane,749,9,0.50049,0.50414,0.958203,1.00000,0.56250,0.00,0.00186,0.01892
1779371987.4907,plane,750,9,0.50025,0.50266,0.963011,1.00000,0.56250,0.00,-0.00245,-0.01561
1779371987.6032,plane,751,9,0.50035,0.50263,0.963086,1.00000,0.56250,0.00,0.00080,-0.00025
1779371987.6981,plane,752,9,0.50029,0.50402,0.958530,1.00000,0.56250,0.00,-0.00056,0.01459
1779371987.7933,plane,753,9,0.50038,0.50236,0.964032,1.00000,0.56250,0.00,0.00097,-0.01742
1779371987.8891,plane,754,9,0.50017,0.50385,0.958915,1.00000,0.56250,0.00,-0.00229,0.01567
1779371988.0025,plane,755,9,0.50057,0.50373,0.959256,1.00000,0.56250,0.00,0.00359,-0.00105
1779371988.0988,plane,756,9,0.50013,0.50252,0.963369,1.00000,0.56250,0.00,-0.00458,-0.01259
1779371988.1933,plane,757,9,0.50071,0.50428,0.957696,1.00000,0.56250,0.00,0.00606,0.01861
1779371988.2888,plane,758,9,0.50010,0.50268,0.962669,1.00000,0.56250,0.00,-0.00635,-0.01670
1779371988.4014,plane,759,9,0.50057,0.50309,0.961192,1.00000,0.56250,0.00,0.00415,0.00361
1779371988.4997,plane,760,9,0.50010,0.50409,0.958186,1.00000,0.56250,0.00,-0.00477,0.01015
1779371988.5933,plane,761,9,0.50045,0.50246,0.963509,1.00000,0.56250,0.00,0.00377,-0.01729
1779371988.6899,plane,762,9,0.50013,0.50411,0.958167,1.00000,0.56250,0.00,-0.00335,0.01712
1779371988.8024,plane,763,9,0.50066,0.50374,0.959140,1.00000,0.56250,0.00,0.00471,-0.00332
1779371988.9002,plane,764,9,0.50012,0.50273,0.962545,1.00000,0.56250,0.00,-0.00549,-0.01028
1779371988.9960,plane,765,9,0.50063,0.50433,0.957665,1.00000,0.56250,0.00,0.00532,0.01658
1779371989.0899,plane,766,9,0.50019,0.50253,0.963431,1.00000,0.56250,0.00,-0.00472,-0.01919
1779371989.2014,plane,767,9,0.50050,0.50322,0.960878,1.00000,0.56250,0.00,0.00281,0.00620
1779371989.2992,plane,768,9,0.50026,0.50398,0.958623,1.00000,0.56250,0.00,-0.00248,0.00770
1779371989.3936,plane,769,9,0.50029,0.50238,0.964089,1.00000,0.56250,0.00,0.00035,-0.01698
1779371989.4897,plane,770,9,0.50044,0.50421,0.958026,1.00000,0.56250,0.00,0.00151,0.01902
1779371989.6029,plane,771,9,0.50040,0.50338,0.960468,1.00000,0.56250,0.00,-0.00037,-0.00742
1779371989.6981,plane,772,9,0.50034,0.50278,0.962526,1.00000,0.56250,0.00,-0.00057,-0.00619
1779371989.7927,plane,773,9,0.50032,0.50425,0.957928,1.00000,0.56250,0.00,-0.00020,0.01552
1779371989.8907,plane,774,9,0.50040,0.50250,0.963489,1.00000,0.56250,0.00,0.00081,-0.01803
1779371990.0043,plane,775,9,0.50026,0.50338,0.960441,1.00000,0.56250,0.00,-0.00121,0.00780
1779371990.0981,plane,776,9,0.50060,0.50378,0.959091,1.00000,0.56250,0.00,0.00356,0.00423
1779371990.1930,plane,777,9,0.50015,0.50250,0.963509,1.00000,0.56250,0.00,-0.00470,-0.01353
1779371990.2903,plane,778,9,0.50076,0.50430,0.957587,1.00000,0.56250,0.00,0.00622,0.01864
1779371990.4014,plane,779,9,0.50015,0.50318,0.960992,1.00000,0.56250,0.00,-0.00540,-0.01005
1779371990.4969,plane,780,9,0.50059,0.50304,0.961307,1.00000,0.56250,0.00,0.00452,-0.00152
1779371990.5942,plane,781,9,0.50015,0.50418,0.958010,1.00000,0.56250,0.00,-0.00448,0.01176
1779371990.6903,plane,782,9,0.50052,0.50263,0.962753,1.00000,0.56250,0.00,0.00384,-0.01606
1779371990.8014,plane,783,9,0.50014,0.50365,0.959466,1.00000,0.56250,0.00,-0.00339,0.00919
1779371990.8974,plane,784,9,0.50069,0.50365,0.959323,1.00000,0.56250,0.00,0.00569,-0.00007
1779371990.9935,plane,785,9,0.50015,0.50254,0.963314,1.00000,0.56250,0.00,-0.00560,-0.01144
1779371991.0905,plane,786,9,0.50068,0.50424,0.957823,1.00000,0.56250,0.00,0.00552,0.01752
1779371991.2018,plane,787,9,0.50014,0.50299,0.961673,1.00000,0.56250,0.00,-0.00483,-0.01125
1779371991.2978,plane,788,9,0.50053,0.50317,0.961004,1.00000,0.56250,0.00,0.00403,0.00189
1779371991.3948,plane,789,9,0.50028,0.50393,0.958755,1.00000,0.56250,0.00,-0.00263,0.00793
1779371991.4902,plane,790,9,0.50032,0.50236,0.964144,1.00000,0.56250,0.00,0.00042,-0.01645
1779371991.6035,plane,791,9,0.50026,0.50360,0.959754,1.00000,0.56250,0.00,-0.00048,0.01099
1779371991.6974,plane,792,9,0.50039,0.50317,0.961168,1.00000,0.56250,0.00,0.00129,-0.00459
1779371991.7945,plane,793,9,0.50030,0.50250,0.963623,1.00000,0.56250,0.00,-0.00090,-0.00692
1779371991.8908,plane,794,9,0.50032,0.50405,0.958449,1.00000,0.56250,0.00,0.00027,0.01616
1779371992.0018,plane,795,9,0.50031,0.50270,0.962865,1.00000,0.56250,0.00,-0.00011,-0.01215
1779371992.0982,plane,796,9,0.50025,0.50321,0.960988,1.00000,0.56250,0.00,-0.00067,0.00542
1779371992.1923,plane,797,9,0.50056,0.50376,0.959186,1.00000,0.56250,0.00,0.00326,0.00575
1779371992.2894,plane,798,9,0.50014,0.50244,0.963711,1.00000,0.56250,0.00,-0.00428,-0.01364
1779371992.4029,plane,799,9,0.50060,0.50393,0.958669,1.00000,0.56250,0.00,0.00402,0.01326
1779371992.4973,plane,800,9,0.50014,0.50315,0.961090,1.00000,0.56250,0.00,-0.00488,-0.00833
1779371992.5953,plane,801,9,0.50049,0.50285,0.962084,1.00000,0.56250,0.00,0.00365,-0.00302
1779371992.6904,plane,802,9,0.50007,0.50418,0.957911,1.00000,0.56250,0.00,-0.00452,0.01397
1779371992.8014,plane,803,9,0.50047,0.50263,0.962891,1.00000,0.56250,0.00,0.00359,-0.01390
1779371992.8980,plane,804,9,0.50006,0.50355,0.959644,1.00000,0.56250,0.00,-0.00425,0.00961
1779371992.9953,plane,805,9,0.50057,0.50361,0.959610,1.00000,0.56250,0.00,0.00523,0.00059
1779371993.0887,plane,806,9,0.50007,0.50263,0.962767,1.00000,0.56250,0.00,-0.00540,-0.01053
1779371993.2031,plane,807,9,0.50062,0.50398,0.958510,1.00000,0.56250,0.00,0.00489,0.01193
1779371993.2986,plane,808,9,0.50008,0.50294,0.961707,1.00000,0.56250,0.00,-0.00566,-0.01099
1779371993.3938,plane,809,9,0.50043,0.50299,0.961741,1.00000,0.56250,0.00,0.00366,0.00052
1779371993.4888,plane,810,9,0.50019,0.50388,0.958847,1.00000,0.56250,0.00,-0.00257,0.00941
1779371993.6012,plane,811,9,0.50035,0.50242,0.963850,1.00000,0.56250,0.00,0.00147,-0.01308
1779371993.6977,plane,812,9,0.50015,0.50361,0.959624,1.00000,0.56250,0.00,-0.00206,0.01230
1779371993.7932,plane,813,9,0.50035,0.50337,0.960498,1.00000,0.56250,0.00,0.00207,-0.00245
1779371993.8887,plane,814,9,0.50025,0.50258,0.963309,1.00000,0.56250,0.00,-0.00106,-0.00832
1779371994.0019,plane,815,9,0.50038,0.50413,0.958238,1.00000,0.56250,0.00,0.00116,0.01377
1779371994.0985,plane,816,9,0.50028,0.50278,0.962555,1.00000,0.56250,0.00,-0.00108,-0.01404
1779371994.1933,plane,817,9,0.50021,0.50323,0.960890,1.00000,0.56250,0.00,-0.00074,0.00477
1779371994.2899,plane,818,9,0.50048,0.50381,0.959089,1.00000,0.56250,0.00,0.00286,0.00604
1779371994.4008,plane,819,9,0.50017,0.50235,0.964116,1.00000,0.56250,0.00,-0.00276,-0.01317
1779371994.4981,plane,820,9,0.50048,0.50377,0.959223,1.00000,0.56250,0.00,0.00312,0.01463
1779371994.5940,plane,821,9,0.50009,0.50320,0.960836,1.00000,0.56250,0.00,-0.00406,-0.00592
1779371994.6905,plane,822,9,0.50043,0.50265,0.962901,1.00000,0.56250,0.00,0.00352,-0.00568
1779371994.8006,plane,823,9,0.50007,0.50406,0.958211,1.00000,0.56250,0.00,-0.00327,0.01279
1779371994.8979,plane,824,9,0.50039,0.50246,0.963635,1.00000,0.56250,0.00,0.00339,-0.01651
1779371994.9954,plane,825,9,0.50003,0.50330,0.960373,1.00000,0.56250,0.00,-0.00372,0.00862
1779371995.0874,plane,826,9,0.50026,0.50291,0.962063,1.00000,0.56250,0.00,0.00241,-0.00422
1779371995.2020,plane,827,9,0.49980,0.50255,0.961641,1.00000,0.56250,0.00,-0.00402,-0.00314
1779371995.2981,plane,828,9,0.50026,0.50330,0.960724,1.00000,0.56250,0.00,0.00480,0.00771
1779371995.3939,plane,829,9,0.49980,0.50298,0.960507,1.00000,0.56250,0.00,-0.00487,-0.00335
1779371995.4900,plane,830,9,0.50018,0.50230,0.964344,1.00000,0.56250,0.00,0.00405,-0.00703
1779371995.6013,plane,831,9,0.49974,0.50391,0.957940,1.00000,0.56250,0.00,-0.00398,0.01450
1779371995.6977,plane,832,9,0.50015,0.50183,0.966363,1.00000,0.56250,0.00,0.00414,-0.02128
1779371995.7930,plane,833,9,0.49988,0.50329,0.959966,1.00000,0.56250,0.00,-0.00277,0.01534
1779371995.8910,plane,834,9,0.50006,0.50274,0.962669,1.00000,0.56250,0.00,0.00187,-0.00565
1779371996.0032,plane,835,9,0.49996,0.50233,0.963364,1.00000,0.56250,0.00,-0.00091,-0.00369
1779371996.0981,plane,836,9,0.50010,0.50360,0.959549,1.00000,0.56250,0.00,0.00140,0.01338
1779371996.1956,plane,837,9,0.50007,0.50245,0.963464,1.00000,0.56250,0.00,-0.00024,-0.01179
1779371996.2898,plane,838,9,0.50000,0.50280,0.961924,1.00000,0.56250,0.00,-0.00079,0.00375
1779371996.4019,plane,839,9,0.50004,0.50363,0.959569,1.00000,0.56250,0.00,0.00038,0.00738
1779371996.4988,plane,840,9,0.50001,0.50228,0.963826,1.00000,0.56250,0.00,-0.00034,-0.01406
1779371996.5947,plane,841,9,0.50019,0.50324,0.960846,1.00000,0.56250,0.00,0.00190,0.01014
1779371996.6907,plane,842,9,0.49985,0.50316,0.960256,1.00000,0.56250,0.00,-0.00351,-0.00084
1779371996.8002,plane,843,9,0.50018,0.50200,0.965615,1.00000,0.56250,0.00,0.00308,-0.01066
1779371996.8986,plane,844,9,0.49983,0.50397,0.957999,1.00000,0.56250,0.00,-0.00361,0.02004
1779371996.9938,plane,845,9,0.50022,0.50222,0.964703,1.00000,0.56250,0.00,0.00410,-0.01830
1779371997.0895,plane,846,9,0.49976,0.50344,0.959134,1.00000,0.56250,0.00,-0.00484,0.01274
1779371997.2031,plane,847,9,0.50030,0.50376,0.959369,1.00000,0.56250,0.00,0.00474,0.00284
1779371997.2984,plane,848,9,0.49983,0.50275,0.961314,1.00000,0.56250,0.00,-0.00502,-0.01074
1779371997.3939,plane,849,9,0.50032,0.50363,0.959678,1.00000,0.56250,0.00,0.00521,0.00928
1779371997.4894,plane,850,9,0.49978,0.50336,0.959407,1.00000,0.56250,0.00,-0.00571,-0.00285
1779371997.6025,plane,851,9,0.50023,0.50223,0.964691,1.00000,0.56250,0.00,0.00399,-0.01002
1779371997.6991,plane,852,9,0.49974,0.50420,0.957303,1.00000,0.56250,0.00,-0.00500,0.02032
1779371997.7950,plane,853,9,0.50020,0.50227,0.964483,1.00000,0.56250,0.00,0.00485,-0.02020
1779371997.8891,plane,854,9,0.49988,0.50358,0.959156,1.00000,0.56250,0.00,-0.00344,0.01378
1779371998.0016,plane,855,9,0.50026,0.50380,0.959157,1.00000,0.56250,0.00,0.00339,0.00200
1779371998.0978,plane,856,9,0.49995,0.50258,0.962441,1.00000,0.56250,0.00,-0.00325,-0.01267
1779371998.1929,plane,857,9,0.50014,0.50395,0.958618,1.00000,0.56250,0.00,0.00199,0.01436
1779371998.2884,plane,858,9,0.50006,0.50285,0.961943,1.00000,0.56250,0.00,-0.00081,-0.01148
1779371998.4005,plane,859,9,0.50012,0.50250,0.963398,1.00000,0.56250,0.00,0.00056,-0.00312
1779371998.4981,plane,860,9,0.50007,0.50406,0.958186,1.00000,0.56250,0.00,-0.00059,0.01603
1779371998.5934,plane,861,9,0.50002,0.50247,0.963164,1.00000,0.56250,0.00,-0.00044,-0.01671
1779371998.6891,plane,862,9,0.50018,0.50342,0.960220,1.00000,0.56250,0.00,0.00159,0.00988
1779371998.8018,plane,863,9,0.49993,0.50374,0.958825,1.00000,0.56250,0.00,-0.00215,0.00282
1779371998.8982,plane,864,9,0.50016,0.50215,0.964940,1.00000,0.56250,0.00,0.00236,-0.01653
1779371998.9972,plane,865,9,0.49985,0.50382,0.958418,1.00000,0.56250,0.00,-0.00318,0.01685
1779371999.0898,plane,866,9,0.50019,0.50233,0.964228,1.00000,0.56250,0.00,0.00370,-0.01600
1779371999.2026,plane,867,9,0.49984,0.50303,0.960576,1.00000,0.56250,0.00,-0.00311,0.00621
1779371999.2984,plane,868,9,0.50025,0.50356,0.959878,1.00000,0.56250,0.00,0.00431,0.00552
1779371999.3937,plane,869,9,0.49979,0.50266,0.961304,1.00000,0.56250,0.00,-0.00491,-0.00944
1779371999.4900,plane,870,9,0.50026,0.50334,0.960580,1.00000,0.56250,0.00,0.00494,0.00706
1779371999.6019,plane,871,9,0.49969,0.50367,0.958320,1.00000,0.56250,0.00,-0.00514,0.00296
1779371999.6988,plane,872,9,0.50017,0.50221,0.964684,1.00000,0.56250,0.00,0.00495,-0.01507
1779371999.7934,plane,873,9,0.49960,0.50427,0.956924,1.00000,0.56250,0.00,-0.00602,0.02176
1779371999.8905,plane,874,9,0.50014,0.50236,0.964015,1.00000,0.56250,0.00,0.00557,-0.01961
1779372000.0019,plane,875,9,0.49967,0.50336,0.958937,1.00000,0.56250,0.00,-0.00428,0.00905
1779372000.0978,plane,876,9,0.50012,0.50375,0.959142,1.00000,0.56250,0.00,0.00467,0.00403
1779372000.1934,plane,877,9,0.49979,0.50277,0.961082,1.00000,0.56250,0.00,-0.00336,-0.01034
1779372000.2898,plane,878,9,0.50002,0.50375,0.958995,1.00000,0.56250,0.00,0.00230,0.01020
1779372000.4014,plane,879,9,0.49975,0.50354,0.958852,1.00000,0.56250,0.00,-0.00236,-0.00184
1779372000.4979,plane,880,9,0.50000,0.50261,0.962609,1.00000,0.56250,0.00,0.00257,-0.00968
1779372000.5936,plane,881,9,0.49986,0.50409,0.957792,1.00000,0.56250,0.00,-0.00149,0.01555
1779372000.6925,plane,882,9,0.49989,0.50275,0.961641,1.00000,0.56250,0.00,0.00032,-0.01348
1779372000.8019,plane,883,9,0.49993,0.50327,0.960178,1.00000,0.56250,0.00,0.00039,0.00474
1779372000.8993,plane,884,9,0.49984,0.50403,0.957864,1.00000,0.56250,0.00,-0.00097,0.00794
1779372000.9931,plane,885,9,0.50009,0.50238,0.963799,1.00000,0.56250,0.00,0.00271,-0.01758
1779372001.0903,plane,886,9,0.49966,0.50428,0.957008,1.00000,0.56250,0.00,-0.00452,0.01963
1779372001.2022,plane,887,9,0.50009,0.50324,0.960670,1.00000,0.56250,0.00,0.00383,-0.00920
1779372001.2982,plane,888,9,0.49972,0.50321,0.959563,1.00000,0.56250,0.00,-0.00380,-0.00035
1779372001.3934,plane,889,9,0.50019,0.50396,0.958618,1.00000,0.56250,0.00,0.00485,0.00785
1779372001.4897,plane,890,9,0.49966,0.50301,0.959747,1.00000,0.56250,0.00,-0.00549,-0.00992
1779372001.6011,plane,891,9,0.50018,0.50312,0.961248,1.00000,0.56250,0.00,0.00462,0.00099
1779372001.6979,plane,892,9,0.49961,0.50398,0.957430,1.00000,0.56250,0.00,-0.00585,0.00885
1779372001.7919,plane,893,9,0.50018,0.50227,0.964455,1.00000,0.56250,0.00,0.00606,-0.01826
1779372001.8902,plane,894,9,0.49961,0.50429,0.956935,1.00000,0.56250,0.00,-0.00584,0.02073
1779372002.0039,plane,895,9,0.50016,0.50289,0.962045,1.00000,0.56250,0.00,0.00483,-0.01239
1779372002.0990,plane,896,9,0.49963,0.50340,0.958694,1.00000,0.56250,0.00,-0.00555,0.00542
1779372002.1933,plane,897,9,0.50012,0.50388,0.958766,1.00000,0.56250,0.00,0.00518,0.00501
1779372002.2914,plane,898,9,0.49976,0.50286,0.960671,1.00000,0.56250,0.00,-0.00358,-0.01039
1779372002.4019,plane,899,9,0.50012,0.50338,0.960307,1.00000,0.56250,0.00,0.00323,0.00470
1779372002.4988,plane,900,9,0.49970,0.50385,0.957954,1.00000,0.56250,0.00,-0.00437,0.00488
1779372002.5939,plane,901,9,0.50004,0.50257,0.962887,1.00000,0.56250,0.00,0.00356,-0.01338
1779372002.6905,plane,902,9,0.49988,0.50411,0.957787,1.00000,0.56250,0.00,-0.00165,0.01599
1779372002.8018,plane,903,9,0.50003,0.50279,0.962101,1.00000,0.56250,0.00,0.00134,-0.01186
1779372002.8993,plane,904,9,0.49995,0.50307,0.960873,1.00000,0.56250,0.00,-0.00082,0.00295
1779372002.9919,plane,905,9,0.49985,0.50392,0.958198,1.00000,0.56250,0.00,-0.00104,0.00910
1779372003.0901,plane,906,9,0.50010,0.50227,0.964227,1.00000,0.56250,0.00,0.00249,-0.01680
1779372003.2011,plane,907,9,0.49984,0.50383,0.958374,1.00000,0.56250,0.00,-0.00235,0.01395
1779372003.2975,plane,908,9,0.50010,0.50315,0.960992,1.00000,0.56250,0.00,0.00270,-0.00699
1779372003.3931,plane,909,9,0.49977,0.50304,0.960232,1.00000,0.56250,0.00,-0.00343,-0.00123
1779372003.4889,plane,910,9,0.50021,0.50387,0.958889,1.00000,0.56250,0.00,0.00452,0.00863
1779372003.6004,plane,911,9,0.49976,0.50305,0.960125,1.00000,0.56250,0.00,-0.00405,-0.00739
1779372003.6976,plane,912,9,0.50016,0.50293,0.961882,1.00000,0.56250,0.00,0.00412,-0.00127
1779372003.7937,plane,913,9,0.49959,0.50391,0.957514,1.00000,0.56250,0.00,-0.00590,0.01015
1779372003.8908,plane,914,9,0.50017,0.50206,0.965322,1.00000,0.56250,0.00,0.00598,-0.01905
1779372004.0019,plane,915,9,0.49960,0.50396,0.957438,1.00000,0.56250,0.00,-0.00512,0.01703
1779372004.0992,plane,916,9,0.50018,0.50260,0.963206,1.00000,0.56250,0.00,0.00603,-0.01412
1779372004.1944,plane,917,9,0.49968,0.50310,0.959617,1.00000,0.56250,0.00,-0.00528,0.00526
1779372004.2907,plane,918,9,0.50016,0.50364,0.959547,1.00000,0.56250,0.00,0.00504,0.00562
1779372004.4023,plane,919,9,0.49968,0.50297,0.959947,1.00000,0.56250,0.00,-0.00435,-0.00605
1779372004.4986,plane,920,9,0.50015,0.50307,0.961390,1.00000,0.56250,0.00,0.00483,0.00103
1779372004.5950,plane,921,9,0.49972,0.50370,0.958360,1.00000,0.56250,0.00,-0.00440,0.00657
1779372004.6905,plane,922,9,0.50005,0.50242,0.963503,1.00000,0.56250,0.00,0.00351,-0.01347
1779372004.8029,plane,923,9,0.49968,0.50405,0.957450,1.00000,0.56250,0.00,-0.00336,0.01458
1779372004.8983,plane,924,9,0.49998,0.50288,0.961639,1.00000,0.56250,0.00,0.00318,-0.01224
1779372004.9938,plane,925,9,0.49989,0.50312,0.960520,1.00000,0.56250,0.00,-0.00096,0.00252
1779372005.0902,plane,926,9,0.49983,0.50401,0.957911,1.00000,0.56250,0.00,-0.00067,0.00927
1779372005.2009,plane,927,9,0.49995,0.50263,0.962309,1.00000,0.56250,0.00,0.00112,-0.01240
1779372005.2981,plane,928,9,0.49983,0.50373,0.958598,1.00000,0.56250,0.00,-0.00128,0.01143
1779372005.3936,plane,929,9,0.50004,0.50329,0.960431,1.00000,0.56250,0.00,0.00222,-0.00461
1779372005.4912,plane,930,9,0.49974,0.50302,0.960115,1.00000,0.56250,0.00,-0.00309,-0.00272
1779372005.6036,plane,931,9,0.50004,0.50400,0.958338,1.00000,0.56250,0.00,0.00274,0.00874
1779372005.6977,plane,932,9,0.49970,0.50329,0.959284,1.00000,0.56250,0.00,-0.00358,-0.00748
1779372005.7939,plane,933,9,0.50015,0.50310,0.961268,1.00000,0.56250,0.00,0.00465,-0.00195
1779372005.8900,plane,934,9,0.49958,0.50409,0.957157,1.00000,0.56250,0.00,-0.00599,0.01034
1779372006.0012,plane,935,9,0.50016,0.50219,0.964747,1.00000,0.56250,0.00,0.00516,-0.01699
1779372006.0991,plane,936,9,0.49958,0.50406,0.957223,1.00000,0.56250,0.00,-0.00591,0.01920
1779372006.1943,plane,937,9,0.50019,0.50299,0.961745,1.00000,0.56250,0.00,0.00637,-0.01125
1779372006.2899,plane,938,9,0.49963,0.50331,0.958942,1.00000,0.56250,0.00,-0.00582,0.00341
1779372006.4021,plane,939,9,0.50023,0.50407,0.958352,1.00000,0.56250,0.00,0.00535,0.00680
1779372006.4977,plane,940,9,0.49969,0.50322,0.959376,1.00000,0.56250,0.00,-0.00569,-0.00887
1779372006.5938,plane,941,9,0.50017,0.50343,0.960203,1.00000,0.56250,0.00,0.00498,0.00213
1779372006.6911,plane,942,9,0.49977,0.50385,0.958115,1.00000,0.56250,0.00,-0.00410,0.00438
1779372006.8010,plane,943,9,0.50016,0.50223,0.964591,1.00000,0.56250,0.00,0.00354,-0.01479
1779372006.8989,plane,944,9,0.49976,0.50413,0.957486,1.00000,0.56250,0.00,-0.00412,0.01951
1779372006.9934,plane,945,9,0.50007,0.50297,0.961587,1.00000,0.56250,0.00,0.00331,-0.01217
1779372007.0907,plane,946,9,0.49994,0.50309,0.960793,1.00000,0.56250,0.00,-0.00133,0.00118
1779372007.2017,plane,947,9,0.50004,0.50419,0.957865,1.00000,0.56250,0.00,0.00092,0.00996
1779372007.2978,plane,948,9,0.50001,0.50266,0.962435,1.00000,0.56250,0.00,-0.00040,-0.01594
1779372007.3926,plane,949,9,0.49991,0.50376,0.958745,1.00000,0.56250,0.00,-0.00096,0.01151
1779372007.4889,plane,950,9,0.50010,0.50348,0.959925,1.00000,0.56250,0.00,0.00190,-0.00290
1779372007.6032,plane,951,9,0.49999,0.50257,0.962663,1.00000,0.56250,0.00,-0.00093,-0.00792
1779372007.6976,plane,952,9,0.50015,0.50402,0.958423,1.00000,0.56250,0.00,0.00170,0.01541
1779372007.7925,plane,953,9,0.49982,0.50314,0.960173,1.00000,0.56250,0.00,-0.00344,-0.00924
1779372007.8909,plane,954,9,0.50021,0.50298,0.961782,1.00000,0.56250,0.00,0.00391,-0.00171
1779372008.0046,plane,955,9,0.49981,0.50419,0.957479,1.00000,0.56250,0.00,-0.00349,0.01071
1779372008.0985,plane,956,9,0.50020,0.50220,0.964773,1.00000,0.56250,0.00,0.00414,-0.02106
1779372008.1947,plane,957,9,0.49970,0.50397,0.957694,1.00000,0.56250,0.00,-0.00517,0.01842
1779372008.2899,plane,958,9,0.50026,0.50299,0.961767,1.00000,0.56250,0.00,0.00580,-0.01019
1779372008.4015,plane,959,9,0.49977,0.50283,0.960751,1.00000,0.56250,0.00,-0.00443,-0.00150
1779372008.4985,plane,960,9,0.50030,0.50385,0.958986,1.00000,0.56250,0.00,0.00542,0.01049
1779372008.5945,plane,961,9,0.49977,0.50301,0.960300,1.00000,0.56250,0.00,-0.00545,-0.00875
1779372008.6917,plane,962,9,0.50022,0.50301,0.961680,1.00000,0.56250,0.00,0.00465,0.00003
1779372008.8032,plane,963,9,0.49968,0.50429,0.957031,1.00000,0.56250,0.00,-0.00488,0.01154
1779372008.9000,plane,964,9,0.50019,0.50222,0.964691,1.00000,0.56250,0.00,0.00524,-0.02140
1779372008.9946,plane,965,9,0.49981,0.50403,0.957828,1.00000,0.56250,0.00,-0.00402,0.01899
1779372009.0905,plane,966,9,0.50013,0.50293,0.961858,1.00000,0.56250,0.00,0.00340,-0.01133
1779372009.2013,plane,967,9,0.49987,0.50276,0.961531,1.00000,0.56250,0.00,-0.00236,-0.00162
1779372009.2975,plane,968,9,0.50011,0.50396,0.958535,1.00000,0.56250,0.00,0.00242,0.01246
1779372009.3920,plane,969,9,0.50000,0.50257,0.962740,1.00000,0.56250,0.00,-0.00110,-0.01476
1779372009.4904,plane,970,9,0.49997,0.50340,0.959929,1.00000,0.56250,0.00,-0.00029,0.00845
1779372009.6009,plane,971,9,0.49996,0.50386,0.958569,1.00000,0.56250,0.00,-0.00011,0.00418
1779372009.7004,plane,972,9,0.49998,0.50247,0.962984,1.00000,0.56250,0.00,0.00019,-0.01397
1779372009.7944,plane,973,9,0.50001,0.50300,0.961294,1.00000,0.56250,0.00,0.00028,0.00558
1779372009.8888,plane,974,9,0.49976,0.50251,0.961702,1.00000,0.56250,0.00,-0.00259,-0.00515
1779372010.0017,plane,975,9,0.50008,0.50184,0.965839,1.00000,0.56250,0.00,0.00281,-0.00601
1779372010.0970,plane,976,9,0.49963,0.50340,0.958705,1.00000,0.56250,0.00,-0.00468,0.01632
1779372010.1930,plane,977,9,0.50012,0.50136,0.968508,1.00000,0.56250,0.00,0.00521,-0.02141
1779372010.2907,plane,978,9,0.49953,0.50326,0.958584,1.00000,0.56250,0.00,-0.00608,0.01943
1779372010.4019,plane,979,9,0.50002,0.50202,0.967373,1.00000,0.56250,0.00,0.00436,-0.01111
1779372010.4971,plane,980,9,0.49961,0.50246,0.960497,1.00000,0.56250,0.00,-0.00431,0.00464
1779372010.5943,plane,981,9,0.50010,0.50282,0.962177,1.00000,0.56250,0.00,0.00512,0.00378
1779372010.6886,plane,982,9,0.49958,0.50265,0.959980,1.00000,0.56250,0.00,-0.00557,-0.00185
1779372010.8035,plane,983,9,0.50015,0.50164,0.967119,1.00000,0.56250,0.00,0.00500,-0.00880
1779372010.8981,plane,984,9,0.49953,0.50342,0.958267,1.00000,0.56250,0.00,-0.00657,0.01882
1779372010.9944,plane,985,9,0.50007,0.50116,0.969650,1.00000,0.56250,0.00,0.00561,-0.02332
1779372011.0891,plane,986,9,0.49964,0.50322,0.959188,1.00000,0.56250,0.00,-0.00455,0.02179
1779372011.2020,plane,987,9,0.50004,0.50194,0.967531,1.00000,0.56250,0.00,0.00357,-0.01137
1779372011.2996,plane,988,9,0.49975,0.50230,0.961839,1.00000,0.56250,0.00,-0.00303,0.00371
1779372011.3948,plane,989,9,0.49999,0.50301,0.961182,1.00000,0.56250,0.00,0.00251,0.00743
1779372011.4908,plane,990,9,0.49992,0.50217,0.963515,1.00000,0.56250,0.00,-0.00075,-0.00876
1779372011.6017,plane,991,9,0.50005,0.50205,0.964890,1.00000,0.56250,0.00,0.00123,-0.00114
1779372011.6975,plane,992,9,0.49987,0.50303,0.960900,1.00000,0.56250,0.00,-0.00187,0.01018
1779372011.7954,plane,993,9,0.49996,0.50173,0.965842,1.00000,0.56250,0.00,0.00087,-0.01332
1779372011.8912,plane,994,9,0.49999,0.50291,0.961546,1.00000,0.56250,0.00,0.00038,0.01236
1779372012.0025,plane,995,9,0.49988,0.50265,0.962294,1.00000,0.56250,0.00,-0.00099,-0.00235
1779372012.0983,plane,996,9,0.50009,0.50186,0.965861,1.00000,0.56250,0.00,0.00218,-0.00822
1779372012.1916,plane,997,9,0.49972,0.50339,0.959088,1.00000,0.56250,0.00,-0.00401,0.01652
1779372012.2905,plane,998,9,0.50014,0.50149,0.967902,1.00000,0.56250,0.00,0.00428,-0.01917
1779372012.4020,plane,999,9,0.49981,0.50262,0.961544,1.00000,0.56250,0.00,-0.00299,0.01011
1779372012.4981,plane,1000,9,0.50007,0.50202,0.966195,1.00000,0.56250,0.00,0.00277,-0.00631
1779372012.5955,plane,1001,9,0.49982,0.50218,0.962650,1.00000,0.56250,0.00,-0.00265,0.00167
1779372012.6900,plane,1002,9,0.50021,0.50260,0.963199,1.00000,0.56250,0.00,0.00409,0.00438
1779372012.8022,plane,1003,9,0.49977,0.50267,0.961217,1.00000,0.56250,0.00,-0.00387,0.00065
1779372012.8984,plane,1004,9,0.50017,0.50159,0.967433,1.00000,0.56250,0.00,0.00418,-0.01121
1779372012.9944,plane,1005,9,0.49974,0.50321,0.959657,1.00000,0.56250,0.00,-0.00450,0.01693
1779372013.0925,plane,1006,9,0.50007,0.50105,0.970432,1.00000,0.56250,0.00,0.00329,-0.02190
1779372013.2030,plane,1007,9,0.49978,0.50274,0.961048,1.00000,0.56250,0.00,-0.00264,0.01526
1779372013.2979,plane,1008,9,0.50003,0.50181,0.968204,1.00000,0.56250,0.00,0.00269,-0.00979
1779372013.3942,plane,1009,9,0.49990,0.50210,0.963530,1.00000,0.56250,0.00,-0.00139,0.00302
1779372013.4889,plane,1010,9,0.50010,0.50287,0.962001,1.00000,0.56250,0.00,0.00209,0.00811
1779372013.6018,plane,1011,9,0.49987,0.50243,0.962452,1.00000,0.56250,0.00,-0.00204,-0.00384
1779372013.6977,plane,1012,9,0.50012,0.50186,0.965980,1.00000,0.56250,0.00,0.00265,-0.00601
1779372013.7960,plane,1013,9,0.49995,0.50286,0.961955,1.00000,0.56250,0.00,-0.00166,0.01013
1779372013.8919,plane,1014,9,0.49997,0.50128,0.968662,1.00000,0.56250,0.00,0.00017,-0.01637
1779372014.0034,plane,1015,9,0.49999,0.50242,0.963201,1.00000,0.56250,0.00,0.00019,0.01026
1779372014.0990,plane,1016,9,0.49996,0.50211,0.965544,1.00000,0.56250,0.00,-0.00035,-0.00329
1779372014.1939,plane,1017,9,0.50015,0.50161,0.967207,1.00000,0.56250,0.00,0.00198,-0.00521
1779372014.2904,plane,1018,9,0.49986,0.50319,0.960173,1.00000,0.56250,0.00,-0.00298,0.01641
1779372014.4013,plane,1019,9,0.50007,0.50152,0.968026,1.00000,0.56250,0.00,0.00193,-0.01504
1779372014.4983,plane,1020,9,0.49991,0.50233,0.963050,1.00000,0.56250,0.00,-0.00164,0.00837
1779372014.5951,plane,1021,9,0.50006,0.50202,0.967217,1.00000,0.56250,0.00,0.00147,-0.00321
1779372014.6907,plane,1022,9,0.49986,0.50205,0.963486,1.00000,0.56250,0.00,-0.00208,0.00037
1779372014.8016,plane,1023,9,0.50018,0.50223,0.964639,1.00000,0.56250,0.00,0.00288,0.00157
1779372014.8995,plane,1024,9,0.49979,0.50271,0.961241,1.00000,0.56250,0.00,-0.00395,0.00486
1779372014.9930,plane,1025,9,0.50017,0.50153,0.967758,1.00000,0.56250,0.00,0.00413,-0.01263
1779372015.0890,plane,1026,9,0.49966,0.50346,0.958708,1.00000,0.56250,0.00,-0.00538,0.02010
1779372015.2015,plane,1027,9,0.50006,0.50126,0.969538,1.00000,0.56250,0.00,0.00361,-0.01950
1779372015.2964,plane,1028,9,0.49974,0.50276,0.960800,1.00000,0.56250,0.00,-0.00340,0.01586
1779372015.3941,plane,1029,9,0.50003,0.50189,0.967639,1.00000,0.56250,0.00,0.00295,-0.00895
1779372015.4894,plane,1030,9,0.49988,0.50214,0.963320,1.00000,0.56250,0.00,-0.00153,0.00259
1779372015.6024,plane,1031,9,0.50019,0.50253,0.963435,1.00000,0.56250,0.00,0.00274,0.00348
1779372015.6977,plane,1032,9,0.49987,0.50253,0.962173,1.00000,0.56250,0.00,-0.00341,-0.00001
1779372015.7935,plane,1033,9,0.50013,0.50185,0.966117,1.00000,0.56250,0.00,0.00277,-0.00718
1779372015.8896,plane,1034,9,0.49993,0.50309,0.960741,1.00000,0.56250,0.00,-0.00204,0.01295
1779372016.0033,plane,1035,9,0.50002,0.50131,0.969101,1.00000,0.56250,0.00,0.00080,-0.01565
1779372016.0992,plane,1036,9,0.49997,0.50253,0.962752,1.00000,0.56250,0.00,-0.00051,0.01276
1779372016.1943,plane,1037,9,0.49994,0.50225,0.964835,1.00000,0.56250,0.00,-0.00038,-0.00301
1779372016.2887,plane,1038,9,0.50014,0.50168,0.966927,1.00000,0.56250,0.00,0.00217,-0.00603
1779372016.4010,plane,1039,9,0.49997,0.50305,0.961019,1.00000,0.56250,0.00,-0.00155,0.01218
1779372016.4980,plane,1040,9,0.50010,0.50167,0.967321,1.00000,0.56250,0.00,0.00136,-0.01413
1779372016.5932,plane,1041,9,0.49989,0.50252,0.962370,1.00000,0.56250,0.00,-0.00219,0.00891
1779372016.6920,plane,1042,9,0.50015,0.50249,0.964220,1.00000,0.56250,0.00,0.00256,-0.00030
1779372016.8030,plane,1043,9,0.49993,0.50211,0.963830,1.00000,0.56250,0.00,-0.00196,-0.00338
1779372016.8991,plane,1044,9,0.50019,0.50241,0.963886,1.00000,0.56250,0.00,0.00269,0.00314
1779372016.9946,plane,1045,9,0.49981,0.50289,0.960863,1.00000,0.56250,0.00,-0.00396,0.00500
1779372017.0909,plane,1046,9,0.50018,0.50160,0.967407,1.00000,0.56250,0.00,0.00385,-0.01326
1779372017.2037,plane,1047,9,0.49974,0.50352,0.958866,1.00000,0.56250,0.00,-0.00391,0.01697
1779372017.2985,plane,1048,9,0.50011,0.50152,0.968199,1.00000,0.56250,0.00,0.00390,-0.02120
1779372017.3921,plane,1049,9,0.49979,0.50277,0.961080,1.00000,0.56250,0.00,-0.00336,0.01319
1779372017.4904,plane,1050,9,0.50013,0.50247,0.964342,1.00000,0.56250,0.00,0.00342,-0.00304
1779372017.6036,plane,1051,9,0.49985,0.50228,0.962699,1.00000,0.56250,0.00,-0.00248,-0.00168
1779372017.6991,plane,1052,9,0.50022,0.50259,0.963236,1.00000,0.56250,0.00,0.00388,0.00327
1779372017.7934,plane,1053,9,0.49987,0.50265,0.961860,1.00000,0.56250,0.00,-0.00370,0.00059
1779372017.8897,plane,1054,9,0.50016,0.50175,0.966649,1.00000,0.56250,0.00,0.00296,-0.00926
1779372018.0029,plane,1055,9,0.49980,0.50346,0.959227,1.00000,0.56250,0.00,-0.00315,0.01503
1779372018.0974,plane,1056,9,0.50003,0.50139,0.968838,1.00000,0.56250,0.00,0.00237,-0.02190
1779372018.1943,plane,1057,9,0.49999,0.50262,0.962519,1.00000,0.56250,0.00,-0.00034,0.01259
1779372018.2891,plane,1058,9,0.49995,0.50241,0.964047,1.00000,0.56250,0.00,-0.00049,-0.00225
1779372018.4028,plane,1059,9,0.50008,0.50188,0.965649,1.00000,0.56250,0.00,0.00113,-0.00461
1779372018.4984,plane,1060,9,0.50002,0.50301,0.961295,1.00000,0.56250,0.00,-0.00054,0.01171
1779372018.5946,plane,1061,9,0.50009,0.50199,0.965697,1.00000,0.56250,0.00,0.00072,-0.01074
1779372018.6920,plane,1062,9,0.49995,0.50240,0.963023,1.00000,0.56250,0.00,-0.00147,0.00426
1779372018.8015,plane,1063,9,0.50009,0.50294,0.961968,1.00000,0.56250,0.00,0.00133,0.00489
1779372018.8963,plane,1064,9,0.49997,0.50224,0.963720,1.00000,0.56250,0.00,-0.00131,-0.00745
1779372018.9942,plane,1065,9,0.50016,0.50249,0.963550,1.00000,0.56250,0.00,0.00196,0.00260
1779372019.0900,plane,1066,9,0.49976,0.50299,0.960405,1.00000,0.56250,0.00,-0.00418,0.00521
1779372019.2015,plane,1067,9,0.50017,0.50165,0.967156,1.00000,0.56250,0.00,0.00363,-0.01196
1779372019.2980,plane,1068,9,0.49981,0.50323,0.959876,1.00000,0.56250,0.00,-0.00372,0.01632
1779372019.3927,plane,1069,9,0.50019,0.50151,0.968035,1.00000,0.56250,0.00,0.00408,-0.01807
1779372019.4891,plane,1070,9,0.49987,0.50258,0.962038,1.00000,0.56250,0.00,-0.00336,0.01112
1779372019.6027,plane,1071,9,0.50013,0.50244,0.964762,1.00000,0.56250,0.00,0.00228,-0.00122
1779372019.6983,plane,1072,9,0.49991,0.50210,0.963632,1.00000,0.56250,0.00,-0.00236,-0.00358
1779372019.7940,plane,1073,9,0.50022,0.50235,0.964181,1.00000,0.56250,0.00,0.00325,0.00259
1779372019.8915,plane,1074,9,0.49990,0.50257,0.962277,1.00000,0.56250,0.00,-0.00331,0.00224
1779372020.0030,plane,1075,9,0.50017,0.50149,0.967953,1.00000,0.56250,0.00,0.00250,-0.00973
1779372020.0979,plane,1076,9,0.49979,0.50338,0.959391,1.00000,0.56250,0.00,-0.00405,0.01970
1779372020.1945,plane,1077,9,0.50000,0.50134,0.969223,1.00000,0.56250,0.00,0.00219,-0.02108
1779372020.2898,plane,1078,9,0.49997,0.50257,0.962635,1.00000,0.56250,0.00,-0.00026,0.01283
1779372020.4005,plane,1079,9,0.50010,0.50271,0.963438,1.00000,0.56250,0.00,0.00111,0.00131
1779372020.4985,plane,1080,9,0.50006,0.50191,0.965412,1.00000,0.56250,0.00,-0.00040,-0.00815
1779372020.5947,plane,1081,9,0.50003,0.50296,0.961494,1.00000,0.56250,0.00,-0.00024,0.01087
1779372020.6896,plane,1082,9,0.50006,0.50218,0.964793,1.00000,0.56250,0.00,0.00028,-0.00827
1779372020.8024,plane,1083,9,0.50008,0.50191,0.965534,1.00000,0.56250,0.00,0.00016,-0.00238
1779372020.8976,plane,1084,9,0.50008,0.50325,0.960626,1.00000,0.56250,0.00,0.00001,0.01421
1779372020.9938,plane,1085,9,0.49994,0.50224,0.963513,1.00000,0.56250,0.00,-0.00147,-0.01051
1779372021.0898,plane,1086,9,0.50018,0.50258,0.963214,1.00000,0.56250,0.00,0.00252,0.00353
1779372021.2029,plane,1087,9,0.49984,0.50347,0.959366,1.00000,0.56250,0.00,-0.00297,0.00782
1779372021.2967,plane,1088,9,0.50017,0.50166,0.967105,1.00000,0.56250,0.00,0.00347,-0.01928
1779372021.3919,plane,1089,9,0.49970,0.50369,0.958308,1.00000,0.56250,0.00,-0.00494,0.02129
1779372021.4909,plane,1090,9,0.50016,0.50194,0.966071,1.00000,0.56250,0.00,0.00470,-0.01773
1779372021.6028,plane,1091,9,0.49980,0.50253,0.961734,1.00000,0.56250,0.00,-0.00324,0.00522
1779372021.6971,plane,1092,9,0.50021,0.50319,0.961088,1.00000,0.56250,0.00,0.00442,0.00713
1779372021.7949,plane,1093,9,0.49975,0.50249,0.961475,1.00000,0.56250,0.00,-0.00473,-0.00720
1779372021.8908,plane,1094,9,0.50019,0.50278,0.962496,1.00000,0.56250,0.00,0.00458,0.00299
1779372022.0009,plane,1095,9,0.49963,0.50363,0.958225,1.00000,0.56250,0.00,-0.00512,0.00780
1779372022.0973,plane,1096,9,0.50017,0.50172,0.966848,1.00000,0.56250,0.00,0.00555,-0.01980
1779372022.1947,plane,1097,9,0.49970,0.50378,0.958113,1.00000,0.56250,0.00,-0.00475,0.02110
1779372022.2917,plane,1098,9,0.50006,0.50187,0.966298,1.00000,0.56250,0.00,0.00375,-0.01991
1779372022.4014,plane,1099,9,0.49980,0.50268,0.961358,1.00000,0.56250,0.00,-0.00238,0.00739
1779372022.4983,plane,1100,9,0.50010,0.50331,0.960558,1.00000,0.56250,0.00,0.00304,0.00655
1779372022.5930,plane,1101,9,0.49997,0.50222,0.963769,1.00000,0.56250,0.00,-0.00129,-0.01150
1779372022.6900,plane,1102,9,0.49998,0.50321,0.960531,1.00000,0.56250,0.00,0.00007,0.01017
1779372022.8025,plane,1103,9,0.49987,0.50330,0.959934,1.00000,0.56250,0.00,-0.00098,0.00079
1779372022.8996,plane,1104,9,0.50003,0.50217,0.964323,1.00000,0.56250,0.00,0.00167,-0.01160
1779372022.9950,plane,1105,9,0.50001,0.50352,0.959652,1.00000,0.56250,0.00,-0.00025,0.01407
1779372023.0891,plane,1106,9,0.49986,0.50247,0.962336,1.00000,0.56250,0.00,-0.00159,-0.01106
1779372023.1999,plane,1107,9,0.50007,0.50236,0.963788,1.00000,0.56250,0.00,0.00190,-0.00102
1779372023.2981,plane,1108,9,0.49974,0.50359,0.958676,1.00000,0.56250,0.00,-0.00339,0.01260
1779372023.3933,plane,1109,9,0.50015,0.50176,0.966578,1.00000,0.56250,0.00,0.00426,-0.01922
1779372023.4912,plane,1110,9,0.49963,0.50370,0.958042,1.00000,0.56250,0.00,-0.00528,0.01984
1779372023.6032,plane,1111,9,0.50009,0.50256,0.963508,1.00000,0.56250,0.00,0.00412,-0.01014
1779372023.6987,plane,1112,9,0.49973,0.50271,0.960798,1.00000,0.56250,0.00,-0.00381,0.00161
1779372023.7953,plane,1113,9,0.50020,0.50341,0.960325,1.00000,0.56250,0.00,0.00493,0.00715
1779372023.8923,plane,1114,9,0.49969,0.50274,0.960534,1.00000,0.56250,0.00,-0.00531,-0.00693
1779372024.0029,plane,1115,9,0.50017,0.50220,0.964732,1.00000,0.56250,0.00,0.00434,-0.00481
1779372024.0981,plane,1116,9,0.49961,0.50359,0.958238,1.00000,0.56250,0.00,-0.00587,0.01456
1779372024.1937,plane,1117,9,0.50016,0.50170,0.966900,1.00000,0.56250,0.00,0.00574,-0.01980
1779372024.2910,plane,1118,9,0.49965,0.50377,0.957964,1.00000,0.56250,0.00,-0.00527,0.02124
1779372024.4023,plane,1119,9,0.50010,0.50241,0.964186,1.00000,0.56250,0.00,0.00413,-0.01233
1779372024.5019,plane,1120,9,0.49992,0.50298,0.961041,1.00000,0.56250,0.00,-0.00185,0.00577
1779372024.5934,plane,1121,9,0.50031,0.50415,0.958255,1.00000,0.56250,0.00,0.00429,0.01278
1779372024.6914,plane,1122,9,0.50006,0.50268,0.962560,1.00000,0.56250,0.00,-0.00259,-0.01504
1779372024.8019,plane,1123,9,0.50028,0.50338,0.960464,1.00000,0.56250,0.00,0.00202,0.00632
1779372024.8992,plane,1124,9,0.50010,0.50381,0.958950,1.00000,0.56250,0.00,-0.00192,0.00444
1779372024.9949,plane,1125,9,0.50015,0.50258,0.963159,1.00000,0.56250,0.00,0.00055,-0.01272
1779372025.0887,plane,1126,9,0.50026,0.50423,0.957952,1.00000,0.56250,0.00,0.00117,0.01763
1779372025.2011,plane,1127,9,0.50017,0.50321,0.960922,1.00000,0.56250,0.00,-0.00076,-0.00902
1779372025.2985,plane,1128,9,0.50024,0.50300,0.961716,1.00000,0.56250,0.00,0.00067,-0.00215
1779372025.3956,plane,1129,9,0.50005,0.50422,0.957776,1.00000,0.56250,0.00,-0.00189,0.01262
1779372025.4892,plane,1130,9,0.50028,0.50238,0.964093,1.00000,0.56250,0.00,0.00241,-0.01965
1779372025.6020,plane,1131,9,0.50004,0.50369,0.959198,1.00000,0.56250,0.00,-0.00217,0.01166
1779372025.6985,plane,1132,9,0.50037,0.50363,0.959688,1.00000,0.56250,0.00,0.00345,-0.00064
1779372025.7930,plane,1133,9,0.49996,0.50293,0.961360,1.00000,0.56250,0.00,-0.00432,-0.00737
1779372025.8882,plane,1134,9,0.50051,0.50426,0.957889,1.00000,0.56250,0.00,0.00577,0.01404
1779372026.0026,plane,1135,9,0.49997,0.50330,0.960214,1.00000,0.56250,0.00,-0.00469,-0.00841
1779372026.0986,plane,1136,9,0.50044,0.50319,0.961049,1.00000,0.56250,0.00,0.00493,-0.00115
1779372026.1942,plane,1137,9,0.49992,0.50426,0.957508,1.00000,0.56250,0.00,-0.00540,0.01122
1779372026.2909,plane,1138,9,0.50035,0.50252,0.963494,1.00000,0.56250,0.00,0.00437,-0.01796
1779372026.4019,plane,1139,9,0.49992,0.50405,0.957981,1.00000,0.56250,0.00,-0.00388,0.01382
1779372026.4975,plane,1140,9,0.50045,0.50360,0.959734,1.00000,0.56250,0.00,0.00560,-0.00469
1779372026.5932,plane,1141,9,0.50000,0.50307,0.961036,1.00000,0.56250,0.00,-0.00468,-0.00550
1779372026.6900,plane,1142,9,0.50039,0.50425,0.957945,1.00000,0.56250,0.00,0.00395,0.01216
1779372026.8028,plane,1143,9,0.49996,0.50309,0.960822,1.00000,0.56250,0.00,-0.00381,-0.01029
1779372026.8984,plane,1144,9,0.50028,0.50333,0.960609,1.00000,0.56250,0.00,0.00333,0.00250
1779372026.9946,plane,1145,9,0.50003,0.50404,0.958213,1.00000,0.56250,0.00,-0.00255,0.00737
1779372027.0891,plane,1146,9,0.50015,0.50253,0.963359,1.00000,0.56250,0.00,0.00129,-0.01609
1779372027.2007,plane,1147,9,0.50004,0.50404,0.958242,1.00000,0.56250,0.00,-0.00098,0.01345
1779372027.2992,plane,1148,9,0.50013,0.50329,0.960627,1.00000,0.56250,0.00,0.00087,-0.00765
1779372027.3925,plane,1149,9,0.50018,0.50295,0.961851,1.00000,0.56250,0.00,0.00056,-0.00358
1779372027.4892,plane,1150,9,0.50000,0.50425,0.957643,1.00000,0.56250,0.00,-0.00188,0.01338
1779372027.6009,plane,1151,9,0.50018,0.50267,0.962882,1.00000,0.56250,0.00,0.00157,-0.01414
1779372027.6972,plane,1152,9,0.50000,0.50364,0.959242,1.00000,0.56250,0.00,-0.00184,0.01013
1779372027.7937,plane,1153,9,0.50032,0.50376,0.959283,1.00000,0.56250,0.00,0.00333,0.00118
1779372027.8897,plane,1154,9,0.49991,0.50296,0.961065,1.00000,0.56250,0.00,-0.00424,-0.00829
1779372028.0004,plane,1155,9,0.50032,0.50405,0.958457,1.00000,0.56250,0.00,0.00372,0.00984
1779372028.0973,plane,1156,9,0.49985,0.50340,0.959532,1.00000,0.56250,0.00,-0.00497,-0.00674
1779372028.1938,plane,1157,9,0.50032,0.50307,0.961507,1.00000,0.56250,0.00,0.00490,-0.00343
1779372028.2891,plane,1158,9,0.49977,0.50428,0.957226,1.00000,0.56250,0.00,-0.00574,0.01264
1779372028.4017,plane,1159,9,0.50028,0.50249,0.963643,1.00000,0.56250,0.00,0.00450,-0.01584
1779372028.4980,plane,1160,9,0.49979,0.50407,0.957670,1.00000,0.56250,0.00,-0.00509,0.01647
1779372028.5947,plane,1161,9,0.50035,0.50354,0.959951,1.00000,0.56250,0.00,0.00576,-0.00542
1779372028.6904,plane,1162,9,0.49989,0.50312,0.960517,1.00000,0.56250,0.00,-0.00482,-0.00445
1779372028.8018,plane,1163,9,0.50041,0.50425,0.957925,1.00000,0.56250,0.00,0.00466,0.01025
1779372028.8961,plane,1164,9,0.49994,0.50316,0.960546,1.00000,0.56250,0.00,-0.00496,-0.01150
1779372028.9948,plane,1165,9,0.50026,0.50321,0.961024,1.00000,0.56250,0.00,0.00332,0.00051
1779372029.0902,plane,1166,9,0.50000,0.50406,0.958118,1.00000,0.56250,0.00,-0.00276,0.00899
1779372029.2051,plane,1167,9,0.50022,0.50239,0.964049,1.00000,0.56250,0.00,0.00191,-0.01456
1779372029.2972,plane,1168,9,0.50002,0.50390,0.958600,1.00000,0.56250,0.00,-0.00214,0.01643
1779372029.3946,plane,1169,9,0.50013,0.50320,0.960890,1.00000,0.56250,0.00,0.00108,-0.00707
1779372029.4903,plane,1170,9,0.50014,0.50271,0.962675,1.00000,0.56250,0.00,0.00013,-0.00523
1779372029.6001,plane,1171,9,0.50010,0.50416,0.957993,1.00000,0.56250,0.00,-0.00041,0.01326
1779372029.6985,plane,1172,9,0.50017,0.50256,0.963303,1.00000,0.56250,0.00,0.00071,-0.01626
1779372029.7940,plane,1173,9,0.50000,0.50341,0.959963,1.00000,0.56250,0.00,-0.00172,0.00892
1779372029.8913,plane,1174,9,0.50030,0.50355,0.959924,1.00000,0.56250,0.00,0.00305,0.00142
1779372030.0013,plane,1175,9,0.50003,0.50250,0.963118,1.00000,0.56250,0.00,-0.00246,-0.00958
1779372030.0977,plane,1176,9,0.50032,0.50380,0.959161,1.00000,0.56250,0.00,0.00303,0.01354
1779372030.1936,plane,1177,9,0.49990,0.50321,0.960266,1.00000,0.56250,0.00,-0.00440,-0.00613
1779372030.2892,plane,1178,9,0.50032,0.50274,0.962716,1.00000,0.56250,0.00,0.00438,-0.00494
1779372030.4015,plane,1179,9,0.49983,0.50428,0.957328,1.00000,0.56250,0.00,-0.00431,0.01369
1779372030.4969,plane,1180,9,0.50028,0.50238,0.964105,1.00000,0.56250,0.00,0.00467,-0.01993
1779372030.5947,plane,1181,9,0.49982,0.50378,0.958445,1.00000,0.56250,0.00,-0.00473,0.01440
1779372030.6905,plane,1182,9,0.50036,0.50333,0.960639,1.00000,0.56250,0.00,0.00564,-0.00467
1779372030.8015,plane,1183,9,0.49989,0.50268,0.961823,1.00000,0.56250,0.00,-0.00420,-0.00584
1779372030.8973,plane,1184,9,0.50036,0.50376,0.959278,1.00000,0.56250,0.00,0.00491,0.01125
1779372030.9939,plane,1185,9,0.49989,0.50308,0.960642,1.00000,0.56250,0.00,-0.00481,-0.00700
1779372031.0890,plane,1186,9,0.50024,0.50296,0.961890,1.00000,0.56250,0.00,0.00370,-0.00130
1779372031.2033,plane,1187,9,0.49983,0.50431,0.957272,1.00000,0.56250,0.00,-0.00359,0.01174
1779372031.2994,plane,1188,9,0.50020,0.50232,0.964291,1.00000,0.56250,0.00,0.00389,-0.02079
1779372031.3937,plane,1189,9,0.49997,0.50382,0.958713,1.00000,0.56250,0.00,-0.00240,0.01580
1779372031.4907,plane,1190,9,0.50013,0.50328,0.960629,1.00000,0.56250,0.00,0.00162,-0.00557
1779372031.6016,plane,1191,9,0.50001,0.50254,0.962847,1.00000,0.56250,0.00,-0.00112,-0.00669
1779372031.6978,plane,1192,9,0.50010,0.50401,0.958396,1.00000,0.56250,0.00,0.00095,0.01525
1779372031.7926,plane,1193,9,0.50011,0.50263,0.962857,1.00000,0.56250,0.00,0.00012,-0.01438
1779372031.8898,plane,1194,9,0.49992,0.50353,0.959396,1.00000,0.56250,0.00,-0.00192,0.00921
1779372032.0013,plane,1195,9,0.50011,0.50392,0.958655,1.00000,0.56250,0.00,0.00167,0.00351
1779372032.0985,plane,1196,9,0.49997,0.50257,0.962623,1.00000,0.56250,0.00,-0.00136,-0.01380
1779372032.1936,plane,1197,9,0.50025,0.50373,0.959342,1.00000,0.56250,0.00,0.00294,0.01232
1779372032.2897,plane,1198,9,0.49984,0.50335,0.959671,1.00000,0.56250,0.00,-0.00425,-0.00398
1779372032.4014,plane,1199,9,0.50020,0.50225,0.964588,1.00000,0.56250,0.00,0.00324,-0.00993
1779372032.4994,plane,1200,9,0.49981,0.50409,0.957696,1.00000,0.56250,0.00,-0.00388,0.01862
1779372032.5951,plane,1201,9,0.50023,0.50230,0.964376,1.00000,0.56250,0.00,0.00432,-0.01866
1779372032.6896,plane,1202,9,0.49977,0.50369,0.958516,1.00000,0.56250,0.00,-0.00488,0.01466
1779372032.8017,plane,1203,9,0.50033,0.50376,0.959298,1.00000,0.56250,0.00,0.00503,0.00059
1779372032.8986,plane,1204,9,0.49982,0.50281,0.961117,1.00000,0.56250,0.00,-0.00526,-0.00982
1779372032.9936,plane,1205,9,0.50030,0.50372,0.959407,1.00000,0.56250,0.00,0.00503,0.00960
1779372033.0890,plane,1206,9,0.49981,0.50319,0.959981,1.00000,0.56250,0.00,-0.00514,-0.00551
1779372033.2050,plane,1207,9,0.50022,0.50227,0.964525,1.00000,0.56250,0.00,0.00354,-0.00797
1779372033.2978,plane,1208,9,0.49977,0.50415,0.957452,1.00000,0.56250,0.00,-0.00490,0.02036
1779372033.3950,plane,1209,9,0.50016,0.50221,0.964689,1.00000,0.56250,0.00,0.00405,-0.01996
1779372033.4913,plane,1210,9,0.49994,0.50351,0.959510,1.00000,0.56250,0.00,-0.00227,0.01346
1779372033.6035,plane,1211,9,0.50023,0.50352,0.959981,1.00000,0.56250,0.00,0.00262,0.00011
1779372033.6972,plane,1212,9,0.50001,0.50239,0.963392,1.00000,0.56250,0.00,-0.00238,-0.01194
1779372033.7935,plane,1213,9,0.50007,0.50375,0.959088,1.00000,0.56250,0.00,0.00060,0.01405
1779372033.8910,plane,1214,9,0.50010,0.50243,0.963606,1.00000,0.56250,0.00,0.00033,-0.01349
1779372034.0018,plane,1215,9,0.50010,0.50240,0.963743,1.00000,0.56250,0.00,0.00001,-0.00032
1779372034.0976,plane,1216,9,0.50009,0.50369,0.959274,1.00000,0.56250,0.00,-0.00014,0.01346
1779372034.1926,plane,1217,9,0.50001,0.50229,0.963762,1.00000,0.56250,0.00,-0.00079,-0.01476
1779372034.2905,plane,1218,9,0.50021,0.50323,0.960883,1.00000,0.56250,0.00,0.00203,0.00975
1779372034.4029,plane,1219,9,0.49992,0.50321,0.960376,1.00000,0.56250,0.00,-0.00254,-0.00018
1779372034.4995,plane,1220,9,0.50016,0.50191,0.965947,1.00000,0.56250,0.00,0.00249,-0.01344
1779372034.5950,plane,1221,9,0.49981,0.50368,0.958676,1.00000,0.56250,0.00,-0.00369,0.01853
1779372034.6912,plane,1222,9,0.50019,0.50191,0.966061,1.00000,0.56250,0.00,0.00392,-0.01854
1779372034.8035,plane,1223,9,0.49981,0.50282,0.961009,1.00000,0.56250,0.00,-0.00334,0.00813
1779372034.8978,plane,1224,9,0.50022,0.50305,0.961721,1.00000,0.56250,0.00,0.00434,0.00244
1779372034.9947,plane,1225,9,0.49984,0.50248,0.962148,1.00000,0.56250,0.00,-0.00385,-0.00584
1779372035.0899,plane,1226,9,0.50027,0.50312,0.961317,1.00000,0.56250,0.00,0.00447,0.00674
1779372035.2027,plane,1227,9,0.49975,0.50330,0.959456,1.00000,0.56250,0.00,-0.00461,0.00156
1779372035.2992,plane,1228,9,0.50019,0.50185,0.966283,1.00000,0.56250,0.00,0.00460,-0.01505
1779372035.3956,plane,1229,9,0.49974,0.50378,0.958211,1.00000,0.56250,0.00,-0.00468,0.02001
1779372035.4904,plane,1230,9,0.50011,0.50178,0.966800,1.00000,0.56250,0.00,0.00385,-0.02092
1779372035.6082,plane,1231,9,0.50024,0.50296,0.961889,1.00000,0.56250,0.00,0.00117,0.01005
1779372035.6978,plane,1232,9,0.50080,0.50395,0.960280,1.00000,0.56250,0.00,0.00624,0.01107
1779372035.7941,plane,1233,9,0.50035,0.50291,0.962055,1.00000,0.56250,0.00,-0.00461,-0.01068
1779372035.8888,plane,1234,9,0.50068,0.50458,0.957087,1.00000,0.56250,0.00,0.00341,0.01770
1779372036.0016,plane,1235,9,0.50045,0.50381,0.959127,1.00000,0.56250,0.00,-0.00200,-0.00690
1779372036.0980,plane,1236,9,0.50054,0.50321,0.960873,1.00000,0.56250,0.00,0.00091,-0.00622
1779372036.1948,plane,1237,9,0.50066,0.50464,0.957014,1.00000,0.56250,0.00,0.00122,0.01478
1779372036.2904,plane,1238,9,0.50037,0.50304,0.961619,1.00000,0.56250,0.00,-0.00296,-0.01675
1779372036.4026,plane,1239,9,0.50065,0.50407,0.958249,1.00000,0.56250,0.00,0.00251,0.00929
1779372036.4976,plane,1240,9,0.50053,0.50430,0.957772,1.00000,0.56250,0.00,-0.00128,0.00240
1779372036.5944,plane,1241,9,0.50073,0.50327,0.960258,1.00000,0.56250,0.00,0.00210,-0.01068
1779372036.6919,plane,1242,9,0.50045,0.50462,0.957104,1.00000,0.56250,0.00,-0.00292,0.01380
1779372036.8041,plane,1243,9,0.50084,0.50386,0.958506,1.00000,0.56250,0.00,0.00346,-0.00678
1779372036.8981,plane,1244,9,0.50041,0.50313,0.961265,1.00000,0.56250,0.00,-0.00459,-0.00773
1779372036.9929,plane,1245,9,0.50111,0.50444,0.956901,1.00000,0.56250,0.00,0.00736,0.01379
1779372037.0899,plane,1246,9,0.50038,0.50272,0.962716,1.00000,0.56250,0.00,-0.00753,-0.01774
1779372037.2017,plane,1247,9,0.50111,0.50401,0.957604,1.00000,0.56250,0.00,0.00652,0.01149
1779372037.2984,plane,1248,9,0.50046,0.50373,0.959356,1.00000,0.56250,0.00,-0.00666,-0.00292
1779372037.3949,plane,1249,9,0.50093,0.50323,0.959763,1.00000,0.56250,0.00,0.00484,-0.00519
1779372037.4953,plane,1250,9,0.50083,0.50316,0.960266,1.00000,0.56250,0.00,-0.00096,-0.00065
1779372037.6066,plane,1251,9,0.50083,0.50316,0.960258,1.00000,0.56250,0.00,0.00000,-0.00000
1779372037.7008,plane,1252,9,0.50083,0.50316,0.960256,1.00000,0.56250,0.00,0.00000,-0.00000
1779372037.7962,plane,1253,9,0.50083,0.50316,0.960261,1.00000,0.56250,0.00,-0.00000,-0.00000
1779372037.8976,plane,1254,9,0.50083,0.50316,0.960264,1.00000,0.56250,0.00,0.00000,-0.00000
1779372038.0164,plane,1255,9,0.49537,0.50285,0.033505,0.15774,0.15043,81.85,-0.04631,-0.00264
1779372038.0164,plane,1255,10,0.51754,0.24957,0.435976,1.01231,0.78509,103.82,0.00000,0.00000
1779372038.0164,plane,1255,11,0.49316,0.99653,0.002602,0.50000,0.03127,90.00,0.00000,0.00000
1779372038.1111,plane,1256,9,0.49538,0.50280,0.033537,0.15784,0.15052,81.64,0.00012,-0.00055
1779372038.1111,plane,1256,10,0.51712,0.25495,0.448278,1.02806,0.83003,106.13,-0.00443,0.05676
1779372038.1111,plane,1256,11,0.49316,0.99653,0.002602,0.50000,0.03127,90.00,0.00000,0.00000
1779372038.2078,plane,1257,9,0.49536,0.50279,0.033491,0.15769,0.15045,82.00,-0.00022,-0.00004
1779372038.2078,plane,1257,10,0.51911,0.24326,0.427239,1.02466,0.78827,103.14,0.02068,-0.12120
1779372038.2078,plane,1257,11,0.49316,0.99653,0.002602,0.50000,0.03127,90.00,0.00000,0.00000
1779372038.3025,plane,1258,9,0.49536,0.50276,0.033464,0.15763,0.15039,81.87,0.00002,-0.00040
1779372038.3025,plane,1258,10,0.51868,0.23730,0.414383,0.99855,0.72447,98.94,-0.00452,-0.06228
1779372038.3025,plane,1258,11,0.49316,0.99653,0.002602,0.50000,0.03127,90.00,0.00000,0.00000
1779372038.4149,plane,1259,9,0.49533,0.50283,0.033427,0.15753,0.15029,82.10,-0.00024,0.00066
1779372038.4149,plane,1259,10,0.51809,0.23312,0.403237,0.99949,0.73186,98.98,-0.00527,-0.03743
1779372038.4149,plane,1259,11,0.49316,0.99653,0.002602,0.50000,0.03127,90.00,0.00000,0.00000
1779372038.5108,plane,1260,9,0.49539,0.50289,0.033464,0.15759,0.15039,82.03,0.00059,0.00067
1779372038.5108,plane,1260,10,0.51689,0.23963,0.413418,1.00728,0.78876,101.14,-0.01241,0.06724
1779372038.5108,plane,1260,11,0.49316,0.99653,0.002602,0.50000,0.03127,90.00,0.00000,0.00000
1779372038.6067,plane,1261,9,0.49539,0.50282,0.033510,0.15773,0.15045,81.49,0.00004,-0.00074
1779372038.6067,plane,1261,10,0.51710,0.24815,0.431909,1.00113,0.76013,102.13,0.00220,0.08953
1779372038.6067,plane,1261,11,0.49316,0.99653,0.002602,0.50000,0.03127,90.00,0.00000,0.00000
1779372038.7037,plane,1262,9,0.49540,0.50285,0.033481,0.15768,0.15040,81.40,0.00008,0.00027
1779372038.7037,plane,1262,10,0.51797,0.24571,0.429821,1.00747,0.76423,102.31,0.00900,-0.02527
1779372038.7037,plane,1262,11,0.49316,0.99653,0.002602,0.50000,0.03127,90.00,0.00000,0.00000
1779372038.8152,plane,1263,9,0.49537,0.50278,0.033491,0.15776,0.15040,81.34,-0.00029,-0.00066
1779372038.8152,plane,1263,10,0.51907,0.24246,0.425490,1.01389,0.76018,101.83,0.00980,-0.02916
1779372038.8152,plane,1263,11,0.49316,0.99653,0.002602,0.50000,0.03127,90.00,0.00000,0.00000
1779372038.9122,plane,1264,9,0.49535,0.50189,0.033520,0.15775,0.15056,82.08,-0.00020,-0.00918
1779372038.9122,plane,1264,10,0.51770,0.24499,0.425790,0.99604,0.74228,100.28,-0.01417,0.02621
1779372038.9122,plane,1264,11,0.49268,0.99653,0.002608,0.50098,0.03130,90.00,-0.00505,-0.00000
1779372039.0069,plane,1265,9,0.49534,0.50181,0.033542,0.15779,0.15061,81.95,-0.00010,-0.00079
1779372039.0069,plane,1265,10,0.51808,0.24585,0.429131,1.01245,0.77628,103.05,0.00408,0.00899
1779372039.0069,plane,1265,11,0.49268,0.99653,0.002608,0.50098,0.03130,90.00,0.00000,0.00000
1779372039.1030,plane,1266,9,0.49538,0.50210,0.033522,0.15780,0.15052,81.93,0.00036,0.00302
1779372039.1030,plane,1266,10,0.51694,0.24999,0.435855,1.00665,0.77929,103.21,-0.01187,0.04312
1779372039.1030,plane,1266,11,0.49268,0.99653,0.002608,0.50098,0.03130,90.00,0.00000,0.00000
1779372039.2147,plane,1267,9,0.49539,0.50268,0.033515,0.15773,0.15053,81.83,0.00010,0.00515
1779372039.2147,plane,1267,10,0.51741,0.24704,0.430057,1.00568,0.77027,102.46,0.00417,-0.02618
1779372039.2147,plane,1267,11,0.49268,0.99653,0.002608,0.50098,0.03130,90.00,0.00000,0.00000
1779372039.3111,plane,1268,9,0.49536,0.50269,0.033505,0.15769,0.15052,81.89,-0.00029,0.00003
1779372039.3111,plane,1268,10,0.51794,0.24595,0.428513,1.00899,0.76944,102.61,0.00555,-0.01148
1779372039.3111,plane,1268,11,0.49316,0.99653,0.002602,0.50000,0.03127,90.00,0.00511,0.00000
1779372039.4065,plane,1269,9,0.49538,0.50265,0.033520,0.15776,0.15053,81.93,0.00022,-0.00036
1779372039.4065,plane,1269,10,0.51711,0.25269,0.439219,1.00683,0.78782,103.87,-0.00871,0.07050
1779372039.4065,plane,1269,11,0.49268,0.99653,0.002608,0.50098,0.03130,90.00,-0.00511,-0.00000
1779372039.5025,plane,1270,9,0.49536,0.50271,0.033513,0.15773,0.15052,81.62,-0.00016,0.00057
1779372039.5025,plane,1270,10,0.51695,0.24866,0.435352,1.00504,0.75607,102.28,-0.00171,-0.04193
1779372039.5025,plane,1270,11,0.49268,0.99653,0.002608,0.50098,0.03130,90.00,0.00000,0.00000
1779372039.6155,plane,1271,9,0.49535,0.50277,0.033515,0.15775,0.15048,81.86,-0.00013,0.00059
1779372039.6155,plane,1271,10,0.51659,0.24816,0.432058,1.01156,0.78491,103.37,-0.00317,-0.00442
1779372039.6155,plane,1271,11,0.49316,0.99653,0.002602,0.50000,0.03127,90.00,0.00432,0.00000
1779372039.7119,plane,1272,9,0.49536,0.50269,0.033522,0.15774,0.15056,81.89,0.00008,-0.00089
1779372039.7119,plane,1272,10,0.51628,0.25183,0.440475,1.01169,0.79303,103.84,-0.00320,0.03817
1779372039.7119,plane,1272,11,0.49268,0.99653,0.002608,0.50098,0.03130,90.00,-0.00509,-0.00000
1779372039.8071,plane,1273,9,0.49537,0.50282,0.033488,0.15772,0.15038,81.55,0.00018,0.00140
1779372039.8071,plane,1273,10,0.51793,0.24446,0.427238,1.00351,0.74471,100.65,0.01732,-0.07726
1779372039.8071,plane,1273,11,0.49316,0.99653,0.002602,0.50000,0.03127,90.00,0.00512,0.00000
1779372039.8989,plane,1274,9,0.49537,0.50276,0.033502,0.15773,0.15044,81.73,-0.00009,-0.00062
1779372039.8989,plane,1274,10,0.51718,0.24712,0.430583,1.00748,0.77240,102.59,-0.00813,0.02885
1779372039.8989,plane,1274,11,0.49316,0.99653,0.002602,0.50000,0.03127,90.00,0.00000,0.00000
1779372040.0106,plane,1275,9,0.49534,0.50274,0.033507,0.15770,0.15051,81.87,-0.00029,-0.00024
1779372040.0106,plane,1275,10,0.51791,0.24834,0.433092,1.01359,0.79365,103.51,0.00649,0.01093
1779372040.0106,plane,1275,11,0.49316,0.99653,0.002602,0.50000,0.03127,90.00,0.00000,0.00000
1779372040.1088,plane,1276,9,0.49534,0.50276,0.033498,0.15768,0.15048,81.85,0.00009,0.00020
1779372040.1088,plane,1276,10,0.51769,0.24876,0.434152,1.00551,0.77142,102.57,-0.00222,0.00425
1779372040.1088,plane,1276,11,0.49268,0.99653,0.002608,0.50098,0.03130,90.00,-0.00498,-0.00000
1779372040.2061,plane,1277,9,0.49535,0.50274,0.033507,0.15771,0.15050,81.89,0.00006,-0.00022
1779372040.2061,plane,1277,10,0.51698,0.24690,0.430032,1.00820,0.78425,102.44,-0.00728,-0.01895
1779372040.2061,plane,1277,11,0.49268,0.99653,0.002608,0.50098,0.03130,90.00,0.00000,0.00000
1779372040.3019,plane,1278,9,0.49536,0.50273,0.033513,0.15774,0.15050,81.91,0.00006,-0.00001
1779372040.3019,plane,1278,10,0.51742,0.24703,0.430172,1.00238,0.76471,101.05,0.00471,0.00137
1779372040.3019,plane,1278,11,0.49316,0.99653,0.002602,0.50000,0.03127,90.00,0.00513,0.00000
1779372040.4101,plane,1279,9,0.49534,0.50277,0.033515,0.15776,0.15048,81.91,-0.00014,0.00035
1779372040.4101,plane,1279,10,0.51757,0.25258,0.442573,1.01561,0.80475,104.51,0.00137,0.05094
1779372040.4101,plane,1279,11,0.49316,0.99653,0.002602,0.50000,0.03127,90.00,0.00000,0.00000
1779372040.5089,plane,1280,9,0.49535,0.50274,0.033520,0.15777,0.15050,81.78,0.00013,-0.00030
1779372040.5089,plane,1280,10,0.51743,0.25292,0.443229,1.00273,0.76542,101.92,-0.00143,0.00350
1779372040.5089,plane,1280,11,0.49316,0.99653,0.002602,0.50000,0.03127,90.00,0.00000,0.00000
1779372040.6052,plane,1281,9,0.49533,0.50276,0.033517,0.15776,0.15048,81.59,-0.00021,0.00016
1779372040.6052,plane,1281,10,0.51687,0.25251,0.441303,1.00963,0.79121,103.08,-0.00588,-0.00431
1779372040.6052,plane,1281,11,0.49316,0.99653,0.002602,0.50000,0.03127,90.00,0.00000,0.00000
1779372040.7030,plane,1282,9,0.49533,0.50272,0.033508,0.15774,0.15051,81.53,-0.00001,-0.00040
1779372040.7030,plane,1282,10,0.51745,0.24679,0.429413,0.99924,0.75569,100.97,0.00602,-0.05856
1779372040.7030,plane,1282,11,0.49316,0.99653,0.002602,0.50000,0.03127,90.00,0.00000,0.00000
1779372040.8155,plane,1283,9,0.49534,0.50272,0.033491,0.15769,0.15046,81.98,0.00004,0.00002
1779372040.8155,plane,1283,10,0.51630,0.24413,0.422736,0.99802,0.75611,100.75,-0.01017,-0.02344
1779372040.8155,plane,1283,11,0.49268,0.99653,0.002608,0.50098,0.03130,90.00,-0.00430,-0.00000
1779372040.9129,plane,1284,9,0.49532,0.50274,0.033503,0.15766,0.15054,81.94,-0.00013,0.00017
1779372040.9129,plane,1284,10,0.51643,0.24535,0.424052,1.00363,0.78056,102.21,0.00136,0.01262
1779372040.9129,plane,1284,11,0.49316,0.99653,0.002602,0.50000,0.03127,90.00,0.00504,0.00000
1779372041.0075,plane,1285,9,0.49532,0.50281,0.033500,0.15769,0.15049,81.73,-0.00005,0.00073
1779372041.0075,plane,1285,10,0.51698,0.24723,0.428862,1.00729,0.77864,102.92,0.00579,0.01989
1779372041.0075,plane,1285,11,0.49268,0.99653,0.002608,0.50098,0.03130,90.00,-0.00517,-0.00000
1779372041.1039,plane,1286,9,0.49536,0.50281,0.033503,0.15776,0.15041,81.59,0.00042,-0.00001
1779372041.1039,plane,1286,10,0.51755,0.24543,0.427934,1.00593,0.76806,101.89,0.00595,-0.01875
1779372041.1039,plane,1286,11,0.49316,0.99653,0.002602,0.50000,0.03127,90.00,0.00508,0.00000
1779372041.2152,plane,1287,9,0.49536,0.50278,0.033513,0.15777,0.15045,81.69,0.00004,-0.00028
1779372041.2152,plane,1287,10,0.51691,0.25084,0.438541,1.00349,0.77213,101.54,-0.00573,0.04850
1779372041.2152,plane,1287,11,0.49316,0.99653,0.002602,0.50000,0.03127,90.00,0.00000,0.00000
1779372041.3114,plane,1288,9,0.49536,0.50277,0.033517,0.15774,0.15050,81.93,-0.00007,-0.00005
1779372041.3114,plane,1288,10,0.51702,0.24930,0.434586,1.01086,0.79541,103.61,0.00111,-0.01608
1779372041.3114,plane,1288,11,0.49316,0.99653,0.002602,0.50000,0.03127,90.00,0.00000,0.00000
1779372041.4069,plane,1289,9,0.49536,0.50271,0.033525,0.15772,0.15056,81.71,0.00005,-0.00063
1779372041.4069,plane,1289,10,0.51719,0.24993,0.435672,1.01072,0.79970,103.27,0.00178,0.00653
1779372041.4069,plane,1289,11,0.49316,0.99653,0.002602,0.50000,0.03127,90.00,0.00000,0.00000
1779372041.5026,plane,1290,9,0.49535,0.50272,0.033530,0.15779,0.15052,81.89,-0.00009,0.00015
1779372041.5026,plane,1290,10,0.51796,0.25179,0.441703,1.01198,0.78082,103.11,0.00803,0.01938
1779372041.5026,plane,1290,11,0.49316,0.99653,0.002602,0.50000,0.03127,90.00,0.00000,0.00000
1779372041.6099,plane,1291,9,0.49534,0.50272,0.033507,0.15768,0.15052,81.87,-0.00010,-0.00006
1779372041.6099,plane,1291,10,0.51692,0.24808,0.430908,1.00482,0.77496,102.80,-0.00970,-0.03480
1779372041.6099,plane,1291,11,0.49316,0.99653,0.002602,0.50000,0.03127,90.00,0.00000,0.00000
1779372041.7055,plane,1292,9,0.49536,0.50267,0.033490,0.15767,0.15048,82.26,0.00019,-0.00049
1779372041.7055,plane,1292,10,0.51802,0.24717,0.431447,1.01212,0.78063,103.60,0.01141,-0.00946
1779372041.7055,plane,1292,11,0.49268,0.99653,0.002608,0.50098,0.03130,90.00,-0.00510,-0.00000
1779372041.8047,plane,1293,9,0.49534,0.50280,0.033469,0.15764,0.15039,81.80,-0.00023,0.00131
1779372041.8047,plane,1293,10,0.51758,0.24094,0.416250,0.99820,0.76587,100.12,-0.00443,-0.06320
1779372041.8047,plane,1293,11,0.49316,0.99653,0.002602,0.50000,0.03127,90.00,0.00495,0.00000
1779372041.8997,plane,1294,9,0.49536,0.50280,0.033493,0.15775,0.15039,81.62,0.00021,-0.00002
1779372041.8997,plane,1294,10,0.51698,0.24573,0.427148,1.00269,0.77081,101.22,-0.00627,0.05024
1779372041.8997,plane,1294,11,0.49316,0.99653,0.002602,0.50000,0.03127,90.00,0.00000,0.00000
1779372042.0142,plane,1295,9,0.49536,0.50282,0.033503,0.15776,0.15041,81.66,0.00006,0.00018
1779372042.0142,plane,1295,10,0.51745,0.24791,0.433982,1.00547,0.76698,101.92,0.00405,0.01899
1779372042.0142,plane,1295,11,0.49268,0.99653,0.002608,0.50098,0.03130,90.00,-0.00425,-0.00000
1779372042.1107,plane,1296,9,0.49536,0.50279,0.033508,0.15777,0.15043,81.41,-0.00001,-0.00036
1779372042.1107,plane,1296,10,0.51700,0.25259,0.440899,1.00538,0.77294,102.81,-0.00464,0.04886
1779372042.1107,plane,1296,11,0.49268,0.99653,0.002608,0.50098,0.03130,90.00,0.00000,0.00000
1779372042.2069,plane,1297,9,0.49537,0.50278,0.033507,0.15772,0.15045,81.63,0.00003,-0.00006
1779372042.2069,plane,1297,10,0.51755,0.24573,0.428180,1.00709,0.76549,102.62,0.00559,-0.07077
1779372042.2069,plane,1297,11,0.49316,0.99653,0.002602,0.50000,0.03127,90.00,0.00504,0.00000
1779372042.3024,plane,1298,9,0.49536,0.50273,0.033500,0.15768,0.15049,82.07,-0.00002,-0.00054
1779372042.3024,plane,1298,10,0.51754,0.24314,0.422338,1.00201,0.75557,101.55,-0.00006,-0.02712
1779372042.3024,plane,1298,11,0.49316,0.99653,0.002602,0.50000,0.03127,90.00,0.00000,0.00000
1779372042.4146,plane,1299,9,0.49536,0.50278,0.033505,0.15776,0.15042,81.63,-0.00005,0.00049
1779372042.4146,plane,1299,10,0.51829,0.24833,0.435516,1.00666,0.76172,101.66,0.00669,0.04654
1779372042.4146,plane,1299,11,0.49316,0.99653,0.002602,0.50000,0.03127,90.00,0.00000,0.00000
1779372042.5099,plane,1300,9,0.49535,0.50275,0.033505,0.15771,0.15049,81.85,-0.00011,-0.00040
1779372042.5099,plane,1300,10,0.51713,0.24739,0.429828,1.00448,0.77543,102.50,-0.01213,-0.00981
1779372042.5099,plane,1300,11,0.49316,0.99653,0.002602,0.50000,0.03127,90.00,0.00000,0.00000
1779372042.6064,plane,1301,9,0.49535,0.50271,0.033524,0.15775,0.15055,81.63,0.00005,-0.00032
1779372042.6064,plane,1301,10,0.51764,0.25195,0.440698,1.00902,0.78181,103.01,0.00526,0.04718
1779372042.6064,plane,1301,11,0.49316,0.99653,0.002602,0.50000,0.03127,90.00,0.00000,0.00000
1779372042.7024,plane,1302,9,0.49534,0.50260,0.033517,0.15775,0.15056,81.90,-0.00009,-0.00124
1779372042.7024,plane,1302,10,0.51770,0.24777,0.433216,1.00745,0.76578,102.31,0.00068,-0.04363
1779372042.7024,plane,1302,11,0.49268,0.99653,0.002608,0.50098,0.03130,90.00,-0.00510,-0.00000
1779372042.8150,plane,1303,9,0.49535,0.50267,0.033505,0.15777,0.15047,81.83,0.00008,0.00064
1779372042.8150,plane,1303,10,0.51680,0.25104,0.437734,1.00753,0.78629,103.22,-0.00804,0.02898
1779372042.8150,plane,1303,11,0.49268,0.99653,0.002608,0.50098,0.03130,90.00,0.00000,0.00000
1779372042.9124,plane,1304,9,0.49537,0.50273,0.033507,0.15776,0.15045,81.74,0.00018,0.00063
1779372042.9124,plane,1304,10,0.51746,0.25011,0.436968,1.00872,0.78578,103.07,0.00686,-0.00960
1779372042.9124,plane,1304,11,0.49268,0.99653,0.002608,0.50098,0.03130,90.00,0.00000,0.00000
1779372043.0046,plane,1305,9,0.49535,0.50279,0.033500,0.15778,0.15039,81.43,-0.00023,0.00063
1779372043.0046,plane,1305,10,0.51709,0.24649,0.429691,1.00127,0.75456,101.33,-0.00411,-0.03922
1779372043.0046,plane,1305,11,0.49316,0.99653,0.002602,0.50000,0.03127,90.00,0.00530,0.00000
1779372043.1033,plane,1306,9,0.49535,0.50266,0.033481,0.15768,0.15046,81.99,0.00000,-0.00129
1779372043.1033,plane,1306,10,0.51802,0.24101,0.420197,1.00249,0.75661,100.89,0.00943,-0.05530
1779372043.1033,plane,1306,11,0.49268,0.99653,0.002608,0.50098,0.03130,90.00,-0.00493,-0.00000
1779372043.2150,plane,1307,9,0.49535,0.50285,0.033491,0.15773,0.15038,81.90,0.00004,0.00173
1779372043.2150,plane,1307,10,0.51796,0.24454,0.426790,1.00705,0.75718,102.14,-0.00057,0.03162
1779372043.2150,plane,1307,11,0.49316,0.99653,0.002602,0.50000,0.03127,90.00,0.00438,0.00000
1779372043.3115,plane,1308,9,0.49536,0.50276,0.033507,0.15771,0.15049,81.86,0.00007,-0.00095
1779372043.3115,plane,1308,10,0.51774,0.24708,0.431685,1.00869,0.77039,102.36,-0.00219,0.02631
1779372043.3115,plane,1308,11,0.49316,0.99653,0.002602,0.50000,0.03127,90.00,0.00000,0.00000
1779372043.4066,plane,1309,9,0.49536,0.50284,0.033512,0.15780,0.15041,81.60,0.00003,0.00085
1779372043.4066,plane,1309,10,0.51749,0.25200,0.442301,1.00960,0.77686,101.90,-0.00269,0.05166
1779372043.4066,plane,1309,11,0.49268,0.99653,0.002608,0.50098,0.03130,90.00,-0.00512,-0.00000
1779372043.5026,plane,1310,9,0.49533,0.50275,0.033503,0.15768,0.15049,81.81,-0.00031,-0.00098
1779372043.5026,plane,1310,10,0.51732,0.24861,0.432944,1.00069,0.75152,102.35,-0.00173,-0.03514
1779372043.5026,plane,1310,11,0.49316,0.99653,0.002602,0.50000,0.03127,90.00,0.00506,0.00000
1779372043.6136,plane,1311,9,0.49535,0.50272,0.033508,0.15772,0.15050,81.86,0.00012,-0.00026
1779372043.6136,plane,1311,10,0.51777,0.24713,0.431215,1.00485,0.76496,101.72,0.00407,-0.01339
1779372043.6136,plane,1311,11,0.49316,0.99653,0.002602,0.50000,0.03127,90.00,0.00000,0.00000
1779372043.7118,plane,1312,9,0.49536,0.50274,0.033505,0.15768,0.15053,81.87,0.00016,0.00019
1779372043.7118,plane,1312,10,0.51713,0.24674,0.428889,1.00601,0.77854,102.16,-0.00652,-0.00403
1779372043.7118,plane,1312,11,0.49316,0.99653,0.002602,0.50000,0.03127,90.00,0.00000,0.00000
1779372043.8066,plane,1313,9,0.49536,0.50272,0.033495,0.15768,0.15048,82.03,-0.00003,-0.00021
1779372043.8066,plane,1313,10,0.51726,0.24153,0.417013,1.00250,0.77839,101.39,0.00134,-0.05506
1779372043.8066,plane,1313,11,0.49316,0.99653,0.002602,0.50000,0.03127,90.00,0.00000,0.00000
1779372043.9034,plane,1314,9,0.49535,0.50270,0.033483,0.15762,0.15050,81.80,-0.00013,-0.00014
1779372043.9034,plane,1314,10,0.51744,0.24134,0.416087,1.00207,0.78158,102.01,0.00189,-0.00192
1779372043.9034,plane,1314,11,0.49316,0.99653,0.002602,0.50000,0.03127,90.00,0.00000,0.00000
1779372044.0154,plane,1315,9,0.49535,0.50278,0.033502,0.15777,0.15040,81.64,0.00006,0.00066
1779372044.0154,plane,1315,10,0.51720,0.24650,0.428443,1.00293,0.76293,101.24,-0.00217,0.04607
1779372044.0154,plane,1315,11,0.49268,0.99653,0.002608,0.50098,0.03130,90.00,-0.00436,-0.00000
1779372044.1108,plane,1316,9,0.49534,0.50274,0.033513,0.15772,0.15051,81.75,-0.00015,-0.00043
1779372044.1108,plane,1316,10,0.51740,0.24891,0.433429,1.00734,0.77455,102.36,0.00210,0.02506
1779372044.1108,plane,1316,11,0.49316,0.99653,0.002602,0.50000,0.03127,90.00,0.00508,0.00000
1779372044.2061,plane,1317,9,0.49537,0.50276,0.033515,0.15776,0.15048,81.80,0.00030,0.00025
1779372044.2061,plane,1317,10,0.51786,0.24784,0.431542,1.00315,0.76068,102.22,0.00485,-0.01127
1779372044.2061,plane,1317,11,0.49316,0.99653,0.002602,0.50000,0.03127,90.00,0.00000,0.00000
1779372044.3003,plane,1318,9,0.49536,0.50274,0.033525,0.15777,0.15052,81.72,-0.00012,-0.00020
1779372044.3003,plane,1318,10,0.51733,0.24968,0.437812,1.00646,0.76935,101.82,-0.00563,0.01958
1779372044.3003,plane,1318,11,0.49268,0.99653,0.002608,0.50098,0.03130,90.00,-0.00519,-0.00000
1779372044.4128,plane,1319,9,0.49535,0.50273,0.033517,0.15772,0.15052,81.97,-0.00010,-0.00012
1779372044.4128,plane,1319,10,0.51703,0.24718,0.432025,1.00377,0.76243,101.54,-0.00274,-0.02226
1779372044.4128,plane,1319,11,0.49316,0.99653,0.002602,0.50000,0.03127,90.00,0.00435,0.00000
1779372044.5078,plane,1320,9,0.49535,0.50271,0.033512,0.15772,0.15052,81.85,0.00010,-0.00015
1779372044.5078,plane,1320,10,0.51823,0.24589,0.428050,1.00734,0.76854,102.54,0.01264,-0.01350
1779372044.5078,plane,1320,11,0.49316,0.99653,0.002602,0.50000,0.03127,90.00,0.00000,0.00000
1779372044.6076,plane,1321,9,0.49534,0.50270,0.033498,0.15771,0.15048,81.95,-0.00012,-0.00017
1779372044.6076,plane,1321,10,0.51802,0.24547,0.428964,1.00372,0.75661,101.64,-0.00207,-0.00425
1779372044.6076,plane,1321,11,0.49316,0.99653,0.002602,0.50000,0.03127,90.00,0.00000,0.00000
1779372044.7026,plane,1322,9,0.49534,0.50274,0.033507,0.15765,0.15053,81.83,-0.00003,0.00042
1779372044.7026,plane,1322,10,0.51752,0.24578,0.427575,1.00261,0.75706,101.72,-0.00527,0.00321
1779372044.7026,plane,1322,11,0.49316,0.99653,0.002602,0.50000,0.03127,90.00,0.00000,0.00000
1779372044.8145,plane,1323,9,0.49534,0.50275,0.033502,0.15769,0.15050,81.83,-0.00003,0.00012
1779372044.8145,plane,1323,10,0.51740,0.24562,0.426698,1.00325,0.76649,101.87,-0.00106,-0.00139
1779372044.8145,plane,1323,11,0.49316,0.99653,0.002602,0.50000,0.03127,90.00,0.00000,0.00000
1779372044.9119,plane,1324,9,0.49536,0.50272,0.033522,0.15775,0.15053,81.61,0.00027,-0.00034
1779372044.9119,plane,1324,10,0.51731,0.25071,0.438856,1.01008,0.77897,103.06,-0.00099,0.05236
1779372044.9119,plane,1324,11,0.49316,0.99653,0.002602,0.50000,0.03127,90.00,0.00000,0.00000
1779372045.0073,plane,1325,9,0.49537,0.50283,0.033490,0.15769,0.15041,81.51,0.00009,0.00115
1779372045.0073,plane,1325,10,0.51733,0.24784,0.433792,1.00470,0.75697,102.28,0.00020,-0.03010
1779372045.0073,plane,1325,11,0.49316,0.99653,0.002602,0.50000,0.03127,90.00,0.00000,0.00000
1779372045.1040,plane,1326,9,0.49536,0.50280,0.033518,0.15780,0.15047,81.49,-0.00014,-0.00026
1779372045.1040,plane,1326,10,0.51758,0.25346,0.445150,1.01527,0.78796,103.38,0.00265,0.05801
1779372045.1040,plane,1326,11,0.49316,0.99653,0.002602,0.50000,0.03127,90.00,0.00000,0.00000
1779372045.2155,plane,1327,9,0.49535,0.50276,0.033512,0.15773,0.15048,81.76,-0.00012,-0.00035
1779372045.2155,plane,1327,10,0.51804,0.24823,0.433718,1.00493,0.76804,102.45,0.00414,-0.04692
1779372045.2155,plane,1327,11,0.49268,0.99653,0.002608,0.50098,0.03130,90.00,-0.00438,-0.00000
1779372045.3112,plane,1328,9,0.49536,0.50277,0.033508,0.15777,0.15045,81.67,0.00016,0.00006
1779372045.3112,plane,1328,10,0.51823,0.24676,0.429881,1.00511,0.76919,102.31,0.00190,-0.01521
1779372045.3112,plane,1328,11,0.49316,0.99653,0.002602,0.50000,0.03127,90.00,0.00506,0.00000
1779372045.4053,plane,1329,9,0.49536,0.50272,0.033527,0.15779,0.15052,81.39,0.00002,-0.00054
1779372045.4053,plane,1329,10,0.51666,0.25198,0.442310,1.02097,0.80476,104.25,-0.01663,0.05537
1779372045.4053,plane,1329,11,0.49316,0.99653,0.002602,0.50000,0.03127,90.00,0.00000,0.00000
1779372045.5030,plane,1330,9,0.49536,0.50277,0.033508,0.15774,0.15045,81.78,-0.00005,0.00054
1779372045.5030,plane,1330,10,0.51772,0.24914,0.433931,1.01085,0.78708,103.26,0.01096,-0.02922
1779372045.5030,plane,1330,11,0.49316,0.99653,0.002602,0.50000,0.03127,90.00,0.00000,0.00000
1779372045.6165,plane,1331,9,0.49536,0.50273,0.033510,0.15773,0.15050,81.99,0.00001,-0.00034
1779372045.6165,plane,1331,10,0.51772,0.24698,0.431995,1.00680,0.75305,101.40,-0.00002,-0.01909
1779372045.6165,plane,1331,11,0.49268,0.99653,0.002608,0.50098,0.03130,90.00,-0.00430,-0.00000
1779372045.7114,plane,1332,9,0.49535,0.50282,0.033496,0.15773,0.15040,81.60,-0.00008,0.00093
1779372045.7114,plane,1332,10,0.51749,0.24559,0.427358,1.00254,0.76015,101.96,-0.00246,-0.01462
1779372045.7114,plane,1332,11,0.49316,0.99653,0.002602,0.50000,0.03127,90.00,0.00515,0.00000
1779372045.8059,plane,1333,9,0.49537,0.50274,0.033515,0.15774,0.15050,81.82,0.00016,-0.00080
1779372045.8059,plane,1333,10,0.51775,0.24829,0.434123,1.01463,0.78115,103.17,0.00274,0.02852
1779372045.8059,plane,1333,11,0.49316,0.99653,0.002602,0.50000,0.03127,90.00,0.00000,0.00000
1779372045.9036,plane,1334,9,0.49537,0.50282,0.033496,0.15773,0.15040,81.48,0.00006,0.00078
1779372045.9036,plane,1334,10,0.51795,0.24859,0.437281,1.01218,0.77859,102.93,0.00206,0.00310
1779372045.9036,plane,1334,11,0.49316,0.99653,0.002602,0.50000,0.03127,90.00,0.00000,0.00000
1779372046.0151,plane,1335,9,0.49537,0.50280,0.033508,0.15775,0.15045,81.70,-0.00005,-0.00016
1779372046.0151,plane,1335,10,0.51715,0.24892,0.434681,1.00692,0.77320,102.96,-0.00709,0.00296
1779372046.0151,plane,1335,11,0.49316,0.99653,0.002602,0.50000,0.03127,90.00,0.00000,0.00000
1779372046.1104,plane,1336,9,0.49534,0.50275,0.033505,0.15770,0.15050,81.84,-0.00025,-0.00055
1779372046.1104,plane,1336,10,0.51754,0.24939,0.436093,1.00875,0.77371,103.04,0.00404,0.00491
1779372046.1104,plane,1336,11,0.49316,0.99653,0.002602,0.50000,0.03127,90.00,0.00000,0.00000
1779372046.2060,plane,1337,9,0.49536,0.50283,0.033502,0.15775,0.15042,81.72,0.00016,0.00082
1779372046.2060,plane,1337,10,0.51686,0.25114,0.437749,1.00818,0.78657,103.20,-0.00713,0.01826
1779372046.2060,plane,1337,11,0.49316,0.99653,0.002602,0.50000,0.03127,90.00,0.00000,0.00000
1779372046.3035,plane,1338,9,0.49536,0.50272,0.033524,0.15776,0.15053,81.48,0.00001,-0.00112
1779372046.3035,plane,1338,10,0.51788,0.25007,0.438543,1.01325,0.77640,103.45,0.01056,-0.01113
1779372046.3035,plane,1338,11,0.49316,0.99653,0.002602,0.50000,0.03127,90.00,0.00000,0.00000
1779372046.4149,plane,1339,9,0.49536,0.50272,0.033512,0.15775,0.15049,81.78,-0.00001,-0.00003
1779372046.4149,plane,1339,10,0.51713,0.25260,0.442603,1.01108,0.78279,102.30,-0.00666,0.02252
1779372046.4149,plane,1339,11,0.49316,0.99653,0.002602,0.50000,0.03127,90.00,0.00000,0.00000
1779372046.5112,plane,1340,9,0.49535,0.50267,0.033522,0.15779,0.15053,81.73,-0.00005,-0.00054
1779372046.5112,plane,1340,10,0.51695,0.25298,0.443364,1.01470,0.80306,104.21,-0.00188,0.00400
1779372046.5112,plane,1340,11,0.49268,0.99653,0.002608,0.50098,0.03130,90.00,-0.00511,-0.00000
1779372046.6068,plane,1341,9,0.49537,0.50266,0.033490,0.15766,0.15049,82.12,0.00013,-0.00003
1779372046.6068,plane,1341,10,0.51747,0.24687,0.429949,1.00215,0.76534,101.14,0.00538,-0.06377
1779372046.6068,plane,1341,11,0.49268,0.99653,0.002608,0.50098,0.03130,90.00,0.00000,0.00000
1779372046.7027,plane,1342,9,0.49536,0.50282,0.033491,0.15774,0.15039,81.59,-0.00010,0.00170
1779372046.7027,plane,1342,10,0.51655,0.24863,0.433400,1.01028,0.78762,102.78,-0.00955,0.01844
1779372046.7027,plane,1342,11,0.49316,0.99653,0.002602,0.50000,0.03127,90.00,0.00510,0.00000
1779372046.8146,plane,1343,9,0.49536,0.50279,0.033481,0.15769,0.15039,81.70,-0.00000,-0.00027
1779372046.8146,plane,1343,10,0.51760,0.24278,0.420483,1.00316,0.77243,101.52,0.00932,-0.05201
1779372046.8146,plane,1343,11,0.49316,0.99653,0.002602,0.50000,0.03127,90.00,0.00000,0.00000
1779372046.9098,plane,1344,9,0.49534,0.50282,0.033485,0.15767,0.15043,81.72,-0.00018,0.00024
1779372046.9098,plane,1344,10,0.51645,0.24151,0.417255,0.99008,0.73329,98.85,-0.01203,-0.01336
1779372046.9098,plane,1344,11,0.49316,0.99653,0.002602,0.50000,0.03127,90.00,0.00000,0.00000
1779372047.0062,plane,1345,9,0.49535,0.50278,0.033520,0.15778,0.15048,81.79,0.00014,-0.00034
1779372047.0062,plane,1345,10,0.51720,0.24911,0.434560,1.00702,0.77409,103.03,0.00777,0.07891
1779372047.0062,plane,1345,11,0.49316,0.99653,0.002602,0.50000,0.03127,90.00,0.00000,0.00000
1779372047.1034,plane,1346,9,0.49535,0.50277,0.033500,0.15770,0.15046,81.84,0.00004,-0.00011
1779372047.1034,plane,1346,10,0.51713,0.24788,0.432677,1.00025,0.74835,101.00,-0.00074,-0.01267
1779372047.1034,plane,1346,11,0.49316,0.99653,0.002602,0.50000,0.03127,90.00,0.00000,0.00000
1779372047.2142,plane,1347,9,0.49535,0.50271,0.033505,0.15773,0.15048,81.76,-0.00007,-0.00058
1779372047.2142,plane,1347,10,0.51674,0.24544,0.427087,1.00036,0.75289,101.17,-0.00347,-0.02192
1779372047.2142,plane,1347,11,0.49268,0.99653,0.002608,0.50098,0.03130,90.00,-0.00438,-0.00000
1779372047.3110,plane,1348,9,0.49535,0.50268,0.033502,0.15770,0.15050,81.85,0.00007,-0.00035
1779372047.3110,plane,1348,10,0.51769,0.24729,0.430764,1.00470,0.76284,102.32,0.00979,0.01915
1779372047.3110,plane,1348,11,0.49268,0.99653,0.002608,0.50098,0.03130,90.00,0.00000,0.00000
1779372047.4071,plane,1349,9,0.49537,0.50266,0.033515,0.15773,0.15054,81.88,0.00018,-0.00021
1779372047.4071,plane,1349,10,0.51663,0.25164,0.439187,1.01057,0.79184,103.69,-0.01089,0.04498
1779372047.4071,plane,1349,11,0.49268,0.99653,0.002608,0.50098,0.03130,90.00,0.00000,0.00000
1779372047.5032,plane,1350,9,0.49535,0.50261,0.033513,0.15775,0.15052,81.81,-0.00024,-0.00044
1779372047.5032,plane,1350,10,0.51728,0.25045,0.436537,1.00378,0.77072,102.47,0.00678,-0.01242
1779372047.5032,plane,1350,11,0.49268,0.99653,0.002608,0.50098,0.03130,90.00,0.00000,0.00000
1779372047.6156,plane,1351,9,0.49535,0.50295,0.033476,0.15768,0.15035,81.98,0.00003,0.00298
1779372047.6156,plane,1351,10,0.51795,0.24614,0.429036,1.00534,0.76719,102.23,0.00598,-0.03835
1779372047.6156,plane,1351,11,0.49316,0.99653,0.002602,0.50000,0.03127,90.00,0.00434,0.00000
1779372047.7110,plane,1352,9,0.49536,0.50281,0.033481,0.15769,0.15040,81.52,0.00007,-0.00149
1779372047.7110,plane,1352,10,0.51778,0.24481,0.426834,1.00581,0.76189,101.75,-0.00180,-0.01380
1779372047.7110,plane,1352,11,0.49316,0.99653,0.002602,0.50000,0.03127,90.00,0.00000,0.00000
1779372047.8066,plane,1353,9,0.49535,0.50290,0.033478,0.15770,0.15034,82.14,-0.00006,0.00097
1779372047.8066,plane,1353,10,0.51747,0.24183,0.417931,1.00156,0.76879,100.93,-0.00326,-0.03140
1779372047.8066,plane,1353,11,0.49316,0.99653,0.002602,0.50000,0.03127,90.00,0.00000,0.00000
1779372047.9026,plane,1354,9,0.49535,0.50280,0.033517,0.15778,0.15046,81.71,0.00002,-0.00098
1779372047.9026,plane,1354,10,0.51710,0.24903,0.434750,1.00197,0.76466,101.87,-0.00380,0.07459
1779372047.9026,plane,1354,11,0.49316,0.99653,0.002602,0.50000,0.03127,90.00,0.00000,0.00000
1779372048.0145,plane,1355,9,0.49536,0.50286,0.033495,0.15776,0.15037,81.79,0.00002,0.00049
1779372048.0145,plane,1355,10,0.51694,0.24625,0.428713,1.00826,0.76928,101.89,-0.00147,-0.02506
1779372048.0145,plane,1355,11,0.49316,0.99653,0.002602,0.50000,0.03127,90.00,0.00000,0.00000
1779372048.1106,plane,1356,9,0.49535,0.50279,0.033510,0.15777,0.15045,81.73,-0.00004,-0.00075
1779372048.1106,plane,1356,10,0.51738,0.25219,0.440850,1.00980,0.78728,103.85,0.00455,0.06125
1779372048.1106,plane,1356,11,0.49268,0.99653,0.002608,0.50098,0.03130,90.00,-0.00503,-0.00000
1779372048.2064,plane,1357,9,0.49536,0.50281,0.033500,0.15774,0.15041,81.58,0.00003,0.00030
1779372048.2064,plane,1357,10,0.51829,0.24854,0.435840,1.01633,0.78255,103.88,0.00949,-0.03809
1779372048.2064,plane,1357,11,0.49316,0.99653,0.002602,0.50000,0.03127,90.00,0.00509,0.00000
1779372048.3033,plane,1358,9,0.49535,0.50281,0.033503,0.15775,0.15042,81.81,-0.00004,-0.00008
1779372048.3033,plane,1358,10,0.51713,0.24885,0.434228,1.01299,0.79128,103.14,-0.01207,0.00324
1779372048.3033,plane,1358,11,0.49316,0.99653,0.002602,0.50000,0.03127,90.00,0.00000,0.00000
1779372048.4149,plane,1359,9,0.49533,0.50276,0.033502,0.15772,0.15046,81.74,-0.00016,-0.00042
1779372048.4149,plane,1359,10,0.51790,0.24830,0.433958,1.01356,0.79324,103.53,0.00688,-0.00486
1779372048.4149,plane,1359,11,0.49316,0.99653,0.002602,0.50000,0.03127,90.00,0.00000,0.00000
1779372048.5110,plane,1360,9,0.49534,0.50279,0.033513,0.15779,0.15046,81.48,0.00010,0.00031
1779372048.5110,plane,1360,10,0.51699,0.25148,0.438994,1.01219,0.79287,103.41,-0.00958,0.03322
1779372048.5110,plane,1360,11,0.49268,0.99653,0.002608,0.50098,0.03130,90.00,-0.00511,-0.00000
1779372048.6067,plane,1361,9,0.49537,0.50282,0.033496,0.15771,0.15042,81.80,0.00023,0.00026
1779372048.6067,plane,1361,10,0.51714,0.24713,0.431044,1.00580,0.76580,102.36,0.00164,-0.04511
1779372048.6067,plane,1361,11,0.49316,0.99653,0.002602,0.50000,0.03127,90.00,0.00507,0.00000
1779372048.7031,plane,1362,9,0.49536,0.50281,0.033493,0.15771,0.15041,81.70,-0.00006,-0.00003
1779372048.7031,plane,1362,10,0.51671,0.24557,0.427353,1.00087,0.75885,101.15,-0.00450,-0.01632
1779372048.7031,plane,1362,11,0.49316,0.99653,0.002602,0.50000,0.03127,90.00,0.00000,0.00000
1779372048.8145,plane,1363,9,0.49535,0.50284,0.033498,0.15772,0.15041,81.87,-0.00005,0.00021
1779372048.8145,plane,1363,10,0.51740,0.24618,0.428226,1.00496,0.76542,102.36,0.00612,0.00542
1779372048.8145,plane,1363,11,0.49316,0.99653,0.002602,0.50000,0.03127,90.00,0.00000,0.00000
1779372048.9113,plane,1364,9,0.49538,0.50285,0.033503,0.15773,0.15044,81.62,0.00026,0.00014
1779372048.9113,plane,1364,10,0.51696,0.24901,0.433373,1.00950,0.78753,103.21,-0.00457,0.02940
1779372048.9113,plane,1364,11,0.49316,0.99653,0.002602,0.50000,0.03127,90.00,0.00000,0.00000
1779372049.0066,plane,1365,9,0.49535,0.50282,0.033478,0.15767,0.15039,81.66,-0.00032,-0.00028
1779372049.0066,plane,1365,10,0.51745,0.23967,0.415493,1.00114,0.76218,100.87,0.00508,-0.09769
1779372049.0066,plane,1365,11,0.49316,0.99653,0.002602,0.50000,0.03127,90.00,0.00000,0.00000
1779372049.1025,plane,1366,9,0.49538,0.50283,0.033486,0.15770,0.15040,81.46,0.00036,0.00008
1779372049.1025,plane,1366,10,0.51780,0.24247,0.421446,0.99853,0.74111,100.77,0.00370,0.02902
1779372049.1025,plane,1366,11,0.49316,0.99653,0.002602,0.50000,0.03127,90.00,0.00000,0.00000
1779372049.2147,plane,1367,9,0.49537,0.50279,0.033505,0.15778,0.15042,81.45,-0.00009,-0.00040
1779372049.2147,plane,1367,10,0.51746,0.24747,0.432419,1.00616,0.77428,102.36,-0.00307,0.04497
1779372049.2147,plane,1367,11,0.49316,0.99653,0.002602,0.50000,0.03127,90.00,0.00000,0.00000
1779372049.3131,plane,1368,9,0.49536,0.50279,0.033502,0.15770,0.15045,81.73,-0.00013,0.00001
1779372049.3131,plane,1368,10,0.51753,0.24928,0.437012,1.00899,0.77298,102.09,0.00068,0.01825
1779372049.3131,plane,1368,11,0.49316,0.99653,0.002602,0.50000,0.03127,90.00,0.00000,0.00000
1779372049.4055,plane,1369,9,0.49535,0.50269,0.033510,0.15772,0.15051,81.75,-0.00006,-0.00106
1779372049.4055,plane,1369,10,0.51767,0.24934,0.435364,1.00710,0.76720,102.80,0.00152,0.00060
1779372049.4055,plane,1369,11,0.49268,0.99653,0.002608,0.50098,0.03130,90.00,-0.00532,-0.00000
1779372049.4999,plane,1370,9,0.49535,0.50289,0.033476,0.15770,0.15033,81.91,-0.00002,0.00215
1779372049.4999,plane,1370,10,0.51728,0.24519,0.427207,1.00248,0.76161,101.69,-0.00407,-0.04358
1779372049.4999,plane,1370,11,0.49316,0.99653,0.002602,0.50000,0.03127,90.00,0.00513,0.00000
1779372049.6145,plane,1371,9,0.49539,0.50284,0.033493,0.15773,0.15038,81.47,0.00033,-0.00049
1779372049.6145,plane,1371,10,0.51776,0.24501,0.427409,1.00882,0.76805,102.29,0.00418,-0.00161
1779372049.6145,plane,1371,11,0.49316,0.99653,0.002602,0.50000,0.03127,90.00,0.00000,0.00000
1779372049.7063,plane,1372,9,0.49536,0.50285,0.033503,0.15772,0.15042,81.79,-0.00028,0.00014
1779372049.7063,plane,1372,10,0.51760,0.24833,0.434457,1.00672,0.76013,102.18,-0.00173,0.03588
1779372049.7063,plane,1372,11,0.49316,0.99653,0.002602,0.50000,0.03127,90.00,0.00000,0.00000
1779372049.8055,plane,1373,9,0.49536,0.50282,0.033496,0.15775,0.15039,81.66,-0.00002,-0.00031
1779372049.8055,plane,1373,10,0.51737,0.24513,0.425439,1.00572,0.78490,102.02,-0.00224,-0.03231
1779372049.8055,plane,1373,11,0.49316,0.99653,0.002602,0.50000,0.03127,90.00,0.00000,0.00000
1779372049.9032,plane,1374,9,0.49536,0.50279,0.033483,0.15769,0.15040,81.77,-0.00003,-0.00028
1779372049.9032,plane,1374,10,0.51713,0.24166,0.417969,0.99090,0.73062,99.31,-0.00252,-0.03585
1779372049.9032,plane,1374,11,0.49316,0.99653,0.002602,0.50000,0.03127,90.00,0.00000,0.00000
1779372050.0155,plane,1375,9,0.49536,0.50277,0.033491,0.15770,0.15043,81.56,0.00001,-0.00021
1779372050.0155,plane,1375,10,0.51692,0.24538,0.428248,1.00525,0.76293,101.79,-0.00192,0.03320
1779372050.0155,plane,1375,11,0.49316,0.99653,0.002602,0.50000,0.03127,90.00,0.00000,0.00000
1779372050.1112,plane,1376,9,0.49537,0.50273,0.033495,0.15771,0.15043,81.88,0.00007,-0.00044
1779372050.1112,plane,1376,10,0.51744,0.24489,0.423874,1.00043,0.77031,101.06,0.00544,-0.00515
1779372050.1112,plane,1376,11,0.49316,0.99653,0.002602,0.50000,0.03127,90.00,0.00000,0.00000
1779372050.2066,plane,1377,9,0.49536,0.50274,0.033481,0.15768,0.15040,81.79,-0.00004,0.00012
1779372050.2066,plane,1377,10,0.51731,0.24341,0.421804,1.00620,0.77797,102.07,-0.00127,-0.01544
1779372050.2066,plane,1377,11,0.49316,0.99653,0.002602,0.50000,0.03127,90.00,0.00000,0.00000
1779372050.3026,plane,1378,9,0.49535,0.50279,0.033488,0.15773,0.15038,81.74,-0.00012,0.00059
1779372050.3026,plane,1378,10,0.51694,0.24652,0.429067,1.00368,0.75568,101.82,-0.00388,0.03274
1779372050.3026,plane,1378,11,0.49316,0.99653,0.002602,0.50000,0.03127,90.00,0.00000,0.00000
1779372050.4149,plane,1379,9,0.49538,0.50282,0.033505,0.15779,0.15038,81.57,0.00020,0.00024
1779372050.4149,plane,1379,10,0.51665,0.25061,0.437395,1.00936,0.77874,103.04,-0.00264,0.03620
1779372050.4149,plane,1379,11,0.49316,0.99653,0.002602,0.50000,0.03127,90.00,0.00000,0.00000
1779372050.5054,plane,1380,9,0.49536,0.50275,0.033508,0.15776,0.15048,81.61,-0.00017,-0.00080
1779372050.5054,plane,1380,10,0.51811,0.24746,0.431763,1.00809,0.77373,102.70,0.01609,-0.03473
1779372050.5054,plane,1380,11,0.49316,0.99653,0.002602,0.50000,0.03127,90.00,0.00000,0.00000
1779372050.6026,plane,1381,9,0.49536,0.50280,0.033512,0.15778,0.15044,81.69,0.00000,0.00055
1779372050.6026,plane,1381,10,0.51743,0.25201,0.442213,1.01109,0.78356,103.01,-0.00698,0.04692
1779372050.6026,plane,1381,11,0.49316,0.99653,0.002602,0.50000,0.03127,90.00,0.00000,0.00000
1779372050.7029,plane,1382,9,0.49536,0.50281,0.033496,0.15775,0.15040,81.71,0.00001,0.00004
1779372050.7029,plane,1382,10,0.51727,0.24786,0.431412,1.00434,0.77089,102.38,-0.00157,-0.04137
1779372050.7029,plane,1382,11,0.49316,0.99653,0.002602,0.50000,0.03127,90.00,0.00000,0.00000
1779372050.8147,plane,1383,9,0.49535,0.50283,0.033496,0.15771,0.15042,81.78,-0.00011,0.00020
1779372050.8147,plane,1383,10,0.51756,0.24787,0.433236,1.00527,0.76145,101.91,0.00255,0.00013
1779372050.8147,plane,1383,11,0.49316,0.99653,0.002602,0.50000,0.03127,90.00,0.00000,0.00000
1779372050.9114,plane,1384,9,0.49536,0.50275,0.033503,0.15775,0.15045,81.77,0.00012,-0.00084
1779372050.9114,plane,1384,10,0.51715,0.24584,0.427965,1.00398,0.76328,101.73,-0.00421,-0.02088
1779372050.9114,plane,1384,11,0.49316,0.99653,0.002602,0.50000,0.03127,90.00,0.00000,0.00000
1779372051.0064,plane,1385,9,0.49535,0.50281,0.033507,0.15778,0.15040,81.65,-0.00013,0.00069
1779372051.0064,plane,1385,10,0.51706,0.25214,0.442188,1.01027,0.78080,103.19,-0.00090,0.06658
1779372051.0064,plane,1385,11,0.49316,0.99653,0.002602,0.50000,0.03127,90.00,0.00000,0.00000
1779372051.1027,plane,1386,9,0.49536,0.50281,0.033496,0.15773,0.15041,81.73,0.00010,-0.00002
1779372051.1027,plane,1386,10,0.51733,0.24694,0.430440,1.00214,0.75410,101.43,0.00273,-0.05369
1779372051.1027,plane,1386,11,0.49316,0.99653,0.002602,0.50000,0.03127,90.00,0.00000,0.00000
1779372051.2111,plane,1387,9,0.49537,0.50281,0.033486,0.15771,0.15038,81.68,0.00011,0.00003
1779372051.2111,plane,1387,10,0.51707,0.24536,0.427416,0.99963,0.75245,100.71,-0.00240,-0.01458
1779372051.2111,plane,1387,11,0.49316,0.99653,0.002602,0.50000,0.03127,90.00,0.00000,0.00000
1779372051.3095,plane,1388,9,0.49536,0.50277,0.033491,0.15770,0.15043,81.43,-0.00009,-0.00046
1779372051.3095,plane,1388,10,0.51690,0.24755,0.430422,1.00185,0.76872,101.74,-0.00169,0.02240
1779372051.3095,plane,1388,11,0.49316,0.99653,0.002602,0.50000,0.03127,90.00,0.00000,0.00000
1779372051.4069,plane,1389,9,0.49537,0.50275,0.033491,0.15768,0.15047,81.85,0.00007,-0.00019
1779372051.4069,plane,1389,10,0.51763,0.24558,0.426938,1.00246,0.75858,101.66,0.00748,-0.02011
1779372051.4069,plane,1389,11,0.49316,0.99653,0.002602,0.50000,0.03127,90.00,0.00000,0.00000
1779372051.5025,plane,1390,9,0.49536,0.50282,0.033490,0.15769,0.15041,81.63,-0.00013,0.00077
1779372051.5025,plane,1390,10,0.51693,0.24680,0.428465,1.00220,0.76513,101.84,-0.00735,0.01280
1779372051.5025,plane,1390,11,0.49316,0.99653,0.002602,0.50000,0.03127,90.00,0.00000,0.00000
1779372051.6148,plane,1391,9,0.49536,0.50275,0.033508,0.15777,0.15047,81.59,0.00002,-0.00061
1779372051.6148,plane,1391,10,0.51679,0.25053,0.436929,1.00935,0.78427,102.67,-0.00127,0.03322
1779372051.6148,plane,1391,11,0.49316,0.99653,0.002602,0.50000,0.03127,90.00,0.00000,0.00000
1779372051.7070,plane,1392,9,0.49538,0.50278,0.033495,0.15775,0.15039,81.66,0.00018,0.00027
1779372051.7070,plane,1392,10,0.51764,0.24811,0.432202,1.00599,0.77888,102.68,0.00917,-0.02625
1779372051.7070,plane,1392,11,0.49316,0.99653,0.002602,0.50000,0.03127,90.00,0.00000,0.00000
1779372051.8061,plane,1393,9,0.49536,0.50275,0.033513,0.15774,0.15049,81.80,-0.00015,-0.00026
1779372051.8061,plane,1393,10,0.51749,0.24926,0.434781,1.01419,0.79229,104.14,-0.00156,0.01172
1779372051.8061,plane,1393,11,0.49316,0.99653,0.002602,0.50000,0.03127,90.00,0.00000,0.00000
1779372051.9026,plane,1394,9,0.49537,0.50276,0.033515,0.15776,0.15048,81.91,0.00007,0.00008
1779372051.9026,plane,1394,10,0.51773,0.24900,0.436673,1.00862,0.76846,102.42,0.00255,-0.00266
1779372051.9026,plane,1394,11,0.49316,0.99653,0.002602,0.50000,0.03127,90.00,0.00000,0.00000
1779372052.0146,plane,1395,9,0.49535,0.50279,0.033507,0.15774,0.15045,81.81,-0.00013,0.00026
1779372052.0146,plane,1395,10,0.51655,0.24935,0.433506,1.00550,0.77878,102.49,-0.01063,0.00308
1779372052.0146,plane,1395,11,0.49316,0.99653,0.002602,0.50000,0.03127,90.00,0.00000,0.00000
1779372052.1117,plane,1396,9,0.49536,0.50270,0.033508,0.15774,0.15049,81.74,0.00006,-0.00092
1779372052.1117,plane,1396,10,0.51712,0.24657,0.429737,1.00456,0.76808,101.82,0.00588,-0.02856
1779372052.1117,plane,1396,11,0.49316,0.99653,0.002602,0.50000,0.03127,90.00,0.00000,0.00000
1779372052.2064,plane,1397,9,0.49537,0.50285,0.033495,0.15774,0.15038,81.68,0.00011,0.00155
1779372052.2064,plane,1397,10,0.51757,0.24569,0.426873,1.00414,0.76783,101.68,0.00481,-0.00936
1779372052.2064,plane,1397,11,0.49316,0.99653,0.002602,0.50000,0.03127,90.00,0.00000,0.00000
1779372052.3031,plane,1398,9,0.49536,0.50278,0.033478,0.15766,0.15041,81.81,-0.00013,-0.00064
1779372052.3031,plane,1398,10,0.51739,0.24275,0.421475,1.00062,0.75475,100.28,-0.00192,-0.03018
1779372052.3031,plane,1398,11,0.49316,0.99653,0.002602,0.50000,0.03127,90.00,0.00000,0.00000
1779372052.4145,plane,1399,9,0.49536,0.50279,0.033488,0.15772,0.15040,81.83,0.00006,0.00004
1779372052.4145,plane,1399,10,0.51799,0.24427,0.425978,1.00180,0.74882,101.33,0.00545,0.01371
1779372052.4145,plane,1399,11,0.49316,0.99653,0.002602,0.50000,0.03127,90.00,0.00000,0.00000
1779372052.5071,plane,1400,9,0.49537,0.50279,0.033488,0.15773,0.15038,81.66,0.00011,-0.00001
1779372052.5071,plane,1400,10,0.51749,0.24393,0.423136,1.00241,0.76285,101.21,-0.00537,-0.00367
1779372052.5071,plane,1400,11,0.49316,0.99653,0.002602,0.50000,0.03127,90.00,0.00000,0.00000
1779372052.6007,plane,1401,9,0.49537,0.50282,0.033505,0.15776,0.15041,81.70,-0.00001,0.00035
1779372052.6007,plane,1401,10,0.51728,0.24782,0.432373,1.00490,0.75605,101.92,-0.00226,0.04160
1779372052.6007,plane,1401,11,0.49316,0.99653,0.002602,0.50000,0.03127,90.00,0.00000,0.00000
1779372052.6996,plane,1402,9,0.49535,0.50278,0.033503,0.15776,0.15045,81.63,-0.00022,-0.00043
1779372052.6996,plane,1402,10,0.51792,0.24666,0.429720,1.01586,0.79381,104.38,0.00659,-0.01185
1779372052.6996,plane,1402,11,0.49316,0.99653,0.002602,0.50000,0.03127,90.00,0.00000,0.00000
1779372052.8112,plane,1403,9,0.49535,0.50278,0.033502,0.15773,0.15046,81.87,-0.00000,-0.00001
1779372052.8112,plane,1403,10,0.51758,0.24667,0.428463,1.00270,0.75896,102.02,-0.00307,0.00014
1779372052.8112,plane,1403,11,0.49316,0.99653,0.002602,0.50000,0.03127,90.00,0.00000,0.00000
1779372052.9079,plane,1404,9,0.49537,0.50275,0.033513,0.15779,0.15048,81.60,0.00017,-0.00028
1779372052.9079,plane,1404,10,0.51708,0.25271,0.442719,1.01621,0.80133,104.74,-0.00524,0.06285
1779372052.9079,plane,1404,11,0.49316,0.99653,0.002602,0.50000,0.03127,90.00,0.00000,0.00000
1779372053.0060,plane,1405,9,0.49536,0.50279,0.033502,0.15776,0.15043,81.77,-0.00005,0.00041
1779372053.0060,plane,1405,10,0.51721,0.24712,0.429886,1.00779,0.76905,102.57,0.00135,-0.05678
1779372053.0060,plane,1405,11,0.49316,0.99653,0.002602,0.50000,0.03127,90.00,0.00000,0.00000
1779372053.1015,plane,1406,9,0.49536,0.50275,0.033486,0.15768,0.15041,81.78,0.00001,-0.00037
1779372053.1015,plane,1406,10,0.51698,0.24649,0.428906,1.00560,0.76483,101.86,-0.00243,-0.00651
1779372053.1015,plane,1406,11,0.49316,0.99653,0.002602,0.50000,0.03127,90.00,0.00000,0.00000
1779372053.2142,plane,1407,9,0.49535,0.50281,0.033490,0.15772,0.15040,81.68,-0.00009,0.00049
1779372053.2142,plane,1407,10,0.51774,0.24538,0.426836,1.00215,0.74951,101.33,0.00675,-0.00987
1779372053.2142,plane,1407,11,0.49316,0.99653,0.002602,0.50000,0.03127,90.00,0.00000,0.00000
1779372053.3041,plane,1408,9,0.49537,0.50281,0.033508,0.15779,0.15042,81.60,0.00016,-0.00004
1779372053.3041,plane,1408,10,0.51746,0.25191,0.441282,1.01244,0.78438,103.66,-0.00312,0.07256
1779372053.3041,plane,1408,11,0.49316,0.99653,0.002602,0.50000,0.03127,90.00,0.00000,0.00000
1779372053.4034,plane,1409,9,0.49537,0.50283,0.033512,0.15779,0.15040,81.58,0.00005,0.00021
1779372053.4034,plane,1409,10,0.51579,0.25395,0.438502,1.00731,0.80225,105.07,-0.01690,0.02064
1779372053.4034,plane,1409,11,0.49316,0.99653,0.002602,0.50000,0.03127,90.00,0.00000,0.00000
1779372053.4985,plane,1410,9,0.49537,0.50283,0.033502,0.15774,0.15042,81.80,0.00002,-0.00002
1779372053.4985,plane,1410,10,0.51722,0.24994,0.436849,1.00292,0.76161,101.72,0.01495,-0.04189
1779372053.4985,plane,1410,11,0.49316,0.99653,0.002602,0.50000,0.03127,90.00,0.00000,0.00000
1779372053.6141,plane,1411,9,0.49536,0.50283,0.033498,0.15773,0.15042,81.67,-0.00012,0.00008
1779372053.6141,plane,1411,10,0.51834,0.24996,0.437673,1.01014,0.77647,102.99,0.00975,0.00013
1779372053.6141,plane,1411,11,0.49316,0.99653,0.002602,0.50000,0.03127,90.00,0.00000,0.00000
1779372053.7034,plane,1412,9,0.49536,0.50282,0.033498,0.15775,0.15040,81.68,0.00002,-0.00019
1779372053.7034,plane,1412,10,0.51733,0.24758,0.431615,1.00781,0.77925,102.50,-0.01127,-0.02645
1779372053.7034,plane,1412,11,0.49316,0.99653,0.002602,0.50000,0.03127,90.00,0.00000,0.00000
1779372053.8033,plane,1413,9,0.49536,0.50283,0.033496,0.15774,0.15040,81.71,0.00001,0.00011
1779372053.8033,plane,1413,10,0.51814,0.24774,0.432058,1.00556,0.76480,102.51,0.00814,0.00159
1779372053.8033,plane,1413,11,0.49316,0.99653,0.002602,0.50000,0.03127,90.00,0.00000,0.00000
1779372053.9005,plane,1414,9,0.49535,0.50279,0.033479,0.15767,0.15040,81.74,-0.00007,-0.00041
1779372053.9005,plane,1414,10,0.51784,0.24290,0.423811,0.99871,0.72838,100.10,-0.00308,-0.04979
1779372053.9005,plane,1414,11,0.49316,0.99653,0.002602,0.50000,0.03127,90.00,0.00000,0.00000
1779372054.0139,plane,1415,9,0.49538,0.50276,0.033490,0.15769,0.15043,81.61,0.00020,-0.00028
1779372054.0139,plane,1415,10,0.51742,0.24406,0.424532,1.00115,0.74783,101.18,-0.00374,0.01023
1779372054.0139,plane,1415,11,0.49316,0.99653,0.002602,0.50000,0.03127,90.00,0.00000,0.00000
1779372054.1112,plane,1416,9,0.49535,0.50272,0.033486,0.15768,0.15044,81.65,-0.00028,-0.00036
1779372054.1112,plane,1416,10,0.51797,0.24033,0.417480,0.99983,0.74012,100.46,0.00571,-0.03851
1779372054.1112,plane,1416,11,0.49316,0.99653,0.002602,0.50000,0.03127,90.00,0.00000,0.00000
1779372054.2069,plane,1417,9,0.49537,0.50272,0.033496,0.15777,0.15042,81.76,0.00020,-0.00004
1779372054.2069,plane,1417,10,0.51682,0.24658,0.428472,1.00555,0.76452,102.08,-0.01196,0.06525
1779372054.2069,plane,1417,11,0.49316,0.99653,0.002602,0.50000,0.03127,90.00,0.00000,0.00000
1779372054.3033,plane,1418,9,0.49536,0.50277,0.033507,0.15778,0.15044,81.48,-0.00005,0.00051
1779372054.3033,plane,1418,10,0.51733,0.25028,0.436893,1.01069,0.79249,103.38,0.00522,0.03865
1779372054.3033,plane,1418,11,0.49316,0.99653,0.002602,0.50000,0.03127,90.00,0.00000,0.00000
1779372054.4145,plane,1419,9,0.49535,0.50281,0.033493,0.15771,0.15042,81.74,-0.00015,0.00037
1779372054.4145,plane,1419,10,0.51683,0.24819,0.433563,1.00514,0.76378,101.57,-0.00441,-0.01871
1779372054.4145,plane,1419,11,0.49316,0.99653,0.002602,0.50000,0.03127,90.00,0.00000,0.00000
1779372054.5112,plane,1420,9,0.49537,0.50283,0.033496,0.15776,0.15040,81.51,0.00021,0.00025
1779372054.5112,plane,1420,10,0.51720,0.24747,0.431613,1.00004,0.75703,101.19,0.00389,-0.00744
1779372054.5112,plane,1420,11,0.49316,0.99653,0.002602,0.50000,0.03127,90.00,0.00000,0.00000
1779372054.6079,plane,1421,9,0.49536,0.50286,0.033495,0.15772,0.15041,81.86,-0.00009,0.00033
1779372054.6079,plane,1421,10,0.51669,0.24683,0.428903,1.00215,0.76701,101.52,-0.00531,-0.00665
1779372054.6079,plane,1421,11,0.49316,0.99653,0.002602,0.50000,0.03127,90.00,0.00000,0.00000
1779372054.6982,plane,1422,9,0.49536,0.50278,0.033505,0.15775,0.15044,81.81,0.00003,-0.00091
1779372054.6982,plane,1422,10,0.51742,0.24817,0.432354,1.00685,0.76839,102.66,0.00798,0.01473
1779372054.6982,plane,1422,11,0.49316,0.99653,0.002602,0.50000,0.03127,90.00,0.00000,0.00000
1779372054.8138,plane,1423,9,0.49537,0.50284,0.033488,0.15772,0.15040,81.60,0.00004,0.00049
1779372054.8138,plane,1423,10,0.51799,0.24417,0.427558,1.00205,0.73671,100.30,0.00495,-0.03484
1779372054.8138,plane,1423,11,0.49316,0.99653,0.002602,0.50000,0.03127,90.00,0.00000,0.00000
1779372054.9115,plane,1424,9,0.49537,0.50280,0.033488,0.15768,0.15043,81.55,0.00008,-0.00036
1779372054.9115,plane,1424,10,0.51726,0.24653,0.428716,1.00274,0.75668,101.83,-0.00734,0.02403
1779372054.9115,plane,1424,11,0.49316,0.99653,0.002602,0.50000,0.03127,90.00,0.00000,0.00000
1779372055.0067,plane,1425,9,0.49538,0.50280,0.033508,0.15778,0.15041,81.53,0.00010,0.00001
1779372055.0067,plane,1425,10,0.51757,0.25163,0.442932,1.01181,0.77633,102.81,0.00321,0.05377
1779372055.0067,plane,1425,11,0.49316,0.99653,0.002602,0.50000,0.03127,90.00,0.00000,0.00000
1779372055.1030,plane,1426,9,0.49537,0.50278,0.033518,0.15774,0.15051,81.83,-0.00011,-0.00026
1779372055.1030,plane,1426,10,0.51707,0.25069,0.437266,1.00920,0.78907,102.95,-0.00517,-0.00967
1779372055.1030,plane,1426,11,0.49316,0.99653,0.002602,0.50000,0.03127,90.00,0.00000,0.00000
1779372055.2151,plane,1427,9,0.49534,0.50273,0.033503,0.15768,0.15052,81.81,-0.00028,-0.00041
1779372055.2151,plane,1427,10,0.51832,0.24680,0.430359,1.00807,0.77104,102.70,0.01125,-0.03488
1779372055.2151,plane,1427,11,0.49316,0.99653,0.002602,0.50000,0.03127,90.00,0.00000,0.00000
1779372055.3103,plane,1428,9,0.49535,0.50272,0.033493,0.15770,0.15049,81.75,0.00010,-0.00013
1779372055.3103,plane,1428,10,0.51750,0.24598,0.427572,1.00458,0.77340,102.17,-0.00861,-0.00855
1779372055.3103,plane,1428,11,0.49268,0.99653,0.002608,0.50098,0.03130,90.00,-0.00509,-0.00000
1779372055.4013,plane,1429,9,0.49535,0.50277,0.033502,0.15772,0.15047,81.75,0.00005,0.00053
1779372055.4013,plane,1429,10,0.51829,0.24696,0.431864,1.00791,0.76242,102.36,0.00871,0.01085
1779372055.4013,plane,1429,11,0.49316,0.99653,0.002602,0.50000,0.03127,90.00,0.00537,0.00000
1779372055.4992,plane,1430,9,0.49536,0.50277,0.033500,0.15773,0.15044,81.68,0.00000,-0.00004
1779372055.4992,plane,1430,10,0.51728,0.24594,0.428228,1.00786,0.77404,102.11,-0.01036,-0.01052
1779372055.4992,plane,1430,11,0.49316,0.99653,0.002602,0.50000,0.03127,90.00,0.00000,0.00000
1779372055.6133,plane,1431,9,0.49535,0.50276,0.033491,0.15773,0.15041,81.60,-0.00003,-0.00004
1779372055.6133,plane,1431,10,0.51772,0.24696,0.430177,1.00993,0.77634,102.29,0.00381,0.00890
1779372055.6133,plane,1431,11,0.49316,0.99653,0.002602,0.50000,0.03127,90.00,0.00000,0.00000
1779372055.7108,plane,1432,9,0.49535,0.50275,0.033498,0.15771,0.15046,81.81,-0.00000,-0.00007
1779372055.7108,plane,1432,10,0.51793,0.24564,0.428401,1.00625,0.76028,102.24,0.00223,-0.01359
1779372055.7108,plane,1432,11,0.49316,0.99653,0.002602,0.50000,0.03127,90.00,0.00000,0.00000
1779372055.8066,plane,1433,9,0.49535,0.50276,0.033503,0.15773,0.15047,81.86,-0.00006,0.00011
1779372055.8066,plane,1433,10,0.51690,0.24942,0.433573,1.00640,0.77845,102.95,-0.01067,0.03907
1779372055.8066,plane,1433,11,0.49316,0.99653,0.002602,0.50000,0.03127,90.00,0.00000,0.00000
1779372055.9023,plane,1434,9,0.49537,0.50281,0.033500,0.15775,0.15041,81.68,0.00026,0.00053
1779372055.9023,plane,1434,10,0.51769,0.24674,0.429974,1.00307,0.75644,101.37,0.00820,-0.02800
1779372055.9023,plane,1434,11,0.49316,0.99653,0.002602,0.50000,0.03127,90.00,0.00000,0.00000
1779372056.0157,plane,1435,9,0.49535,0.50275,0.033488,0.15769,0.15044,81.88,-0.00017,-0.00061
1779372056.0157,plane,1435,10,0.51758,0.24294,0.421422,1.00628,0.76966,101.80,-0.00094,-0.03365
1779372056.0157,plane,1435,11,0.49316,0.99653,0.002602,0.50000,0.03127,90.00,0.00000,0.00000
1779372056.1107,plane,1436,9,0.49535,0.50282,0.033488,0.15773,0.15039,81.55,-0.00004,0.00079
1779372056.1107,plane,1436,10,0.51800,0.24300,0.423670,1.00488,0.74804,101.41,0.00438,0.00061
1779372056.1107,plane,1436,11,0.49316,0.99653,0.002602,0.50000,0.03127,90.00,0.00000,0.00000
1779372056.2065,plane,1437,9,0.49536,0.50275,0.033488,0.15770,0.15043,81.94,0.00011,-0.00079
1779372056.2065,plane,1437,10,0.51794,0.24069,0.418783,1.00232,0.75232,100.76,-0.00066,-0.02417
1779372056.2065,plane,1437,11,0.49316,0.99653,0.002602,0.50000,0.03127,90.00,0.00000,0.00000
1779372056.3032,plane,1438,9,0.49535,0.50281,0.033498,0.15773,0.15042,81.44,-0.00010,0.00068
1779372056.3032,plane,1438,10,0.51732,0.24612,0.427002,1.00083,0.76189,101.95,-0.00638,0.05641
1779372056.3032,plane,1438,11,0.49316,0.99653,0.002602,0.50000,0.03127,90.00,0.00000,0.00000
1779372056.4150,plane,1439,9,0.49536,0.50273,0.033517,0.15770,0.15051,82.06,0.00014,-0.00073
1779372056.4150,plane,1439,10,0.51763,0.24628,0.429396,1.00357,0.76100,102.01,0.00272,0.00148
1779372056.4150,plane,1439,11,0.49316,0.99653,0.002602,0.50000,0.03127,90.00,0.00000,0.00000
1779372056.5107,plane,1440,9,0.49536,0.50278,0.033495,0.15771,0.15044,81.73,-0.00008,0.00055
1779372056.5107,plane,1440,10,0.51788,0.24636,0.430018,1.00681,0.76017,102.08,0.00259,0.00079
1779372056.5107,plane,1440,11,0.49316,0.99653,0.002602,0.50000,0.03127,90.00,0.00000,0.00000
1779372056.6061,plane,1441,9,0.49536,0.50281,0.033490,0.15770,0.15041,81.74,0.00002,0.00025
1779372056.6061,plane,1441,10,0.51728,0.24594,0.428429,1.00726,0.76952,102.60,-0.00622,-0.00443
1779372056.6061,plane,1441,11,0.49316,0.99653,0.002602,0.50000,0.03127,90.00,0.00000,0.00000
1779372056.7022,plane,1442,9,0.49535,0.50281,0.033495,0.15773,0.15041,81.74,-0.00005,0.00004
1779372056.7022,plane,1442,10,0.51793,0.24750,0.432278,1.00530,0.76244,102.13,0.00678,0.01634
1779372056.7022,plane,1442,11,0.49316,0.99653,0.002602,0.50000,0.03127,90.00,0.00000,0.00000
1779372056.8146,plane,1443,9,0.49535,0.50278,0.033507,0.15776,0.15044,81.74,-0.00006,-0.00024
1779372056.8146,plane,1443,10,0.51715,0.24657,0.429801,1.01044,0.78061,102.52,-0.00691,-0.00821
1779372056.8146,plane,1443,11,0.49316,0.99653,0.002602,0.50000,0.03127,90.00,0.00000,0.00000
1779372056.9063,plane,1444,9,0.49537,0.50282,0.033507,0.15777,0.15041,81.69,0.00025,0.00040
1779372056.9063,plane,1444,10,0.51732,0.24768,0.432553,1.01128,0.78160,102.58,0.00184,0.01219
1779372056.9063,plane,1444,11,0.49316,0.99653,0.002602,0.50000,0.03127,90.00,0.00000,0.00000
1779372057.0062,plane,1445,9,0.49537,0.50281,0.033503,0.15778,0.15042,81.51,0.00004,-0.00008
1779372057.0062,plane,1445,10,0.51773,0.24875,0.436759,1.00914,0.77866,102.00,0.00411,0.01064
1779372057.0062,plane,1445,11,0.49316,0.99653,0.002602,0.50000,0.03127,90.00,0.00000,0.00000
1779372057.1024,plane,1446,9,0.49537,0.50278,0.033530,0.15784,0.15048,81.33,-0.00001,-0.00031
1779372057.1024,plane,1446,10,0.51670,0.25463,0.447289,1.01293,0.78319,103.85,-0.01083,0.06147
1779372057.1024,plane,1446,11,0.49316,0.99653,0.002602,0.50000,0.03127,90.00,0.00000,0.00000
1779372057.2097,plane,1447,9,0.49536,0.50278,0.033510,0.15775,0.15045,81.68,-0.00015,-0.00007
1779372057.2097,plane,1447,10,0.51653,0.25319,0.443119,1.01512,0.79583,104.34,-0.00154,-0.01339
1779372057.2097,plane,1447,11,0.49316,0.99653,0.002602,0.50000,0.03127,90.00,0.00000,0.00000
1779372057.3058,plane,1448,9,0.49537,0.50278,0.033510,0.15778,0.15041,81.41,0.00011,0.00004
1779372057.3058,plane,1448,10,0.51836,0.24998,0.441589,1.01345,0.77196,102.22,0.01906,-0.03346
1779372057.3058,plane,1448,11,0.49316,0.99653,0.002602,0.50000,0.03127,90.00,0.00000,0.00000
1779372057.4040,plane,1449,9,0.49536,0.50280,0.033486,0.15771,0.15039,81.65,-0.00009,0.00023
1779372057.4040,plane,1449,10,0.51719,0.24290,0.421039,0.99867,0.75674,100.93,-0.01201,-0.07250
1779372057.4040,plane,1449,11,0.49316,0.99653,0.002602,0.50000,0.03127,90.00,0.00000,0.00000
1779372057.5034,plane,1450,9,0.49535,0.50275,0.033510,0.15773,0.15049,81.76,-0.00006,-0.00055
1779372057.5034,plane,1450,10,0.51745,0.24667,0.429915,0.99889,0.74241,101.29,0.00264,0.03791
1779372057.5034,plane,1450,11,0.49316,0.99653,0.002602,0.50000,0.03127,90.00,0.00000,0.00000
1779372057.6147,plane,1451,9,0.49535,0.50275,0.033508,0.15772,0.15050,81.87,-0.00004,0.00002
1779372057.6147,plane,1451,10,0.51684,0.24672,0.430242,1.00361,0.75867,101.62,-0.00548,0.00046
1779372057.6147,plane,1451,11,0.49316,0.99653,0.002602,0.50000,0.03127,90.00,0.00000,0.00000
1779372057.7119,plane,1452,9,0.49536,0.50279,0.033512,0.15777,0.15045,81.74,0.00013,0.00044
1779372057.7119,plane,1452,10,0.51712,0.25055,0.438797,1.00605,0.76829,102.34,0.00286,0.03912
1779372057.7119,plane,1452,11,0.49316,0.99653,0.002602,0.50000,0.03127,90.00,0.00000,0.00000
1779372057.8070,plane,1453,9,0.49537,0.50278,0.033510,0.15773,0.15045,81.67,0.00010,-0.00007
1779372057.8070,plane,1453,10,0.51724,0.24984,0.436605,1.00960,0.77980,102.75,0.00125,-0.00744
1779372057.8070,plane,1453,11,0.49316,0.99653,0.002602,0.50000,0.03127,90.00,0.00000,0.00000
1779372057.9024,plane,1454,9,0.49537,0.50284,0.033512,0.15777,0.15044,81.67,0.00002,0.00056
1779372057.9024,plane,1454,10,0.51808,0.25116,0.440116,1.00851,0.77504,102.77,0.00881,0.01387
1779372057.9024,plane,1454,11,0.49316,0.99653,0.002602,0.50000,0.03127,90.00,0.00000,0.00000
1779372058.0147,plane,1455,9,0.49535,0.50281,0.033505,0.15771,0.15047,81.71,-0.00025,-0.00025
1779372058.0147,plane,1455,10,0.51798,0.24801,0.432919,1.01079,0.77542,102.80,-0.00086,-0.02818
1779372058.0147,plane,1455,11,0.49316,0.99653,0.002602,0.50000,0.03127,90.00,0.00000,0.00000
1779372058.1112,plane,1456,9,0.49536,0.50281,0.033502,0.15775,0.15041,81.57,0.00012,-0.00002
1779372058.1112,plane,1456,10,0.51709,0.24868,0.434569,1.00790,0.78026,102.80,-0.00930,0.00707
1779372058.1112,plane,1456,11,0.49316,0.99653,0.002602,0.50000,0.03127,90.00,0.00000,0.00000
1779372058.2061,plane,1457,9,0.49536,0.50279,0.033495,0.15770,0.15043,81.64,0.00004,-0.00022
1779372058.2061,plane,1457,10,0.51739,0.24299,0.425257,1.00552,0.74484,100.75,0.00309,-0.05939
1779372058.2061,plane,1457,11,0.49316,0.99653,0.002602,0.50000,0.03127,90.00,0.00000,0.00000
1779372058.2972,plane,1458,9,0.49537,0.50275,0.033508,0.15776,0.15047,81.50,0.00006,-0.00043
1779372058.2972,plane,1458,10,0.51714,0.25062,0.438249,1.00780,0.77803,102.55,-0.00273,0.08387
1779372058.2972,plane,1458,11,0.49316,0.99653,0.002602,0.50000,0.03127,90.00,0.00000,0.00000
1779372058.4091,plane,1459,9,0.49535,0.50283,0.033481,0.15766,0.15039,81.79,-0.00016,0.00072
1779372058.4091,plane,1459,10,0.51697,0.24289,0.418494,1.00019,0.77631,101.59,-0.00150,-0.06925
1779372058.4091,plane,1459,11,0.49316,0.99653,0.002602,0.50000,0.03127,90.00,0.00000,0.00000
1779372058.5039,plane,1460,9,0.49536,0.50282,0.033456,0.15753,0.15043,81.80,0.00011,-0.00009
1779372058.5039,plane,1460,10,0.51624,0.23664,0.402198,0.99997,0.78901,100.31,-0.00769,-0.06565
1779372058.5039,plane,1460,11,0.49316,0.99653,0.002602,0.50000,0.03127,90.00,0.00000,0.00000
1779372058.6065,plane,1461,9,0.49538,0.50277,0.033466,0.15759,0.15040,81.52,0.00017,-0.00051
1779372058.6065,plane,1461,10,0.51735,0.23489,0.402730,0.99905,0.76419,99.69,0.01086,-0.01709
1779372058.6065,plane,1461,11,0.49316,0.99653,0.002602,0.50000,0.03127,90.00,0.00000,0.00000
1779372058.7033,plane,1462,9,0.49536,0.50274,0.033491,0.15766,0.15045,81.99,-0.00020,-0.00028
1779372058.7033,plane,1462,10,0.51744,0.24068,0.417114,1.01012,0.78626,101.57,0.00094,0.05968
1779372058.7033,plane,1462,11,0.49316,0.99653,0.002602,0.50000,0.03127,90.00,0.00000,0.00000
1779372058.8150,plane,1463,9,0.49536,0.50274,0.033491,0.15764,0.15049,81.86,0.00000,-0.00001
1779372058.8150,plane,1463,10,0.51735,0.24217,0.417572,0.99900,0.77301,101.14,-0.00087,0.01346
1779372058.8150,plane,1463,11,0.49316,0.99653,0.002602,0.50000,0.03127,90.00,0.00000,0.00000
1779372058.9112,plane,1464,9,0.49537,0.50275,0.033512,0.15774,0.15047,81.72,0.00014,0.00014
1779372058.9112,plane,1464,10,0.51732,0.24737,0.431515,1.01527,0.78844,103.05,-0.00031,0.05382
1779372058.9112,plane,1464,11,0.49316,0.99653,0.002602,0.50000,0.03127,90.00,0.00000,0.00000
1779372059.0029,plane,1465,9,0.49535,0.50276,0.033524,0.15779,0.15050,81.80,-0.00021,0.00010
1779372059.0029,plane,1465,10,0.51684,0.24819,0.432936,1.00181,0.75839,101.11,-0.00516,0.00893
1779372059.0029,plane,1465,11,0.49316,0.99653,0.002602,0.50000,0.03127,90.00,0.00000,0.00000
1779372059.1038,plane,1466,9,0.49534,0.50270,0.033503,0.15769,0.15051,81.86,-0.00009,-0.00057
1779372059.1038,plane,1466,10,0.51758,0.24615,0.427789,1.00877,0.77924,102.79,0.00732,-0.02005
1779372059.1038,plane,1466,11,0.49316,0.99653,0.002602,0.50000,0.03127,90.00,0.00000,0.00000
1779372059.2141,plane,1467,9,0.49535,0.50276,0.033517,0.15775,0.15050,81.77,0.00006,0.00049
1779372059.2141,plane,1467,10,0.51735,0.24916,0.436752,1.00805,0.76524,102.65,-0.00207,0.02725
1779372059.2141,plane,1467,11,0.49268,0.99653,0.002608,0.50098,0.03130,90.00,-0.00443,-0.00000
1779372059.3111,plane,1468,9,0.49538,0.50276,0.033515,0.15782,0.15045,81.50,0.00028,0.00003
1779372059.3111,plane,1468,10,0.51822,0.24918,0.435111,1.00561,0.77055,102.08,0.00904,0.00019
1779372059.3111,plane,1468,11,0.49316,0.99653,0.002602,0.50000,0.03127,90.00,0.00507,0.00000
1779372059.4075,plane,1469,9,0.49536,0.50281,0.033498,0.15774,0.15040,81.48,-0.00016,0.00047
1779372059.4075,plane,1469,10,0.51734,0.24699,0.432085,1.00036,0.74186,101.33,-0.00909,-0.02259
1779372059.4075,plane,1469,11,0.49316,0.99653,0.002602,0.50000,0.03127,90.00,0.00000,0.00000
1779372059.5029,plane,1470,9,0.49535,0.50284,0.033500,0.15778,0.15039,81.44,-0.00013,0.00035
1779372059.5029,plane,1470,10,0.51690,0.24856,0.432977,1.00737,0.77875,102.13,-0.00471,0.01662
1779372059.5029,plane,1470,11,0.49316,0.99653,0.002602,0.50000,0.03127,90.00,0.00000,0.00000
1779372059.6149,plane,1471,9,0.49538,0.50284,0.033496,0.15773,0.15040,81.58,0.00025,-0.00003
1779372059.6149,plane,1471,10,0.51689,0.24893,0.434582,1.00353,0.77174,102.45,-0.00006,0.00323
1779372059.6149,plane,1471,11,0.49316,0.99653,0.002602,0.50000,0.03127,90.00,0.00000,0.00000
1779372059.7106,plane,1472,9,0.49536,0.50286,0.033505,0.15777,0.15041,81.59,-0.00018,0.00022
1779372059.7106,plane,1472,10,0.51778,0.24920,0.435260,1.01133,0.78208,103.11,0.00925,0.00279
1779372059.7106,plane,1472,11,0.49316,0.99653,0.002602,0.50000,0.03127,90.00,0.00000,0.00000
1779372059.8093,plane,1473,9,0.49537,0.50280,0.033525,0.15775,0.15051,81.76,0.00012,-0.00061
1779372059.8093,plane,1473,10,0.51673,0.25400,0.447211,1.02545,0.81246,104.99,-0.01070,0.04905
1779372059.8093,plane,1473,11,0.49316,0.99653,0.002602,0.50000,0.03127,90.00,0.00000,0.00000
1779372059.9038,plane,1474,9,0.49535,0.50272,0.033515,0.15773,0.15051,81.75,-0.00021,-0.00079
1779372059.9038,plane,1474,10,0.51720,0.24837,0.433209,1.00460,0.76740,101.82,0.00494,-0.05928
1779372059.9038,plane,1474,11,0.49316,0.99653,0.002602,0.50000,0.03127,90.00,0.00000,0.00000
1779372060.0163,plane,1475,9,0.49536,0.50273,0.033518,0.15774,0.15052,81.82,0.00008,0.00006
1779372060.0163,plane,1475,10,0.51726,0.25061,0.437478,1.00879,0.77688,103.36,0.00054,0.02004
1779372060.0163,plane,1475,11,0.49316,0.99653,0.002602,0.50000,0.03127,90.00,0.00000,0.00000
1779372060.1126,plane,1476,9,0.49537,0.50273,0.033510,0.15769,0.15054,82.01,0.00011,0.00003
1779372060.1126,plane,1476,10,0.51752,0.24706,0.431027,1.00340,0.75616,102.00,0.00269,-0.03690
1779372060.1126,plane,1476,11,0.49316,0.99653,0.002602,0.50000,0.03127,90.00,0.00000,0.00000
1779372060.2067,plane,1477,9,0.49536,0.50276,0.033510,0.15775,0.15046,81.64,-0.00013,0.00026
1779372060.2067,plane,1477,10,0.51761,0.24652,0.430111,1.00451,0.76012,102.44,0.00102,-0.00569
1779372060.2067,plane,1477,11,0.49316,0.99653,0.002602,0.50000,0.03127,90.00,0.00000,0.00000
1779372060.3037,plane,1478,9,0.49537,0.50281,0.033507,0.15776,0.15042,81.64,0.00013,0.00054
1779372060.3037,plane,1478,10,0.51625,0.24895,0.432081,1.00911,0.79036,103.10,-0.01408,0.02493
1779372060.3037,plane,1478,11,0.49268,0.99653,0.002608,0.50098,0.03130,90.00,-0.00503,-0.00000
1779372060.4154,plane,1479,9,0.49535,0.50281,0.033503,0.15775,0.15041,81.71,-0.00017,0.00003
1779372060.4154,plane,1479,10,0.51748,0.24908,0.434731,1.01214,0.79106,103.18,0.01105,0.00120
1779372060.4154,plane,1479,11,0.49316,0.99653,0.002602,0.50000,0.03127,90.00,0.00438,0.00000
1779372060.5114,plane,1480,9,0.49535,0.50280,0.033496,0.15773,0.15040,81.69,-0.00004,-0.00008
1779372060.5114,plane,1480,10,0.51721,0.24587,0.426856,1.00171,0.77298,101.80,-0.00273,-0.03338
1779372060.5114,plane,1480,11,0.49316,0.99653,0.002602,0.50000,0.03127,90.00,0.00000,0.00000
1779372060.6078,plane,1481,9,0.49535,0.50281,0.033507,0.15773,0.15046,81.86,0.00004,0.00004
1779372060.6078,plane,1481,10,0.51728,0.24846,0.434246,1.00599,0.76714,102.06,0.00069,0.02670
1779372060.6078,plane,1481,11,0.49316,0.99653,0.002602,0.50000,0.03127,90.00,0.00000,0.00000
1779372060.7030,plane,1482,9,0.49536,0.50279,0.033512,0.15775,0.15047,81.88,0.00003,-0.00023
1779372060.7030,plane,1482,10,0.51730,0.24818,0.434221,1.00614,0.76863,101.78,0.00021,-0.00294
1779372060.7030,plane,1482,11,0.49316,0.99653,0.002602,0.50000,0.03127,90.00,0.00000,0.00000
1779372060.8148,plane,1483,9,0.49536,0.50283,0.033503,0.15774,0.15043,81.69,0.00003,0.00036
1779372060.8148,plane,1483,10,0.51728,0.24708,0.430964,1.00472,0.76267,101.99,-0.00020,-0.00981
1779372060.8148,plane,1483,11,0.49316,0.99653,0.002602,0.50000,0.03127,90.00,0.00000,0.00000
1779372060.9123,plane,1484,9,0.49536,0.50283,0.033500,0.15772,0.15043,81.65,-0.00001,-0.00001
1779372060.9123,plane,1484,10,0.51768,0.24605,0.428158,0.99755,0.74609,100.98,0.00414,-0.01062
1779372060.9123,plane,1484,11,0.49316,0.99653,0.002602,0.50000,0.03127,90.00,0.00000,0.00000
1779372061.0074,plane,1485,9,0.49537,0.50278,0.033518,0.15779,0.15049,81.61,0.00009,-0.00051
1779372061.0074,plane,1485,10,0.51714,0.25008,0.439987,1.00959,0.76754,102.54,-0.00569,0.04210
1779372061.0074,plane,1485,11,0.49316,0.99653,0.002602,0.50000,0.03127,90.00,0.00000,0.00000
1779372061.1028,plane,1486,9,0.49535,0.50279,0.033498,0.15773,0.15043,81.60,-0.00017,0.00016
1779372061.1028,plane,1486,10,0.51711,0.24858,0.433607,1.00666,0.76314,101.86,-0.00025,-0.01563
1779372061.1028,plane,1486,11,0.49316,0.99653,0.002602,0.50000,0.03127,90.00,0.00000,0.00000
1779372061.2155,plane,1487,9,0.49536,0.50280,0.033502,0.15776,0.15044,81.29,0.00007,0.00011
1779372061.2155,plane,1487,10,0.51806,0.24689,0.431858,1.00504,0.76136,101.66,0.00845,-0.01513
1779372061.2155,plane,1487,11,0.49316,0.99653,0.002602,0.50000,0.03127,90.00,0.00000,0.00000
1779372061.3118,plane,1488,9,0.49536,0.50283,0.033505,0.15773,0.15043,81.80,0.00002,0.00026
1779372061.3118,plane,1488,10,0.51742,0.25093,0.440465,1.02136,0.79805,104.81,-0.00659,0.04171
1779372061.3118,plane,1488,11,0.49316,0.99653,0.002602,0.50000,0.03127,90.00,0.00000,0.00000
1779372061.4075,plane,1489,9,0.49537,0.50286,0.033517,0.15777,0.15045,81.62,0.00005,0.00030
1779372061.4075,plane,1489,10,0.51704,0.25185,0.441477,1.01712,0.80156,104.47,-0.00392,0.00955
1779372061.4075,plane,1489,11,0.49316,0.99653,0.002602,0.50000,0.03127,90.00,0.00000,0.00000
1779372061.5037,plane,1490,9,0.49536,0.50285,0.033500,0.15774,0.15041,81.80,-0.00007,-0.00007
1779372061.5037,plane,1490,10,0.51735,0.24874,0.433770,1.01311,0.79334,103.40,0.00316,-0.03214
1779372061.5037,plane,1490,11,0.49316,0.99653,0.002602,0.50000,0.03127,90.00,0.00000,0.00000
1779372061.6151,plane,1491,9,0.49538,0.50285,0.033510,0.15776,0.15043,81.80,0.00020,-0.00005
1779372061.6151,plane,1491,10,0.51703,0.25264,0.442357,1.00995,0.78053,102.67,-0.00286,0.03521
1779372061.6151,plane,1491,11,0.49316,0.99653,0.002602,0.50000,0.03127,90.00,0.00000,0.00000
1779372061.7111,plane,1492,9,0.49535,0.50280,0.033500,0.15773,0.15044,81.80,-0.00035,-0.00052
1779372061.7111,plane,1492,10,0.51770,0.24660,0.431342,1.00180,0.75587,101.38,0.00686,-0.06249
1779372061.7111,plane,1492,11,0.49316,0.99653,0.002602,0.50000,0.03127,90.00,0.00000,0.00000
1779372061.8072,plane,1493,9,0.49536,0.50283,0.033493,0.15771,0.15040,81.93,0.00013,0.00041
1779372061.8072,plane,1493,10,0.51696,0.24462,0.423948,0.99779,0.74832,101.12,-0.00769,-0.02057
1779372061.8072,plane,1493,11,0.49316,0.99653,0.002602,0.50000,0.03127,90.00,0.00000,0.00000
1779372061.9026,plane,1494,9,0.49537,0.50282,0.033503,0.15775,0.15042,81.66,0.00010,-0.00018
1779372061.9026,plane,1494,10,0.51781,0.24675,0.432882,1.00686,0.75924,101.45,0.00901,0.02236
1779372061.9026,plane,1494,11,0.49316,0.99653,0.002602,0.50000,0.03127,90.00,0.00000,0.00000
1779372062.0159,plane,1495,9,0.49536,0.50285,0.033515,0.15780,0.15043,81.59,-0.00006,0.00030
1779372062.0159,plane,1495,10,0.51720,0.25122,0.437595,1.00946,0.78994,103.56,-0.00540,0.03930
1779372062.0159,plane,1495,11,0.49316,0.99653,0.002602,0.50000,0.03127,90.00,0.00000,0.00000
1779372062.1113,plane,1496,9,0.49536,0.50286,0.033510,0.15779,0.15042,81.70,-0.00003,0.00007
1779372062.1113,plane,1496,10,0.51727,0.24775,0.432760,1.00920,0.77343,102.37,0.00070,-0.03659
1779372062.1113,plane,1496,11,0.49316,0.99653,0.002602,0.50000,0.03127,90.00,0.00000,0.00000
1779372062.2064,plane,1497,9,0.49535,0.50283,0.033515,0.15778,0.15044,81.54,-0.00007,-0.00032
1779372062.2064,plane,1497,10,0.51807,0.25077,0.440511,1.01202,0.78296,102.76,0.00844,0.03161
1779372062.2064,plane,1497,11,0.49316,0.99653,0.002602,0.50000,0.03127,90.00,0.00000,0.00000
1779372062.3035,plane,1498,9,0.49534,0.50280,0.033490,0.15774,0.15039,81.61,-0.00013,-0.00029
1779372062.3035,plane,1498,10,0.51698,0.24521,0.427531,1.00387,0.76555,101.16,-0.01135,-0.05773
1779372062.3035,plane,1498,11,0.49316,0.99653,0.002602,0.50000,0.03127,90.00,0.00000,0.00000
1779372062.4159,plane,1499,9,0.49536,0.50282,0.033496,0.15774,0.15039,81.63,0.00015,0.00017
1779372062.4159,plane,1499,10,0.51778,0.24678,0.429515,1.00529,0.76729,102.24,0.00712,0.01399
1779372062.4159,plane,1499,11,0.49316,0.99653,0.002602,0.50000,0.03127,90.00,0.00000,0.00000
1779372062.5107,plane,1500,9,0.49537,0.50279,0.033505,0.15777,0.15042,81.45,0.00011,-0.00026
1779372062.5107,plane,1500,10,0.51732,0.24748,0.430873,1.01460,0.79725,103.62,-0.00488,0.00730
1779372062.5107,plane,1500,11,0.49316,0.99653,0.002602,0.50000,0.03127,90.00,0.00000,0.00000
1779372062.6074,plane,1501,9,0.49535,0.50283,0.033502,0.15773,0.15043,81.65,-0.00017,0.00040
1779372062.6074,plane,1501,10,0.51804,0.24716,0.430556,0.99960,0.75171,101.00,0.00751,-0.00327
1779372062.6074,plane,1501,11,0.49316,0.99653,0.002602,0.50000,0.03127,90.00,0.00000,0.00000
1779372062.7024,plane,1502,9,0.49536,0.50281,0.033496,0.15776,0.15041,81.55,0.00004,-0.00024
1779372062.7024,plane,1502,10,0.51711,0.24793,0.430937,0.99946,0.76022,101.55,-0.00966,0.00801
1779372062.7024,plane,1502,11,0.49316,0.99653,0.002602,0.50000,0.03127,90.00,0.00000,0.00000
1779372062.8143,plane,1503,9,0.49534,0.50293,0.033505,0.15774,0.15042,81.93,-0.00010,0.00110
1779372062.8143,plane,1503,10,0.51728,0.24921,0.435572,1.01165,0.78399,103.23,0.00147,0.01152
1779372062.8143,plane,1503,11,0.49316,0.99653,0.002602,0.50000,0.03127,90.00,0.00000,0.00000
1779372062.9105,plane,1504,9,0.49535,0.50284,0.033502,0.15774,0.15042,81.55,0.00009,-0.00096
1779372062.9105,plane,1504,10,0.51698,0.24664,0.429574,1.00622,0.76813,101.81,-0.00307,-0.02658
1779372062.9105,plane,1504,11,0.49316,0.99653,0.002602,0.50000,0.03127,90.00,0.00000,0.00000
1779372063.0055,plane,1505,9,0.49534,0.50282,0.033495,0.15771,0.15042,81.66,-0.00011,-0.00017
1779372063.0055,plane,1505,10,0.51681,0.24637,0.427772,0.99638,0.75297,100.76,-0.00180,-0.00287
1779372063.0055,plane,1505,11,0.49316,0.99653,0.002602,0.50000,0.03127,90.00,0.00000,0.00000
1779372063.1021,plane,1506,9,0.49535,0.50280,0.033490,0.15771,0.15041,81.64,0.00003,-0.00021
1779372063.1021,plane,1506,10,0.51724,0.24571,0.426524,1.00402,0.76911,101.85,0.00451,-0.00681
1779372063.1021,plane,1506,11,0.49316,0.99653,0.002602,0.50000,0.03127,90.00,0.00000,0.00000
1779372063.2138,plane,1507,9,0.49535,0.50282,0.033500,0.15776,0.15041,81.62,0.00004,0.00012
1779372063.2138,plane,1507,10,0.51761,0.24738,0.430962,1.00179,0.75860,101.83,0.00332,0.01479
1779372063.2138,plane,1507,11,0.49316,0.99653,0.002602,0.50000,0.03127,90.00,0.00000,0.00000
1779372063.3103,plane,1508,9,0.49536,0.50287,0.033503,0.15773,0.15043,81.77,0.00014,0.00057
1779372063.3103,plane,1508,10,0.51747,0.24580,0.428530,1.00661,0.76590,102.04,-0.00150,-0.01643
1779372063.3103,plane,1508,11,0.49316,0.99653,0.002602,0.50000,0.03127,90.00,0.00000,0.00000
1779372063.4063,plane,1509,9,0.49535,0.50280,0.033505,0.15774,0.15043,81.79,-0.00008,-0.00076
1779372063.4063,plane,1509,10,0.51762,0.24844,0.433824,1.00958,0.77737,102.86,0.00158,0.02735
1779372063.4063,plane,1509,11,0.49316,0.99653,0.002602,0.50000,0.03127,90.00,0.00000,0.00000
1779372063.5019,plane,1510,9,0.49535,0.50279,0.033512,0.15774,0.15047,81.82,0.00000,-0.00014
1779372063.5019,plane,1510,10,0.51748,0.24877,0.435271,1.00476,0.76184,101.59,-0.00146,0.00348
1779372063.5019,plane,1510,11,0.49316,0.99653,0.002602,0.50000,0.03127,90.00,0.00000,0.00000
1779372063.6131,plane,1511,9,0.49535,0.50280,0.033488,0.15771,0.15040,81.66,-0.00003,0.00015
1779372063.6131,plane,1511,10,0.51717,0.24399,0.422919,1.00481,0.76256,101.60,-0.00282,-0.04300
1779372063.6131,plane,1511,11,0.49316,0.99653,0.002602,0.50000,0.03127,90.00,0.00000,0.00000
1779372063.7094,plane,1512,9,0.49534,0.50281,0.033491,0.15770,0.15040,81.62,-0.00012,0.00011
1779372063.7094,plane,1512,10,0.51695,0.24425,0.422853,0.99920,0.76016,101.76,-0.00231,0.00273
1779372063.7094,plane,1512,11,0.49316,0.99653,0.002602,0.50000,0.03127,90.00,0.00000,0.00000
1779372063.8059,plane,1513,9,0.49535,0.50281,0.033495,0.15774,0.15040,81.64,0.00007,0.00000
1779372063.8059,plane,1513,10,0.51728,0.24578,0.427612,0.99974,0.75174,100.76,0.00354,0.01595
1779372063.8059,plane,1513,11,0.49316,0.99653,0.002602,0.50000,0.03127,90.00,0.00000,0.00000
1779372063.9035,plane,1514,9,0.49535,0.50281,0.033512,0.15777,0.15044,81.64,0.00008,-0.00007
1779372063.9035,plane,1514,10,0.51766,0.25178,0.440406,1.00738,0.77942,103.03,0.00377,0.06100
1779372063.9035,plane,1514,11,0.49316,0.99653,0.002602,0.50000,0.03127,90.00,0.00000,0.00000
1779372064.0102,plane,1515,9,0.49535,0.50281,0.033495,0.15772,0.15041,81.65,-0.00000,0.00003
1779372064.0102,plane,1515,10,0.51817,0.24701,0.430466,1.00893,0.77410,102.42,0.00487,-0.04505
1779372064.0102,plane,1515,11,0.49316,0.99653,0.002602,0.50000,0.03127,90.00,0.00000,0.00000
1779372064.1105,plane,1516,9,0.49536,0.50280,0.033495,0.15773,0.15040,81.66,0.00007,-0.00006
1779372064.1105,plane,1516,10,0.51729,0.24567,0.428606,1.01111,0.78206,102.15,-0.00867,-0.01322
1779372064.1105,plane,1516,11,0.49316,0.99653,0.002602,0.50000,0.03127,90.00,0.00000,0.00000
1779372064.2051,plane,1517,9,0.49535,0.50281,0.033495,0.15773,0.15040,81.70,-0.00012,0.00010
1779372064.2051,plane,1517,10,0.51715,0.24627,0.429050,1.00279,0.76137,101.67,-0.00157,0.00633
1779372064.2051,plane,1517,11,0.49316,0.99653,0.002602,0.50000,0.03127,90.00,0.00000,0.00000
1779372064.3014,plane,1518,9,0.49534,0.50283,0.033490,0.15771,0.15038,81.73,-0.00008,0.00020
1779372064.3014,plane,1518,10,0.51790,0.24605,0.431127,1.00540,0.74714,101.34,0.00788,-0.00226
1779372064.3014,plane,1518,11,0.49316,0.99653,0.002602,0.50000,0.03127,90.00,0.00000,0.00000
1779372064.4131,plane,1519,9,0.49534,0.50284,0.033500,0.15772,0.15042,81.60,-0.00001,0.00007
1779372064.4131,plane,1519,10,0.51761,0.24800,0.433316,1.00972,0.77427,102.59,-0.00262,0.01747
1779372064.4131,plane,1519,11,0.49316,0.99653,0.002602,0.50000,0.03127,90.00,0.00000,0.00000
1779372064.5082,plane,1520,9,0.49535,0.50288,0.033510,0.15776,0.15044,81.70,0.00012,0.00037
1779372064.5082,plane,1520,10,0.51837,0.24905,0.436142,1.01303,0.78292,104.19,0.00809,0.01116
1779372064.5082,plane,1520,11,0.49316,0.99653,0.002602,0.50000,0.03127,90.00,0.00000,0.00000
1779372064.6062,plane,1521,9,0.49536,0.50284,0.033513,0.15773,0.15047,81.65,0.00006,-0.00034
1779372064.6062,plane,1521,10,0.51781,0.24989,0.436725,1.00969,0.77447,102.63,-0.00568,0.00845
1779372064.6062,plane,1521,11,0.49316,0.99653,0.002602,0.50000,0.03127,90.00,0.00000,0.00000
1779372064.7018,plane,1522,9,0.49535,0.50281,0.033495,0.15774,0.15040,81.65,-0.00006,-0.00031
1779372064.7018,plane,1522,10,0.51789,0.24440,0.426042,1.00527,0.75259,101.18,0.00090,-0.05778
1779372064.7018,plane,1522,11,0.49316,0.99653,0.002602,0.50000,0.03127,90.00,0.00000,0.00000
1779372064.8142,plane,1523,9,0.49534,0.50279,0.033493,0.15770,0.15045,81.89,-0.00014,-0.00022
1779372064.8142,plane,1523,10,0.51838,0.24373,0.423191,0.99854,0.74285,100.61,0.00428,-0.00595
1779372064.8142,plane,1523,11,0.49316,0.99653,0.002602,0.50000,0.03127,90.00,0.00000,0.00000
1779372064.9113,plane,1524,9,0.49535,0.50283,0.033498,0.15773,0.15042,81.73,0.00016,0.00039
1779372064.9113,plane,1524,10,0.51799,0.24831,0.434701,1.00912,0.77722,102.40,-0.00398,0.04766
1779372064.9113,plane,1524,11,0.49316,0.99653,0.002602,0.50000,0.03127,90.00,0.00000,0.00000
1779372065.0065,plane,1525,9,0.49536,0.50282,0.033502,0.15776,0.15042,81.65,0.00011,-0.00007
1779372065.0065,plane,1525,10,0.51745,0.24809,0.431915,1.00781,0.77874,103.01,-0.00565,-0.00231
1779372065.0065,plane,1525,11,0.49316,0.99653,0.002602,0.50000,0.03127,90.00,0.00000,0.00000
1779372065.1011,plane,1526,9,0.49534,0.50281,0.033493,0.15772,0.15041,81.64,-0.00025,-0.00007
1779372065.1011,plane,1526,10,0.51782,0.24802,0.433150,1.00553,0.76566,101.94,0.00386,-0.00067
1779372065.1011,plane,1526,11,0.49316,0.99653,0.002602,0.50000,0.03127,90.00,0.00000,0.00000
1779372065.2138,plane,1527,9,0.49535,0.50282,0.033495,0.15774,0.15041,81.49,0.00010,0.00009
1779372065.2138,plane,1527,10,0.51743,0.24496,0.425524,1.00489,0.76434,102.26,-0.00342,-0.02740
1779372065.2138,plane,1527,11,0.49316,0.99653,0.002602,0.50000,0.03127,90.00,0.00000,0.00000
1779372065.3105,plane,1528,9,0.49534,0.50283,0.033488,0.15769,0.15040,81.68,-0.00013,0.00003
1779372065.3105,plane,1528,10,0.51829,0.24492,0.426832,1.00192,0.74327,101.70,0.00876,-0.00042
1779372065.3105,plane,1528,11,0.49316,0.99653,0.002602,0.50000,0.03127,90.00,0.00000,0.00000
1779372065.4061,plane,1529,9,0.49535,0.50288,0.033490,0.15773,0.15038,82.19,0.00011,0.00060
1779372065.4061,plane,1529,10,0.51743,0.24644,0.429920,1.00891,0.76759,102.43,-0.00903,0.01601
1779372065.4061,plane,1529,11,0.49316,0.99653,0.002602,0.50000,0.03127,90.00,0.00000,0.00000
1779372065.5021,plane,1530,9,0.49535,0.50282,0.033503,0.15778,0.15040,81.52,0.00005,-0.00064
1779372065.5021,plane,1530,10,0.51765,0.24864,0.434486,1.00968,0.77842,103.13,0.00227,0.02276
1779372065.5021,plane,1530,11,0.49316,0.99653,0.002602,0.50000,0.03127,90.00,0.00000,0.00000
1779372065.6127,plane,1531,9,0.49535,0.50284,0.033518,0.15774,0.15051,81.84,0.00001,0.00020
1779372065.6127,plane,1531,10,0.51750,0.25123,0.441199,1.01725,0.79016,104.32,-0.00136,0.02341
1779372065.6127,plane,1531,11,0.49316,0.99653,0.002602,0.50000,0.03127,90.00,0.00000,0.00000
1779372065.7096,plane,1532,9,0.49536,0.50283,0.033505,0.15777,0.15041,81.64,0.00004,-0.00018
1779372065.7096,plane,1532,10,0.51732,0.24867,0.434762,1.01034,0.77791,102.44,-0.00192,-0.02653
1779372065.7096,plane,1532,11,0.49316,0.99653,0.002602,0.50000,0.03127,90.00,0.00000,0.00000
1779372065.8062,plane,1533,9,0.49535,0.50285,0.033496,0.15772,0.15042,81.74,-0.00004,0.00029
1779372065.8062,plane,1533,10,0.51749,0.24720,0.431196,1.00494,0.77201,102.11,0.00183,-0.01513
1779372065.8062,plane,1533,11,0.49316,0.99653,0.002602,0.50000,0.03127,90.00,0.00000,0.00000
1779372065.9026,plane,1534,9,0.49536,0.50285,0.033500,0.15771,0.15043,81.74,0.00001,-0.00005
1779372065.9026,plane,1534,10,0.51868,0.24408,0.425615,1.00305,0.74575,101.33,0.01238,-0.03264
1779372065.9026,plane,1534,11,0.49316,0.99653,0.002602,0.50000,0.03127,90.00,0.00000,0.00000
1779372066.0146,plane,1535,9,0.49534,0.50284,0.033479,0.15767,0.15038,81.59,-0.00017,-0.00007
1779372066.0146,plane,1535,10,0.51760,0.24313,0.423194,0.99848,0.74156,100.77,-0.00954,-0.00842
1779372066.0146,plane,1535,11,0.49316,0.99653,0.002602,0.50000,0.03127,90.00,0.00000,0.00000
1779372066.1102,plane,1536,9,0.49536,0.50282,0.033496,0.15771,0.15042,81.52,0.00021,-0.00022
1779372066.1102,plane,1536,10,0.51772,0.24659,0.430878,1.00364,0.76207,102.11,0.00117,0.03647
1779372066.1102,plane,1536,11,0.49316,0.99653,0.002602,0.50000,0.03127,90.00,0.00000,0.00000
1779372066.2059,plane,1537,9,0.49536,0.50285,0.033507,0.15774,0.15044,81.69,0.00001,0.00029
1779372066.2059,plane,1537,10,0.51801,0.24952,0.437671,1.00642,0.75917,102.38,0.00310,0.03043
1779372066.2059,plane,1537,11,0.49316,0.99653,0.002602,0.50000,0.03127,90.00,0.00000,0.00000
1779372066.3023,plane,1538,9,0.49535,0.50280,0.033515,0.15778,0.15046,81.77,-0.00004,-0.00047
1779372066.3023,plane,1538,10,0.51661,0.25291,0.443448,1.01131,0.79300,103.53,-0.01473,0.03548
1779372066.3023,plane,1538,11,0.49316,0.99653,0.002602,0.50000,0.03127,90.00,0.00000,0.00000
1779372066.4141,plane,1539,9,0.49537,0.50284,0.033510,0.15777,0.15044,81.67,0.00015,0.00030
1779372066.4141,plane,1539,10,0.51838,0.25059,0.439282,1.01087,0.77920,103.12,0.01576,-0.02059
1779372066.4141,plane,1539,11,0.49316,0.99653,0.002602,0.50000,0.03127,90.00,0.00000,0.00000
1779372066.5097,plane,1540,9,0.49537,0.50286,0.033510,0.15779,0.15042,81.63,-0.00002,0.00022
1779372066.5097,plane,1540,10,0.51785,0.24897,0.436303,1.01439,0.78234,103.38,-0.00561,-0.01703
1779372066.5097,plane,1540,11,0.49316,0.99653,0.002602,0.50000,0.03127,90.00,0.00000,0.00000
1779372066.6057,plane,1541,9,0.49535,0.50289,0.033500,0.15772,0.15040,81.99,-0.00017,0.00038
1779372066.6057,plane,1541,10,0.51748,0.24684,0.430908,1.00631,0.76948,102.32,-0.00382,-0.02226
1779372066.6057,plane,1541,11,0.49316,0.99653,0.002602,0.50000,0.03127,90.00,0.00000,0.00000
1779372066.7021,plane,1542,9,0.49534,0.50287,0.033502,0.15773,0.15042,81.66,-0.00016,-0.00021
1779372066.7021,plane,1542,10,0.51801,0.24611,0.429832,1.00707,0.76904,102.10,0.00542,-0.00748
1779372066.7021,plane,1542,11,0.49316,0.99653,0.002602,0.50000,0.03127,90.00,0.00000,0.00000
1779372066.8119,plane,1543,9,0.49535,0.50276,0.033507,0.15772,0.15049,81.84,0.00010,-0.00100
1779372066.8119,plane,1543,10,0.51791,0.24422,0.426127,1.00165,0.74573,101.20,-0.00094,-0.01734
1779372066.8119,plane,1543,11,0.49316,0.99653,0.002602,0.50000,0.03127,90.00,0.00000,0.00000
1779372066.9110,plane,1544,9,0.49534,0.50276,0.033498,0.15771,0.15046,81.78,-0.00006,0.00000
1779372066.9110,plane,1544,10,0.51676,0.24524,0.425274,1.00081,0.76027,101.04,-0.01153,0.01019
1779372066.9110,plane,1544,11,0.49316,0.99653,0.002602,0.50000,0.03127,90.00,0.00000,0.00000
1779372067.0054,plane,1545,9,0.49536,0.50275,0.033510,0.15773,0.15049,81.80,0.00016,-0.00011
1779372067.0054,plane,1545,10,0.51753,0.24626,0.428943,1.00816,0.77010,102.73,0.00819,0.01078
1779372067.0054,plane,1545,11,0.49316,0.99653,0.002602,0.50000,0.03127,90.00,0.00000,0.00000
1779372067.1020,plane,1546,9,0.49534,0.50278,0.033508,0.15774,0.15046,81.75,-0.00013,0.00031
1779372067.1020,plane,1546,10,0.51766,0.24770,0.432809,1.00452,0.76139,101.76,0.00137,0.01493
1779372067.1020,plane,1546,11,0.49268,0.99653,0.002608,0.50098,0.03130,90.00,-0.00505,-0.00000
1779372067.2143,plane,1547,9,0.49536,0.50285,0.033518,0.15776,0.15047,81.75,0.00015,0.00061
1779372067.2143,plane,1547,10,0.51689,0.25251,0.443375,1.01163,0.78324,102.63,-0.00689,0.04280
1779372067.2143,plane,1547,11,0.49316,0.99653,0.002602,0.50000,0.03127,90.00,0.00435,0.00000
1779372067.3107,plane,1548,9,0.49536,0.50279,0.033513,0.15774,0.15048,81.92,-0.00002,-0.00060
1779372067.3107,plane,1548,10,0.51674,0.24960,0.435091,1.00817,0.78165,102.76,-0.00161,-0.03045
1779372067.3107,plane,1548,11,0.49268,0.99653,0.002608,0.50098,0.03130,90.00,-0.00511,-0.00000
1779372067.4057,plane,1549,9,0.49531,0.50295,0.033449,0.15756,0.15034,82.16,-0.00049,0.00164
1779372067.4057,plane,1549,10,0.51786,0.23894,0.413237,1.00230,0.76242,100.41,0.01174,-0.11122
1779372067.4057,plane,1549,11,0.49316,0.99653,0.002602,0.50000,0.03127,90.00,0.00510,0.00000
1779372067.5020,plane,1550,9,0.49531,0.50273,0.033493,0.15761,0.15053,81.77,-0.00004,-0.00231
1779372067.5020,plane,1550,10,0.51735,0.24030,0.415437,0.99892,0.76487,99.63,-0.00538,0.01419
1779372067.5020,plane,1550,11,0.49316,0.99653,0.002602,0.50000,0.03127,90.00,0.00000,0.00000
1779372067.6142,plane,1551,9,0.49536,0.50247,0.033507,0.15774,0.15053,81.98,0.00042,-0.00228
1779372067.6142,plane,1551,10,0.51731,0.24627,0.429252,1.00090,0.75565,101.23,-0.00031,0.05279
1779372067.6142,plane,1551,11,0.49268,0.99653,0.002608,0.50098,0.03130,90.00,-0.00432,-0.00000
1779372067.7066,plane,1552,9,0.49537,0.50281,0.033495,0.15775,0.15038,81.77,0.00013,0.00365
1779372067.7066,plane,1552,10,0.51761,0.24649,0.429726,1.00282,0.75342,101.43,0.00318,0.00244
1779372067.7066,plane,1552,11,0.49268,0.99653,0.002608,0.50098,0.03130,90.00,0.00000,0.00000
1779372067.8061,plane,1553,9,0.49536,0.50308,0.033481,0.15763,0.15041,82.28,-0.00007,0.00278
1779372067.8061,plane,1553,10,0.51756,0.24507,0.424766,1.00623,0.77906,102.76,-0.00051,-0.01453
1779372067.8061,plane,1553,11,0.49316,0.99653,0.002602,0.50000,0.03127,90.00,0.00496,0.00000
1779372067.9022,plane,1554,9,0.49538,0.50283,0.033510,0.15777,0.15043,81.72,0.00021,-0.00264
1779372067.9022,plane,1554,10,0.51757,0.24904,0.435389,1.01026,0.78096,102.95,0.00011,0.04097
1779372067.9022,plane,1554,11,0.49316,0.99653,0.002602,0.50000,0.03127,90.00,0.00000,0.00000
1779372068.0144,plane,1555,9,0.49536,0.50303,0.033496,0.15770,0.15041,82.04,-0.00021,0.00182
1779372068.0144,plane,1555,10,0.51701,0.24793,0.431963,1.00363,0.76554,102.62,-0.00496,-0.00992
1779372068.0144,plane,1555,11,0.49316,0.99653,0.002602,0.50000,0.03127,90.00,0.00000,0.00000
1779372068.1106,plane,1556,9,0.49537,0.50284,0.033507,0.15777,0.15042,81.68,0.00015,-0.00196
1779372068.1106,plane,1556,10,0.51677,0.25131,0.439295,1.01683,0.80244,104.55,-0.00255,0.03485
1779372068.1106,plane,1556,11,0.49316,0.99653,0.002602,0.50000,0.03127,90.00,0.00000,0.00000
1779372068.2059,plane,1557,9,0.49536,0.50294,0.033502,0.15775,0.15038,81.94,-0.00011,0.00108
1779372068.2059,plane,1557,10,0.51744,0.25088,0.439648,1.01286,0.78408,103.14,0.00711,-0.00453
1779372068.2059,plane,1557,11,0.49316,0.99653,0.002602,0.50000,0.03127,90.00,0.00000,0.00000
1779372068.3026,plane,1558,9,0.49534,0.50282,0.033508,0.15778,0.15042,81.63,-0.00020,-0.00123
1779372068.3026,plane,1558,10,0.51737,0.24817,0.434306,1.00629,0.76178,102.69,-0.00075,-0.02800
1779372068.3026,plane,1558,11,0.49316,0.99653,0.002602,0.50000,0.03127,90.00,0.00000,0.00000
1779372068.4143,plane,1559,9,0.49535,0.50286,0.033508,0.15778,0.15043,81.59,0.00009,0.00032
1779372068.4143,plane,1559,10,0.51850,0.25132,0.441062,1.01735,0.79140,104.14,0.01003,0.02798
1779372068.4143,plane,1559,11,0.49316,0.99653,0.002602,0.50000,0.03127,90.00,0.00000,0.00000
1779372068.5097,plane,1560,9,0.49534,0.50283,0.033512,0.15778,0.15044,81.62,-0.00011,-0.00032
1779372068.5097,plane,1560,10,0.51704,0.24824,0.433614,1.00372,0.76527,101.69,-0.01535,-0.03253
1779372068.5097,plane,1560,11,0.49316,0.99653,0.002602,0.50000,0.03127,90.00,0.00000,0.00000
1779372068.6020,plane,1561,9,0.49538,0.50286,0.033512,0.15775,0.15045,81.66,0.00043,0.00038
1779372068.6020,plane,1561,10,0.51780,0.24851,0.434257,1.01348,0.78337,103.03,0.00817,0.00292
1779372068.6020,plane,1561,11,0.49316,0.99653,0.002602,0.50000,0.03127,90.00,0.00000,0.00000
1779372068.7024,plane,1562,9,0.49534,0.50274,0.033518,0.15774,0.15051,81.79,-0.00042,-0.00129
1779372068.7024,plane,1562,10,0.51729,0.24781,0.434207,1.00916,0.77010,102.12,-0.00515,-0.00707
1779372068.7024,plane,1562,11,0.49316,0.99653,0.002602,0.50000,0.03127,90.00,0.00000,0.00000
1779372068.8144,plane,1563,9,0.49536,0.50289,0.033505,0.15776,0.15041,81.82,0.00014,0.00138
1779372068.8144,plane,1563,10,0.51683,0.24998,0.435310,1.00251,0.77158,101.53,-0.00404,0.01922
1779372068.8144,plane,1563,11,0.49316,0.99653,0.002602,0.50000,0.03127,90.00,0.00000,0.00000
1779372068.9104,plane,1564,9,0.49535,0.50279,0.033505,0.15776,0.15045,81.64,-0.00004,-0.00100
1779372068.9104,plane,1564,10,0.51719,0.24843,0.433723,1.00791,0.77806,102.76,0.00372,-0.01614
1779372068.9104,plane,1564,11,0.49316,0.99653,0.002602,0.50000,0.03127,90.00,0.00000,0.00000
1779372069.0059,plane,1565,9,0.49535,0.50295,0.033488,0.15770,0.15038,82.24,-0.00002,0.00163
1779372069.0059,plane,1565,10,0.51741,0.24857,0.433845,1.00977,0.78461,102.49,0.00236,0.00148
1779372069.0059,plane,1565,11,0.49316,0.99653,0.002602,0.50000,0.03127,90.00,0.00000,0.00000
1779372069.1019,plane,1566,9,0.49535,0.50281,0.033495,0.15773,0.15041,81.64,0.00000,-0.00147
1779372069.1019,plane,1566,10,0.51730,0.24677,0.430481,1.00612,0.76564,102.11,-0.00117,-0.01879
1779372069.1019,plane,1566,11,0.49316,0.99653,0.002602,0.50000,0.03127,90.00,0.00000,0.00000
1779372069.2141,plane,1567,9,0.49537,0.50298,0.033495,0.15772,0.15038,82.03,0.00018,0.00152
1779372069.2141,plane,1567,10,0.51725,0.25053,0.439565,1.01347,0.78939,103.71,-0.00045,0.03365
1779372069.2141,plane,1567,11,0.49316,0.99653,0.002602,0.50000,0.03127,90.00,0.00000,0.00000
1779372069.3101,plane,1568,9,0.49537,0.50299,0.033481,0.15769,0.15037,81.95,-0.00001,0.00008
1779372069.3101,plane,1568,10,0.51732,0.24645,0.428284,0.99517,0.74863,100.62,0.00070,-0.04219
1779372069.3101,plane,1568,11,0.49316,0.99653,0.002602,0.50000,0.03127,90.00,0.00000,0.00000
1779372069.4054,plane,1569,9,0.49535,0.50289,0.033488,0.15770,0.15040,81.95,-0.00024,-0.00098
1779372069.4054,plane,1569,10,0.51727,0.24544,0.427470,1.00332,0.76585,101.69,-0.00052,-0.01063
1779372069.4054,plane,1569,11,0.49316,0.99653,0.002602,0.50000,0.03127,90.00,0.00000,0.00000
1779372069.5023,plane,1570,9,0.49535,0.50288,0.033502,0.15777,0.15041,81.70,0.00001,-0.00017
1779372069.5023,plane,1570,10,0.51740,0.24685,0.430264,1.00076,0.74680,101.30,0.00138,0.01447
1779372069.5023,plane,1570,11,0.49316,0.99653,0.002602,0.50000,0.03127,90.00,0.00000,0.00000
1779372069.6131,plane,1571,9,0.49532,0.50305,0.033488,0.15773,0.15035,82.20,-0.00028,0.00161
1779372069.6131,plane,1571,10,0.51754,0.24893,0.433672,1.00849,0.78942,103.39,0.00124,0.01878
1779372069.6131,plane,1571,11,0.49316,0.99653,0.002602,0.50000,0.03127,90.00,0.00000,0.00000
1779372069.7080,plane,1572,9,0.49532,0.50298,0.033513,0.15782,0.15040,81.74,-0.00001,-0.00083
1779372069.7080,plane,1572,10,0.51794,0.24720,0.432263,1.01258,0.77438,103.44,0.00427,-0.01837
1779372069.7080,plane,1572,11,0.49316,0.99653,0.002602,0.50000,0.03127,90.00,0.00000,0.00000
1779372069.8057,plane,1573,9,0.49531,0.50268,0.033507,0.15765,0.15055,81.88,-0.00010,-0.00305
1779372069.8057,plane,1573,10,0.51733,0.24647,0.428914,1.00178,0.75974,101.55,-0.00619,-0.00746
1779372069.8057,plane,1573,11,0.49316,0.99653,0.002602,0.50000,0.03127,90.00,0.00000,0.00000
1779372069.9021,plane,1574,9,0.49535,0.50283,0.033496,0.15774,0.15040,81.66,0.00046,0.00156
1779372069.9021,plane,1574,10,0.51711,0.24543,0.425991,0.99868,0.75657,101.22,-0.00235,-0.01092
1779372069.9021,plane,1574,11,0.49316,0.99653,0.002602,0.50000,0.03127,90.00,0.00000,0.00000
1779372070.0149,plane,1575,9,0.49536,0.50288,0.033478,0.15768,0.15037,81.87,0.00008,0.00049
1779372070.0149,plane,1575,10,0.51733,0.24233,0.418922,0.99784,0.75965,100.47,0.00198,-0.02725
1779372070.0149,plane,1575,11,0.49316,0.99653,0.002602,0.50000,0.03127,90.00,0.00000,0.00000
1779372070.1104,plane,1576,9,0.49534,0.50289,0.033466,0.15766,0.15033,82.06,-0.00020,0.00009
1779372070.1104,plane,1576,10,0.51760,0.24019,0.415271,0.99945,0.76043,100.50,0.00278,-0.02270
1779372070.1104,plane,1576,11,0.49316,0.99653,0.002602,0.50000,0.03127,90.00,0.00000,0.00000
1779372070.2060,plane,1577,9,0.49531,0.50294,0.033471,0.15765,0.15036,82.29,-0.00027,0.00050
1779372070.2060,plane,1577,10,0.51738,0.24278,0.420568,0.99701,0.74893,100.67,-0.00219,0.02676
1779372070.2060,plane,1577,11,0.49316,0.99653,0.002602,0.50000,0.03127,90.00,0.00000,0.00000
1779372070.3020,plane,1578,9,0.49535,0.50289,0.033481,0.15771,0.15036,82.08,0.00042,-0.00048
1779372070.3020,plane,1578,10,0.51748,0.24352,0.422017,0.99773,0.74946,100.82,0.00099,0.00773
1779372070.3020,plane,1578,11,0.49316,0.99653,0.002602,0.50000,0.03127,90.00,0.00000,0.00000
1779372070.4131,plane,1579,9,0.49536,0.50294,0.033502,0.15774,0.15039,82.08,0.00006,0.00044
1779372070.4131,plane,1579,10,0.51750,0.24754,0.432622,1.00973,0.77299,102.93,0.00023,0.03616
1779372070.4131,plane,1579,11,0.49316,0.99653,0.002602,0.50000,0.03127,90.00,0.00000,0.00000
1779372070.5075,plane,1580,9,0.49536,0.50286,0.033496,0.15772,0.15041,81.83,-0.00003,-0.00092
1779372070.5075,plane,1580,10,0.51726,0.24630,0.429806,1.00654,0.77093,101.93,-0.00263,-0.01316
1779372070.5075,plane,1580,11,0.49316,0.99653,0.002602,0.50000,0.03127,90.00,0.00000,0.00000
1779372070.6066,plane,1581,9,0.49533,0.50286,0.033495,0.15769,0.15042,81.82,-0.00027,0.00006
1779372070.6066,plane,1581,10,0.51828,0.24737,0.432120,1.01175,0.77046,103.16,0.01049,0.01093
1779372070.6066,plane,1581,11,0.49316,0.99653,0.002602,0.50000,0.03127,90.00,0.00000,0.00000
1779372070.7025,plane,1582,9,0.49534,0.50293,0.033502,0.15776,0.15040,81.89,0.00010,0.00071
1779372070.7025,plane,1582,10,0.51752,0.24849,0.434314,1.00853,0.77346,102.81,-0.00788,0.01153
1779372070.7025,plane,1582,11,0.49316,0.99653,0.002602,0.50000,0.03127,90.00,0.00000,0.00000
1779372070.8144,plane,1583,9,0.49536,0.50287,0.033502,0.15773,0.15043,81.68,0.00013,-0.00056
1779372070.8144,plane,1583,10,0.51766,0.24766,0.432914,1.00713,0.76650,102.51,0.00129,-0.00741
1779372070.8144,plane,1583,11,0.49316,0.99653,0.002602,0.50000,0.03127,90.00,0.00000,0.00000
1779372070.9100,plane,1584,9,0.49534,0.50285,0.033503,0.15776,0.15042,81.57,-0.00013,-0.00016
1779372070.9100,plane,1584,10,0.51755,0.24751,0.431756,1.00670,0.77281,102.45,-0.00113,-0.00158
1779372070.9100,plane,1584,11,0.49316,0.99653,0.002602,0.50000,0.03127,90.00,0.00000,0.00000
1779372071.0059,plane,1585,9,0.49536,0.50278,0.033510,0.15780,0.15043,81.61,0.00014,-0.00077
1779372071.0059,plane,1585,10,0.51746,0.25122,0.439821,1.00788,0.77559,102.26,-0.00102,0.03871
1779372071.0059,plane,1585,11,0.49316,0.99653,0.002602,0.50000,0.03127,90.00,0.00000,0.00000
1779372071.1023,plane,1586,9,0.49535,0.50296,0.033490,0.15772,0.15037,82.18,-0.00002,0.00194
1779372071.1023,plane,1586,10,0.51776,0.24787,0.433053,1.00836,0.77313,102.79,0.00319,-0.03514
1779372071.1023,plane,1586,11,0.49316,0.99653,0.002602,0.50000,0.03127,90.00,0.00000,0.00000
1779372071.2132,plane,1587,9,0.49535,0.50283,0.033495,0.15774,0.15038,81.69,-0.00000,-0.00121
1779372071.2132,plane,1587,10,0.51816,0.24887,0.435976,1.00800,0.76539,102.62,0.00355,0.00894
1779372071.2132,plane,1587,11,0.49316,0.99653,0.002602,0.50000,0.03127,90.00,0.00000,0.00000
1779372071.3106,plane,1588,9,0.49536,0.50296,0.033498,0.15773,0.15038,82.03,0.00002,0.00133
1779372071.3106,plane,1588,10,0.51754,0.24862,0.434309,1.00676,0.76766,102.61,-0.00637,-0.00261
1779372071.3106,plane,1588,11,0.49316,0.99653,0.002602,0.50000,0.03127,90.00,0.00000,0.00000
1779372071.4061,plane,1589,9,0.49538,0.50284,0.033496,0.15776,0.15039,81.67,0.00021,-0.00124
1779372071.4061,plane,1589,10,0.51758,0.24814,0.434070,1.01233,0.77147,103.23,0.00039,-0.00497
1779372071.4061,plane,1589,11,0.49316,0.99653,0.002602,0.50000,0.03127,90.00,0.00000,0.00000
1779372071.5026,plane,1590,9,0.49535,0.50291,0.033502,0.15774,0.15041,81.85,-0.00031,0.00072
1779372071.5026,plane,1590,10,0.51759,0.25213,0.441817,1.00744,0.77939,102.85,0.00014,0.04169
1779372071.5026,plane,1590,11,0.49316,0.99653,0.002602,0.50000,0.03127,90.00,0.00000,0.00000
1779372071.6139,plane,1591,9,0.49536,0.50277,0.033502,0.15775,0.15044,81.90,0.00009,-0.00124
1779372071.6139,plane,1591,10,0.51699,0.24577,0.428387,1.00396,0.75855,101.53,-0.00537,-0.05684
1779372071.6139,plane,1591,11,0.49316,0.99653,0.002602,0.50000,0.03127,90.00,0.00000,0.00000
1779372071.7098,plane,1592,9,0.49535,0.50293,0.033481,0.15769,0.15037,82.02,-0.00009,0.00174
1779372071.7098,plane,1592,10,0.51749,0.24620,0.427839,1.00641,0.77291,102.25,0.00521,0.00452
1779372071.7098,plane,1592,11,0.49316,0.99653,0.002602,0.50000,0.03127,90.00,0.00000,0.00000
1779372071.8032,plane,1593,9,0.49535,0.50294,0.033471,0.15760,0.15038,82.13,0.00001,0.00006
1779372071.8032,plane,1593,10,0.51754,0.23966,0.412430,1.00146,0.77319,100.98,0.00057,-0.07049
1779372071.8032,plane,1593,11,0.49316,0.99653,0.002602,0.50000,0.03127,90.00,0.00000,0.00000
1779372071.8995,plane,1594,9,0.49535,0.50299,0.033474,0.15761,0.15039,82.07,-0.00005,0.00049
1779372071.8995,plane,1594,10,0.51777,0.24359,0.423811,1.00096,0.76309,100.69,0.00232,0.04043
1779372071.8995,plane,1594,11,0.49316,0.99653,0.002602,0.50000,0.03127,90.00,0.00000,0.00000
1779372072.0111,plane,1595,9,0.49533,0.50300,0.033464,0.15758,0.15036,82.61,-0.00011,0.00012
1779372072.0111,plane,1595,10,0.51698,0.24188,0.418681,1.00012,0.76898,100.40,-0.00707,-0.01538
1779372072.0111,plane,1595,11,0.49316,0.99653,0.002602,0.50000,0.03127,90.00,0.00000,0.00000
1779372072.1085,plane,1596,9,0.49535,0.50294,0.033495,0.15772,0.15038,81.94,0.00019,-0.00058
1779372072.1085,plane,1596,10,0.51719,0.24580,0.427711,1.00125,0.75489,101.31,0.00210,0.04000
1779372072.1085,plane,1596,11,0.49316,0.99653,0.002602,0.50000,0.03127,90.00,0.00000,0.00000
1779372072.2036,plane,1597,9,0.49536,0.50289,0.033481,0.15770,0.15037,81.77,0.00011,-0.00057
1779372072.2036,plane,1597,10,0.51842,0.24391,0.425602,1.00452,0.75045,101.25,0.01305,-0.02004
1779372072.2036,plane,1597,11,0.49316,0.99653,0.002602,0.50000,0.03127,90.00,0.00000,0.00000
1779372072.2985,plane,1598,9,0.49535,0.50291,0.033488,0.15774,0.15036,82.00,-0.00014,0.00022
1779372072.2985,plane,1598,10,0.51740,0.24600,0.426848,1.00478,0.77633,102.24,-0.01061,0.02181
1779372072.2985,plane,1598,11,0.49316,0.99653,0.002602,0.50000,0.03127,90.00,0.00000,0.00000
1779372072.4072,plane,1599,9,0.49536,0.50290,0.033491,0.15772,0.15039,81.91,0.00006,-0.00008
1779372072.4072,plane,1599,10,0.51680,0.24740,0.429160,1.00434,0.77859,102.06,-0.00550,0.01285
1779372072.4072,plane,1599,11,0.49316,0.99653,0.002602,0.50000,0.03127,90.00,0.00000,0.00000
1779372072.5042,plane,1600,9,0.49537,0.50285,0.033498,0.15774,0.15042,81.70,0.00012,-0.00052
1779372072.5042,plane,1600,10,0.51756,0.24822,0.432651,1.00679,0.77545,102.85,0.00777,0.00849
1779372072.5042,plane,1600,11,0.49316,0.99653,0.002602,0.50000,0.03127,90.00,0.00000,0.00000
1779372072.6036,plane,1601,9,0.49536,0.50289,0.033505,0.15774,0.15043,81.76,-0.00007,0.00042
1779372072.6036,plane,1601,10,0.51706,0.24990,0.435532,1.00564,0.77365,102.55,-0.00501,0.01690
1779372072.6036,plane,1601,11,0.49316,0.99653,0.002602,0.50000,0.03127,90.00,0.00000,0.00000
1779372072.7015,plane,1602,9,0.49536,0.50283,0.033500,0.15777,0.15041,81.56,-0.00001,-0.00069
1779372072.7015,plane,1602,10,0.51662,0.24976,0.435711,1.00768,0.78106,102.80,-0.00455,-0.00153
1779372072.7015,plane,1602,11,0.49316,0.99653,0.002602,0.50000,0.03127,90.00,0.00000,0.00000
1779372072.8138,plane,1603,9,0.49536,0.50288,0.033491,0.15773,0.15039,81.89,-0.00002,0.00051
1779372072.8138,plane,1603,10,0.51719,0.24641,0.429189,1.00768,0.77525,101.92,0.00503,-0.02952
1779372072.8138,plane,1603,11,0.49316,0.99653,0.002602,0.50000,0.03127,90.00,0.00000,0.00000
1779372072.9105,plane,1604,9,0.49535,0.50282,0.033485,0.15772,0.15037,81.81,-0.00004,-0.00063
1779372072.9105,plane,1604,10,0.51763,0.24290,0.422836,1.00606,0.76030,101.29,0.00468,-0.03666
1779372072.9105,plane,1604,11,0.49316,0.99653,0.002602,0.50000,0.03127,90.00,0.00000,0.00000
1779372073.0074,plane,1605,9,0.49536,0.50291,0.033466,0.15764,0.15034,82.02,0.00008,0.00083
1779372073.0074,plane,1605,10,0.51760,0.23998,0.416302,1.00995,0.77804,101.36,-0.00032,-0.02986
1779372073.0074,plane,1605,11,0.49316,0.99653,0.002602,0.50000,0.03127,90.00,0.00000,0.00000
1779372073.0967,plane,1606,9,0.49535,0.50292,0.033476,0.15766,0.15037,81.95,-0.00009,0.00014
1779372073.0967,plane,1606,10,0.51782,0.24697,0.430713,1.00596,0.76001,101.75,0.00243,0.07838
1779372073.0967,plane,1606,11,0.49316,0.99653,0.002602,0.50000,0.03127,90.00,0.00000,0.00000
1779372073.2092,plane,1607,9,0.49533,0.50297,0.033490,0.15772,0.15038,82.20,-0.00024,0.00043
1779372073.2092,plane,1607,10,0.51805,0.24634,0.429803,0.99900,0.74321,100.90,0.00203,-0.00566
1779372073.2092,plane,1607,11,0.49316,0.99653,0.002602,0.50000,0.03127,90.00,0.00000,0.00000
1779372073.3071,plane,1608,9,0.49533,0.50281,0.033483,0.15765,0.15043,81.77,0.00007,-0.00160
1779372073.3071,plane,1608,10,0.51687,0.24380,0.421651,0.99777,0.76419,101.03,-0.01192,-0.02579
1779372073.3071,plane,1608,11,0.49316,0.99653,0.002602,0.50000,0.03127,90.00,0.00000,0.00000
1779372073.4064,plane,1609,9,0.49534,0.50276,0.033491,0.15768,0.15047,81.84,0.00007,-0.00047
1779372073.4064,plane,1609,10,0.51759,0.24076,0.418389,1.01029,0.77456,101.88,0.00726,-0.03081
1779372073.4064,plane,1609,11,0.49316,0.99653,0.002602,0.50000,0.03127,90.00,0.00000,0.00000
1779372073.5030,plane,1610,9,0.49536,0.50282,0.033496,0.15773,0.15039,81.66,0.00025,0.00061
1779372073.5030,plane,1610,10,0.51791,0.24623,0.429077,1.00280,0.75399,101.56,0.00329,0.05617
1779372073.5030,plane,1610,11,0.49316,0.99653,0.002602,0.50000,0.03127,90.00,0.00000,0.00000
1779372073.6141,plane,1611,9,0.49537,0.50278,0.033481,0.15770,0.15039,81.83,0.00003,-0.00035
1779372073.6141,plane,1611,10,0.51671,0.24161,0.418394,0.99923,0.75269,100.28,-0.01084,-0.04196
1779372073.6141,plane,1611,11,0.49316,0.99653,0.002602,0.50000,0.03127,90.00,0.00000,0.00000
1779372073.7047,plane,1612,9,0.49534,0.50288,0.033488,0.15773,0.15038,81.74,-0.00030,0.00110
1779372073.7047,plane,1612,10,0.51807,0.24459,0.425751,0.99609,0.73263,100.82,0.01486,0.03261
1779372073.7047,plane,1612,11,0.49316,0.99653,0.002602,0.50000,0.03127,90.00,0.00000,0.00000
1779372073.8009,plane,1613,9,0.49536,0.50285,0.033496,0.15776,0.15038,81.83,0.00022,-0.00040
1779372073.8009,plane,1613,10,0.51740,0.24834,0.433743,1.01089,0.78337,103.00,-0.00699,0.03896
1779372073.8009,plane,1613,11,0.49316,0.99653,0.002602,0.50000,0.03127,90.00,0.00000,0.00000
1779372073.9013,plane,1614,9,0.49533,0.50298,0.033493,0.15773,0.15037,82.15,-0.00029,0.00133
1779372073.9013,plane,1614,10,0.51718,0.24867,0.435423,1.00845,0.76945,102.34,-0.00222,0.00328
1779372073.9013,plane,1614,11,0.49316,0.99653,0.002602,0.50000,0.03127,90.00,0.00000,0.00000
1779372074.0158,plane,1615,9,0.49536,0.50286,0.033508,0.15775,0.15044,81.59,0.00027,-0.00104
1779372074.0158,plane,1615,10,0.51716,0.24781,0.434133,1.00614,0.76813,101.83,-0.00015,-0.00747
1779372074.0158,plane,1615,11,0.49316,0.99653,0.002602,0.50000,0.03127,90.00,0.00000,0.00000
1779372074.1107,plane,1616,9,0.49535,0.50293,0.033493,0.15772,0.15039,82.10,-0.00012,0.00080
1779372074.1107,plane,1616,10,0.51742,0.25039,0.438236,1.00940,0.78189,102.82,0.00276,0.02741
1779372074.1107,plane,1616,11,0.49316,0.99653,0.002602,0.50000,0.03127,90.00,0.00000,0.00000
1779372074.2059,plane,1617,9,0.49535,0.50283,0.033500,0.15773,0.15042,81.57,-0.00002,-0.00112
1779372074.2059,plane,1617,10,0.51740,0.24644,0.430044,1.00483,0.75979,101.84,-0.00016,-0.04113
1779372074.2059,plane,1617,11,0.49316,0.99653,0.002602,0.50000,0.03127,90.00,0.00000,0.00000
1779372074.3007,plane,1618,9,0.49535,0.50286,0.033498,0.15775,0.15038,81.74,-0.00002,0.00038
1779372074.3007,plane,1618,10,0.51760,0.24661,0.430174,1.00198,0.74973,101.44,0.00211,0.00175
1779372074.3007,plane,1618,11,0.49316,0.99653,0.002602,0.50000,0.03127,90.00,0.00000,0.00000
1779372074.4111,plane,1619,9,0.49535,0.50282,0.033491,0.15771,0.15039,81.50,0.00003,-0.00034
1779372074.4111,plane,1619,10,0.51836,0.24323,0.423877,1.00343,0.75452,100.93,0.00677,-0.03032
1779372074.4111,plane,1619,11,0.49316,0.99653,0.002602,0.50000,0.03127,90.00,0.00000,0.00000
1779372074.5096,plane,1620,9,0.49534,0.50296,0.033474,0.15763,0.15038,82.19,-0.00018,0.00135
1779372074.5096,plane,1620,10,0.51684,0.24323,0.418543,0.99943,0.77887,101.50,-0.01543,-0.00002
1779372074.5096,plane,1620,11,0.49316,0.99653,0.002602,0.50000,0.03127,90.00,0.00000,0.00000
1779372074.6062,plane,1621,9,0.49534,0.50280,0.033490,0.15770,0.15041,81.63,0.00007,-0.00168
1779372074.6062,plane,1621,10,0.51770,0.23945,0.419205,1.00917,0.74650,100.59,0.00896,-0.03946
1779372074.6062,plane,1621,11,0.49316,0.99653,0.002602,0.50000,0.03127,90.00,0.00000,0.00000
1779372074.7034,plane,1622,9,0.49534,0.50287,0.033490,0.15769,0.15042,81.79,-0.00001,0.00073
1779372074.7034,plane,1622,10,0.51781,0.24506,0.426529,1.00304,0.75485,101.52,0.00113,0.05740
1779372074.7034,plane,1622,11,0.49316,0.99653,0.002602,0.50000,0.03127,90.00,0.00000,0.00000
1779372074.8135,plane,1623,9,0.49532,0.50277,0.033503,0.15769,0.15050,81.57,-0.00016,-0.00093
1779372074.8135,plane,1623,10,0.51750,0.24618,0.429430,1.00034,0.75002,101.31,-0.00285,0.01020
1779372074.8135,plane,1623,11,0.49316,0.99653,0.002602,0.50000,0.03127,90.00,0.00000,0.00000
1779372074.9111,plane,1624,9,0.49535,0.50284,0.033498,0.15774,0.15041,81.77,0.00025,0.00080
1779372074.9111,plane,1624,10,0.51749,0.24925,0.433628,1.00617,0.77882,103.22,-0.00005,0.03125
1779372074.9111,plane,1624,11,0.49268,0.99653,0.002608,0.50098,0.03130,90.00,-0.00496,-0.00000
1779372075.0053,plane,1625,9,0.49534,0.50289,0.033491,0.15776,0.15036,81.96,-0.00014,0.00047
1779372075.0053,plane,1625,10,0.51783,0.24763,0.432024,1.00469,0.76680,102.51,0.00360,-0.01724
1779372075.0053,plane,1625,11,0.49316,0.99653,0.002602,0.50000,0.03127,90.00,0.00519,0.00000
1779372075.1021,plane,1626,9,0.49535,0.50295,0.033496,0.15778,0.15036,82.08,0.00015,0.00068
1779372075.1021,plane,1626,10,0.51698,0.25066,0.439021,1.01234,0.78080,103.44,-0.00886,0.03155
1779372075.1021,plane,1626,11,0.49268,0.99653,0.002608,0.50098,0.03130,90.00,-0.00509,-0.00000
1779372075.2145,plane,1627,9,0.49536,0.50296,0.033503,0.15777,0.15039,81.95,0.00007,0.00010
1779372075.2145,plane,1627,10,0.51755,0.24861,0.434275,1.00569,0.76460,102.62,0.00498,-0.01808
1779372075.2145,plane,1627,11,0.49316,0.99653,0.002602,0.50000,0.03127,90.00,0.00431,0.00000
1779372075.3109,plane,1628,9,0.49536,0.50290,0.033500,0.15773,0.15040,81.73,-0.00003,-0.00073
1779372075.3109,plane,1628,10,0.51765,0.24602,0.430413,1.00296,0.75123,101.20,0.00108,-0.02709
1779372075.3109,plane,1628,11,0.49316,0.99653,0.002602,0.50000,0.03127,90.00,0.00000,0.00000
1779372075.4065,plane,1629,9,0.49535,0.50284,0.033522,0.15778,0.15049,81.70,-0.00005,-0.00053
1779372075.4065,plane,1629,10,0.51773,0.25071,0.440028,1.01707,0.78181,103.76,0.00080,0.04848
1779372075.4065,plane,1629,11,0.49316,0.99653,0.002602,0.50000,0.03127,90.00,0.00000,0.00000
1779372075.5010,plane,1630,9,0.49532,0.50280,0.033507,0.15772,0.15046,81.77,-0.00035,-0.00050
1779372075.5010,plane,1630,10,0.51754,0.24758,0.432214,1.00265,0.76443,101.60,-0.00198,-0.03345
1779372075.5010,plane,1630,11,0.49316,0.99653,0.002602,0.50000,0.03127,90.00,0.00000,0.00000
1779372075.6143,plane,1631,9,0.49537,0.50276,0.033507,0.15774,0.15047,81.93,0.00042,-0.00037
1779372075.6143,plane,1631,10,0.51739,0.24820,0.433777,1.00549,0.76204,102.25,-0.00133,0.00545
1779372075.6143,plane,1631,11,0.49316,0.99653,0.002602,0.50000,0.03127,90.00,0.00000,0.00000
1779372075.7095,plane,1632,9,0.49538,0.50283,0.033510,0.15781,0.15042,81.35,0.00013,0.00077
1779372075.7095,plane,1632,10,0.51723,0.25182,0.441327,1.01886,0.80213,104.46,-0.00163,0.03802
1779372075.7095,plane,1632,11,0.49316,0.99653,0.002602,0.50000,0.03127,90.00,0.00000,0.00000
1779372075.8061,plane,1633,9,0.49535,0.50295,0.033481,0.15770,0.15037,81.92,-0.00025,0.00130
1779372075.8061,plane,1633,10,0.51776,0.24570,0.428345,1.00452,0.75795,101.91,0.00553,-0.06388
1779372075.8061,plane,1633,11,0.49316,0.99653,0.002602,0.50000,0.03127,90.00,0.00000,0.00000
1779372075.9025,plane,1634,9,0.49535,0.50292,0.033481,0.15769,0.15036,82.05,-0.00003,-0.00032
1779372075.9025,plane,1634,10,0.51759,0.24554,0.427762,1.00267,0.75281,101.77,-0.00182,-0.00164
1779372075.9025,plane,1634,11,0.49316,0.99653,0.002602,0.50000,0.03127,90.00,0.00000,0.00000
1779372076.0144,plane,1635,9,0.49527,0.50305,0.033498,0.15775,0.15038,81.96,-0.00075,0.00115
1779372076.0144,plane,1635,10,0.51698,0.25247,0.441135,1.00989,0.79403,102.85,-0.00551,0.06257
1779372076.0144,plane,1635,11,0.49316,0.99653,0.002602,0.50000,0.03127,90.00,0.00000,0.00000
1779372076.1075,plane,1636,9,0.49532,0.50295,0.033498,0.15770,0.15042,82.13,0.00053,-0.00101
1779372076.1075,plane,1636,10,0.51739,0.24924,0.435196,1.00890,0.78169,102.41,0.00439,-0.03418
1779372076.1075,plane,1636,11,0.49316,0.99653,0.002602,0.50000,0.03127,90.00,0.00000,0.00000
1779372076.2056,plane,1637,9,0.49534,0.50285,0.033491,0.15769,0.15042,81.68,0.00017,-0.00112
1779372076.2056,plane,1637,10,0.51766,0.24314,0.422989,1.00705,0.75193,101.68,0.00277,-0.06268
1779372076.2056,plane,1637,11,0.49316,0.99653,0.002602,0.50000,0.03127,90.00,0.00000,0.00000
1779372076.3025,plane,1638,9,0.49531,0.50273,0.033491,0.15769,0.15047,81.85,-0.00030,-0.00115
1779372076.3025,plane,1638,10,0.51856,0.24531,0.429486,1.00924,0.77074,101.90,0.00933,0.02254
1779372076.3025,plane,1638,11,0.49316,0.99653,0.002602,0.50000,0.03127,90.00,0.00000,0.00000
1779372076.4145,plane,1639,9,0.49529,0.50307,0.033468,0.15760,0.15038,82.37,-0.00016,0.00302
1779372076.4145,plane,1639,10,0.51734,0.24243,0.418847,0.99604,0.75604,100.19,-0.01082,-0.02555
1779372076.4145,plane,1639,11,0.49316,0.99653,0.002602,0.50000,0.03127,90.00,0.00000,0.00000
1779372076.5108,plane,1640,9,0.49532,0.50295,0.033490,0.15769,0.15040,82.02,0.00040,-0.00133
1779372076.5108,plane,1640,10,0.51781,0.24745,0.432165,1.00253,0.74996,101.42,0.00490,0.05261
1779372076.5108,plane,1640,11,0.49316,0.99653,0.002602,0.50000,0.03127,90.00,0.00000,0.00000
1779372076.6056,plane,1641,9,0.49533,0.50300,0.033498,0.15771,0.15041,82.13,0.00006,0.00060
1779372076.6056,plane,1641,10,0.51748,0.24766,0.432058,1.01315,0.79698,103.36,-0.00346,0.00223
1779372076.6056,plane,1641,11,0.49316,0.99653,0.002602,0.50000,0.03127,90.00,0.00000,0.00000
1779372076.7024,plane,1642,9,0.49535,0.50295,0.033502,0.15775,0.15040,81.94,0.00018,-0.00060
1779372076.7024,plane,1642,10,0.51843,0.24853,0.434726,1.00982,0.77943,103.21,0.00998,0.00902
1779372076.7024,plane,1642,11,0.49316,0.99653,0.002602,0.50000,0.03127,90.00,0.00000,0.00000
1779372076.8145,plane,1643,9,0.49536,0.50292,0.033505,0.15777,0.15040,81.85,0.00012,-0.00023
1779372076.8145,plane,1643,10,0.51759,0.24771,0.431642,1.01074,0.78068,102.91,-0.00744,-0.00723
1779372076.8145,plane,1643,11,0.49316,0.99653,0.002602,0.50000,0.03127,90.00,0.00000,0.00000
1779372076.9097,plane,1644,9,0.49536,0.50286,0.033515,0.15779,0.15044,81.55,-0.00001,-0.00068
1779372076.9097,plane,1644,10,0.51773,0.24996,0.438709,1.00964,0.76370,102.49,0.00147,0.02355
1779372076.9097,plane,1644,11,0.49316,0.99653,0.002602,0.50000,0.03127,90.00,0.00000,0.00000
1779372077.0066,plane,1645,9,0.49537,0.50284,0.033508,0.15774,0.15046,81.92,0.00006,-0.00020
1779372077.0066,plane,1645,10,0.51784,0.25065,0.439024,1.00971,0.78616,102.89,0.00107,0.00723
1779372077.0066,plane,1645,11,0.49316,0.99653,0.002602,0.50000,0.03127,90.00,0.00000,0.00000
1779372077.0971,plane,1646,9,0.49534,0.50285,0.033485,0.15769,0.15038,82.02,-0.00026,0.00011
1779372077.0971,plane,1646,10,0.51720,0.24618,0.428562,1.00082,0.75716,101.59,-0.00700,-0.04898
1779372077.0971,plane,1646,11,0.49316,0.99653,0.002602,0.50000,0.03127,90.00,0.00000,0.00000
1779372077.2128,plane,1647,9,0.49536,0.50303,0.033502,0.15770,0.15043,82.06,0.00018,0.00158
1779372077.2128,plane,1647,10,0.51771,0.25013,0.437724,1.01698,0.80437,104.34,0.00450,0.03446
1779372077.2128,plane,1647,11,0.49316,0.99653,0.002602,0.50000,0.03127,90.00,0.00000,0.00000
1779372077.3102,plane,1648,9,0.49535,0.50294,0.033496,0.15775,0.15038,82.07,-0.00012,-0.00086
1779372077.3102,plane,1648,10,0.51788,0.24597,0.429086,1.00431,0.75656,101.40,0.00172,-0.04220
1779372077.3102,plane,1648,11,0.49316,0.99653,0.002602,0.50000,0.03127,90.00,0.00000,0.00000
1779372077.4059,plane,1649,9,0.49534,0.50291,0.033498,0.15775,0.15040,81.91,-0.00008,-0.00033
1779372077.4059,plane,1649,10,0.51756,0.24397,0.423345,1.00080,0.75728,101.59,-0.00335,-0.02110
1779372077.4059,plane,1649,11,0.49316,0.99653,0.002602,0.50000,0.03127,90.00,0.00000,0.00000
1779372077.5017,plane,1650,9,0.49533,0.50295,0.033491,0.15771,0.15039,82.09,-0.00008,0.00042
1779372077.5017,plane,1650,10,0.51772,0.24672,0.429735,1.00129,0.75050,101.76,0.00164,0.02836
1779372077.5017,plane,1650,11,0.49316,0.99653,0.002602,0.50000,0.03127,90.00,0.00000,0.00000
1779372077.6110,plane,1651,9,0.49534,0.50292,0.033478,0.15764,0.15038,81.91,0.00008,-0.00027
1779372077.6110,plane,1651,10,0.51750,0.24248,0.420319,1.00043,0.75261,100.84,-0.00201,-0.03875
1779372077.6110,plane,1651,11,0.49316,0.99653,0.002602,0.50000,0.03127,90.00,0.00000,0.00000
1779372077.7108,plane,1652,9,0.49535,0.50294,0.033495,0.15772,0.15039,82.10,0.00002,0.00021
1779372077.7108,plane,1652,10,0.51771,0.24664,0.431173,1.00995,0.77619,102.36,0.00207,0.04223
1779372077.7108,plane,1652,11,0.49316,0.99653,0.002602,0.50000,0.03127,90.00,0.00000,0.00000
1779372077.8065,plane,1653,9,0.49534,0.50284,0.033503,0.15776,0.15042,81.61,-0.00003,-0.00104
1779372077.8065,plane,1653,10,0.51734,0.24620,0.428657,1.00218,0.75034,101.18,-0.00385,-0.00463
1779372077.8065,plane,1653,11,0.49316,0.99653,0.002602,0.50000,0.03127,90.00,0.00000,0.00000
1779372077.9027,plane,1654,9,0.49535,0.50288,0.033498,0.15774,0.15041,81.98,0.00009,0.00039
1779372077.9027,plane,1654,10,0.51739,0.24601,0.428848,1.00501,0.76520,102.30,0.00055,-0.00190
1779372077.9027,plane,1654,11,0.49316,0.99653,0.002602,0.50000,0.03127,90.00,0.00000,0.00000
1779372078.0141,plane,1655,9,0.49534,0.50286,0.033471,0.15766,0.15036,82.08,-0.00013,-0.00019
1779372078.0141,plane,1655,10,0.51766,0.24113,0.418710,1.00342,0.76495,100.91,0.00244,-0.04353
1779372078.0141,plane,1655,11,0.49316,0.99653,0.002602,0.50000,0.03127,90.00,0.00000,0.00000
1779372078.1106,plane,1656,9,0.49535,0.50291,0.033495,0.15774,0.15037,82.03,0.00014,0.00054
1779372078.1106,plane,1656,10,0.51704,0.24643,0.428653,1.00494,0.76908,102.61,-0.00654,0.05535
1779372078.1106,plane,1656,11,0.49316,0.99653,0.002602,0.50000,0.03127,90.00,0.00000,0.00000
1779372078.2058,plane,1657,9,0.49535,0.50284,0.033503,0.15775,0.15043,81.62,-0.00004,-0.00070
1779372078.2058,plane,1657,10,0.51772,0.24805,0.434418,1.01002,0.77573,102.19,0.00712,0.01690
1779372078.2058,plane,1657,11,0.49316,0.99653,0.002602,0.50000,0.03127,90.00,0.00000,0.00000
1779372078.3018,plane,1658,9,0.49533,0.50292,0.033479,0.15769,0.15036,82.04,-0.00023,0.00077
1779372078.3018,plane,1658,10,0.51743,0.24479,0.425978,1.00159,0.74878,101.73,-0.00298,-0.03385
1779372078.3018,plane,1658,11,0.49316,0.99653,0.002602,0.50000,0.03127,90.00,0.00000,0.00000
1779372078.4144,plane,1659,9,0.49535,0.50287,0.033493,0.15771,0.15040,81.94,0.00022,-0.00040
1779372078.4144,plane,1659,10,0.51766,0.24769,0.432929,1.00373,0.75809,101.86,0.00203,0.02605
1779372078.4144,plane,1659,11,0.49316,0.99653,0.002602,0.50000,0.03127,90.00,0.00000,0.00000
1779372078.5099,plane,1660,9,0.49534,0.50295,0.033491,0.15772,0.15037,82.09,-0.00007,0.00085
1779372078.5099,plane,1660,10,0.51744,0.24935,0.436267,1.00688,0.76997,102.52,-0.00224,0.01714
1779372078.5099,plane,1660,11,0.49316,0.99653,0.002602,0.50000,0.03127,90.00,0.00000,0.00000
1779372078.6062,plane,1661,9,0.49534,0.50285,0.033486,0.15769,0.15039,81.78,-0.00007,-0.00112
1779372078.6062,plane,1661,10,0.51675,0.24603,0.428589,1.00072,0.74516,101.31,-0.00719,-0.03471
1779372078.6062,plane,1661,11,0.49316,0.99653,0.002602,0.50000,0.03127,90.00,0.00000,0.00000
1779372078.7019,plane,1662,9,0.49535,0.50284,0.033503,0.15778,0.15040,81.57,0.00017,-0.00013
1779372078.7019,plane,1662,10,0.51745,0.24665,0.431439,1.00555,0.76260,101.66,0.00725,0.00644
1779372078.7019,plane,1662,11,0.49316,0.99653,0.002602,0.50000,0.03127,90.00,0.00000,0.00000
1779372078.8142,plane,1663,9,0.49525,0.50322,0.033505,0.15774,0.15044,81.99,-0.00090,0.00345
1779372078.8142,plane,1663,10,0.51693,0.25314,0.443502,1.02059,0.80470,105.69,-0.00467,0.05820
1779372078.8142,plane,1663,11,0.49316,0.99653,0.002602,0.50000,0.03127,90.00,0.00000,0.00000
1779372078.9098,plane,1664,9,0.49535,0.50281,0.033513,0.15771,0.15053,81.87,0.00100,-0.00425
1779372078.9098,plane,1664,10,0.51765,0.24599,0.428596,1.00475,0.76265,101.88,0.00749,-0.07440
1779372078.9098,plane,1664,11,0.49316,0.99653,0.002602,0.50000,0.03127,90.00,0.00000,0.00000
1779372079.0052,plane,1665,9,0.49535,0.50282,0.033498,0.15773,0.15041,81.67,0.00006,0.00010
1779372079.0052,plane,1665,10,0.51738,0.24561,0.427807,1.00125,0.75490,101.33,-0.00281,-0.00405
1779372079.0052,plane,1665,11,0.49316,0.99653,0.002602,0.50000,0.03127,90.00,0.00000,0.00000
1779372079.1021,plane,1666,9,0.49532,0.50286,0.033485,0.15767,0.15040,81.75,-0.00032,0.00041
1779372079.1021,plane,1666,10,0.51747,0.24563,0.427751,1.00465,0.75947,101.80,0.00097,0.00023
1779372079.1021,plane,1666,11,0.49316,0.99653,0.002602,0.50000,0.03127,90.00,0.00000,0.00000
1779372079.2144,plane,1667,9,0.49536,0.50290,0.033485,0.15773,0.15036,82.07,0.00031,0.00039
1779372079.2144,plane,1667,10,0.51754,0.24541,0.427839,1.00259,0.75042,101.44,0.00061,-0.00194
1779372079.2144,plane,1667,11,0.49316,0.99653,0.002602,0.50000,0.03127,90.00,0.00000,0.00000
1779372079.3103,plane,1668,9,0.49537,0.50298,0.033490,0.15775,0.15037,81.78,0.00013,0.00077
1779372079.3103,plane,1668,10,0.51715,0.24878,0.435369,1.01204,0.78039,102.84,-0.00409,0.03546
1779372079.3103,plane,1668,11,0.49316,0.99653,0.002602,0.50000,0.03127,90.00,0.00000,0.00000
1779372079.4061,plane,1669,9,0.49537,0.50286,0.033502,0.15773,0.15043,81.88,-0.00002,-0.00120
1779372079.4061,plane,1669,10,0.51776,0.24854,0.434348,1.00805,0.77545,102.55,0.00625,-0.00246
1779372079.4061,plane,1669,11,0.49316,0.99653,0.002602,0.50000,0.03127,90.00,0.00000,0.00000
1779372079.5018,plane,1670,9,0.49537,0.50297,0.033479,0.15770,0.15036,82.02,-0.00001,0.00115
1779372079.5018,plane,1670,10,0.51803,0.24755,0.432156,1.00558,0.76726,101.92,0.00285,-0.01037
1779372079.5018,plane,1670,11,0.49316,0.99653,0.002602,0.50000,0.03127,90.00,0.00000,0.00000
1779372079.6143,plane,1671,9,0.49535,0.50298,0.033481,0.15769,0.15036,81.90,-0.00016,0.00003
1779372079.6143,plane,1671,10,0.51774,0.24630,0.429079,1.00738,0.76772,102.24,-0.00261,-0.01120
1779372079.6143,plane,1671,11,0.49316,0.99653,0.002602,0.50000,0.03127,90.00,0.00000,0.00000
1779372079.7108,plane,1672,9,0.49535,0.50298,0.033507,0.15776,0.15041,81.93,0.00001,0.00001
1779372079.7108,plane,1672,10,0.51723,0.24792,0.432014,1.00851,0.78260,102.37,-0.00525,0.01663
1779372079.7108,plane,1672,11,0.49316,0.99653,0.002602,0.50000,0.03127,90.00,0.00000,0.00000
1779372079.8062,plane,1673,9,0.49537,0.50292,0.033503,0.15771,0.15045,81.58,0.00018,-0.00061
1779372079.8062,plane,1673,10,0.51830,0.24567,0.428409,1.00265,0.74618,101.42,0.01131,-0.02385
1779372079.8062,plane,1673,11,0.49316,0.99653,0.002602,0.50000,0.03127,90.00,0.00000,0.00000
1779372079.9023,plane,1674,9,0.49535,0.50283,0.033500,0.15774,0.15042,81.54,-0.00022,-0.00095
1779372079.9023,plane,1674,10,0.51836,0.24299,0.423465,1.00261,0.74566,101.00,0.00065,-0.02763
1779372079.9023,plane,1674,11,0.49316,0.99653,0.002602,0.50000,0.03127,90.00,0.00000,0.00000
1779372080.0150,plane,1675,9,0.49535,0.50288,0.033486,0.15771,0.15037,81.93,0.00003,0.00045
1779372080.0150,plane,1675,10,0.51771,0.23917,0.414585,1.00103,0.73843,100.00,-0.00579,-0.03413
1779372080.0150,plane,1675,11,0.49316,0.99653,0.002602,0.50000,0.03127,90.00,0.00000,0.00000
1779372080.1102,plane,1676,9,0.49536,0.50282,0.033496,0.15779,0.15037,81.51,0.00016,-0.00056
1779372080.1102,plane,1676,10,0.51719,0.24357,0.424688,1.00769,0.76060,101.99,-0.00542,0.04584
1779372080.1102,plane,1676,11,0.49316,0.99653,0.002602,0.50000,0.03127,90.00,0.00000,0.00000
1779372080.2053,plane,1677,9,0.49538,0.50289,0.033505,0.15776,0.15040,81.79,0.00012,0.00073
1779372080.2053,plane,1677,10,0.51698,0.24977,0.435074,1.01099,0.78032,104.08,-0.00226,0.06521
1779372080.2053,plane,1677,11,0.49316,0.99653,0.002602,0.50000,0.03127,90.00,0.00000,0.00000
1779372080.3024,plane,1678,9,0.49535,0.50301,0.033469,0.15765,0.15032,82.16,-0.00026,0.00121
1779372080.3024,plane,1678,10,0.51723,0.24626,0.429767,1.00568,0.76453,101.70,0.00269,-0.03648
1779372080.3024,plane,1678,11,0.49316,0.99653,0.002602,0.50000,0.03127,90.00,0.00000,0.00000
1779372080.4147,plane,1679,9,0.49537,0.50290,0.033488,0.15771,0.15039,81.82,0.00018,-0.00101
1779372080.4147,plane,1679,10,0.51706,0.24609,0.428180,1.00746,0.77892,102.46,-0.00155,-0.00150
1779372080.4147,plane,1679,11,0.49316,0.99653,0.002602,0.50000,0.03127,90.00,0.00000,0.00000
1779372080.5106,plane,1680,9,0.49534,0.50288,0.033483,0.15773,0.15035,81.91,-0.00032,-0.00019
1779372080.5106,plane,1680,10,0.51695,0.24310,0.421444,1.00234,0.77618,101.18,-0.00111,-0.03138
1779372080.5106,plane,1680,11,0.49316,0.99653,0.002602,0.50000,0.03127,90.00,0.00000,0.00000
1779372080.6061,plane,1681,9,0.49534,0.50288,0.033479,0.15768,0.15036,81.93,0.00004,0.00004
1779372080.6061,plane,1681,10,0.51742,0.24233,0.420681,1.00359,0.75912,101.30,0.00485,-0.00800
1779372080.6061,plane,1681,11,0.49316,0.99653,0.002602,0.50000,0.03127,90.00,0.00000,0.00000
1779372080.7016,plane,1682,9,0.49534,0.50284,0.033488,0.15768,0.15042,81.63,-0.00000,-0.00038
1779372080.7016,plane,1682,10,0.51773,0.24320,0.423041,0.99938,0.74392,101.24,0.00318,0.00909
1779372080.7016,plane,1682,11,0.49316,0.99653,0.002602,0.50000,0.03127,90.00,0.00000,0.00000
1779372080.8142,plane,1683,9,0.49536,0.50288,0.033505,0.15772,0.15045,81.58,0.00011,0.00029
1779372080.8142,plane,1683,10,0.51838,0.24612,0.429474,1.00479,0.75771,102.01,0.00584,0.02599
1779372080.8142,plane,1683,11,0.49316,0.99653,0.002602,0.50000,0.03127,90.00,0.00000,0.00000
1779372080.9105,plane,1684,9,0.49538,0.50293,0.033507,0.15775,0.15041,81.76,0.00021,0.00052
1779372080.9105,plane,1684,10,0.51730,0.24812,0.433938,1.00138,0.74715,101.87,-0.01128,0.02083
1779372080.9105,plane,1684,11,0.49316,0.99653,0.002602,0.50000,0.03127,90.00,0.00000,0.00000
1779372081.0071,plane,1685,9,0.49536,0.50287,0.033500,0.15773,0.15042,81.74,-0.00018,-0.00059
1779372081.0071,plane,1685,10,0.51789,0.24772,0.431576,1.00572,0.76528,102.41,0.00612,-0.00422
1779372081.0071,plane,1685,11,0.49316,0.99653,0.002602,0.50000,0.03127,90.00,0.00000,0.00000
1779372081.1025,plane,1686,9,0.49535,0.50286,0.033505,0.15778,0.15041,81.45,-0.00007,-0.00012
1779372081.1025,plane,1686,10,0.51760,0.24682,0.428843,0.99987,0.75631,101.78,-0.00297,-0.00930
1779372081.1025,plane,1686,11,0.49316,0.99653,0.002602,0.50000,0.03127,90.00,0.00000,0.00000
1779372081.2150,plane,1687,9,0.49535,0.50282,0.033520,0.15779,0.15047,81.79,-0.00001,-0.00037
1779372081.2150,plane,1687,10,0.51792,0.24980,0.438166,1.01402,0.78630,102.99,0.00288,0.02665
1779372081.2150,plane,1687,11,0.49268,0.99653,0.002608,0.50098,0.03130,90.00,-0.00437,-0.00000
1779372081.3105,plane,1688,9,0.49535,0.50282,0.033507,0.15779,0.15039,81.58,-0.00005,0.00003
1779372081.3105,plane,1688,10,0.51694,0.24839,0.432170,1.00550,0.76937,102.45,-0.01021,-0.01469
1779372081.3105,plane,1688,11,0.49268,0.99653,0.002608,0.50098,0.03130,90.00,0.00000,0.00000
1779372081.4056,plane,1689,9,0.49535,0.50288,0.033493,0.15773,0.15039,81.97,0.00005,0.00065
1779372081.4056,plane,1689,10,0.51772,0.24837,0.434538,1.00797,0.76870,102.67,0.00820,-0.00016
1779372081.4056,plane,1689,11,0.49268,0.99653,0.002608,0.50098,0.03130,90.00,0.00000,0.00000
1779372081.5023,plane,1690,9,0.49536,0.50292,0.033507,0.15778,0.15039,81.79,0.00007,0.00041
1779372081.5023,plane,1690,10,0.51754,0.24947,0.437103,1.01543,0.78426,103.87,-0.00189,0.01148
1779372081.5023,plane,1690,11,0.49316,0.99653,0.002602,0.50000,0.03127,90.00,0.00509,0.00000
1779372081.6142,plane,1691,9,0.49536,0.50288,0.033500,0.15776,0.15040,81.66,0.00003,-0.00035
1779372081.6142,plane,1691,10,0.51800,0.24836,0.433426,1.00592,0.77075,102.50,0.00412,-0.00985
1779372081.6142,plane,1691,11,0.49316,0.99653,0.002602,0.50000,0.03127,90.00,0.00000,0.00000
1779372081.7105,plane,1692,9,0.49535,0.50286,0.033493,0.15770,0.15042,81.91,-0.00007,-0.00022
1779372081.7105,plane,1692,10,0.51699,0.24633,0.427697,0.99879,0.75957,101.04,-0.01061,-0.02121
1779372081.7105,plane,1692,11,0.49316,0.99653,0.002602,0.50000,0.03127,90.00,0.00000,0.00000
1779372081.8066,plane,1693,9,0.49537,0.50282,0.033503,0.15770,0.15047,81.62,0.00013,-0.00040
1779372081.8066,plane,1693,10,0.51774,0.24573,0.426982,1.00340,0.76613,101.78,0.00776,-0.00622
1779372081.8066,plane,1693,11,0.49316,0.99653,0.002602,0.50000,0.03127,90.00,0.00000,0.00000
1779372081.9012,plane,1694,9,0.49538,0.50322,0.033459,0.15754,0.15044,81.86,0.00018,0.00427
1779372081.9012,plane,1694,10,0.51709,0.24309,0.421539,1.00187,0.75738,101.23,-0.00698,-0.02822
1779372081.9012,plane,1694,11,0.49316,0.99653,0.002602,0.50000,0.03127,90.00,0.00000,0.00000
1779372081.9981,plane,1695,9,0.49537,0.50312,0.033471,0.15762,0.15038,82.39,-0.00009,-0.00106
1779372081.9981,plane,1695,10,0.51620,0.24643,0.427080,1.00498,0.77367,102.43,-0.00906,0.03420
1779372081.9981,plane,1695,11,0.49316,0.99653,0.002602,0.50000,0.03127,90.00,0.00000,0.00000
1779372082.1092,plane,1696,9,0.49535,0.50289,0.033503,0.15775,0.15042,81.80,-0.00025,-0.00209
1779372082.1092,plane,1696,10,0.51855,0.24719,0.432351,1.01278,0.77601,103.20,0.02119,0.00679
1779372082.1092,plane,1696,11,0.49316,0.99653,0.002602,0.50000,0.03127,90.00,0.00000,0.00000
1779372082.2057,plane,1697,9,0.49534,0.50273,0.033507,0.15773,0.15049,81.70,-0.00005,-0.00164
1779372082.2057,plane,1697,10,0.51831,0.24679,0.431029,1.00407,0.75269,101.79,-0.00255,-0.00418
1779372082.2057,plane,1697,11,0.49268,0.99653,0.002608,0.50098,0.03130,90.00,-0.00511,-0.00000
1779372082.3025,plane,1698,9,0.49532,0.50277,0.033502,0.15774,0.15045,81.67,-0.00023,0.00041
1779372082.3025,plane,1698,10,0.51770,0.24580,0.428375,1.00349,0.75415,101.53,-0.00623,-0.01009
1779372082.3025,plane,1698,11,0.49268,0.99653,0.002608,0.50098,0.03130,90.00,0.00000,0.00000
1779372082.3979,plane,1699,9,0.49533,0.50291,0.033461,0.15762,0.15033,82.31,0.00009,0.00147
1779372082.3979,plane,1699,10,0.51901,0.23773,0.414478,1.01173,0.77999,100.93,0.01381,-0.08532
1779372082.3979,plane,1699,11,0.49316,0.99653,0.002602,0.50000,0.03127,90.00,0.00516,0.00000
1779372082.5102,plane,1700,9,0.49533,0.50272,0.033502,0.15770,0.15050,81.95,0.00004,-0.00169
1779372082.5102,plane,1700,10,0.51857,0.24267,0.424603,1.00694,0.74309,101.13,-0.00388,0.04362
1779372082.5102,plane,1700,11,0.49268,0.99653,0.002608,0.50098,0.03130,90.00,-0.00432,-0.00000
1779372082.6052,plane,1701,9,0.49533,0.50276,0.033502,0.15769,0.15049,81.88,-0.00006,0.00047
1779372082.6052,plane,1701,10,0.51806,0.24325,0.421019,1.00069,0.76388,101.31,-0.00540,0.00614
1779372082.6052,plane,1701,11,0.49316,0.99653,0.002602,0.50000,0.03127,90.00,0.00518,0.00000
1779372082.7026,plane,1702,9,0.49535,0.50264,0.033490,0.15765,0.15052,82.18,0.00020,-0.00128
1779372082.7026,plane,1702,10,0.51782,0.24215,0.420636,1.00149,0.74361,100.83,-0.00242,-0.01113
1779372082.7026,plane,1702,11,0.49316,0.99653,0.002602,0.50000,0.03127,90.00,0.00000,0.00000
1779372082.7972,plane,1703,9,0.49534,0.50272,0.033515,0.15777,0.15049,81.95,-0.00005,0.00081
1779372082.7972,plane,1703,10,0.51732,0.24905,0.436149,1.00925,0.77278,102.22,-0.00530,0.07293
1779372082.7972,plane,1703,11,0.49268,0.99653,0.002608,0.50098,0.03130,90.00,-0.00516,-0.00000
1779372082.9115,plane,1704,9,0.49534,0.50271,0.033512,0.15777,0.15049,81.63,0.00001,-0.00002
1779372082.9115,plane,1704,10,0.51781,0.24721,0.432622,1.00852,0.77651,102.16,0.00437,-0.01628
1779372082.9115,plane,1704,11,0.49316,0.99653,0.002602,0.50000,0.03127,90.00,0.00432,0.00000
1779372083.0069,plane,1705,9,0.49533,0.50283,0.033493,0.15773,0.15039,81.73,-0.00012,0.00122
1779372083.0069,plane,1705,10,0.51775,0.24753,0.433207,1.00708,0.76762,102.15,-0.00065,0.00335
1779372083.0069,plane,1705,11,0.49268,0.99653,0.002608,0.50098,0.03130,90.00,-0.00506,-0.00000
1779372083.1022,plane,1706,9,0.49533,0.50288,0.033479,0.15770,0.15035,82.00,-0.00002,0.00048
1779372083.1022,plane,1706,10,0.51818,0.24640,0.428994,1.00312,0.76196,102.37,0.00454,-0.01195
1779372083.1022,plane,1706,11,0.49316,0.99653,0.002602,0.50000,0.03127,90.00,0.00516,0.00000
1779372083.1982,plane,1707,9,0.49534,0.50281,0.033498,0.15772,0.15042,81.49,0.00010,-0.00069
1779372083.1982,plane,1707,10,0.51831,0.24719,0.433089,1.00907,0.76923,102.18,0.00131,0.00814
1779372083.1982,plane,1707,11,0.49316,0.99653,0.002602,0.50000,0.03127,90.00,0.00000,0.00000
1779372083.3089,plane,1708,9,0.49533,0.50295,0.033495,0.15772,0.15038,82.18,-0.00010,0.00126
1779372083.3089,plane,1708,10,0.51744,0.25038,0.437378,1.00577,0.77317,103.16,-0.00789,0.02895
1779372083.3089,plane,1708,11,0.49268,0.99653,0.002608,0.50098,0.03130,90.00,-0.00442,-0.00000
1779372083.4063,plane,1709,9,0.49533,0.50275,0.033503,0.15767,0.15053,81.94,-0.00001,-0.00208
1779372083.4063,plane,1709,10,0.51820,0.24530,0.428421,1.00606,0.76843,101.60,0.00788,-0.05249
1779372083.4063,plane,1709,11,0.49316,0.99653,0.002602,0.50000,0.03127,90.00,0.00504,0.00000
1779372083.5018,plane,1710,9,0.49534,0.50277,0.033517,0.15774,0.15051,81.94,0.00014,0.00022
1779372083.5018,plane,1710,10,0.51812,0.24955,0.437010,1.00561,0.76132,102.72,-0.00084,0.04421
1779372083.5018,plane,1710,11,0.49316,0.99653,0.002602,0.50000,0.03127,90.00,0.00000,0.00000
1779372083.5976,plane,1711,9,0.49534,0.50274,0.033512,0.15769,0.15052,81.82,-0.00005,-0.00031
1779372083.5976,plane,1711,10,0.51763,0.24715,0.430946,1.00995,0.77870,102.96,-0.00519,-0.02526
1779372083.5976,plane,1711,11,0.49316,0.99653,0.002602,0.50000,0.03127,90.00,0.00000,0.00000
1779372083.7097,plane,1712,9,0.49534,0.50274,0.033518,0.15776,0.15051,81.67,0.00002,0.00005
1779372083.7097,plane,1712,10,0.51686,0.25001,0.436079,1.00261,0.76287,102.21,-0.00674,0.02526
1779372083.7097,plane,1712,11,0.49268,0.99653,0.002608,0.50098,0.03130,90.00,-0.00432,-0.00000
1779372083.8063,plane,1713,9,0.49535,0.50275,0.033520,0.15774,0.15051,81.86,0.00010,0.00005
1779372083.8063,plane,1713,10,0.51749,0.25393,0.445852,1.01926,0.80064,104.77,0.00654,0.04096
1779372083.8063,plane,1713,11,0.49268,0.99653,0.002608,0.50098,0.03130,90.00,0.00000,0.00000
1779372083.9035,plane,1714,9,0.49533,0.50271,0.033505,0.15770,0.15050,82.08,-0.00017,-0.00037
1779372083.9035,plane,1714,10,0.51735,0.24573,0.428497,1.00329,0.75722,101.69,-0.00148,-0.08467
1779372083.9035,plane,1714,11,0.49268,0.99653,0.002608,0.50098,0.03130,90.00,0.00000,0.00000
1779372083.9978,plane,1715,9,0.49532,0.50276,0.033507,0.15769,0.15052,82.17,-0.00007,0.00044
1779372083.9978,plane,1715,10,0.51819,0.24845,0.435418,1.00583,0.75601,101.97,0.00882,0.02860
1779372083.9978,plane,1715,11,0.49268,0.99653,0.002608,0.50098,0.03130,90.00,0.00000,0.00000
1779372084.1088,plane,1716,9,0.49533,0.50279,0.033507,0.15774,0.15046,81.77,0.00007,0.00035
1779372084.1088,plane,1716,10,0.51770,0.24837,0.433753,1.00575,0.76499,102.24,-0.00440,-0.00078
1779372084.1088,plane,1716,11,0.49268,0.99653,0.002608,0.50098,0.03130,90.00,0.00000,0.00000
1779372084.2063,plane,1717,9,0.49533,0.50280,0.033503,0.15773,0.15046,81.74,-0.00003,0.00006
1779372084.2063,plane,1717,10,0.51647,0.24742,0.429169,1.00541,0.77534,102.30,-0.01250,-0.00963
1779372084.2063,plane,1717,11,0.49268,0.99653,0.002608,0.50098,0.03130,90.00,0.00000,0.00000
1779372084.3015,plane,1718,9,0.49535,0.50274,0.033515,0.15774,0.15051,81.60,0.00018,-0.00061
1779372084.3015,plane,1718,10,0.51737,0.24635,0.430142,1.00274,0.75398,101.44,0.00945,-0.01125
1779372084.3015,plane,1718,11,0.49268,0.99653,0.002608,0.50098,0.03130,90.00,0.00000,0.00000
1779372084.3978,plane,1719,9,0.49535,0.50276,0.033518,0.15775,0.15050,81.73,0.00004,0.00019
1779372084.3978,plane,1719,10,0.51801,0.24948,0.437314,1.00786,0.76756,102.83,0.00666,0.03236
1779372084.3978,plane,1719,11,0.49268,0.99653,0.002608,0.50098,0.03130,90.00,0.00000,0.00000
1779372084.5089,plane,1720,9,0.49532,0.50279,0.033522,0.15774,0.15054,81.97,-0.00024,0.00026
1779372084.5089,plane,1720,10,0.51722,0.25185,0.439972,1.00584,0.76808,102.42,-0.00717,0.02136
1779372084.5089,plane,1720,11,0.49316,0.99653,0.002602,0.50000,0.03127,90.00,0.00439,0.00000
1779372084.6050,plane,1721,9,0.49535,0.50275,0.033525,0.15781,0.15051,81.56,0.00030,-0.00040
1779372084.6050,plane,1721,10,0.51705,0.25010,0.437388,1.01083,0.77940,102.91,-0.00180,-0.01832
1779372084.6050,plane,1721,11,0.49268,0.99653,0.002608,0.50098,0.03130,90.00,-0.00512,-0.00000
1779372084.7024,plane,1722,9,0.49535,0.50275,0.033534,0.15783,0.15051,81.58,-0.00000,-0.00000
1779372084.7024,plane,1722,10,0.51781,0.25312,0.445245,1.01548,0.78200,103.55,0.00773,0.03077
1779372084.7024,plane,1722,11,0.49268,0.99653,0.002608,0.50098,0.03130,90.00,0.00000,0.00000
1779372084.7977,plane,1723,9,0.49535,0.50277,0.033512,0.15780,0.15046,81.52,-0.00001,0.00024
1779372084.7977,plane,1723,10,0.51686,0.24745,0.431369,1.00473,0.76605,102.00,-0.01006,-0.06006
1779372084.7977,plane,1723,11,0.49268,0.99653,0.002608,0.50098,0.03130,90.00,0.00000,0.00000
1779372084.9110,plane,1724,9,0.49534,0.50280,0.033518,0.15776,0.15050,81.73,-0.00010,0.00026
1779372084.9110,plane,1724,10,0.51764,0.24865,0.434692,1.00563,0.76175,102.62,0.00688,0.01051
1779372084.9110,plane,1724,11,0.49268,0.99653,0.002608,0.50098,0.03130,90.00,0.00000,0.00000
1779372085.0069,plane,1725,9,0.49535,0.50278,0.033518,0.15777,0.15047,81.84,0.00014,-0.00024
1779372085.0069,plane,1725,10,0.51838,0.24940,0.437654,1.01399,0.78050,102.98,0.00782,0.00785
1779372085.0069,plane,1725,11,0.49316,0.99653,0.002602,0.50000,0.03127,90.00,0.00514,0.00000
1779372085.1026,plane,1726,9,0.49533,0.50273,0.033522,0.15776,0.15052,81.79,-0.00019,-0.00056
1779372085.1026,plane,1726,10,0.51753,0.25298,0.444634,1.01609,0.79222,104.37,-0.00884,0.03701
1779372085.1026,plane,1726,11,0.49268,0.99653,0.002608,0.50098,0.03130,90.00,-0.00504,-0.00000
1779372085.1982,plane,1727,9,0.49536,0.50283,0.033512,0.15779,0.15042,81.51,0.00032,0.00114
1779372085.1982,plane,1727,10,0.51675,0.25408,0.447015,1.01447,0.78599,103.28,-0.00807,0.01150
1779372085.1982,plane,1727,11,0.49268,0.99653,0.002608,0.50098,0.03130,90.00,0.00000,0.00000
1779372085.3100,plane,1728,9,0.49532,0.50273,0.033495,0.15768,0.15049,81.96,-0.00045,-0.00090
1779372085.3100,plane,1728,10,0.51732,0.24386,0.425093,1.00138,0.75158,100.82,0.00508,-0.09192
1779372085.3100,plane,1728,11,0.49316,0.99653,0.002602,0.50000,0.03127,90.00,0.00439,0.00000
1779372085.4081,plane,1729,9,0.49533,0.50284,0.033491,0.15772,0.15040,81.66,0.00011,0.00109
1779372085.4081,plane,1729,10,0.51762,0.24603,0.429537,1.00612,0.76075,101.99,0.00305,0.02198
1779372085.4081,plane,1729,11,0.49316,0.99653,0.002602,0.50000,0.03127,90.00,0.00000,0.00000
1779372085.5031,plane,1730,9,0.49533,0.50276,0.033493,0.15765,0.15049,81.72,-0.00000,-0.00086
1779372085.5031,plane,1730,10,0.51692,0.24376,0.421083,0.99687,0.75305,101.06,-0.00738,-0.02411
1779372085.5031,plane,1730,11,0.49316,0.99653,0.002602,0.50000,0.03127,90.00,0.00000,0.00000
1779372085.5995,plane,1731,9,0.49534,0.50272,0.033510,0.15772,0.15051,81.82,0.00011,-0.00039
1779372085.5995,plane,1731,10,0.51704,0.24795,0.432126,1.00592,0.77137,102.07,0.00123,0.04326
1779372085.5995,plane,1731,11,0.49268,0.99653,0.002608,0.50098,0.03130,90.00,-0.00503,-0.00000
1779372085.7110,plane,1732,9,0.49533,0.50273,0.033508,0.15770,0.15051,82.05,-0.00009,0.00010
1779372085.7110,plane,1732,10,0.51789,0.24753,0.431839,1.00482,0.76226,101.66,0.00763,-0.00380
1779372085.7110,plane,1732,11,0.49268,0.99653,0.002608,0.50098,0.03130,90.00,0.00000,0.00000
1779372085.8077,plane,1733,9,0.49534,0.50282,0.033491,0.15774,0.15037,81.63,0.00019,0.00091
1779372085.8077,plane,1733,10,0.51852,0.24757,0.433377,1.00764,0.77272,102.10,0.00656,0.00044
1779372085.8077,plane,1733,11,0.49316,0.99653,0.002602,0.50000,0.03127,90.00,0.00508,0.00000
1779372085.9027,plane,1734,9,0.49533,0.50295,0.033495,0.15776,0.15037,81.98,-0.00017,0.00133
1779372085.9027,plane,1734,10,0.51801,0.24631,0.430198,1.00629,0.76239,102.06,-0.00542,-0.01316
1779372085.9027,plane,1734,11,0.49316,0.99653,0.002602,0.50000,0.03127,90.00,0.00000,0.00000
1779372086.0006,plane,1735,9,0.49534,0.50278,0.033512,0.15774,0.15049,81.87,0.00014,-0.00175
1779372086.0006,plane,1735,10,0.51734,0.24964,0.435416,1.00885,0.78350,102.91,-0.00682,0.03413
1779372086.0006,plane,1735,11,0.49316,0.99653,0.002602,0.50000,0.03127,90.00,0.00000,0.00000
1779372086.1114,plane,1736,9,0.49536,0.50284,0.033512,0.15780,0.15042,81.52,0.00015,0.00053
1779372086.1114,plane,1736,10,0.51764,0.24849,0.434196,1.01361,0.78122,103.15,0.00267,-0.01027
1779372086.1114,plane,1736,11,0.49316,0.99653,0.002602,0.50000,0.03127,90.00,0.00000,0.00000
1779372086.2079,plane,1737,9,0.49535,0.50277,0.033530,0.15778,0.15053,81.83,-0.00011,-0.00072
1779372086.2079,plane,1737,10,0.51731,0.25221,0.441761,1.01566,0.79334,104.58,-0.00341,0.03870
1779372086.2079,plane,1737,11,0.49316,0.99653,0.002602,0.50000,0.03127,90.00,0.00000,0.00000
1779372086.3035,plane,1738,9,0.49534,0.50270,0.033507,0.15771,0.15049,82.00,-0.00002,-0.00068
1779372086.3035,plane,1738,10,0.51799,0.24188,0.421521,1.00465,0.75356,101.79,0.00707,-0.10787
1779372086.3035,plane,1738,11,0.49316,0.99653,0.002602,0.50000,0.03127,90.00,0.00000,0.00000
1779372086.4000,plane,1739,9,0.49534,0.50270,0.033508,0.15771,0.15052,81.88,-0.00004,0.00002
1779372086.4000,plane,1739,10,0.51817,0.24619,0.429816,1.00816,0.76659,102.30,0.00188,0.04464
1779372086.4000,plane,1739,11,0.49316,0.99653,0.002602,0.50000,0.03127,90.00,0.00000,0.00000
1779372086.5119,plane,1740,9,0.49534,0.50275,0.033508,0.15772,0.15049,81.88,-0.00004,0.00040
1779372086.5119,plane,1740,10,0.51794,0.24689,0.430747,0.99869,0.73840,101.03,-0.00205,0.00622
1779372086.5119,plane,1740,11,0.49268,0.99653,0.002608,0.50098,0.03130,90.00,-0.00438,-0.00000
1779372086.6082,plane,1741,9,0.49532,0.50294,0.033488,0.15770,0.15038,82.15,-0.00016,0.00193
1779372086.6082,plane,1741,10,0.51749,0.24530,0.426592,1.00285,0.76014,101.32,-0.00471,-0.01635
1779372086.6082,plane,1741,11,0.49268,0.99653,0.002608,0.50098,0.03130,90.00,0.00000,0.00000
1779372086.7036,plane,1742,9,0.49531,0.50290,0.033500,0.15776,0.15038,81.69,-0.00010,-0.00039
1779372086.7036,plane,1742,10,0.51799,0.24532,0.427217,1.00739,0.76938,102.54,0.00531,0.00028
1779372086.7036,plane,1742,11,0.49316,0.99653,0.002602,0.50000,0.03127,90.00,0.00515,0.00000
1779372086.7996,plane,1743,9,0.49529,0.50268,0.033512,0.15768,0.15055,81.90,-0.00024,-0.00229
1779372086.7996,plane,1743,10,0.51798,0.24676,0.431754,1.00800,0.76920,102.10,-0.00009,0.01489
1779372086.7996,plane,1743,11,0.49268,0.99653,0.002608,0.50098,0.03130,90.00,-0.00506,-0.00000
1779372086.9120,plane,1744,9,0.49532,0.50279,0.033517,0.15774,0.15050,82.10,0.00030,0.00099
1779372086.9120,plane,1744,10,0.51730,0.25070,0.439726,1.00533,0.76740,102.41,-0.00606,0.03515
1779372086.9120,plane,1744,11,0.49316,0.99653,0.002602,0.50000,0.03127,90.00,0.00435,0.00000
1779372087.0076,plane,1745,9,0.49535,0.50280,0.033507,0.15774,0.15047,81.64,0.00024,0.00011
1779372087.0076,plane,1745,10,0.51768,0.24727,0.432226,1.01151,0.77883,103.27,0.00395,-0.03608
1779372087.0076,plane,1745,11,0.49316,0.99653,0.002602,0.50000,0.03127,90.00,0.00000,0.00000
1779372087.1034,plane,1746,9,0.49535,0.50283,0.033505,0.15778,0.15041,81.66,0.00006,0.00034
1779372087.1034,plane,1746,10,0.51598,0.24769,0.429764,0.99754,0.74697,101.15,-0.01758,0.00437
1779372087.1034,plane,1746,11,0.49316,0.99653,0.002602,0.50000,0.03127,90.00,0.00000,0.00000
1779372087.1991,plane,1747,9,0.49532,0.50280,0.033498,0.15772,0.15044,81.74,-0.00036,-0.00038
1779372087.1991,plane,1747,10,0.51742,0.24661,0.430113,1.00325,0.75413,101.48,0.01515,-0.01139
1779372087.1991,plane,1747,11,0.49316,0.99653,0.002602,0.50000,0.03127,90.00,0.00000,0.00000
1779372087.3110,plane,1748,9,0.49534,0.50277,0.033512,0.15774,0.15048,81.80,0.00021,-0.00023
1779372087.3110,plane,1748,10,0.51844,0.24723,0.431001,1.00833,0.77335,102.82,0.00908,0.00555
1779372087.3110,plane,1748,11,0.49316,0.99653,0.002602,0.50000,0.03127,90.00,0.00000,0.00000
1779372087.4067,plane,1749,9,0.49533,0.50271,0.033510,0.15771,0.15050,81.74,-0.00016,-0.00063
1779372087.4067,plane,1749,10,0.51751,0.24771,0.433994,1.00721,0.77459,102.04,-0.00974,0.00502
1779372087.4067,plane,1749,11,0.49268,0.99653,0.002608,0.50098,0.03130,90.00,-0.00510,-0.00000
1779372087.5029,plane,1750,9,0.49532,0.50280,0.033500,0.15772,0.15046,81.71,-0.00003,0.00091
1779372087.5029,plane,1750,10,0.51905,0.24195,0.424676,1.01011,0.75803,100.85,0.01608,-0.06032
1779372087.5029,plane,1750,11,0.49316,0.99653,0.002602,0.50000,0.03127,90.00,0.00511,0.00000
1779372087.5998,plane,1751,9,0.49532,0.50270,0.033517,0.15769,0.15055,82.02,-0.00006,-0.00097
1779372087.5998,plane,1751,10,0.51738,0.24944,0.436522,1.01336,0.79100,102.74,-0.01712,0.07673
1779372087.5998,plane,1751,11,0.49268,0.99653,0.002608,0.50098,0.03130,90.00,-0.00501,-0.00000
1779372087.7111,plane,1752,9,0.49534,0.50293,0.033479,0.15770,0.15035,82.19,0.00020,0.00209
1779372087.7111,plane,1752,10,0.51729,0.24669,0.429686,0.99935,0.74667,101.20,-0.00079,-0.02478
1779372087.7111,plane,1752,11,0.49316,0.99653,0.002602,0.50000,0.03127,90.00,0.00441,0.00000
1779372087.8074,plane,1753,9,0.49535,0.50275,0.033530,0.15779,0.15051,81.87,0.00008,-0.00190
1779372087.8074,plane,1753,10,0.51688,0.25340,0.444138,1.01601,0.80097,104.36,-0.00422,0.06941
1779372087.8074,plane,1753,11,0.49268,0.99653,0.002608,0.50098,0.03130,90.00,-0.00505,-0.00000
1779372087.9030,plane,1754,9,0.49534,0.50292,0.033495,0.15775,0.15036,81.94,-0.00009,0.00177
1779372087.9030,plane,1754,10,0.51739,0.24972,0.436032,1.00779,0.77900,102.98,0.00529,-0.03859
1779372087.9030,plane,1754,11,0.49316,0.99653,0.002602,0.50000,0.03127,90.00,0.00513,0.00000
1779372087.9995,plane,1755,9,0.49532,0.50274,0.033495,0.15771,0.15046,81.80,-0.00014,-0.00184
1779372087.9995,plane,1755,10,0.51780,0.24155,0.423706,1.00508,0.73436,99.70,0.00428,-0.08438
1779372087.9995,plane,1755,11,0.49268,0.99653,0.002608,0.50098,0.03130,90.00,-0.00504,-0.00000
1779372088.1105,plane,1756,9,0.49532,0.50290,0.033476,0.15768,0.15034,82.14,-0.00002,0.00146
1779372088.1105,plane,1756,10,0.51792,0.24266,0.420154,1.00188,0.76961,101.37,0.00108,0.01000
1779372088.1105,plane,1756,11,0.49316,0.99653,0.002602,0.50000,0.03127,90.00,0.00439,0.00000
1779372088.2077,plane,1757,9,0.49534,0.50275,0.033515,0.15773,0.15051,81.84,0.00018,-0.00164
1779372088.2077,plane,1757,10,0.51715,0.24603,0.429755,1.01053,0.77336,102.89,-0.00801,0.03485
1779372088.2077,plane,1757,11,0.49316,0.99653,0.002602,0.50000,0.03127,90.00,0.00000,0.00000
1779372088.3027,plane,1758,9,0.49533,0.50279,0.033508,0.15774,0.15047,81.63,-0.00010,0.00046
1779372088.3027,plane,1758,10,0.51810,0.24814,0.434113,1.00465,0.76657,102.12,0.00993,0.02207
1779372088.3027,plane,1758,11,0.49316,0.99653,0.002602,0.50000,0.03127,90.00,0.00000,0.00000
1779372088.3986,plane,1759,9,0.49534,0.50271,0.033524,0.15778,0.15051,81.61,0.00013,-0.00087
1779372088.3986,plane,1759,10,0.51655,0.25155,0.441210,1.01168,0.79098,103.06,-0.01626,0.03580
1779372088.3986,plane,1759,11,0.49268,0.99653,0.002608,0.50098,0.03130,90.00,-0.00512,-0.00000
1779372088.5113,plane,1760,9,0.49531,0.50295,0.033479,0.15774,0.15032,82.05,-0.00027,0.00211
1779372088.5113,plane,1760,10,0.51728,0.24654,0.429321,1.00539,0.76353,101.85,0.00646,-0.04424
1779372088.5113,plane,1760,11,0.49316,0.99653,0.002602,0.50000,0.03127,90.00,0.00431,0.00000
1779372088.6073,plane,1761,9,0.49534,0.50286,0.033507,0.15776,0.15043,81.59,0.00025,-0.00088
1779372088.6073,plane,1761,10,0.51602,0.25217,0.441650,1.01278,0.79454,102.98,-0.01319,0.05893
1779372088.6073,plane,1761,11,0.49268,0.99653,0.002608,0.50098,0.03130,90.00,-0.00511,-0.00000
1779372088.7026,plane,1762,9,0.49534,0.50292,0.033496,0.15776,0.15036,81.91,0.00004,0.00059
1779372088.7026,plane,1762,10,0.51822,0.24827,0.435442,1.00313,0.74946,101.44,0.02313,-0.04106
1779372088.7026,plane,1762,11,0.49316,0.99653,0.002602,0.50000,0.03127,90.00,0.00514,0.00000
1779372088.8001,plane,1763,9,0.49534,0.50282,0.033510,0.15773,0.15047,81.65,0.00001,-0.00102
1779372088.8001,plane,1763,10,0.51811,0.24848,0.434896,1.00968,0.77097,102.94,-0.00113,0.00217
1779372088.8001,plane,1763,11,0.49316,0.99653,0.002602,0.50000,0.03127,90.00,0.00000,0.00000
1779372088.9115,plane,1764,9,0.49535,0.50284,0.033505,0.15771,0.15047,81.88,0.00006,0.00018
1779372088.9115,plane,1764,10,0.51750,0.24633,0.429977,0.99892,0.74419,101.20,-0.00545,-0.01936
1779372088.9115,plane,1764,11,0.49316,0.99653,0.002602,0.50000,0.03127,90.00,0.00000,0.00000
1779372089.0076,plane,1765,9,0.49532,0.50280,0.033502,0.15770,0.15047,81.82,-0.00025,-0.00039
1779372089.0076,plane,1765,10,0.51783,0.24428,0.423104,0.99812,0.75401,100.95,0.00342,-0.02130
1779372089.0076,plane,1765,11,0.49268,0.99653,0.002608,0.50098,0.03130,90.00,-0.00507,-0.00000
1779372089.1034,plane,1766,9,0.49534,0.50280,0.033512,0.15770,0.15051,81.87,0.00019,-0.00005
1779372089.1034,plane,1766,10,0.51755,0.24845,0.433812,1.00581,0.76416,102.42,-0.00294,0.04372
1779372089.1034,plane,1766,11,0.49316,0.99653,0.002602,0.50000,0.03127,90.00,0.00513,0.00000
1779372089.1996,plane,1767,9,0.49532,0.50278,0.033507,0.15772,0.15048,81.95,-0.00021,-0.00016
1779372089.1996,plane,1767,10,0.51714,0.24572,0.427024,1.00070,0.75221,101.51,-0.00422,-0.02802
1779372089.1996,plane,1767,11,0.49268,0.99653,0.002608,0.50098,0.03130,90.00,-0.00503,-0.00000
1779372089.3108,plane,1768,9,0.49532,0.50282,0.033483,0.15764,0.15042,81.81,-0.00001,0.00033
1779372089.3108,plane,1768,10,0.51716,0.24192,0.417619,0.99868,0.75870,101.19,0.00021,-0.03421
1779372089.3108,plane,1768,11,0.49316,0.99653,0.002602,0.50000,0.03127,90.00,0.00439,0.00000
1779372089.4073,plane,1769,9,0.49533,0.50276,0.033490,0.15766,0.15047,81.98,0.00014,-0.00059
1779372089.4073,plane,1769,10,0.51767,0.24150,0.421026,1.00737,0.75372,101.01,0.00527,-0.00439
1779372089.4073,plane,1769,11,0.49316,0.99653,0.002602,0.50000,0.03127,90.00,0.00000,0.00000
1779372089.5033,plane,1770,9,0.49534,0.50283,0.033493,0.15774,0.15039,81.76,0.00014,0.00075
1779372089.5033,plane,1770,10,0.51739,0.24339,0.422677,1.00054,0.74851,101.15,-0.00290,0.01962
1779372089.5033,plane,1770,11,0.49316,0.99653,0.002602,0.50000,0.03127,90.00,0.00000,0.00000
1779372089.6032,plane,1771,9,0.49534,0.50277,0.033510,0.15778,0.15047,81.48,-0.00006,-0.00066
1779372089.6032,plane,1771,10,0.51750,0.24920,0.435842,1.00128,0.75172,101.34,0.00115,0.05852
1779372089.6032,plane,1771,11,0.49268,0.99653,0.002608,0.50098,0.03130,90.00,-0.00492,-0.00000
1779372089.7108,plane,1772,9,0.49535,0.50293,0.033505,0.15783,0.15040,81.50,0.00009,0.00147
1779372089.7108,plane,1772,10,0.51841,0.24741,0.431032,1.00553,0.76983,101.85,0.00837,-0.01654
1779372089.7108,plane,1772,11,0.49316,0.99653,0.002602,0.50000,0.03127,90.00,0.00450,0.00000
1779372089.8058,plane,1773,9,0.49533,0.50277,0.033502,0.15773,0.15047,81.82,-0.00017,-0.00163
1779372089.8058,plane,1773,10,0.51718,0.24447,0.425303,1.00494,0.76617,101.41,-0.01300,-0.03090
1779372089.8058,plane,1773,11,0.49316,0.99653,0.002602,0.50000,0.03127,90.00,0.00000,0.00000
1779372089.9016,plane,1774,9,0.49534,0.50280,0.033502,0.15778,0.15039,81.46,0.00004,0.00032
1779372089.9016,plane,1774,10,0.51930,0.24254,0.425788,1.02200,0.78857,102.58,0.02231,-0.02038
1779372089.9016,plane,1774,11,0.49316,0.99653,0.002602,0.50000,0.03127,90.00,0.00000,0.00000
1779372089.9985,plane,1775,9,0.49533,0.50277,0.033505,0.15773,0.15049,81.96,-0.00010,-0.00032
1779372089.9985,plane,1775,10,0.51740,0.24514,0.426354,1.00148,0.75485,101.15,-0.01948,0.02670
1779372089.9985,plane,1775,11,0.49316,0.99653,0.002602,0.50000,0.03127,90.00,0.00000,0.00000
1779372090.1093,plane,1776,9,0.49532,0.50275,0.033513,0.15773,0.15052,81.65,-0.00004,-0.00018
1779372090.1093,plane,1776,10,0.51817,0.24550,0.427926,1.00469,0.75898,101.61,0.00702,0.00328
1779372090.1093,plane,1776,11,0.49316,0.99653,0.002602,0.50000,0.03127,90.00,0.00000,0.00000
1779372090.2064,plane,1777,9,0.49533,0.50277,0.033503,0.15772,0.15047,81.88,0.00012,0.00018
1779372090.2064,plane,1777,10,0.51755,0.24611,0.427656,1.00181,0.76753,102.10,-0.00642,0.00623
1779372090.2064,plane,1777,11,0.49316,0.99653,0.002602,0.50000,0.03127,90.00,0.00000,0.00000
1779372090.3026,plane,1778,9,0.49534,0.50280,0.033500,0.15777,0.15040,81.69,0.00009,0.00032
1779372090.3026,plane,1778,10,0.51791,0.24681,0.430805,1.00436,0.76374,101.82,0.00375,0.00729
1779372090.3026,plane,1778,11,0.49316,0.99653,0.002602,0.50000,0.03127,90.00,0.00000,0.00000
1779372090.3985,plane,1779,9,0.49531,0.50281,0.033486,0.15772,0.15038,81.43,-0.00035,0.00008
1779372090.3985,plane,1779,10,0.51705,0.24260,0.420732,1.00297,0.75757,100.84,-0.00885,-0.04355
1779372090.3985,plane,1779,11,0.49268,0.99653,0.002608,0.50098,0.03130,90.00,-0.00506,-0.00000
1779372090.5101,plane,1780,9,0.49533,0.50281,0.033485,0.15768,0.15041,81.70,0.00022,0.00004
1779372090.5101,plane,1780,10,0.51843,0.24209,0.422970,1.00560,0.75355,101.43,0.01228,-0.00462
1779372090.5101,plane,1780,11,0.49316,0.99653,0.002602,0.50000,0.03127,90.00,0.00436,0.00000
1779372090.6066,plane,1781,9,0.49533,0.50280,0.033491,0.15769,0.15045,81.88,-0.00002,-0.00013
1779372090.6066,plane,1781,10,0.51796,0.24132,0.419864,1.00073,0.74973,100.53,-0.00493,-0.00806
1779372090.6066,plane,1781,11,0.49316,0.99653,0.002602,0.50000,0.03127,90.00,0.00000,0.00000
1779372090.7015,plane,1782,9,0.49533,0.50281,0.033517,0.15780,0.15046,81.70,-0.00002,0.00013
1779372090.7015,plane,1782,10,0.51695,0.24958,0.436127,1.01158,0.78629,103.20,-0.01048,0.08624
1779372090.7015,plane,1782,11,0.49268,0.99653,0.002608,0.50098,0.03130,90.00,-0.00510,-0.00000
1779372090.7984,plane,1783,9,0.49533,0.50287,0.033503,0.15772,0.15044,81.64,-0.00001,0.00059
1779372090.7984,plane,1783,10,0.51739,0.24588,0.428238,1.00279,0.75432,101.85,0.00457,-0.03855
1779372090.7984,plane,1783,11,0.49316,0.99653,0.002602,0.50000,0.03127,90.00,0.00508,0.00000
1779372090.9096,plane,1784,9,0.49534,0.50273,0.033517,0.15775,0.15050,81.79,0.00009,-0.00128
1779372090.9096,plane,1784,10,0.51780,0.24917,0.436442,1.00210,0.75199,100.39,0.00366,0.02941
1779372090.9096,plane,1784,11,0.49316,0.99653,0.002602,0.50000,0.03127,90.00,0.00000,0.00000
1779372091.0065,plane,1785,9,0.49535,0.50282,0.033498,0.15770,0.15044,81.51,0.00007,0.00102
1779372091.0065,plane,1785,10,0.51746,0.24632,0.429431,1.00588,0.76774,101.54,-0.00355,-0.02966
1779372091.0065,plane,1785,11,0.49268,0.99653,0.002608,0.50098,0.03130,90.00,-0.00509,-0.00000
1779372091.1031,plane,1786,9,0.49535,0.50282,0.033491,0.15770,0.15041,81.66,-0.00001,-0.00007
1779372091.1031,plane,1786,10,0.51701,0.24371,0.423072,1.00510,0.76853,101.28,-0.00464,-0.02700
1779372091.1031,plane,1786,11,0.49316,0.99653,0.002602,0.50000,0.03127,90.00,0.00504,0.00000
1779372091.1988,plane,1787,9,0.49534,0.50264,0.033508,0.15772,0.15054,81.94,-0.00002,-0.00187
1779372091.1988,plane,1787,10,0.51762,0.24447,0.425507,1.00057,0.74959,101.13,0.00631,0.00797
1779372091.1988,plane,1787,11,0.49268,0.99653,0.002608,0.50098,0.03130,90.00,-0.00509,-0.00000
1779372091.3103,plane,1788,9,0.49533,0.50274,0.033505,0.15770,0.15050,81.83,-0.00015,0.00094
1779372091.3103,plane,1788,10,0.51710,0.24388,0.422368,0.99769,0.74944,100.53,-0.00467,-0.00532
1779372091.3103,plane,1788,11,0.49268,0.99653,0.002608,0.50098,0.03130,90.00,0.00000,0.00000
1779372091.4065,plane,1789,9,0.49531,0.50252,0.033493,0.15773,0.15048,81.73,-0.00021,-0.00234
1779372091.4065,plane,1789,10,0.51665,0.24603,0.428399,1.00520,0.77070,101.82,-0.00463,0.02213
1779372091.4065,plane,1789,11,0.49268,0.99653,0.002608,0.50098,0.03130,90.00,0.00000,0.00000
1779372091.5018,plane,1790,9,0.49527,0.50253,0.033505,0.15772,0.15053,81.87,-0.00034,0.00010
1779372091.5018,plane,1790,10,0.51715,0.24907,0.435235,1.01282,0.78672,103.41,0.00527,0.03203
1779372091.5018,plane,1790,11,0.49268,0.99653,0.002608,0.50098,0.03130,90.00,0.00000,0.00000
1779372091.5979,plane,1791,9,0.49532,0.50217,0.033483,0.15769,0.15047,82.14,0.00043,-0.00375
1779372091.5979,plane,1791,10,0.51738,0.24629,0.427902,1.00053,0.75461,101.55,0.00238,-0.02889
1779372091.5979,plane,1791,11,0.49268,0.99653,0.002608,0.50098,0.03130,90.00,0.00000,0.00000
1779372091.7098,plane,1792,9,0.49534,0.50204,0.033493,0.15780,0.15043,81.80,0.00024,-0.00114
1779372091.7098,plane,1792,10,0.51709,0.24938,0.436791,1.01070,0.78037,102.58,-0.00261,0.02761
1779372091.7098,plane,1792,11,0.49268,0.99653,0.002608,0.50098,0.03130,90.00,0.00000,0.00000
1779372091.8068,plane,1793,9,0.49533,0.50224,0.033464,0.15777,0.15033,81.79,-0.00010,0.00209
1779372091.8068,plane,1793,10,0.51762,0.24549,0.428231,1.00804,0.76424,102.24,0.00555,-0.04028
1779372091.8068,plane,1793,11,0.49268,0.99653,0.002608,0.50098,0.03130,90.00,0.00000,0.00000
1779372091.9017,plane,1794,9,0.49527,0.50256,0.033488,0.15767,0.15050,81.90,-0.00069,0.00330
1779372091.9017,plane,1794,10,0.51721,0.24549,0.427358,1.00151,0.74964,100.51,-0.00431,0.00001
1779372091.9017,plane,1794,11,0.49268,0.99653,0.002608,0.50098,0.03130,90.00,0.00000,0.00000
1779372091.9976,plane,1795,9,0.49528,0.50259,0.033505,0.15761,0.15060,81.76,0.00017,0.00034
1779372091.9976,plane,1795,10,0.51652,0.24217,0.417236,0.99676,0.76610,100.45,-0.00728,-0.03487
1779372091.9976,plane,1795,11,0.49268,0.99653,0.002608,0.50098,0.03130,90.00,0.00000,0.00000
1779372092.1075,plane,1796,9,0.49536,0.50265,0.033520,0.15771,0.15057,81.70,0.00067,0.00052
1779372092.1075,plane,1796,10,0.51792,0.24665,0.431212,1.00700,0.76347,102.15,0.01266,0.04039
1779372092.1075,plane,1796,11,0.49316,0.99653,0.002602,0.50000,0.03127,90.00,0.00441,0.00000
1779372092.2066,plane,1797,9,0.49532,0.50242,0.033507,0.15774,0.15051,81.76,-0.00033,-0.00230
1779372092.2066,plane,1797,10,0.51701,0.24670,0.430471,1.00245,0.75250,101.76,-0.00929,0.00058
1779372092.2066,plane,1797,11,0.49268,0.99653,0.002608,0.50098,0.03130,90.00,-0.00496,-0.00000
1779372092.3032,plane,1798,9,0.49534,0.50259,0.033500,0.15771,0.15050,82.01,0.00012,0.00179
1779372092.3032,plane,1798,10,0.51755,0.25049,0.437766,1.01140,0.78803,103.35,0.00564,0.03939
1779372092.3032,plane,1798,11,0.49268,0.99653,0.002608,0.50098,0.03130,90.00,0.00000,0.00000
1779372092.3990,plane,1799,9,0.49535,0.50277,0.033510,0.15778,0.15045,81.61,0.00015,0.00184
1779372092.3990,plane,1799,10,0.51780,0.24670,0.431359,1.00298,0.75445,101.96,0.00259,-0.03919
1779372092.3990,plane,1799,11,0.49316,0.99653,0.002602,0.50000,0.03127,90.00,0.00504,0.00000
1779372092.5104,plane,1800,9,0.49535,0.50265,0.033502,0.15771,0.15051,81.48,-0.00001,-0.00111
1779372092.5104,plane,1800,10,0.51732,0.24597,0.430164,1.00567,0.75074,101.24,-0.00436,-0.00660
1779372092.5104,plane,1800,11,0.49268,0.99653,0.002608,0.50098,0.03130,90.00,-0.00442,-0.00000
1779372092.6027,plane,1801,9,0.49534,0.50281,0.033493,0.15773,0.15040,81.65,-0.00006,0.00180
1779372092.6027,plane,1801,10,0.51768,0.24294,0.423152,1.00129,0.74713,100.95,0.00389,-0.03240
1779372092.6027,plane,1801,11,0.49316,0.99653,0.002602,0.50000,0.03127,90.00,0.00523,0.00000
1779372092.7022,plane,1802,9,0.49535,0.50271,0.033505,0.15771,0.15050,82.01,0.00004,-0.00102
1779372092.7022,plane,1802,10,0.51703,0.24428,0.424082,1.00265,0.76168,101.23,-0.00658,0.01357
1779372092.7022,plane,1802,11,0.49268,0.99653,0.002608,0.50098,0.03130,90.00,-0.00496,-0.00000
1779372092.7982,plane,1803,9,0.49533,0.50274,0.033510,0.15772,0.15051,81.72,-0.00014,0.00024
1779372092.7982,plane,1803,10,0.51690,0.24316,0.419924,1.00150,0.78176,101.07,-0.00140,-0.01150
1779372092.7982,plane,1803,11,0.49316,0.99653,0.002602,0.50000,0.03127,90.00,0.00504,0.00000
1779372092.9099,plane,1804,9,0.49531,0.50264,0.033512,0.15772,0.15052,81.84,-0.00018,-0.00086
1779372092.9099,plane,1804,10,0.51681,0.24520,0.427716,1.00346,0.76080,101.31,-0.00075,0.01826
1779372092.9099,plane,1804,11,0.49268,0.99653,0.002608,0.50098,0.03130,90.00,-0.00437,-0.00000
1779372093.0055,plane,1805,9,0.49531,0.50275,0.033512,0.15771,0.15052,81.90,-0.00002,0.00115
1779372093.0055,plane,1805,10,0.51811,0.24598,0.429020,1.00454,0.75397,102.03,0.01356,0.00811
1779372093.0055,plane,1805,11,0.49268,0.99653,0.002608,0.50098,0.03130,90.00,0.00000,0.00000
1779372093.1022,plane,1806,9,0.49535,0.50274,0.033520,0.15775,0.15053,81.88,0.00034,-0.00011
1779372093.1022,plane,1806,10,0.51788,0.24948,0.438388,1.01433,0.78574,102.77,-0.00237,0.03616
1779372093.1022,plane,1806,11,0.49268,0.99653,0.002608,0.50098,0.03130,90.00,0.00000,0.00000
1779372093.1988,plane,1807,9,0.49534,0.50275,0.033522,0.15775,0.15052,81.88,-0.00002,0.00011
1779372093.1988,plane,1807,10,0.51773,0.25219,0.443554,1.01150,0.78166,103.57,-0.00150,0.02840
1779372093.1988,plane,1807,11,0.49316,0.99653,0.002602,0.50000,0.03127,90.00,0.00511,0.00000
1779372093.3107,plane,1808,9,0.49533,0.50273,0.033512,0.15769,0.15052,81.89,-0.00014,-0.00022
1779372093.3107,plane,1808,10,0.51722,0.24585,0.429328,1.00293,0.75251,100.83,-0.00460,-0.05634
1779372093.3107,plane,1808,11,0.49268,0.99653,0.002608,0.50098,0.03130,90.00,-0.00434,-0.00000
1779372093.4065,plane,1809,9,0.49534,0.50274,0.033515,0.15772,0.15052,81.85,0.00017,0.00017
1779372093.4065,plane,1809,10,0.51717,0.24672,0.429752,1.00492,0.75322,102.06,-0.00044,0.00922
1779372093.4065,plane,1809,11,0.49268,0.99653,0.002608,0.50098,0.03130,90.00,0.00000,0.00000
1779372093.5022,plane,1810,9,0.49533,0.50273,0.033513,0.15774,0.15051,81.76,-0.00014,-0.00013
1779372093.5022,plane,1810,10,0.51716,0.24663,0.430901,1.00685,0.77653,102.49,-0.00017,-0.00100
1779372093.5022,plane,1810,11,0.49268,0.99653,0.002608,0.50098,0.03130,90.00,0.00000,0.00000
1779372093.5952,plane,1811,9,0.49533,0.50271,0.033503,0.15769,0.15051,82.01,-0.00000,-0.00019
1779372093.5952,plane,1811,10,0.51763,0.24569,0.428543,1.00387,0.76055,101.66,0.00506,-0.01010
1779372093.5952,plane,1811,11,0.49316,0.99653,0.002602,0.50000,0.03127,90.00,0.00524,0.00000
1779372093.7083,plane,1812,9,0.49532,0.50268,0.033505,0.15768,0.15053,82.05,-0.00006,-0.00030
1779372093.7083,plane,1812,10,0.51726,0.24498,0.426829,1.00804,0.76386,101.78,-0.00328,-0.00627
1779372093.7083,plane,1812,11,0.49268,0.99653,0.002608,0.50098,0.03130,90.00,-0.00435,-0.00000
1779372093.8066,plane,1813,9,0.49533,0.50268,0.033505,0.15769,0.15051,82.06,0.00010,0.00001
1779372093.8066,plane,1813,10,0.51771,0.24424,0.425327,1.00278,0.75787,101.58,0.00452,-0.00753
1779372093.8066,plane,1813,11,0.49268,0.99653,0.002608,0.50098,0.03130,90.00,0.00000,0.00000
1779372093.9025,plane,1814,9,0.49534,0.50269,0.033508,0.15771,0.15050,81.93,0.00003,0.00014
1779372093.9025,plane,1814,10,0.51774,0.24534,0.426987,1.00064,0.75244,101.36,0.00033,0.01166
1779372093.9025,plane,1814,11,0.49268,0.99653,0.002608,0.50098,0.03130,90.00,0.00000,0.00000
1779372093.9992,plane,1815,9,0.49534,0.50274,0.033517,0.15780,0.15050,81.53,0.00001,0.00047
1779372093.9992,plane,1815,10,0.51727,0.24777,0.432171,1.01070,0.77864,103.11,-0.00484,0.02491
1779372093.9992,plane,1815,11,0.49268,0.99653,0.002608,0.50098,0.03130,90.00,0.00000,0.00000
1779372094.1099,plane,1816,9,0.49533,0.50272,0.033515,0.15773,0.15052,81.92,-0.00003,-0.00013
1779372094.1099,plane,1816,10,0.51759,0.24666,0.431785,1.01144,0.77468,101.95,0.00292,-0.01014
1779372094.1099,plane,1816,11,0.49268,0.99653,0.002608,0.50098,0.03130,90.00,0.00000,0.00000
1779372094.2062,plane,1817,9,0.49533,0.50272,0.033513,0.15774,0.15051,81.80,-0.00007,0.00001
1779372094.2062,plane,1817,10,0.51797,0.24802,0.433348,1.00212,0.74902,102.06,0.00393,0.01404
1779372094.2062,plane,1817,11,0.49268,0.99653,0.002608,0.50098,0.03130,90.00,0.00000,0.00000
1779372094.3021,plane,1818,9,0.49534,0.50272,0.033512,0.15774,0.15050,81.73,0.00011,-0.00002
1779372094.3021,plane,1818,10,0.51745,0.24521,0.427533,1.00756,0.76226,101.87,-0.00534,-0.02914
1779372094.3021,plane,1818,11,0.49268,0.99653,0.002608,0.50098,0.03130,90.00,0.00000,0.00000
1779372094.3982,plane,1819,9,0.49531,0.50275,0.033507,0.15768,0.15053,82.07,-0.00027,0.00026
1779372094.3982,plane,1819,10,0.51712,0.24883,0.433797,1.00966,0.78232,102.57,-0.00353,0.03803
1779372094.3982,plane,1819,11,0.49268,0.99653,0.002608,0.50098,0.03130,90.00,0.00000,0.00000
1779372094.5057,plane,1820,9,0.49532,0.50267,0.033515,0.15770,0.15054,82.00,0.00005,-0.00070
1779372094.5057,plane,1820,10,0.51796,0.24522,0.427804,1.00851,0.76985,102.20,0.00774,-0.03332
1779372094.5057,plane,1820,11,0.49268,0.99653,0.002608,0.50098,0.03130,90.00,0.00000,0.00000
1779372094.6065,plane,1821,9,0.49533,0.50269,0.033512,0.15773,0.15052,81.97,0.00016,0.00014
1779372094.6065,plane,1821,10,0.51769,0.24495,0.427765,1.00480,0.74970,101.42,-0.00265,-0.00265
1779372094.6065,plane,1821,11,0.49268,0.99653,0.002608,0.50098,0.03130,90.00,0.00000,0.00000
1779372094.7031,plane,1822,9,0.49534,0.50269,0.033498,0.15770,0.15048,81.82,0.00013,0.00002
1779372094.7031,plane,1822,10,0.51775,0.24272,0.423223,1.01130,0.76339,102.12,0.00065,-0.02296
1779372094.7031,plane,1822,11,0.49268,0.99653,0.002608,0.50098,0.03130,90.00,0.00000,0.00000
1779372094.7983,plane,1823,9,0.49532,0.50267,0.033502,0.15767,0.15053,82.04,-0.00023,-0.00016
1779372094.7983,plane,1823,10,0.51761,0.24484,0.426932,1.00061,0.74442,100.74,-0.00154,0.02228
1779372094.7983,plane,1823,11,0.49268,0.99653,0.002608,0.50098,0.03130,90.00,0.00000,0.00000
1779372094.9122,plane,1824,9,0.49534,0.50271,0.033522,0.15774,0.15053,81.86,0.00016,0.00031
1779372094.9122,plane,1824,10,0.51702,0.25175,0.441128,1.00881,0.77545,102.70,-0.00520,0.06117
1779372094.9122,plane,1824,11,0.49316,0.99653,0.002602,0.50000,0.03127,90.00,0.00432,0.00000
1779372095.0065,plane,1825,9,0.49534,0.50261,0.033513,0.15776,0.15051,81.84,0.00001,-0.00102
1779372095.0065,plane,1825,10,0.51756,0.24865,0.436322,1.00956,0.76785,102.09,0.00570,-0.03248
1779372095.0065,plane,1825,11,0.49268,0.99653,0.002608,0.50098,0.03130,90.00,-0.00512,-0.00000
1779372095.1018,plane,1826,9,0.49534,0.50272,0.033515,0.15776,0.15050,81.71,0.00002,0.00112
1779372095.1018,plane,1826,10,0.51703,0.24952,0.436045,1.00679,0.77225,102.22,-0.00567,0.00911
1779372095.1018,plane,1826,11,0.49268,0.99653,0.002608,0.50098,0.03130,90.00,0.00000,0.00000
1779372095.1976,plane,1827,9,0.49535,0.50274,0.033515,0.15776,0.15049,81.70,0.00005,0.00024
1779372095.1976,plane,1827,10,0.51774,0.24942,0.437103,1.01146,0.77689,103.32,0.00741,-0.00103
1779372095.1976,plane,1827,11,0.49268,0.99653,0.002608,0.50098,0.03130,90.00,0.00000,0.00000
1779372095.3103,plane,1828,9,0.49534,0.50276,0.033507,0.15773,0.15048,81.70,-0.00004,0.00020
1779372095.3103,plane,1828,10,0.51774,0.24556,0.428189,1.00478,0.75974,101.56,-0.00003,-0.03434
1779372095.3103,plane,1828,11,0.49268,0.99653,0.002608,0.50098,0.03130,90.00,0.00000,0.00000
1779372095.4067,plane,1829,9,0.49532,0.50270,0.033503,0.15768,0.15050,81.98,-0.00026,-0.00064
1779372095.4067,plane,1829,10,0.51752,0.24508,0.426827,1.00045,0.74814,101.30,-0.00225,-0.00507
1779372095.4067,plane,1829,11,0.49268,0.99653,0.002608,0.50098,0.03130,90.00,0.00000,0.00000
1779372095.5023,plane,1830,9,0.49535,0.50273,0.033524,0.15774,0.15053,81.94,0.00037,0.00035
1779372095.5023,plane,1830,10,0.51657,0.25231,0.442471,1.01631,0.80419,103.91,-0.00980,0.07477
1779372095.5023,plane,1830,11,0.49268,0.99653,0.002608,0.50098,0.03130,90.00,0.00000,0.00000
1779372095.5960,plane,1831,9,0.49534,0.50267,0.033510,0.15777,0.15048,82.04,-0.00015,-0.00065
1779372095.5960,plane,1831,10,0.51752,0.24718,0.432024,1.00821,0.76230,102.24,0.01008,-0.05473
1779372095.5960,plane,1831,11,0.49268,0.99653,0.002608,0.50098,0.03130,90.00,0.00000,0.00000
1779372095.7101,plane,1832,9,0.49533,0.50278,0.033496,0.15770,0.15046,81.80,-0.00010,0.00091
1779372095.7101,plane,1832,10,0.51751,0.24507,0.427058,1.00392,0.74923,101.28,-0.00008,-0.01852
1779372095.7101,plane,1832,11,0.49316,0.99653,0.002602,0.50000,0.03127,90.00,0.00428,0.00000
1779372095.8073,plane,1833,9,0.49534,0.50269,0.033513,0.15771,0.15053,81.69,0.00007,-0.00084
1779372095.8073,plane,1833,10,0.51771,0.24620,0.429657,1.00964,0.77294,102.61,0.00208,0.01174
1779372095.8073,plane,1833,11,0.49268,0.99653,0.002608,0.50098,0.03130,90.00,-0.00507,-0.00000
1779372095.9009,plane,1834,9,0.49532,0.50265,0.033508,0.15773,0.15053,81.59,-0.00018,-0.00051
1779372095.9009,plane,1834,10,0.51736,0.24560,0.427358,1.00628,0.76662,102.01,-0.00371,-0.00637
1779372095.9009,plane,1834,11,0.49268,0.99653,0.002608,0.50098,0.03130,90.00,0.00000,0.00000
1779372095.9980,plane,1835,9,0.49532,0.50260,0.033496,0.15769,0.15050,81.86,0.00001,-0.00049
1779372095.9980,plane,1835,10,0.51726,0.24126,0.418037,1.00229,0.76933,100.89,-0.00102,-0.04479
1779372095.9980,plane,1835,11,0.49268,0.99653,0.002608,0.50098,0.03130,90.00,0.00000,0.00000
1779372096.1103,plane,1836,9,0.49534,0.50261,0.033503,0.15771,0.15052,81.87,0.00012,0.00013
1779372096.1103,plane,1836,10,0.51762,0.24492,0.426678,1.00822,0.76666,102.04,0.00318,0.03273
1779372096.1103,plane,1836,11,0.49316,0.99653,0.002602,0.50000,0.03127,90.00,0.00437,0.00000
1779372096.2064,plane,1837,9,0.49533,0.50268,0.033496,0.15772,0.15045,81.90,-0.00004,0.00066
1779372096.2064,plane,1837,10,0.51723,0.24615,0.430205,1.00526,0.75596,101.48,-0.00397,0.01276
1779372096.2064,plane,1837,11,0.49268,0.99653,0.002608,0.50098,0.03130,90.00,-0.00505,-0.00000
1779372096.3026,plane,1838,9,0.49533,0.50273,0.033517,0.15779,0.15048,81.59,-0.00005,0.00049
1779372096.3026,plane,1838,10,0.51765,0.24736,0.430939,1.00794,0.76908,102.36,0.00433,0.01263
1779372096.3026,plane,1838,11,0.49268,0.99653,0.002608,0.50098,0.03130,90.00,0.00000,0.00000
1779372096.3950,plane,1839,9,0.49533,0.50274,0.033502,0.15769,0.15049,81.84,0.00000,0.00015
1779372096.3950,plane,1839,10,0.51794,0.24456,0.425079,0.99892,0.75241,100.87,0.00321,-0.02998
1779372096.3950,plane,1839,11,0.49316,0.99653,0.002602,0.50000,0.03127,90.00,0.00524,0.00000
1779372096.5112,plane,1840,9,0.49534,0.50276,0.033493,0.15769,0.15047,81.74,0.00007,0.00018
1779372096.5112,plane,1840,10,0.51695,0.24339,0.423001,0.99977,0.74382,100.84,-0.00864,-0.01019
1779372096.5112,plane,1840,11,0.49268,0.99653,0.002608,0.50098,0.03130,90.00,-0.00425,-0.00000
1779372096.6064,plane,1841,9,0.49535,0.50272,0.033513,0.15774,0.15051,81.81,0.00016,-0.00045
1779372096.6064,plane,1841,10,0.51748,0.24574,0.428565,1.00081,0.75170,100.49,0.00544,0.02437
1779372096.6064,plane,1841,11,0.49268,0.99653,0.002608,0.50098,0.03130,90.00,0.00000,0.00000
1779372096.7018,plane,1842,9,0.49533,0.50269,0.033493,0.15768,0.15048,81.87,-0.00026,-0.00033
1779372096.7018,plane,1842,10,0.51807,0.24070,0.419057,1.00871,0.76867,101.26,0.00622,-0.05283
1779372096.7018,plane,1842,11,0.49268,0.99653,0.002608,0.50098,0.03130,90.00,0.00000,0.00000
1779372096.7982,plane,1843,9,0.49532,0.50268,0.033490,0.15764,0.15052,81.95,-0.00004,-0.00004
1779372096.7982,plane,1843,10,0.51685,0.23869,0.412689,1.00184,0.76301,100.78,-0.01274,-0.02109
1779372096.7982,plane,1843,11,0.49316,0.99653,0.002602,0.50000,0.03127,90.00,0.00511,0.00000
1779372096.9097,plane,1844,9,0.49532,0.50263,0.033503,0.15769,0.15052,81.93,-0.00001,-0.00051
1779372096.9097,plane,1844,10,0.51785,0.24419,0.426753,1.00678,0.76317,101.94,0.00893,0.04899
1779372096.9097,plane,1844,11,0.49268,0.99653,0.002608,0.50098,0.03130,90.00,-0.00435,-0.00000
1779372097.0063,plane,1845,9,0.49532,0.50272,0.033508,0.15771,0.15050,81.87,-0.00004,0.00103
1779372097.0063,plane,1845,10,0.51687,0.24514,0.426051,0.99798,0.74655,100.46,-0.01034,0.01000
1779372097.0063,plane,1845,11,0.49268,0.99653,0.002608,0.50098,0.03130,90.00,0.00000,0.00000
1779372097.1023,plane,1846,9,0.49531,0.50265,0.033500,0.15765,0.15053,81.91,-0.00009,-0.00075
1779372097.1023,plane,1846,10,0.51739,0.24342,0.423242,0.99980,0.74525,100.60,0.00535,-0.01775
1779372097.1023,plane,1846,11,0.49316,0.99653,0.002602,0.50000,0.03127,90.00,0.00503,0.00000
1779372097.1975,plane,1847,9,0.49532,0.50268,0.033508,0.15774,0.15050,81.62,0.00017,0.00025
1779372097.1975,plane,1847,10,0.51754,0.24595,0.427979,1.00228,0.75399,101.42,0.00165,0.02656
1779372097.1975,plane,1847,11,0.49268,0.99653,0.002608,0.50098,0.03130,90.00,-0.00514,-0.00000
1779372097.3107,plane,1848,9,0.49533,0.50266,0.033508,0.15773,0.15051,81.95,0.00008,-0.00011
1779372097.3107,plane,1848,10,0.51732,0.24638,0.429994,1.00915,0.78339,102.43,-0.00201,0.00384
1779372097.3107,plane,1848,11,0.49268,0.99653,0.002608,0.50098,0.03130,90.00,0.00000,0.00000
1779372097.4062,plane,1849,9,0.49532,0.50266,0.033508,0.15769,0.15053,81.84,-0.00013,-0.00007
1779372097.4062,plane,1849,10,0.51739,0.24740,0.432422,1.00963,0.77353,102.24,0.00080,0.01058
1779372097.4062,plane,1849,11,0.49268,0.99653,0.002608,0.50098,0.03130,90.00,0.00000,0.00000
1779372097.5030,plane,1850,9,0.49533,0.50264,0.033518,0.15772,0.15055,82.10,0.00007,-0.00014
1779372097.5030,plane,1850,10,0.51765,0.24668,0.432293,1.00508,0.74025,101.54,0.00266,-0.00748
1779372097.5030,plane,1850,11,0.49268,0.99653,0.002608,0.50098,0.03130,90.00,0.00000,0.00000
1779372097.5984,plane,1851,9,0.49533,0.50269,0.033524,0.15779,0.15053,81.72,0.00007,0.00049
1779372097.5984,plane,1851,10,0.51725,0.25098,0.439668,1.01162,0.78216,102.93,-0.00409,0.04450
1779372097.5984,plane,1851,11,0.49268,0.99653,0.002608,0.50098,0.03130,90.00,0.00000,0.00000
1779372097.7118,plane,1852,9,0.49533,0.50270,0.033507,0.15773,0.15049,81.80,-0.00007,0.00007
1779372097.7118,plane,1852,10,0.51707,0.24635,0.429772,1.00447,0.76256,101.27,-0.00166,-0.04101
1779372097.7118,plane,1852,11,0.49268,0.99653,0.002608,0.50098,0.03130,90.00,0.00000,0.00000
1779372097.8062,plane,1853,9,0.49534,0.50268,0.033500,0.15771,0.15049,81.83,0.00012,-0.00017
1779372097.8062,plane,1853,10,0.51666,0.24542,0.427553,1.00286,0.76280,101.23,-0.00421,-0.00982
1779372097.8062,plane,1853,11,0.49268,0.99653,0.002608,0.50098,0.03130,90.00,0.00000,0.00000
1779372097.9015,plane,1854,9,0.49533,0.50273,0.033513,0.15776,0.15050,81.79,-0.00007,0.00047
1779372097.9015,plane,1854,10,0.51693,0.25194,0.440737,1.00793,0.78545,102.74,0.00274,0.06859
1779372097.9015,plane,1854,11,0.49268,0.99653,0.002608,0.50098,0.03130,90.00,0.00000,0.00000
1779372098.0002,plane,1855,9,0.49533,0.50269,0.033512,0.15776,0.15049,81.67,-0.00005,-0.00032
1779372098.0002,plane,1855,10,0.51690,0.24668,0.430135,1.00718,0.77948,102.60,-0.00021,-0.05375
1779372098.0002,plane,1855,11,0.49268,0.99653,0.002608,0.50098,0.03130,90.00,0.00000,0.00000
1779372098.1105,plane,1856,9,0.49533,0.50269,0.033500,0.15771,0.15049,81.66,0.00006,-0.00005
1779372098.1105,plane,1856,10,0.51745,0.24598,0.427626,0.99913,0.74988,101.14,0.00487,-0.00631
1779372098.1105,plane,1856,11,0.49268,0.99653,0.002608,0.50098,0.03130,90.00,0.00000,0.00000
1779372098.2065,plane,1857,9,0.49533,0.50268,0.033507,0.15772,0.15050,81.83,0.00001,-0.00013
1779372098.2065,plane,1857,10,0.51786,0.24544,0.427261,1.00092,0.75041,101.85,0.00433,-0.00564
1779372098.2065,plane,1857,11,0.49268,0.99653,0.002608,0.50098,0.03130,90.00,0.00000,0.00000
1779372098.3027,plane,1858,9,0.49532,0.50273,0.033502,0.15769,0.15051,81.72,-0.00011,0.00053
1779372098.3027,plane,1858,10,0.51742,0.24315,0.422340,1.00170,0.75677,101.29,-0.00451,-0.02360
1779372098.3027,plane,1858,11,0.49268,0.99653,0.002608,0.50098,0.03130,90.00,0.00000,0.00000
1779372098.3977,plane,1859,9,0.49535,0.50262,0.033520,0.15775,0.15055,81.72,0.00024,-0.00109
1779372098.3977,plane,1859,10,0.51735,0.24900,0.435842,1.01251,0.78984,103.47,-0.00080,0.06163
1779372098.3977,plane,1859,11,0.49268,0.99653,0.002608,0.50098,0.03130,90.00,0.00000,0.00000
1779372098.5107,plane,1860,9,0.49533,0.50256,0.033500,0.15772,0.15050,81.93,-0.00012,-0.00054
1779372098.5107,plane,1860,10,0.51731,0.24717,0.430132,1.00527,0.76962,102.88,-0.00035,-0.01639
1779372098.5107,plane,1860,11,0.49268,0.99653,0.002608,0.50098,0.03130,90.00,0.00000,0.00000
1779372098.6065,plane,1861,9,0.49533,0.50266,0.033517,0.15774,0.15054,82.08,-0.00003,0.00103
1779372098.6065,plane,1861,10,0.51736,0.24783,0.433785,1.00755,0.77333,101.87,0.00058,0.00682
1779372098.6065,plane,1861,11,0.49268,0.99653,0.002608,0.50098,0.03130,90.00,0.00000,0.00000
1779372098.7028,plane,1862,9,0.49540,0.50284,0.033507,0.15774,0.15045,81.55,0.00068,0.00185
1779372098.7028,plane,1862,10,0.51816,0.24723,0.432358,1.00939,0.77153,102.75,0.00838,-0.00623
1779372098.7028,plane,1862,11,0.49316,0.99653,0.002602,0.50000,0.03127,90.00,0.00511,0.00000
1779372098.7982,plane,1863,9,0.49547,0.50308,0.033507,0.15773,0.15050,82.14,0.00072,0.00248
1779372098.7982,plane,1863,10,0.51759,0.25135,0.440503,1.01397,0.78960,103.59,-0.00601,0.04280
1779372098.7982,plane,1863,11,0.49316,0.99653,0.002602,0.50000,0.03127,90.00,0.00000,0.00000
1779372098.9109,plane,1864,9,0.49538,0.50311,0.033496,0.15770,0.15043,82.00,-0.00078,0.00026
1779372098.9109,plane,1864,10,0.51812,0.24812,0.434145,1.00866,0.77332,102.29,0.00476,-0.02882
1779372098.9109,plane,1864,11,0.49316,0.99653,0.002602,0.50000,0.03127,90.00,0.00000,0.00000
1779372099.0071,plane,1865,9,0.49533,0.50299,0.033483,0.15770,0.15038,82.19,-0.00049,-0.00123
1779372099.0071,plane,1865,10,0.51812,0.24554,0.427568,1.00181,0.75161,101.18,-0.00003,-0.02686
1779372099.0071,plane,1865,11,0.49316,0.99653,0.002602,0.50000,0.03127,90.00,0.00000,0.00000
1779372099.1028,plane,1866,9,0.49536,0.50296,0.033486,0.15773,0.15036,82.08,0.00023,-0.00026
1779372099.1028,plane,1866,10,0.51820,0.24321,0.422468,0.99779,0.74963,101.15,0.00085,-0.02415
1779372099.1028,plane,1866,11,0.49316,0.99653,0.002602,0.50000,0.03127,90.00,0.00000,0.00000
1779372099.1983,plane,1867,9,0.49538,0.50286,0.033495,0.15770,0.15043,81.70,0.00022,-0.00113
1779372099.1983,plane,1867,10,0.51798,0.24188,0.421602,1.00364,0.75188,100.75,-0.00228,-0.01401
1779372099.1983,plane,1867,11,0.49316,0.99653,0.002602,0.50000,0.03127,90.00,0.00000,0.00000
1779372099.3096,plane,1868,9,0.49534,0.50287,0.033496,0.15774,0.15038,81.75,-0.00034,0.00008
1779372099.3096,plane,1868,10,0.51717,0.24473,0.425778,1.00402,0.76636,101.08,-0.00721,0.02546
1779372099.3096,plane,1868,11,0.49316,0.99653,0.002602,0.50000,0.03127,90.00,0.00000,0.00000
1779372099.4063,plane,1869,9,0.49534,0.50278,0.033498,0.15771,0.15045,81.83,0.00003,-0.00092
1779372099.4063,plane,1869,10,0.51769,0.24210,0.420824,1.00110,0.74989,100.86,0.00536,-0.02749
1779372099.4063,plane,1869,11,0.49316,0.99653,0.002602,0.50000,0.03127,90.00,0.00000,0.00000
1779372099.5027,plane,1870,9,0.49536,0.50278,0.033488,0.15766,0.15045,81.88,0.00025,0.00004
1779372099.5027,plane,1870,10,0.51758,0.24017,0.415529,0.99896,0.75740,99.81,-0.00106,-0.01977
1779372099.5027,plane,1870,11,0.49316,0.99653,0.002602,0.50000,0.03127,90.00,0.00000,0.00000
1779372099.5984,plane,1871,9,0.49538,0.50287,0.033503,0.15772,0.15044,81.50,0.00013,0.00091
1779372099.5984,plane,1871,10,0.51635,0.24856,0.430923,0.99646,0.75578,101.51,-0.01302,0.08825
1779372099.5984,plane,1871,11,0.49316,0.99653,0.002602,0.50000,0.03127,90.00,0.00000,0.00000
1779372099.7102,plane,1872,9,0.49542,0.50304,0.033490,0.15770,0.15041,82.08,0.00039,0.00155
1779372099.7102,plane,1872,10,0.51707,0.24794,0.432607,1.01055,0.78732,102.66,0.00643,-0.00549
1779372099.7102,plane,1872,11,0.49316,0.99653,0.002602,0.50000,0.03127,90.00,0.00000,0.00000
1779372099.8067,plane,1873,9,0.49541,0.50314,0.033495,0.15777,0.15040,82.64,-0.00007,0.00103
1779372099.8067,plane,1873,10,0.51812,0.25124,0.440635,1.01848,0.79180,104.41,0.01087,0.03382
1779372099.8067,plane,1873,11,0.49316,0.99653,0.002602,0.50000,0.03127,90.00,0.00000,0.00000
1779372099.9026,plane,1874,9,0.49539,0.50293,0.033486,0.15774,0.15035,82.10,-0.00029,-0.00226
1779372099.9026,plane,1874,10,0.51817,0.24649,0.429111,1.00470,0.76853,102.04,0.00049,-0.05007
1779372099.9026,plane,1874,11,0.49316,0.99653,0.002602,0.50000,0.03127,90.00,0.00000,0.00000
1779372099.9993,plane,1875,9,0.49540,0.50271,0.033491,0.15768,0.15048,81.83,0.00016,-0.00220
1779372099.9993,plane,1875,10,0.51787,0.24635,0.429574,1.00509,0.76959,101.93,-0.00304,-0.00141
1779372099.9993,plane,1875,11,0.49316,0.99653,0.002602,0.50000,0.03127,90.00,0.00000,0.00000
1779372100.1072,plane,1876,9,0.49531,0.50332,0.033449,0.15756,0.15036,82.01,-0.00089,0.00564
1779372100.1072,plane,1876,10,0.51786,0.24397,0.424691,1.00657,0.76504,101.34,-0.00017,-0.02212
1779372100.1072,plane,1876,11,0.49316,0.99653,0.002602,0.50000,0.03127,90.00,0.00000,0.00000
1779372100.2065,plane,1877,9,0.49542,0.50311,0.033510,0.15767,0.15053,82.24,0.00118,-0.00210
1779372100.2065,plane,1877,10,0.51707,0.24697,0.429238,1.00511,0.77202,102.26,-0.00797,0.03041
1779372100.2065,plane,1877,11,0.49316,0.99653,0.002602,0.50000,0.03127,90.00,0.00000,0.00000
1779372100.3027,plane,1878,9,0.49541,0.50300,0.033493,0.15769,0.15043,82.06,-0.00018,-0.00120
1779372100.3027,plane,1878,10,0.51767,0.24560,0.427972,1.00712,0.76381,102.45,0.00620,-0.01409
1779372100.3027,plane,1878,11,0.49316,0.99653,0.002602,0.50000,0.03127,90.00,0.00000,0.00000
1779372100.3981,plane,1879,9,0.49539,0.50306,0.033495,0.15766,0.15044,82.09,-0.00020,0.00063
1779372100.3981,plane,1879,10,0.51773,0.24711,0.430596,1.00122,0.75703,101.51,0.00066,0.01586
1779372100.3981,plane,1879,11,0.49316,0.99653,0.002602,0.50000,0.03127,90.00,0.00000,0.00000
1779372100.5103,plane,1880,9,0.49540,0.50299,0.033478,0.15762,0.15040,82.13,0.00012,-0.00058
1779372100.5103,plane,1880,10,0.51773,0.24258,0.419430,0.99862,0.75306,100.45,-0.00007,-0.04003
1779372100.5103,plane,1880,11,0.49316,0.99653,0.002602,0.50000,0.03127,90.00,0.00000,0.00000
1779372100.6051,plane,1881,9,0.49538,0.50307,0.033486,0.15765,0.15043,81.88,-0.00016,0.00088
1779372100.6051,plane,1881,10,0.51784,0.24815,0.433055,1.01096,0.78245,103.22,0.00125,0.05869
1779372100.6051,plane,1881,11,0.49316,0.99653,0.002602,0.50000,0.03127,90.00,0.00000,0.00000
1779372100.7024,plane,1882,9,0.49539,0.50270,0.033476,0.15766,0.15042,82.08,0.00001,-0.00384
1779372100.7024,plane,1882,10,0.51771,0.24167,0.419964,1.00574,0.77349,101.17,-0.00136,-0.06737
1779372100.7024,plane,1882,11,0.49316,0.99653,0.002602,0.50000,0.03127,90.00,0.00000,0.00000
1779372100.7982,plane,1883,9,0.49538,0.50276,0.033483,0.15773,0.15037,81.92,-0.00000,0.00053
1779372100.7982,plane,1883,10,0.51815,0.24859,0.436110,1.01254,0.77152,103.17,0.00451,0.07145
1779372100.7982,plane,1883,11,0.49268,0.99653,0.002608,0.50098,0.03130,90.00,-0.00504,-0.00000
1779372100.9106,plane,1884,9,0.49533,0.50276,0.033495,0.15768,0.15048,81.81,-0.00045,0.00001
1779372100.9106,plane,1884,10,0.51814,0.24601,0.428233,1.00290,0.75586,102.09,-0.00014,-0.02288
1779372100.9106,plane,1884,11,0.49316,0.99653,0.002602,0.50000,0.03127,90.00,0.00434,0.00000
1779372101.0065,plane,1885,9,0.49534,0.50267,0.033505,0.15772,0.15050,81.83,0.00009,-0.00089
1779372101.0065,plane,1885,10,0.51797,0.24716,0.430723,1.00200,0.75787,101.84,-0.00173,0.01199
1779372101.0065,plane,1885,11,0.49268,0.99653,0.002608,0.50098,0.03130,90.00,-0.00509,-0.00000
1779372101.1024,plane,1886,9,0.49535,0.50262,0.033512,0.15776,0.15053,81.81,0.00007,-0.00052
1779372101.1024,plane,1886,10,0.51752,0.24801,0.433090,1.00650,0.77115,102.43,-0.00476,0.00892
1779372101.1024,plane,1886,11,0.49268,0.99653,0.002608,0.50098,0.03130,90.00,0.00000,0.00000
1779372101.1983,plane,1887,9,0.49534,0.50261,0.033510,0.15775,0.15050,81.94,-0.00011,-0.00010
1779372101.1983,plane,1887,10,0.51836,0.24912,0.435923,1.00910,0.77401,102.73,0.00875,0.01152
1779372101.1983,plane,1887,11,0.49268,0.99653,0.002608,0.50098,0.03130,90.00,0.00000,0.00000
1779372101.3096,plane,1888,9,0.49535,0.50260,0.033529,0.15779,0.15056,82.01,0.00007,-0.00008
1779372101.3096,plane,1888,10,0.51678,0.25275,0.443178,1.01300,0.79165,103.56,-0.01416,0.03245
1779372101.3096,plane,1888,11,0.49268,0.99653,0.002608,0.50098,0.03130,90.00,0.00000,0.00000
1779372101.4063,plane,1889,9,0.49535,0.50256,0.033527,0.15779,0.15055,81.81,0.00003,-0.00043
1779372101.4063,plane,1889,10,0.51806,0.24993,0.437234,1.01410,0.78679,103.33,0.01348,-0.02952
1779372101.4063,plane,1889,11,0.49268,0.99653,0.002608,0.50098,0.03130,90.00,0.00000,0.00000
1779372101.5021,plane,1890,9,0.49536,0.50265,0.033529,0.15779,0.15054,81.84,0.00013,0.00089
1779372101.5021,plane,1890,10,0.51792,0.25023,0.438082,1.00424,0.76353,102.45,-0.00146,0.00317
1779372101.5021,plane,1890,11,0.49268,0.99653,0.002608,0.50098,0.03130,90.00,0.00000,0.00000
1779372101.5982,plane,1891,9,0.49535,0.50260,0.033530,0.15777,0.15057,82.02,-0.00016,-0.00054
1779372101.5982,plane,1891,10,0.51792,0.24954,0.436400,1.01510,0.79218,103.65,-0.00007,-0.00726
1779372101.5982,plane,1891,11,0.49268,0.99653,0.002608,0.50098,0.03130,90.00,0.00000,0.00000
1779372101.7114,plane,1892,9,0.49535,0.50255,0.033510,0.15773,0.15054,81.92,0.00001,-0.00039
1779372101.7114,plane,1892,10,0.51835,0.24837,0.435326,1.01146,0.77659,103.42,0.00380,-0.01035
1779372101.7114,plane,1892,11,0.49268,0.99653,0.002608,0.50098,0.03130,90.00,0.00000,0.00000
1779372101.8066,plane,1893,9,0.49537,0.50257,0.033507,0.15775,0.15050,81.89,0.00024,0.00021
1779372101.8066,plane,1893,10,0.51798,0.24665,0.430505,1.00604,0.75947,101.36,-0.00385,-0.01814
1779372101.8066,plane,1893,11,0.49268,0.99653,0.002608,0.50098,0.03130,90.00,0.00000,0.00000
1779372101.9025,plane,1894,9,0.49536,0.50263,0.033495,0.15767,0.15051,81.97,-0.00017,0.00064
1779372101.9025,plane,1894,10,0.51787,0.24283,0.420668,0.99778,0.75109,100.48,-0.00116,-0.03946
1779372101.9025,plane,1894,11,0.49268,0.99653,0.002608,0.50098,0.03130,90.00,0.00000,0.00000
1779372101.9980,plane,1895,9,0.49534,0.50256,0.033508,0.15773,0.15054,82.02,-0.00018,-0.00081
1779372101.9980,plane,1895,10,0.51889,0.24541,0.427648,1.01012,0.77452,102.76,0.01062,0.02707
1779372101.9980,plane,1895,11,0.49268,0.99653,0.002608,0.50098,0.03130,90.00,0.00000,0.00000
1779372102.1104,plane,1896,9,0.49533,0.50259,0.033510,0.15768,0.15055,82.04,-0.00006,0.00028
1779372102.1104,plane,1896,10,0.51747,0.24548,0.427382,1.00565,0.76373,101.45,-0.01274,0.00058
1779372102.1104,plane,1896,11,0.49268,0.99653,0.002608,0.50098,0.03130,90.00,0.00000,0.00000
1779372102.2069,plane,1897,9,0.49533,0.50252,0.033505,0.15775,0.15053,81.76,-0.00007,-0.00067
1779372102.2069,plane,1897,10,0.51833,0.24388,0.423769,1.00088,0.75154,101.63,0.00885,-0.01645
1779372102.2069,plane,1897,11,0.49268,0.99653,0.002608,0.50098,0.03130,90.00,0.00000,0.00000
1779372102.3017,plane,1898,9,0.49534,0.50255,0.033513,0.15775,0.15054,82.10,0.00011,0.00024
1779372102.3017,plane,1898,10,0.51808,0.24771,0.433195,1.00439,0.76066,101.85,-0.00264,0.04047
1779372102.3017,plane,1898,11,0.49268,0.99653,0.002608,0.50098,0.03130,90.00,0.00000,0.00000
1779372102.3976,plane,1899,9,0.49534,0.50250,0.033505,0.15772,0.15052,81.95,0.00000,-0.00045
1779372102.3976,plane,1899,10,0.51868,0.24615,0.430378,1.00827,0.76556,102.22,0.00625,-0.01631
1779372102.3976,plane,1899,11,0.49268,0.99653,0.002608,0.50098,0.03130,90.00,0.00000,0.00000
1779372102.5106,plane,1900,9,0.49535,0.50250,0.033527,0.15781,0.15055,81.87,0.00016,0.00000
1779372102.5106,plane,1900,10,0.51766,0.25020,0.438612,1.00544,0.76990,102.81,-0.00906,0.03613
1779372102.5106,plane,1900,11,0.49268,0.99653,0.002608,0.50098,0.03130,90.00,0.00000,0.00000
1779372102.6067,plane,1901,9,0.49532,0.50253,0.033503,0.15770,0.15054,81.98,-0.00032,0.00030
1779372102.6067,plane,1901,10,0.51755,0.24646,0.429954,1.00541,0.76388,101.67,-0.00113,-0.03849
1779372102.6067,plane,1901,11,0.49268,0.99653,0.002608,0.50098,0.03130,90.00,0.00000,0.00000
1779372102.7020,plane,1902,9,0.49535,0.50253,0.033502,0.15769,0.15053,82.12,0.00027,-0.00003
1779372102.7020,plane,1902,10,0.51872,0.24233,0.423789,1.00988,0.76002,101.50,0.01224,-0.04342
1779372102.7020,plane,1902,11,0.49268,0.99653,0.002608,0.50098,0.03130,90.00,0.00000,0.00000
1779372102.7983,plane,1903,9,0.49534,0.50250,0.033485,0.15763,0.15053,82.02,-0.00008,-0.00031
1779372102.7983,plane,1903,10,0.51821,0.24254,0.421165,1.00229,0.75966,100.97,-0.00525,0.00222
1779372102.7983,plane,1903,11,0.49268,0.99653,0.002608,0.50098,0.03130,90.00,0.00000,0.00000
1779372102.9112,plane,1904,9,0.49536,0.50249,0.033471,0.15759,0.15051,82.11,0.00017,-0.00013
1779372102.9112,plane,1904,10,0.51748,0.23869,0.413325,1.00342,0.76527,100.53,-0.00650,-0.03405
1779372102.9112,plane,1904,11,0.49268,0.99653,0.002608,0.50098,0.03130,90.00,0.00000,0.00000
1779372103.0058,plane,1905,9,0.49533,0.50253,0.033496,0.15772,0.15052,82.02,-0.00029,0.00042
1779372103.0058,plane,1905,10,0.51783,0.24552,0.428240,0.99919,0.74421,101.06,0.00376,0.07233
1779372103.0058,plane,1905,11,0.49268,0.99653,0.002608,0.50098,0.03130,90.00,0.00000,0.00000
1779372103.1025,plane,1906,9,0.49533,0.50246,0.033510,0.15777,0.15052,81.81,0.00002,-0.00066
1779372103.1025,plane,1906,10,0.51738,0.24673,0.429840,1.00444,0.77316,101.94,-0.00467,0.01252
1779372103.1025,plane,1906,11,0.49268,0.99653,0.002608,0.50098,0.03130,90.00,0.00000,0.00000
1779372103.1975,plane,1907,9,0.49534,0.50254,0.033491,0.15766,0.15052,81.94,0.00008,0.00087
1779372103.1975,plane,1907,10,0.51802,0.24604,0.428953,1.00323,0.75383,101.44,0.00670,-0.00733
1779372103.1975,plane,1907,11,0.49268,0.99653,0.002608,0.50098,0.03130,90.00,0.00000,0.00000
1779372103.3097,plane,1908,9,0.49534,0.50244,0.033486,0.15773,0.15048,81.70,-0.00004,-0.00089
1779372103.3097,plane,1908,10,0.51809,0.24340,0.423253,1.00474,0.76432,101.61,0.00067,-0.02353
1779372103.3097,plane,1908,11,0.49268,0.99653,0.002608,0.50098,0.03130,90.00,0.00000,0.00000
1779372103.4056,plane,1909,9,0.49533,0.50251,0.033500,0.15773,0.15051,82.08,-0.00004,0.00067
1779372103.4056,plane,1909,10,0.51815,0.24292,0.422429,0.99842,0.74512,100.36,0.00065,-0.00497
1779372103.4056,plane,1909,11,0.49268,0.99653,0.002608,0.50098,0.03130,90.00,0.00000,0.00000
1779372103.5025,plane,1910,9,0.49535,0.50256,0.033498,0.15766,0.15053,82.05,0.00019,0.00052
1779372103.5025,plane,1910,10,0.51800,0.24358,0.424574,1.00145,0.74949,101.14,-0.00161,0.00689
1779372103.5025,plane,1910,11,0.49268,0.99653,0.002608,0.50098,0.03130,90.00,0.00000,0.00000
1779372103.5984,plane,1911,9,0.49534,0.50250,0.033502,0.15769,0.15054,81.98,-0.00009,-0.00057
1779372103.5984,plane,1911,10,0.51723,0.24484,0.422914,0.99968,0.76547,100.98,-0.00792,0.01295
1779372103.5984,plane,1911,11,0.49268,0.99653,0.002608,0.50098,0.03130,90.00,0.00000,0.00000
1779372103.7100,plane,1912,9,0.49534,0.50252,0.033493,0.15767,0.15051,81.93,0.00003,0.00016
1779372103.7100,plane,1912,10,0.51829,0.24289,0.423592,1.00438,0.75422,101.62,0.00946,-0.01742
1779372103.7100,plane,1912,11,0.49268,0.99653,0.002608,0.50098,0.03130,90.00,0.00000,0.00000
1779372103.8054,plane,1913,9,0.49535,0.50250,0.033500,0.15773,0.15050,82.10,0.00008,-0.00022
1779372103.8054,plane,1913,10,0.51848,0.24635,0.430306,1.01107,0.77643,102.97,0.00196,0.03635
1779372103.8054,plane,1913,11,0.49268,0.99653,0.002608,0.50098,0.03130,90.00,0.00000,0.00000
1779372103.9023,plane,1914,9,0.49533,0.50247,0.033488,0.15769,0.15049,81.71,-0.00026,-0.00028
1779372103.9023,plane,1914,10,0.51866,0.24342,0.426076,1.00725,0.74796,101.47,0.00184,-0.03010
1779372103.9023,plane,1914,11,0.49268,0.99653,0.002608,0.50098,0.03130,90.00,0.00000,0.00000
1779372103.9987,plane,1915,9,0.49534,0.50253,0.033498,0.15767,0.15055,81.86,0.00017,0.00059
1779372103.9987,plane,1915,10,0.51815,0.24377,0.424471,1.00232,0.75015,101.52,-0.00527,0.00361
1779372103.9987,plane,1915,11,0.49268,0.99653,0.002608,0.50098,0.03130,90.00,0.00000,0.00000
1779372104.1089,plane,1916,9,0.49534,0.50252,0.033491,0.15765,0.15053,82.24,0.00001,-0.00006
1779372104.1089,plane,1916,10,0.51797,0.24213,0.419778,1.00009,0.76064,100.75,-0.00163,-0.01484
1779372104.1089,plane,1916,11,0.49268,0.99653,0.002608,0.50098,0.03130,90.00,0.00000,0.00000
1779372104.2062,plane,1917,9,0.49534,0.50256,0.033508,0.15771,0.15054,82.11,-0.00008,0.00034
1779372104.2062,plane,1917,10,0.51864,0.24531,0.429723,1.00797,0.75811,101.94,0.00698,0.03290
1779372104.2062,plane,1917,11,0.49268,0.99653,0.002608,0.50098,0.03130,90.00,0.00000,0.00000
1779372104.3025,plane,1918,9,0.49534,0.50254,0.033508,0.15775,0.15054,81.93,-0.00001,-0.00019
1779372104.3025,plane,1918,10,0.51800,0.24638,0.431120,1.00732,0.76763,101.49,-0.00663,0.01107
1779372104.3025,plane,1918,11,0.49268,0.99653,0.002608,0.50098,0.03130,90.00,0.00000,0.00000
1779372104.3970,plane,1919,9,0.49534,0.50253,0.033515,0.15776,0.15054,82.31,0.00005,-0.00010
1779372104.3970,plane,1919,10,0.51812,0.24673,0.431980,1.00930,0.76715,101.72,0.00129,0.00368
1779372104.3970,plane,1919,11,0.49268,0.99653,0.002608,0.50098,0.03130,90.00,0.00000,0.00000
1779372104.5095,plane,1920,9,0.49535,0.50248,0.033529,0.15784,0.15053,81.75,0.00006,-0.00041
1779372104.5095,plane,1920,10,0.51805,0.25076,0.439473,1.01461,0.78445,103.64,-0.00061,0.03589
1779372104.5095,plane,1920,11,0.49268,0.99653,0.002608,0.50098,0.03130,90.00,0.00000,0.00000
1779372104.6057,plane,1921,9,0.49536,0.50249,0.033522,0.15779,0.15054,81.66,0.00009,0.00005
1779372104.6057,plane,1921,10,0.51833,0.25106,0.438895,1.00803,0.77184,102.97,0.00293,0.00309
1779372104.6057,plane,1921,11,0.49268,0.99653,0.002608,0.50098,0.03130,90.00,0.00000,0.00000
1779372104.7016,plane,1922,9,0.49534,0.50246,0.033486,0.15768,0.15049,82.11,-0.00021,-0.00031
1779372104.7016,plane,1922,10,0.51795,0.24494,0.426731,1.00242,0.76069,101.73,-0.00397,-0.06399
1779372104.7016,plane,1922,11,0.49268,0.99653,0.002608,0.50098,0.03130,90.00,0.00000,0.00000
1779372104.7974,plane,1923,9,0.49534,0.50251,0.033500,0.15769,0.15054,81.99,0.00002,0.00058
1779372104.7974,plane,1923,10,0.51860,0.24597,0.428558,1.00407,0.75842,102.35,0.00674,0.01078
1779372104.7974,plane,1923,11,0.49268,0.99653,0.002608,0.50098,0.03130,90.00,0.00000,0.00000
1779372104.9092,plane,1924,9,0.49533,0.50250,0.033507,0.15776,0.15052,82.02,-0.00007,-0.00014
1779372104.9092,plane,1924,10,0.51783,0.24594,0.428899,1.00709,0.76153,102.43,-0.00688,-0.00026
1779372104.9092,plane,1924,11,0.49268,0.99653,0.002608,0.50098,0.03130,90.00,0.00000,0.00000
1779372105.0048,plane,1925,9,0.49535,0.50255,0.033512,0.15778,0.15051,81.79,0.00015,0.00056
1779372105.0048,plane,1925,10,0.51808,0.24768,0.432390,1.00753,0.77293,102.26,0.00259,0.01817
1779372105.0048,plane,1925,11,0.49268,0.99653,0.002608,0.50098,0.03130,90.00,0.00000,0.00000
1779372105.1017,plane,1926,9,0.49533,0.50251,0.033502,0.15774,0.15049,82.15,-0.00018,-0.00049
1779372105.1017,plane,1926,10,0.51737,0.24803,0.433572,1.00144,0.75100,101.15,-0.00730,0.00356
1779372105.1017,plane,1926,11,0.49268,0.99653,0.002608,0.50098,0.03130,90.00,0.00000,0.00000
1779372105.1981,plane,1927,9,0.49533,0.50252,0.033498,0.15772,0.15053,81.71,0.00004,0.00018
1779372105.1981,plane,1927,10,0.51751,0.24446,0.426190,1.00383,0.75219,101.69,0.00142,-0.03726
1779372105.1981,plane,1927,11,0.49268,0.99653,0.002608,0.50098,0.03130,90.00,0.00000,0.00000
1779372105.3101,plane,1928,9,0.49532,0.50254,0.033493,0.15765,0.15055,82.01,-0.00008,0.00017
1779372105.3101,plane,1928,10,0.51888,0.24407,0.425463,1.00598,0.75606,101.48,0.01211,-0.00348
1779372105.3101,plane,1928,11,0.49268,0.99653,0.002608,0.50098,0.03130,90.00,0.00000,0.00000
1779372105.4049,plane,1929,9,0.49536,0.50252,0.033503,0.15773,0.15053,81.88,0.00040,-0.00028
1779372105.4049,plane,1929,10,0.51800,0.24499,0.426949,1.00446,0.75940,101.11,-0.00925,0.00973
1779372105.4049,plane,1929,11,0.49268,0.99653,0.002608,0.50098,0.03130,90.00,0.00000,0.00000
1779372105.5014,plane,1930,9,0.49533,0.50254,0.033505,0.15771,0.15054,82.05,-0.00036,0.00022
1779372105.5014,plane,1930,10,0.51819,0.24635,0.430189,1.00674,0.76602,102.14,0.00195,0.01415
1779372105.5014,plane,1930,11,0.49268,0.99653,0.002608,0.50098,0.03130,90.00,0.00000,0.00000
1779372105.5977,plane,1931,9,0.49532,0.50251,0.033507,0.15776,0.15052,81.83,-0.00010,-0.00032
1779372105.5977,plane,1931,10,0.51772,0.24742,0.431797,1.00461,0.76143,102.37,-0.00483,0.01108
1779372105.5977,plane,1931,11,0.49268,0.99653,0.002608,0.50098,0.03130,90.00,0.00000,0.00000
1779372105.7100,plane,1932,9,0.49533,0.50253,0.033512,0.15777,0.15053,81.98,0.00015,0.00026
1779372105.7100,plane,1932,10,0.51753,0.24834,0.433885,1.01485,0.78495,103.26,-0.00173,0.00817
1779372105.7100,plane,1932,11,0.49268,0.99653,0.002608,0.50098,0.03130,90.00,0.00000,0.00000
1779372105.8062,plane,1933,9,0.49533,0.50253,0.033502,0.15773,0.15053,82.21,0.00001,-0.00008
1779372105.8062,plane,1933,10,0.51855,0.24595,0.429204,1.00439,0.75931,101.68,0.01065,-0.02486
1779372105.8062,plane,1933,11,0.49268,0.99653,0.002608,0.50098,0.03130,90.00,0.00000,0.00000
1779372105.9026,plane,1934,9,0.49533,0.50252,0.033493,0.15769,0.15052,82.25,-0.00007,-0.00010
1779372105.9026,plane,1934,10,0.51784,0.24332,0.422262,1.00564,0.76665,101.63,-0.00739,-0.02737
1779372105.9026,plane,1934,11,0.49268,0.99653,0.002608,0.50098,0.03130,90.00,0.00000,0.00000
1779372105.9980,plane,1935,9,0.49532,0.50256,0.033512,0.15773,0.15053,82.07,-0.00011,0.00042
1779372105.9980,plane,1935,10,0.51830,0.24720,0.431837,1.01355,0.78529,103.58,0.00475,0.04032
1779372105.9980,plane,1935,11,0.49268,0.99653,0.002608,0.50098,0.03130,90.00,0.00000,0.00000
1779372106.1091,plane,1936,9,0.49533,0.50253,0.033510,0.15776,0.15053,81.75,0.00015,-0.00022
1779372106.1091,plane,1936,10,0.51886,0.24740,0.432719,1.01309,0.77719,103.04,0.00508,0.00180
1779372106.1091,plane,1936,11,0.49268,0.99653,0.002608,0.50098,0.03130,90.00,0.00000,0.00000
1779372106.2056,plane,1937,9,0.49534,0.50251,0.033508,0.15780,0.15050,81.94,0.00004,-0.00026
1779372106.2056,plane,1937,10,0.51815,0.24685,0.432392,1.01134,0.77369,102.40,-0.00744,-0.00570
1779372106.2056,plane,1937,11,0.49268,0.99653,0.002608,0.50098,0.03130,90.00,0.00000,0.00000
1779372106.3022,plane,1938,9,0.49533,0.50251,0.033496,0.15770,0.15052,81.91,-0.00008,0.00006
1779372106.3022,plane,1938,10,0.51805,0.24482,0.427151,1.00281,0.76092,101.43,-0.00102,-0.02106
1779372106.3022,plane,1938,11,0.49268,0.99653,0.002608,0.50098,0.03130,90.00,0.00000,0.00000
1779372106.3971,plane,1939,9,0.49532,0.50252,0.033502,0.15774,0.15053,81.81,-0.00007,0.00007
1779372106.3971,plane,1939,10,0.51833,0.24553,0.427873,1.00148,0.75176,101.43,0.00294,0.00748
1779372106.3971,plane,1939,11,0.49268,0.99653,0.002608,0.50098,0.03130,90.00,0.00000,0.00000
1779372106.5099,plane,1940,9,0.49533,0.50248,0.033505,0.15774,0.15052,81.89,0.00008,-0.00032
1779372106.5099,plane,1940,10,0.51870,0.24654,0.431519,1.00768,0.76860,101.82,0.00335,0.00893
1779372106.5099,plane,1940,11,0.49268,0.99653,0.002608,0.50098,0.03130,90.00,0.00000,0.00000
1779372106.6062,plane,1941,9,0.49534,0.50254,0.033518,0.15776,0.15054,82.21,0.00004,0.00053
1779372106.6062,plane,1941,10,0.51926,0.24911,0.438494,1.02148,0.79092,103.94,0.00577,0.02687
1779372106.6062,plane,1941,11,0.49268,0.99653,0.002608,0.50098,0.03130,90.00,0.00000,0.00000
1779372106.7026,plane,1942,9,0.49532,0.50256,0.033503,0.15774,0.15051,82.03,-0.00017,0.00030
1779372106.7026,plane,1942,10,0.51781,0.24625,0.429567,1.00347,0.75805,101.82,-0.01486,-0.02941
1779372106.7026,plane,1942,11,0.49268,0.99653,0.002608,0.50098,0.03130,90.00,0.00000,0.00000
1779372106.7976,plane,1943,9,0.49536,0.50255,0.033496,0.15770,0.15050,81.99,0.00040,-0.00017
1779372106.7976,plane,1943,10,0.51764,0.24589,0.427763,1.00065,0.75133,101.22,-0.00184,-0.00381
1779372106.7976,plane,1943,11,0.49268,0.99653,0.002608,0.50098,0.03130,90.00,0.00000,0.00000
1779372106.9111,plane,1944,9,0.49533,0.50259,0.033498,0.15772,0.15049,82.17,-0.00026,0.00039
1779372106.9111,plane,1944,10,0.51756,0.24500,0.425600,1.00090,0.75843,101.36,-0.00067,-0.00788
1779372106.9111,plane,1944,11,0.49268,0.99653,0.002608,0.50098,0.03130,90.00,0.00000,0.00000
1779372107.0066,plane,1945,9,0.49535,0.50254,0.033512,0.15774,0.15053,82.18,0.00022,-0.00053
1779372107.0066,plane,1945,10,0.51763,0.24548,0.428663,1.00591,0.75635,102.06,0.00076,0.00503
1779372107.0066,plane,1945,11,0.49268,0.99653,0.002608,0.50098,0.03130,90.00,0.00000,0.00000
1779372107.1018,plane,1946,9,0.49532,0.50255,0.033502,0.15768,0.15054,82.05,-0.00026,0.00010
1779372107.1018,plane,1946,10,0.51873,0.24473,0.427034,1.00285,0.75131,101.82,0.01155,-0.00788
1779372107.1018,plane,1946,11,0.49268,0.99653,0.002608,0.50098,0.03130,90.00,0.00000,0.00000
1779372107.1971,plane,1947,9,0.49533,0.50249,0.033517,0.15778,0.15055,81.76,0.00004,-0.00066
1779372107.1971,plane,1947,10,0.51770,0.24674,0.431278,1.00625,0.76478,102.33,-0.01088,0.02109
1779372107.1971,plane,1947,11,0.49268,0.99653,0.002608,0.50098,0.03130,90.00,0.00000,0.00000
1779372107.3107,plane,1948,9,0.49534,0.50244,0.033520,0.15779,0.15052,81.84,0.00010,-0.00045
1779372107.3107,plane,1948,10,0.51787,0.24880,0.436566,1.01613,0.79194,103.48,0.00156,0.01822
1779372107.3107,plane,1948,11,0.49268,0.99653,0.002608,0.50098,0.03130,90.00,0.00000,0.00000
1779372107.4063,plane,1949,9,0.49535,0.50247,0.033518,0.15777,0.15055,81.93,0.00008,0.00033
1779372107.4063,plane,1949,10,0.51769,0.24934,0.436927,1.00929,0.78071,102.64,-0.00191,0.00563
1779372107.4063,plane,1949,11,0.49268,0.99653,0.002608,0.50098,0.03130,90.00,0.00000,0.00000
1779372107.5017,plane,1950,9,0.49535,0.50244,0.033493,0.15771,0.15049,82.23,0.00000,-0.00029
1779372107.5017,plane,1950,10,0.51756,0.24454,0.426147,1.00004,0.75044,101.02,-0.00129,-0.05034
1779372107.5017,plane,1950,11,0.49268,0.99653,0.002608,0.50098,0.03130,90.00,0.00000,0.00000
1779372107.5986,plane,1951,9,0.49537,0.50253,0.033508,0.15774,0.15053,81.93,0.00025,0.00095
1779372107.5986,plane,1951,10,0.51772,0.24901,0.437664,1.00849,0.77140,102.44,0.00160,0.04649
1779372107.5986,plane,1951,11,0.49268,0.99653,0.002608,0.50098,0.03130,90.00,0.00000,0.00000
1779372107.7111,plane,1952,9,0.49535,0.50254,0.033515,0.15778,0.15053,81.93,-0.00021,0.00003
1779372107.7111,plane,1952,10,0.51754,0.24905,0.433673,1.00288,0.76794,102.75,-0.00159,0.00042
1779372107.7111,plane,1952,11,0.49268,0.99653,0.002608,0.50098,0.03130,90.00,0.00000,0.00000
1779372107.8053,plane,1953,9,0.49534,0.50253,0.033507,0.15774,0.15053,82.12,-0.00004,-0.00001
1779372107.8053,plane,1953,10,0.51777,0.24729,0.431007,1.00542,0.77387,102.23,0.00247,-0.01879
1779372107.8053,plane,1953,11,0.49268,0.99653,0.002608,0.50098,0.03130,90.00,0.00000,0.00000
1779372107.9020,plane,1954,9,0.49534,0.50251,0.033520,0.15777,0.15055,82.06,-0.00008,-0.00025
1779372107.9020,plane,1954,10,0.51828,0.25143,0.441445,1.01505,0.78726,103.56,0.00526,0.04309
1779372107.9020,plane,1954,11,0.49268,0.99653,0.002608,0.50098,0.03130,90.00,0.00000,0.00000
1779372107.9974,plane,1955,9,0.49532,0.50252,0.033495,0.15771,0.15052,82.04,-0.00020,0.00010
1779372107.9974,plane,1955,10,0.51803,0.24364,0.422840,0.99876,0.75019,101.19,-0.00255,-0.08149
1779372107.9974,plane,1955,11,0.49268,0.99653,0.002608,0.50098,0.03130,90.00,0.00000,0.00000
1779372108.1097,plane,1956,9,0.49535,0.50250,0.033515,0.15777,0.15054,81.97,0.00029,-0.00018
1779372108.1097,plane,1956,10,0.51774,0.24613,0.429676,1.00200,0.75226,101.16,-0.00258,0.02213
1779372108.1097,plane,1956,11,0.49268,0.99653,0.002608,0.50098,0.03130,90.00,0.00000,0.00000
1779372108.2056,plane,1957,9,0.49536,0.50254,0.033513,0.15777,0.15053,81.72,0.00007,0.00038
1779372108.2056,plane,1957,10,0.51799,0.24659,0.432071,1.00909,0.75682,101.83,0.00256,0.00485
1779372108.2056,plane,1957,11,0.49268,0.99653,0.002608,0.50098,0.03130,90.00,0.00000,0.00000
1779372108.3022,plane,1958,9,0.49531,0.50242,0.033485,0.15769,0.15049,81.73,-0.00051,-0.00119
1779372108.3022,plane,1958,10,0.51883,0.24006,0.420946,1.01195,0.74878,100.50,0.00879,-0.06816
1779372108.3022,plane,1958,11,0.49268,0.99653,0.002608,0.50098,0.03130,90.00,0.00000,0.00000
1779372108.3986,plane,1959,9,0.49533,0.50251,0.033496,0.15767,0.15054,82.03,0.00026,0.00090
1779372108.3986,plane,1959,10,0.51809,0.24590,0.428070,0.99892,0.74060,101.14,-0.00763,0.06011
1779372108.3986,plane,1959,11,0.49268,0.99653,0.002608,0.50098,0.03130,90.00,0.00000,0.00000
1779372108.5096,plane,1960,9,0.49536,0.50243,0.033508,0.15778,0.15052,82.01,0.00029,-0.00074
1779372108.5096,plane,1960,10,0.51835,0.24745,0.433868,1.01113,0.77053,102.67,0.00236,0.01392
1779372108.5096,plane,1960,11,0.49268,0.99653,0.002608,0.50098,0.03130,90.00,0.00000,0.00000
1779372108.6055,plane,1961,9,0.49534,0.50246,0.033517,0.15778,0.15055,81.96,-0.00026,0.00037
1779372108.6055,plane,1961,10,0.51821,0.24830,0.434138,1.00829,0.77028,103.22,-0.00143,0.00886
1779372108.6055,plane,1961,11,0.49268,0.99653,0.002608,0.50098,0.03130,90.00,0.00000,0.00000
1779372108.7016,plane,1962,9,0.49533,0.50251,0.033512,0.15779,0.15052,81.98,-0.00012,0.00048
1779372108.7016,plane,1962,10,0.51794,0.24699,0.430478,1.00331,0.76226,102.09,-0.00287,-0.01360
1779372108.7016,plane,1962,11,0.49268,0.99653,0.002608,0.50098,0.03130,90.00,0.00000,0.00000
1779372108.7975,plane,1963,9,0.49535,0.50245,0.033486,0.15770,0.15050,82.07,0.00020,-0.00062
1779372108.7975,plane,1963,10,0.51651,0.24219,0.421729,0.99499,0.73133,99.32,-0.01489,-0.05005
1779372108.7975,plane,1963,11,0.49268,0.99653,0.002608,0.50098,0.03130,90.00,0.00000,0.00000
1779372108.9093,plane,1964,9,0.49536,0.50248,0.033493,0.15771,0.15052,82.06,0.00014,0.00029
1779372108.9093,plane,1964,10,0.51814,0.24478,0.427463,1.00111,0.73354,100.62,0.01458,0.02323
1779372108.9093,plane,1964,11,0.49268,0.99653,0.002608,0.50098,0.03130,90.00,0.00000,0.00000
1779372109.0056,plane,1965,9,0.49534,0.50249,0.033491,0.15771,0.15049,82.09,-0.00023,0.00006
1779372109.0056,plane,1965,10,0.51845,0.24586,0.429243,1.00068,0.74871,101.65,0.00322,0.01130
1779372109.0056,plane,1965,11,0.49268,0.99653,0.002608,0.50098,0.03130,90.00,0.00000,0.00000
1779372109.1021,plane,1966,9,0.49534,0.50245,0.033505,0.15779,0.15050,81.76,0.00005,-0.00042
1779372109.1021,plane,1966,10,0.51760,0.24695,0.430584,1.00109,0.75923,101.50,-0.00874,0.01121
1779372109.1021,plane,1966,11,0.49268,0.99653,0.002608,0.50098,0.03130,90.00,0.00000,0.00000
1779372109.1967,plane,1967,9,0.49533,0.50246,0.033515,0.15779,0.15051,81.81,-0.00013,0.00009
1779372109.1967,plane,1967,10,0.51822,0.24995,0.439136,1.00855,0.76128,102.15,0.00657,0.03166
1779372109.1967,plane,1967,11,0.49268,0.99653,0.002608,0.50098,0.03130,90.00,0.00000,0.00000
1779372109.3107,plane,1968,9,0.49534,0.50249,0.033510,0.15780,0.15050,82.01,0.00004,0.00034
1779372109.3107,plane,1968,10,0.51860,0.24827,0.436732,1.01017,0.76266,102.64,0.00330,-0.01478
1779372109.3107,plane,1968,11,0.49268,0.99653,0.002608,0.50098,0.03130,90.00,0.00000,0.00000
1779372109.4063,plane,1969,9,0.49533,0.50247,0.033491,0.15771,0.15051,82.32,-0.00010,-0.00028
1779372109.4063,plane,1969,10,0.51871,0.24710,0.430851,1.00705,0.77112,102.58,0.00115,-0.01215
1779372109.4063,plane,1969,11,0.49268,0.99653,0.002608,0.50098,0.03130,90.00,0.00000,0.00000
1779372109.5017,plane,1970,9,0.49532,0.50249,0.033495,0.15773,0.15049,82.25,-0.00010,0.00020
1779372109.5017,plane,1970,10,0.51827,0.24583,0.429637,1.00838,0.76554,101.81,-0.00455,-0.01336
1779372109.5017,plane,1970,11,0.49268,0.99653,0.002608,0.50098,0.03130,90.00,0.00000,0.00000
1779372109.5976,plane,1971,9,0.49532,0.50250,0.033502,0.15777,0.15050,81.93,-0.00001,0.00013
1779372109.5976,plane,1971,10,0.51827,0.24796,0.434635,1.00714,0.76595,101.85,0.00000,0.02225
1779372109.5976,plane,1971,11,0.49268,0.99653,0.002608,0.50098,0.03130,90.00,0.00000,0.00000
1779372109.7104,plane,1972,9,0.49534,0.50245,0.033505,0.15773,0.15053,81.85,0.00020,-0.00045
1779372109.7104,plane,1972,10,0.51852,0.24823,0.433368,1.01297,0.78242,103.39,0.00226,0.00243
1779372109.7104,plane,1972,11,0.49268,0.99653,0.002608,0.50098,0.03130,90.00,0.00000,0.00000
1779372109.8064,plane,1973,9,0.49529,0.50250,0.033493,0.15770,0.15052,81.89,-0.00052,0.00052
1779372109.8064,plane,1973,10,0.51780,0.24584,0.428555,1.00923,0.77374,102.41,-0.00749,-0.02469
1779372109.8064,plane,1973,11,0.49268,0.99653,0.002608,0.50098,0.03130,90.00,0.00000,0.00000
1779372109.8973,plane,1974,9,0.49533,0.50243,0.033498,0.15776,0.15048,81.82,0.00042,-0.00074
1779372109.8973,plane,1974,10,0.51793,0.24532,0.427105,1.00979,0.77647,102.19,0.00147,-0.00569
1779372109.8973,plane,1974,11,0.49268,0.99653,0.002608,0.50098,0.03130,90.00,0.00000,0.00000
1779372109.9973,plane,1975,9,0.49535,0.50257,0.033518,0.15772,0.15057,82.27,0.00023,0.00139
1779372109.9973,plane,1975,10,0.51751,0.24945,0.435560,1.01179,0.78532,103.68,-0.00423,0.04148
1779372109.9973,plane,1975,11,0.49268,0.99653,0.002608,0.50098,0.03130,90.00,0.00000,0.00000
1779372110.1099,plane,1976,9,0.49535,0.50250,0.033530,0.15782,0.15055,81.93,-0.00003,-0.00058
1779372110.1099,plane,1976,10,0.51692,0.25233,0.442208,1.01831,0.79282,104.22,-0.00526,0.02556
1779372110.1099,plane,1976,11,0.49268,0.99653,0.002608,0.50098,0.03130,90.00,0.00000,0.00000
1779372110.2055,plane,1977,9,0.49533,0.50252,0.033527,0.15779,0.15055,81.77,-0.00023,0.00017
1779372110.2055,plane,1977,10,0.51810,0.24964,0.437171,1.01250,0.77881,103.15,0.01230,-0.02807
1779372110.2055,plane,1977,11,0.49268,0.99653,0.002608,0.50098,0.03130,90.00,0.00000,0.00000
1779372110.3014,plane,1978,9,0.49535,0.50236,0.033520,0.15778,0.15059,81.57,0.00028,-0.00165
1779372110.3014,plane,1978,10,0.51865,0.24798,0.434787,1.01181,0.77186,102.86,0.00576,-0.01732
1779372110.3014,plane,1978,11,0.49268,0.99653,0.002608,0.50098,0.03130,90.00,0.00000,0.00000
1779372110.3985,plane,1979,9,0.49534,0.50242,0.033500,0.15776,0.15049,81.68,-0.00016,0.00056
1779372110.3985,plane,1979,10,0.51800,0.24580,0.429345,1.00319,0.75335,101.10,-0.00673,-0.02263
1779372110.3985,plane,1979,11,0.49268,0.99653,0.002608,0.50098,0.03130,90.00,0.00000,0.00000
1779372110.5099,plane,1980,9,0.49533,0.50243,0.033496,0.15776,0.15048,81.64,-0.00006,0.00010
1779372110.5099,plane,1980,10,0.51749,0.24597,0.427953,1.00210,0.75131,101.10,-0.00460,0.00145
1779372110.5099,plane,1980,11,0.49268,0.99653,0.002608,0.50098,0.03130,90.00,0.00000,0.00000
1779372110.6053,plane,1981,9,0.49533,0.50247,0.033508,0.15772,0.15054,82.06,0.00004,0.00040
1779372110.6053,plane,1981,10,0.51829,0.24699,0.430818,1.00329,0.76303,101.53,0.00846,0.01073
1779372110.6053,plane,1981,11,0.49268,0.99653,0.002608,0.50098,0.03130,90.00,0.00000,0.00000
1779372110.7027,plane,1982,9,0.49533,0.50241,0.033483,0.15768,0.15049,82.08,-0.00007,-0.00062
1779372110.7027,plane,1982,10,0.51781,0.24442,0.425618,1.00438,0.75236,101.37,-0.00498,-0.02660
1779372110.7027,plane,1982,11,0.49268,0.99653,0.002608,0.50098,0.03130,90.00,0.00000,0.00000
1779372110.7987,plane,1983,9,0.49534,0.50248,0.033502,0.15777,0.15050,82.09,0.00016,0.00073
1779372110.7987,plane,1983,10,0.51849,0.24813,0.434674,1.01249,0.77057,103.90,0.00704,0.03824
1779372110.7987,plane,1983,11,0.49268,0.99653,0.002608,0.50098,0.03130,90.00,0.00000,0.00000
1779372110.9105,plane,1984,9,0.49533,0.50244,0.033486,0.15771,0.15049,81.76,-0.00015,-0.00038
1779372110.9105,plane,1984,10,0.51822,0.24554,0.427709,1.00693,0.76092,102.01,-0.00249,-0.02316
1779372110.9105,plane,1984,11,0.49268,0.99653,0.002608,0.50098,0.03130,90.00,0.00000,0.00000
1779372111.0055,plane,1985,9,0.49536,0.50247,0.033525,0.15781,0.15054,81.95,0.00031,0.00042
1779372111.0055,plane,1985,10,0.51729,0.25150,0.440635,1.00727,0.77068,102.20,-0.00975,0.06268
1779372111.0055,plane,1985,11,0.49268,0.99653,0.002608,0.50098,0.03130,90.00,0.00000,0.00000
1779372111.1014,plane,1986,9,0.49533,0.50243,0.033485,0.15772,0.15048,82.08,-0.00032,-0.00043
1779372111.1014,plane,1986,10,0.51883,0.24587,0.428986,1.00314,0.75677,101.73,0.01603,-0.05856
1779372111.1014,plane,1986,11,0.49268,0.99653,0.002608,0.50098,0.03130,90.00,0.00000,0.00000
1779372111.1966,plane,1987,9,0.49532,0.50244,0.033500,0.15778,0.15047,81.80,-0.00010,0.00004
1779372111.1966,plane,1987,10,0.51795,0.24598,0.429501,1.00437,0.75165,101.65,-0.00925,0.00114
1779372111.1966,plane,1987,11,0.49268,0.99653,0.002608,0.50098,0.03130,90.00,0.00000,0.00000
1779372111.3092,plane,1988,9,0.49533,0.50244,0.033498,0.15774,0.15050,82.04,0.00008,0.00001
1779372111.3092,plane,1988,10,0.51833,0.24605,0.431241,1.00489,0.75275,101.36,0.00335,0.00064
1779372111.3092,plane,1988,11,0.49268,0.99653,0.002608,0.50098,0.03130,90.00,0.00000,0.00000
1779372111.4060,plane,1989,9,0.49533,0.50252,0.033517,0.15780,0.15051,81.96,0.00000,0.00086
1779372111.4060,plane,1989,10,0.51738,0.24834,0.434514,1.00369,0.76221,102.00,-0.00986,0.02381
1779372111.4060,plane,1989,11,0.49268,0.99653,0.002608,0.50098,0.03130,90.00,0.00000,0.00000
1779372111.5028,plane,1990,9,0.49535,0.50251,0.033517,0.15782,0.15052,82.10,0.00020,-0.00015
1779372111.5028,plane,1990,10,0.51799,0.24784,0.435818,1.00624,0.75416,101.10,0.00629,-0.00510
1779372111.5028,plane,1990,11,0.49268,0.99653,0.002608,0.50098,0.03130,90.00,0.00000,0.00000
1779372111.5970,plane,1991,9,0.49533,0.50249,0.033503,0.15771,0.15052,81.92,-0.00021,-0.00014
1779372111.5970,plane,1991,10,0.51755,0.24608,0.429774,1.00518,0.76387,101.20,-0.00465,-0.01869
1779372111.5970,plane,1991,11,0.49268,0.99653,0.002608,0.50098,0.03130,90.00,0.00000,0.00000
1779372111.7095,plane,1992,9,0.49532,0.50246,0.033507,0.15777,0.15051,81.79,-0.00006,-0.00026
1779372111.7095,plane,1992,10,0.51789,0.24656,0.430315,1.00384,0.76008,101.25,0.00297,0.00422
1779372111.7095,plane,1992,11,0.49268,0.99653,0.002608,0.50098,0.03130,90.00,0.00000,0.00000
1779372111.8057,plane,1993,9,0.49532,0.50244,0.033498,0.15769,0.15055,81.70,0.00003,-0.00019
1779372111.8057,plane,1993,10,0.51844,0.24618,0.429679,1.00897,0.77228,102.21,0.00573,-0.00389
1779372111.8057,plane,1993,11,0.49268,0.99653,0.002608,0.50098,0.03130,90.00,0.00000,0.00000
1779372111.9026,plane,1994,9,0.49533,0.50247,0.033505,0.15774,0.15053,81.75,0.00006,0.00026
1779372111.9026,plane,1994,10,0.51789,0.24671,0.430257,1.00369,0.76597,101.11,-0.00566,0.00543
1779372111.9026,plane,1994,11,0.49268,0.99653,0.002608,0.50098,0.03130,90.00,0.00000,0.00000
1779372111.9983,plane,1995,9,0.49533,0.50246,0.033520,0.15780,0.15051,81.91,-0.00004,-0.00015
1779372111.9983,plane,1995,10,0.51736,0.25169,0.438792,1.00750,0.78500,103.16,-0.00552,0.05238
1779372111.9983,plane,1995,11,0.49268,0.99653,0.002608,0.50098,0.03130,90.00,0.00000,0.00000
1779372112.1111,plane,1996,9,0.49534,0.50249,0.033520,0.15777,0.15056,81.74,0.00017,0.00026
1779372112.1111,plane,1996,10,0.51742,0.24793,0.432312,1.00434,0.77074,101.85,0.00051,-0.03341
1779372112.1111,plane,1996,11,0.49268,0.99653,0.002608,0.50098,0.03130,90.00,0.00000,0.00000
1779372112.2067,plane,1997,9,0.49534,0.50246,0.033505,0.15773,0.15056,82.01,-0.00006,-0.00022
1779372112.2067,plane,1997,10,0.51735,0.24600,0.427768,0.99884,0.75366,101.18,-0.00073,-0.02008
1779372112.2067,plane,1997,11,0.49268,0.99653,0.002608,0.50098,0.03130,90.00,0.00000,0.00000
1779372112.3018,plane,1998,9,0.49535,0.50242,0.033498,0.15774,0.15051,81.79,0.00008,-0.00050
1779372112.3018,plane,1998,10,0.51762,0.24539,0.427658,1.00719,0.76996,102.03,0.00286,-0.00640
1779372112.3018,plane,1998,11,0.49268,0.99653,0.002608,0.50098,0.03130,90.00,0.00000,0.00000
1779372112.3979,plane,1999,9,0.49534,0.50240,0.033495,0.15775,0.15048,81.80,-0.00011,-0.00014
1779372112.3979,plane,1999,10,0.51820,0.24488,0.426841,1.00173,0.74976,101.39,0.00602,-0.00536
1779372112.3979,plane,1999,11,0.49268,0.99653,0.002608,0.50098,0.03130,90.00,0.00000,0.00000
1779372112.5102,plane,2000,9,0.49533,0.50241,0.033495,0.15772,0.15051,81.94,-0.00005,0.00008
1779372112.5102,plane,2000,10,0.51781,0.24611,0.428182,1.00106,0.75087,101.83,-0.00344,0.01087
1779372112.5102,plane,2000,11,0.49268,0.99653,0.002608,0.50098,0.03130,90.00,0.00000,0.00000
1779372112.6059,plane,2001,9,0.49533,0.50242,0.033498,0.15772,0.15048,81.74,-0.00003,0.00011
1779372112.6059,plane,2001,10,0.51771,0.24511,0.426765,1.00494,0.76393,101.28,-0.00103,-0.01040
1779372112.6059,plane,2001,11,0.49268,0.99653,0.002608,0.50098,0.03130,90.00,0.00000,0.00000
1779372112.7016,plane,2002,9,0.49535,0.50244,0.033502,0.15772,0.15051,82.16,0.00020,0.00018
1779372112.7016,plane,2002,10,0.51809,0.24674,0.431812,1.00451,0.75543,101.41,0.00403,0.01698
1779372112.7016,plane,2002,11,0.49268,0.99653,0.002608,0.50098,0.03130,90.00,0.00000,0.00000
1779372112.7993,plane,2003,9,0.49535,0.50242,0.033496,0.15772,0.15050,82.05,0.00001,-0.00023
1779372112.7993,plane,2003,10,0.51821,0.24695,0.431722,1.00557,0.76277,102.23,0.00116,0.00222
1779372112.7993,plane,2003,11,0.49268,0.99653,0.002608,0.50098,0.03130,90.00,0.00000,0.00000
1779372112.9110,plane,2004,9,0.49533,0.50246,0.033496,0.15773,0.15050,81.88,-0.00013,0.00038
1779372112.9110,plane,2004,10,0.51753,0.24625,0.429601,1.00229,0.75679,101.38,-0.00598,-0.00629
1779372112.9110,plane,2004,11,0.49268,0.99653,0.002608,0.50098,0.03130,90.00,0.00000,0.00000
1779372113.0056,plane,2005,9,0.49532,0.50241,0.033479,0.15765,0.15050,82.03,-0.00008,-0.00054
1779372113.0056,plane,2005,10,0.51788,0.24242,0.422106,1.00405,0.76915,101.18,0.00367,-0.04046
1779372113.0056,plane,2005,11,0.49268,0.99653,0.002608,0.50098,0.03130,90.00,0.00000,0.00000
1779372113.1026,plane,2006,9,0.49532,0.50247,0.033495,0.15771,0.15048,82.12,-0.00001,0.00062
1779372113.1026,plane,2006,10,0.51924,0.24260,0.425461,1.01361,0.76646,101.13,0.01417,0.00182
1779372113.1026,plane,2006,11,0.49268,0.99653,0.002608,0.50098,0.03130,90.00,0.00000,0.00000
1779372113.1983,plane,2007,9,0.49533,0.50242,0.033491,0.15774,0.15048,81.65,0.00007,-0.00056
1779372113.1983,plane,2007,10,0.51814,0.24555,0.428073,1.00823,0.77256,102.25,-0.01138,0.03047
1779372113.1983,plane,2007,11,0.49268,0.99653,0.002608,0.50098,0.03130,90.00,0.00000,0.00000
1779372113.3091,plane,2008,9,0.49533,0.50244,0.033510,0.15778,0.15050,81.75,0.00002,0.00025
1779372113.3091,plane,2008,10,0.51834,0.24963,0.437105,1.01021,0.78295,103.11,0.00179,0.03690
1779372113.3091,plane,2008,11,0.49268,0.99653,0.002608,0.50098,0.03130,90.00,0.00000,0.00000
1779372113.4059,plane,2009,9,0.49533,0.50246,0.033505,0.15779,0.15048,81.76,-0.00002,0.00020
1779372113.4059,plane,2009,10,0.51773,0.24772,0.430966,1.00132,0.76034,101.56,-0.00632,-0.01984
1779372113.4059,plane,2009,11,0.49268,0.99653,0.002608,0.50098,0.03130,90.00,0.00000,0.00000
1779372113.5009,plane,2010,9,0.49533,0.50242,0.033505,0.15777,0.15050,81.59,0.00003,-0.00041
1779372113.5009,plane,2010,10,0.51861,0.24654,0.430940,1.01188,0.76550,102.72,0.00933,-0.01251
1779372113.5009,plane,2010,11,0.49268,0.99653,0.002608,0.50098,0.03130,90.00,0.00000,0.00000
1779372113.5984,plane,2011,9,0.49533,0.50247,0.033512,0.15778,0.15052,81.79,-0.00004,0.00042
1779372113.5984,plane,2011,10,0.51784,0.25148,0.440614,1.00980,0.77055,102.78,-0.00784,0.05028
1779372113.5984,plane,2011,11,0.49268,0.99653,0.002608,0.50098,0.03130,90.00,0.00000,0.00000
1779372113.7096,plane,2012,9,0.49534,0.50244,0.033500,0.15772,0.15053,81.98,0.00010,-0.00019
1779372113.7096,plane,2012,10,0.51763,0.24717,0.429606,0.99714,0.74995,101.33,-0.00192,-0.03880
1779372113.7096,plane,2012,11,0.49268,0.99653,0.002608,0.50098,0.03130,90.00,0.00000,0.00000
1779372113.8065,plane,2013,9,0.49533,0.50248,0.033510,0.15779,0.15050,82.13,-0.00009,0.00037
1779372113.8065,plane,2013,10,0.51706,0.24966,0.434072,1.00236,0.76239,102.49,-0.00593,0.02596
1779372113.8065,plane,2013,11,0.49268,0.99653,0.002608,0.50098,0.03130,90.00,0.00000,0.00000
1779372113.9026,plane,2014,9,0.49534,0.50241,0.033513,0.15781,0.15048,81.78,0.00006,-0.00073
1779372113.9026,plane,2014,10,0.51776,0.25019,0.438599,1.01103,0.77286,102.76,0.00724,0.00552
1779372113.9026,plane,2014,11,0.49268,0.99653,0.002608,0.50098,0.03130,90.00,0.00000,0.00000
1779372113.9971,plane,2015,9,0.49533,0.50246,0.033505,0.15778,0.15047,81.88,-0.00011,0.00056
1779372113.9971,plane,2015,10,0.51849,0.24597,0.429937,1.00148,0.74062,101.01,0.00772,-0.04469
1779372113.9971,plane,2015,11,0.49268,0.99653,0.002608,0.50098,0.03130,90.00,0.00000,0.00000
1779372114.1098,plane,2016,9,0.49534,0.50244,0.033512,0.15778,0.15050,81.83,0.00012,-0.00017
1779372114.1098,plane,2016,10,0.51785,0.24850,0.434582,1.00572,0.77386,102.15,-0.00571,0.02255
1779372114.1098,plane,2016,11,0.49268,0.99653,0.002608,0.50098,0.03130,90.00,0.00000,0.00000
1779372114.2056,plane,2017,9,0.49534,0.50249,0.033498,0.15770,0.15055,81.82,-0.00004,0.00053
1779372114.2056,plane,2017,10,0.51753,0.24605,0.429472,1.00517,0.76480,101.53,-0.00340,-0.02553
1779372114.2056,plane,2017,11,0.49268,0.99653,0.002608,0.50098,0.03130,90.00,0.00000,0.00000
1779372114.3019,plane,2018,9,0.49535,0.50247,0.033517,0.15782,0.15053,81.80,0.00009,-0.00021
1779372114.3019,plane,2018,10,0.51826,0.24781,0.433546,1.00929,0.76050,102.65,0.00759,0.01829
1779372114.3019,plane,2018,11,0.49268,0.99653,0.002608,0.50098,0.03130,90.00,0.00000,0.00000
1779372114.3977,plane,2019,9,0.49534,0.50249,0.033515,0.15777,0.15053,82.12,-0.00006,0.00021
1779372114.3977,plane,2019,10,0.51824,0.24738,0.432139,1.00567,0.76139,102.60,-0.00017,-0.00442
1779372114.3977,plane,2019,11,0.49268,0.99653,0.002608,0.50098,0.03130,90.00,0.00000,0.00000
1779372114.5104,plane,2020,9,0.49536,0.50248,0.033535,0.15786,0.15054,81.70,0.00014,-0.00009
1779372114.5104,plane,2020,10,0.51803,0.25292,0.444668,1.02144,0.80345,105.23,-0.00191,0.04949
1779372114.5104,plane,2020,11,0.49268,0.99653,0.002608,0.50098,0.03130,90.00,0.00000,0.00000
1779372114.6067,plane,2021,9,0.49533,0.50249,0.033518,0.15776,0.15055,82.03,-0.00024,0.00006
1779372114.6067,plane,2021,10,0.51825,0.24701,0.431792,1.00929,0.76642,102.33,0.00232,-0.06077
1779372114.6067,plane,2021,11,0.49268,0.99653,0.002608,0.50098,0.03130,90.00,0.00000,0.00000
1779372114.7021,plane,2022,9,0.49532,0.50248,0.033502,0.15772,0.15051,81.69,-0.00009,-0.00011
1779372114.7021,plane,2022,10,0.51822,0.24616,0.429747,1.00637,0.76561,101.89,-0.00035,-0.00888
1779372114.7021,plane,2022,11,0.49268,0.99653,0.002608,0.50098,0.03130,90.00,0.00000,0.00000
1779372114.7978,plane,2023,9,0.49534,0.50238,0.033490,0.15774,0.15049,81.88,0.00020,-0.00107
1779372114.7978,plane,2023,10,0.51748,0.24650,0.429094,1.00238,0.75011,101.44,-0.00773,0.00360
1779372114.7978,plane,2023,11,0.49268,0.99653,0.002608,0.50098,0.03130,90.00,0.00000,0.00000
1779372114.9098,plane,2024,9,0.49532,0.50244,0.033507,0.15776,0.15051,81.58,-0.00020,0.00058
1779372114.9098,plane,2024,10,0.51914,0.24640,0.430608,1.00921,0.76273,102.42,0.01487,-0.00097
1779372114.9098,plane,2024,11,0.49268,0.99653,0.002608,0.50098,0.03130,90.00,0.00000,0.00000
1779372115.0057,plane,2025,9,0.49535,0.50247,0.033520,0.15780,0.15054,81.90,0.00027,0.00032
1779372115.0057,plane,2025,10,0.51773,0.24913,0.436615,1.01131,0.77652,103.31,-0.01470,0.02846
1779372115.0057,plane,2025,11,0.49268,0.99653,0.002608,0.50098,0.03130,90.00,0.00000,0.00000
1779372115.1017,plane,2026,9,0.49534,0.50247,0.033507,0.15776,0.15052,82.09,-0.00003,-0.00001
1779372115.1017,plane,2026,10,0.51824,0.25015,0.438461,1.00732,0.76690,102.54,0.00525,0.01067
1779372115.1017,plane,2026,11,0.49268,0.99653,0.002608,0.50098,0.03130,90.00,0.00000,0.00000
1779372115.1982,plane,2027,9,0.49533,0.50246,0.033496,0.15773,0.15050,81.97,-0.00018,-0.00014
1779372115.1982,plane,2027,10,0.51777,0.24608,0.429876,1.00597,0.75849,101.59,-0.00491,-0.04250
1779372115.1982,plane,2027,11,0.49268,0.99653,0.002608,0.50098,0.03130,90.00,0.00000,0.00000
1779372115.3107,plane,2028,9,0.49534,0.50250,0.033524,0.15779,0.15056,81.89,0.00010,0.00033
1779372115.3107,plane,2028,10,0.51800,0.24900,0.435179,1.01261,0.78513,103.31,0.00209,0.02573
1779372115.3107,plane,2028,11,0.49268,0.99653,0.002608,0.50098,0.03130,90.00,0.00000,0.00000
1779372115.4051,plane,2029,9,0.49534,0.50250,0.033517,0.15780,0.15051,82.01,0.00002,0.00003
1779372115.4051,plane,2029,10,0.51754,0.24832,0.433111,1.00423,0.76579,101.51,-0.00493,-0.00718
1779372115.4051,plane,2029,11,0.49268,0.99653,0.002608,0.50098,0.03130,90.00,0.00000,0.00000
1779372115.5016,plane,2030,9,0.49533,0.50250,0.033512,0.15772,0.15055,81.94,-0.00010,0.00005
1779372115.5016,plane,2030,10,0.51757,0.24794,0.433965,1.01100,0.77473,102.50,0.00034,-0.00398
1779372115.5016,plane,2030,11,0.49268,0.99653,0.002608,0.50098,0.03130,90.00,0.00000,0.00000
1779372115.5977,plane,2031,9,0.49532,0.50246,0.033502,0.15774,0.15052,81.65,-0.00008,-0.00049
1779372115.5977,plane,2031,10,0.51809,0.24588,0.427880,1.00673,0.76896,101.90,0.00535,-0.02144
1779372115.5977,plane,2031,11,0.49268,0.99653,0.002608,0.50098,0.03130,90.00,0.00000,0.00000
1779372115.7095,plane,2032,9,0.49533,0.50246,0.033505,0.15772,0.15053,82.05,0.00011,0.00000
1779372115.7095,plane,2032,10,0.51812,0.24510,0.427405,1.00336,0.75612,101.24,0.00030,-0.00698
1779372115.7095,plane,2032,11,0.49268,0.99653,0.002608,0.50098,0.03130,90.00,0.00000,0.00000
1779372115.8054,plane,2033,9,0.49534,0.50248,0.033532,0.15781,0.15057,81.88,0.00010,0.00027
1779372115.8054,plane,2033,10,0.51750,0.25215,0.442410,1.00996,0.77881,103.43,-0.00650,0.07359
1779372115.8054,plane,2033,11,0.49268,0.99653,0.002608,0.50098,0.03130,90.00,0.00000,0.00000
1779372115.9026,plane,2034,9,0.49534,0.50240,0.033502,0.15776,0.15050,81.93,-0.00000,-0.00081
1779372115.9026,plane,2034,10,0.51822,0.24655,0.429576,1.00212,0.75272,101.72,0.00752,-0.05805
1779372115.9026,plane,2034,11,0.49268,0.99653,0.002608,0.50098,0.03130,90.00,0.00000,0.00000
1779372115.9995,plane,2035,9,0.49534,0.50239,0.033493,0.15770,0.15048,82.02,-0.00007,-0.00013
1779372115.9995,plane,2035,10,0.51851,0.24513,0.427431,1.00291,0.74615,101.79,0.00297,-0.01460
1779372115.9995,plane,2035,11,0.49268,0.99653,0.002608,0.50098,0.03130,90.00,0.00000,0.00000
1779372116.1089,plane,2036,9,0.49531,0.50239,0.033490,0.15770,0.15049,82.04,-0.00022,-0.00001
1779372116.1089,plane,2036,10,0.51805,0.24522,0.428160,1.00486,0.75253,101.46,-0.00423,0.00086
1779372116.1089,plane,2036,11,0.49268,0.99653,0.002608,0.50098,0.03130,90.00,0.00000,0.00000
1779372116.2068,plane,2037,9,0.49533,0.50238,0.033490,0.15771,0.15049,81.83,0.00015,-0.00012
1779372116.2068,plane,2037,10,0.51753,0.24510,0.426821,1.00317,0.75525,101.52,-0.00528,-0.00124
1779372116.2068,plane,2037,11,0.49268,0.99653,0.002608,0.50098,0.03130,90.00,0.00000,0.00000
1779372116.3026,plane,2038,9,0.49535,0.50236,0.033488,0.15772,0.15050,81.83,0.00023,-0.00018
1779372116.3026,plane,2038,10,0.51815,0.24640,0.430583,1.00780,0.76116,102.03,0.00645,0.01360
1779372116.3026,plane,2038,11,0.49268,0.99653,0.002608,0.50098,0.03130,90.00,0.00000,0.00000
1779372116.3974,plane,2039,9,0.49532,0.50236,0.033491,0.15771,0.15051,81.92,-0.00026,-0.00005
1779372116.3974,plane,2039,10,0.51796,0.24704,0.431637,1.00516,0.76296,102.14,-0.00210,0.00669
1779372116.3974,plane,2039,11,0.49268,0.99653,0.002608,0.50098,0.03130,90.00,0.00000,0.00000
1779372116.5099,plane,2040,9,0.49533,0.50238,0.033491,0.15773,0.15050,81.99,0.00003,0.00025
1779372116.5099,plane,2040,10,0.51799,0.24639,0.430364,1.00115,0.74691,101.40,0.00032,-0.00573
1779372116.5099,plane,2040,11,0.49268,0.99653,0.002608,0.50098,0.03130,90.00,0.00000,0.00000
1779372116.6063,plane,2041,9,0.49534,0.50244,0.033518,0.15782,0.15052,82.09,0.00011,0.00063
1779372116.6063,plane,2041,10,0.51762,0.24889,0.435484,1.01028,0.77573,102.91,-0.00392,0.02616
1779372116.6063,plane,2041,11,0.49268,0.99653,0.002608,0.50098,0.03130,90.00,0.00000,0.00000
1779372116.7024,plane,2042,9,0.49533,0.50241,0.033505,0.15777,0.15051,81.73,-0.00007,-0.00034
1779372116.7024,plane,2042,10,0.51803,0.24832,0.434977,1.01161,0.78126,103.16,0.00427,-0.00593
1779372116.7024,plane,2042,11,0.49268,0.99653,0.002608,0.50098,0.03130,90.00,0.00000,0.00000
1779372116.7977,plane,2043,9,0.49531,0.50243,0.033490,0.15771,0.15048,81.70,-0.00022,0.00023
1779372116.7977,plane,2043,10,0.51737,0.24443,0.423930,1.00257,0.76193,101.62,-0.00697,-0.04089
1779372116.7977,plane,2043,11,0.49268,0.99653,0.002608,0.50098,0.03130,90.00,0.00000,0.00000
1779372116.9104,plane,2044,9,0.49532,0.50236,0.033493,0.15775,0.15048,81.89,0.00011,-0.00062
1779372116.9104,plane,2044,10,0.51804,0.24580,0.428543,1.00209,0.75735,100.96,0.00599,0.01214
1779372116.9104,plane,2044,11,0.49268,0.99653,0.002608,0.50098,0.03130,90.00,0.00000,0.00000
1779372117.0051,plane,2045,9,0.49532,0.50240,0.033493,0.15770,0.15051,81.56,0.00002,0.00040
1779372117.0051,plane,2045,10,0.51818,0.24578,0.428146,1.00399,0.75761,101.74,0.00149,-0.00022
1779372117.0051,plane,2045,11,0.49268,0.99653,0.002608,0.50098,0.03130,90.00,0.00000,0.00000
1779372117.1019,plane,2046,9,0.49530,0.50237,0.033495,0.15773,0.15049,81.88,-0.00024,-0.00028
1779372117.1019,plane,2046,10,0.51770,0.24524,0.426426,1.00364,0.76243,101.77,-0.00497,-0.00559
1779372117.1019,plane,2046,11,0.49268,0.99653,0.002608,0.50098,0.03130,90.00,0.00000,0.00000
1779372117.1974,plane,2047,9,0.49531,0.50244,0.033508,0.15776,0.15050,81.94,0.00013,0.00065
1779372117.1974,plane,2047,10,0.51722,0.24745,0.430176,1.00469,0.77874,102.68,-0.00508,0.02311
1779372117.1974,plane,2047,11,0.49268,0.99653,0.002608,0.50098,0.03130,90.00,0.00000,0.00000
1779372117.3101,plane,2048,9,0.49532,0.50238,0.033496,0.15774,0.15050,81.86,0.00005,-0.00053
1779372117.3101,plane,2048,10,0.51785,0.24617,0.428865,1.00258,0.75518,101.08,0.00564,-0.01143
1779372117.3101,plane,2048,11,0.49268,0.99653,0.002608,0.50098,0.03130,90.00,0.00000,0.00000
1779372117.4066,plane,2049,9,0.49534,0.50241,0.033510,0.15775,0.15052,82.11,0.00017,0.00030
1779372117.4066,plane,2049,10,0.51783,0.24529,0.427231,1.00363,0.75411,101.47,-0.00015,-0.00904
1779372117.4066,plane,2049,11,0.49268,0.99653,0.002608,0.50098,0.03130,90.00,0.00000,0.00000
1779372117.5021,plane,2050,9,0.49534,0.50247,0.033522,0.15779,0.15054,81.80,0.00007,0.00070
1779372117.5021,plane,2050,10,0.51818,0.24741,0.431807,1.00430,0.75975,102.16,0.00367,0.02224
1779372117.5021,plane,2050,11,0.49268,0.99653,0.002608,0.50098,0.03130,90.00,0.00000,0.00000
1779372117.5981,plane,2051,9,0.49534,0.50243,0.033525,0.15782,0.15053,81.92,-0.00003,-0.00043
1779372117.5981,plane,2051,10,0.51746,0.25285,0.442846,1.00360,0.77055,102.62,-0.00761,0.05714
1779372117.5981,plane,2051,11,0.49268,0.99653,0.002608,0.50098,0.03130,90.00,0.00000,0.00000
1779372117.7108,plane,2052,9,0.49532,0.50230,0.033495,0.15776,0.15048,81.59,-0.00018,-0.00113
1779372117.7108,plane,2052,10,0.51828,0.24679,0.431981,1.00521,0.75863,101.71,0.00728,-0.05334
1779372117.7108,plane,2052,11,0.49268,0.99653,0.002608,0.50098,0.03130,90.00,0.00000,0.00000
1779372117.8059,plane,2053,9,0.49533,0.50239,0.033507,0.15777,0.15049,81.74,0.00012,0.00089
1779372117.8059,plane,2053,10,0.51849,0.24953,0.437420,1.01254,0.78336,103.46,0.00219,0.02897
1779372117.8059,plane,2053,11,0.49268,0.99653,0.002608,0.50098,0.03130,90.00,0.00000,0.00000
1779372117.9015,plane,2054,9,0.49532,0.50235,0.033488,0.15775,0.15047,81.66,-0.00016,-0.00038
1779372117.9015,plane,2054,10,0.51753,0.24622,0.429598,1.00331,0.75546,101.77,-0.01002,-0.03466
1779372117.9015,plane,2054,11,0.49268,0.99653,0.002608,0.50098,0.03130,90.00,0.00000,0.00000
1779372117.9984,plane,2055,9,0.49534,0.50243,0.033510,0.15777,0.15052,81.88,0.00027,0.00085
1779372117.9984,plane,2055,10,0.51694,0.24988,0.433724,1.00606,0.79262,102.92,-0.00610,0.03798
1779372117.9984,plane,2055,11,0.49268,0.99653,0.002608,0.50098,0.03130,90.00,0.00000,0.00000
1779372118.1108,plane,2056,9,0.49534,0.50246,0.033532,0.15783,0.15055,81.82,-0.00004,0.00019
1779372118.1108,plane,2056,10,0.51737,0.25264,0.442883,1.00953,0.77926,102.87,0.00379,0.02446
1779372118.1108,plane,2056,11,0.49268,0.99653,0.002608,0.50098,0.03130,90.00,0.00000,0.00000
1779372118.2049,plane,2057,9,0.49532,0.50239,0.033500,0.15775,0.15049,81.94,-0.00022,-0.00073
1779372118.2049,plane,2057,10,0.51777,0.24621,0.430067,1.00754,0.75784,101.85,0.00425,-0.06831
1779372118.2049,plane,2057,11,0.49268,0.99653,0.002608,0.50098,0.03130,90.00,0.00000,0.00000
1779372118.3030,plane,2058,9,0.49532,0.50242,0.033486,0.15770,0.15048,81.87,0.00002,0.00035
1779372118.3030,plane,2058,10,0.51855,0.23939,0.420183,1.01036,0.74590,100.33,0.00798,-0.07041
1779372118.3030,plane,2058,11,0.49268,0.99653,0.002608,0.50098,0.03130,90.00,0.00000,0.00000
1779372118.3982,plane,2059,9,0.49532,0.50244,0.033468,0.15762,0.15049,81.83,0.00007,0.00016
1779372118.3982,plane,2059,10,0.51895,0.23511,0.408581,1.00167,0.74187,98.67,0.00418,-0.04437
1779372118.3982,plane,2059,11,0.49268,0.99653,0.002608,0.50098,0.03130,90.00,0.00000,0.00000
1779372118.5099,plane,2060,9,0.49531,0.50234,0.033444,0.15758,0.15043,82.03,-0.00014,-0.00082
1779372118.5099,plane,2060,10,0.51778,0.23259,0.396237,0.99047,0.73701,97.75,-0.01051,-0.02257
1779372118.5099,plane,2060,11,0.49268,0.99653,0.002608,0.50098,0.03130,90.00,0.00000,0.00000
1779372118.6055,plane,2061,9,0.49531,0.50236,0.033457,0.15760,0.15047,81.96,0.00005,0.00019
1779372118.6055,plane,2061,10,0.51773,0.23589,0.407127,1.00081,0.75041,99.69,-0.00045,0.03456
1779372118.6055,plane,2061,11,0.49268,0.99653,0.002608,0.50098,0.03130,90.00,0.00000,0.00000
1779372118.7020,plane,2062,9,0.49531,0.50235,0.033468,0.15762,0.15049,82.11,-0.00002,-0.00016
1779372118.7020,plane,2062,10,0.51805,0.23919,0.413544,0.99799,0.75601,99.85,0.00327,0.03421
1779372118.7020,plane,2062,11,0.49268,0.99653,0.002608,0.50098,0.03130,90.00,0.00000,0.00000
1779372118.7980,plane,2063,9,0.49532,0.50240,0.033508,0.15779,0.15051,81.92,0.00012,0.00059
1779372118.7980,plane,2063,10,0.51846,0.24824,0.433723,1.00672,0.77240,102.02,0.00430,0.09403
1779372118.7980,plane,2063,11,0.49268,0.99653,0.002608,0.50098,0.03130,90.00,0.00000,0.00000
1779372118.9098,plane,2064,9,0.49532,0.50240,0.033493,0.15769,0.15050,82.02,0.00001,-0.00001
1779372118.9098,plane,2064,10,0.51788,0.24561,0.427650,1.00276,0.76016,101.61,-0.00520,-0.02361
1779372118.9098,plane,2064,11,0.49268,0.99653,0.002608,0.50098,0.03130,90.00,0.00000,0.00000
1779372119.0077,plane,2065,9,0.49534,0.50245,0.033530,0.15780,0.15056,81.99,0.00016,0.00055
1779372119.0077,plane,2065,10,0.51788,0.25052,0.439312,1.01042,0.77518,103.09,-0.00007,0.05066
1779372119.0077,plane,2065,11,0.49268,0.99653,0.002608,0.50098,0.03130,90.00,0.00000,0.00000
1779372119.1028,plane,2066,9,0.49532,0.50240,0.033503,0.15777,0.15051,81.82,-0.00025,-0.00061
1779372119.1028,plane,2066,10,0.51893,0.24745,0.432571,1.00406,0.75332,102.15,0.01098,-0.03192
1779372119.1028,plane,2066,11,0.49268,0.99653,0.002608,0.50098,0.03130,90.00,0.00000,0.00000
1779372119.1982,plane,2067,9,0.49531,0.50240,0.033507,0.15777,0.15050,81.67,-0.00009,0.00006
1779372119.1982,plane,2067,10,0.51806,0.24884,0.437074,1.00776,0.75564,102.18,-0.00912,0.01454
1779372119.1982,plane,2067,11,0.49268,0.99653,0.002608,0.50098,0.03130,90.00,0.00000,0.00000
1779372119.3108,plane,2068,9,0.49532,0.50244,0.033517,0.15778,0.15052,81.92,0.00014,0.00036
1779372119.3108,plane,2068,10,0.51805,0.25209,0.442281,1.01585,0.79079,104.28,-0.00010,0.02889
1779372119.3108,plane,2068,11,0.49268,0.99653,0.002608,0.50098,0.03130,90.00,0.00000,0.00000
1779372119.4059,plane,2069,9,0.49532,0.50244,0.033513,0.15776,0.15054,81.78,0.00000,0.00001
1779372119.4059,plane,2069,10,0.51734,0.24799,0.432110,1.00652,0.77814,102.66,-0.00749,-0.04313
1779372119.4059,plane,2069,11,0.49268,0.99653,0.002608,0.50098,0.03130,90.00,0.00000,0.00000
1779372119.5014,plane,2070,9,0.49532,0.50245,0.033520,0.15778,0.15053,81.97,-0.00001,0.00002
1779372119.5014,plane,2070,10,0.51792,0.24824,0.434747,1.01125,0.77532,103.09,0.00607,0.00262
1779372119.5014,plane,2070,11,0.49268,0.99653,0.002608,0.50098,0.03130,90.00,0.00000,0.00000
1779372119.5975,plane,2071,9,0.49530,0.50245,0.033478,0.15764,0.15050,81.91,-0.00020,0.00001
1779372119.5975,plane,2071,10,0.51829,0.23922,0.413610,1.00369,0.76440,101.17,0.00384,-0.09386
1779372119.5975,plane,2071,11,0.49268,0.99653,0.002608,0.50098,0.03130,90.00,0.00000,0.00000
1779372119.7114,plane,2072,9,0.49531,0.50241,0.033479,0.15763,0.15051,81.88,0.00002,-0.00031
1779372119.7114,plane,2072,10,0.51837,0.23971,0.414376,1.00180,0.76825,100.75,0.00072,0.00436
1779372119.7114,plane,2072,11,0.49268,0.99653,0.002608,0.50098,0.03130,90.00,0.00000,0.00000
1779372119.8072,plane,2073,9,0.49531,0.50240,0.033500,0.15774,0.15051,81.73,0.00001,-0.00012
1779372119.8072,plane,2073,10,0.51808,0.24204,0.420015,1.00011,0.75267,100.74,-0.00303,0.02411
1779372119.8072,plane,2073,11,0.49268,0.99653,0.002608,0.50098,0.03130,90.00,0.00000,0.00000
1779372119.9014,plane,2074,9,0.49533,0.50238,0.033486,0.15766,0.15050,82.04,0.00021,-0.00019
1779372119.9014,plane,2074,10,0.51770,0.24151,0.416521,0.99507,0.75779,100.42,-0.00402,-0.00560
1779372119.9014,plane,2074,11,0.49268,0.99653,0.002608,0.50098,0.03130,90.00,0.00000,0.00000
1779372119.9989,plane,2075,9,0.49532,0.50235,0.033503,0.15777,0.15047,81.79,-0.00007,-0.00034
1779372119.9989,plane,2075,10,0.51753,0.24660,0.429391,1.00119,0.76439,101.92,-0.00178,0.05253
1779372119.9989,plane,2075,11,0.49268,0.99653,0.002608,0.50098,0.03130,90.00,0.00000,0.00000
1779372120.1113,plane,2076,9,0.49532,0.50238,0.033486,0.15769,0.15048,81.97,-0.00000,0.00027
1779372120.1113,plane,2076,10,0.51811,0.24267,0.421719,0.99979,0.74564,100.67,0.00519,-0.03484
1779372120.1113,plane,2076,11,0.49268,0.99653,0.002608,0.50098,0.03130,90.00,0.00000,0.00000
1779372120.2067,plane,2077,9,0.49532,0.50237,0.033483,0.15770,0.15051,81.81,-0.00003,-0.00014
1779372120.2067,plane,2077,10,0.51747,0.24291,0.420670,0.99760,0.75769,100.56,-0.00674,0.00256
1779372120.2067,plane,2077,11,0.49268,0.99653,0.002608,0.50098,0.03130,90.00,0.00000,0.00000
1779372120.3022,plane,2078,9,0.49533,0.50241,0.033503,0.15775,0.15050,81.92,0.00019,0.00046
1779372120.3022,plane,2078,10,0.51811,0.24815,0.433470,1.00793,0.76862,102.32,0.00669,0.05485
1779372120.3022,plane,2078,11,0.49268,0.99653,0.002608,0.50098,0.03130,90.00,0.00000,0.00000
1779372120.3986,plane,2079,9,0.49532,0.50242,0.033500,0.15776,0.15048,81.70,-0.00015,0.00014
1779372120.3986,plane,2079,10,0.51822,0.24532,0.428038,1.00613,0.76728,102.00,0.00117,-0.02955
1779372120.3986,plane,2079,11,0.49268,0.99653,0.002608,0.50098,0.03130,90.00,0.00000,0.00000
1779372120.5098,plane,2080,9,0.49531,0.50239,0.033500,0.15777,0.15049,81.70,-0.00012,-0.00031
1779372120.5098,plane,2080,10,0.51857,0.24858,0.434994,1.00611,0.76661,102.37,0.00309,0.02895
1779372120.5098,plane,2080,11,0.49268,0.99653,0.002608,0.50098,0.03130,90.00,0.00000,0.00000
1779372120.6062,plane,2081,9,0.49532,0.50242,0.033508,0.15777,0.15050,81.81,0.00017,0.00035
1779372120.6062,plane,2081,10,0.51771,0.24929,0.435759,1.00641,0.76487,102.08,-0.00888,0.00744
1779372120.6062,plane,2081,11,0.49268,0.99653,0.002608,0.50098,0.03130,90.00,0.00000,0.00000
1779372120.7021,plane,2082,9,0.49532,0.50246,0.033512,0.15777,0.15052,81.84,-0.00005,0.00039
1779372120.7021,plane,2082,10,0.51799,0.24691,0.430440,1.01000,0.78596,102.54,0.00290,-0.02503
1779372120.7021,plane,2082,11,0.49268,0.99653,0.002608,0.50098,0.03130,90.00,0.00000,0.00000
1779372120.7984,plane,2083,9,0.49532,0.50238,0.033496,0.15773,0.15050,81.83,0.00005,-0.00082
1779372120.7984,plane,2083,10,0.51774,0.24634,0.429789,1.00355,0.75774,101.53,-0.00260,-0.00587
1779372120.7984,plane,2083,11,0.49268,0.99653,0.002608,0.50098,0.03130,90.00,0.00000,0.00000
1779372120.9109,plane,2084,9,0.49532,0.50241,0.033503,0.15776,0.15053,81.93,0.00001,0.00026
1779372120.9109,plane,2084,10,0.51755,0.24697,0.431766,1.00469,0.76663,101.61,-0.00164,0.00558
1779372120.9109,plane,2084,11,0.49268,0.99653,0.002608,0.50098,0.03130,90.00,0.00000,0.00000
1779372121.0053,plane,2085,9,0.49534,0.50238,0.033502,0.15776,0.15049,81.75,0.00021,-0.00029
1779372121.0053,plane,2085,10,0.51824,0.24567,0.428401,1.00336,0.75452,101.76,0.00726,-0.01376
1779372121.0053,plane,2085,11,0.49268,0.99653,0.002608,0.50098,0.03130,90.00,0.00000,0.00000
1779372121.1017,plane,2086,9,0.49533,0.50238,0.033490,0.15771,0.15050,81.83,-0.00015,-0.00001
1779372121.1017,plane,2086,10,0.51816,0.24311,0.423635,1.00177,0.74872,101.39,-0.00085,-0.02654
1779372121.1017,plane,2086,11,0.49268,0.99653,0.002608,0.50098,0.03130,90.00,0.00000,0.00000
1779372121.1979,plane,2087,9,0.49531,0.50233,0.033478,0.15766,0.15050,81.55,-0.00018,-0.00047
1779372121.1979,plane,2087,10,0.51837,0.24209,0.419690,1.00033,0.76450,100.65,0.00228,-0.01067
1779372121.1979,plane,2087,11,0.49268,0.99653,0.002608,0.50098,0.03130,90.00,0.00000,0.00000
1779372121.3100,plane,2088,9,0.49532,0.50235,0.033466,0.15764,0.15046,81.90,0.00007,0.00018
1779372121.3100,plane,2088,10,0.51839,0.23817,0.411162,1.00218,0.76135,99.78,0.00016,-0.03483
1779372121.3100,plane,2088,11,0.49268,0.99653,0.002608,0.50098,0.03130,90.00,0.00000,0.00000
1779372121.4064,plane,2089,9,0.49530,0.50245,0.033490,0.15774,0.15047,81.81,-0.00018,0.00105
1779372121.4064,plane,2089,10,0.51865,0.24262,0.424727,1.00815,0.74747,101.39,0.00268,0.04653
1779372121.4064,plane,2089,11,0.49268,0.99653,0.002608,0.50098,0.03130,90.00,0.00000,0.00000
1779372121.5023,plane,2090,9,0.49529,0.50246,0.033503,0.15770,0.15055,81.81,-0.00014,0.00005
1779372121.5023,plane,2090,10,0.51830,0.24798,0.432044,1.00885,0.78136,102.81,-0.00359,0.05545
1779372121.5023,plane,2090,11,0.49268,0.99653,0.002608,0.50098,0.03130,90.00,0.00000,0.00000
1779372121.5981,plane,2091,9,0.49527,0.50217,0.033500,0.15776,0.15050,81.75,-0.00021,-0.00300
1779372121.5981,plane,2091,10,0.51849,0.24734,0.432841,1.00706,0.76892,101.95,0.00196,-0.00677
1779372121.5981,plane,2091,11,0.49268,0.99653,0.002608,0.50098,0.03130,90.00,0.00000,0.00000
1779372121.7097,plane,2092,9,0.49531,0.50246,0.033520,0.15781,0.15052,81.85,0.00037,0.00259
1779372121.7097,plane,2092,10,0.51813,0.25135,0.441196,1.01323,0.78407,103.44,-0.00323,0.03588
1779372121.7097,plane,2092,11,0.49268,0.99653,0.002608,0.50098,0.03130,90.00,0.00000,0.00000
1779372121.8055,plane,2093,9,0.49530,0.50218,0.033502,0.15775,0.15052,81.43,-0.00008,-0.00299
1779372121.8055,plane,2093,10,0.51818,0.24768,0.433541,1.00955,0.76375,101.90,0.00051,-0.03831
1779372121.8055,plane,2093,11,0.49268,0.99653,0.002608,0.50098,0.03130,90.00,0.00000,0.00000
1779372121.9015,plane,2094,9,0.49532,0.50233,0.033488,0.15773,0.15050,81.89,0.00022,0.00162
1779372121.9015,plane,2094,10,0.51791,0.24621,0.429097,1.00602,0.76960,102.19,-0.00279,-0.01534
1779372121.9015,plane,2094,11,0.49268,0.99653,0.002608,0.50098,0.03130,90.00,0.00000,0.00000
1779372121.9984,plane,2095,9,0.49530,0.50225,0.033466,0.15771,0.15038,82.01,-0.00021,-0.00081
1779372121.9984,plane,2095,10,0.51777,0.24102,0.417648,0.99883,0.75747,100.31,-0.00138,-0.05337
1779372121.9984,plane,2095,11,0.49268,0.99653,0.002608,0.50098,0.03130,90.00,0.00000,0.00000
1779372122.1097,plane,2096,9,0.49531,0.50235,0.033485,0.15772,0.15047,81.67,0.00009,0.00094
1779372122.1097,plane,2096,10,0.51878,0.24424,0.427870,1.00974,0.75583,101.46,0.00910,0.02920
1779372122.1097,plane,2096,11,0.49268,0.99653,0.002608,0.50098,0.03130,90.00,0.00000,0.00000
1779372122.2064,plane,2097,9,0.49532,0.50236,0.033491,0.15776,0.15046,81.82,0.00010,0.00007
1779372122.2064,plane,2097,10,0.51812,0.24576,0.428843,1.00101,0.74257,100.82,-0.00674,0.01556
1779372122.2064,plane,2097,11,0.49268,0.99653,0.002608,0.50098,0.03130,90.00,0.00000,0.00000
1779372122.3020,plane,2098,9,0.49532,0.50238,0.033498,0.15778,0.15048,81.63,-0.00004,0.00017
1779372122.3020,plane,2098,10,0.51785,0.24553,0.427868,0.99958,0.74711,101.49,-0.00286,-0.00242
1779372122.3020,plane,2098,11,0.49268,0.99653,0.002608,0.50098,0.03130,90.00,0.00000,0.00000
1779372122.3971,plane,2099,9,0.49533,0.50236,0.033490,0.15774,0.15048,81.82,0.00014,-0.00020
1779372122.3971,plane,2099,10,0.51815,0.24346,0.423065,0.99850,0.74273,100.95,0.00316,-0.02174
1779372122.3971,plane,2099,11,0.49268,0.99653,0.002608,0.50098,0.03130,90.00,0.00000,0.00000
1779372122.5104,plane,2100,9,0.49532,0.50241,0.033505,0.15777,0.15050,81.71,-0.00008,0.00047
1779372122.5104,plane,2100,10,0.51734,0.24790,0.432258,1.00505,0.76570,101.66,-0.00712,0.03932
1779372122.5104,plane,2100,11,0.49268,0.99653,0.002608,0.50098,0.03130,90.00,0.00000,0.00000
1779372122.6052,plane,2101,9,0.49531,0.50232,0.033505,0.15773,0.15056,81.59,-0.00012,-0.00101
1779372122.6052,plane,2101,10,0.51864,0.24778,0.433214,1.00809,0.76760,103.06,0.01364,-0.00133
1779372122.6052,plane,2101,11,0.49268,0.99653,0.002608,0.50098,0.03130,90.00,0.00000,0.00000
1779372122.7017,plane,2102,9,0.49532,0.50241,0.033505,0.15775,0.15050,81.98,0.00008,0.00094
1779372122.7017,plane,2102,10,0.51790,0.24749,0.432988,1.00341,0.75315,101.27,-0.00764,-0.00301
1779372122.7017,plane,2102,11,0.49268,0.99653,0.002608,0.50098,0.03130,90.00,0.00000,0.00000
1779372122.7978,plane,2103,9,0.49531,0.50234,0.033520,0.15777,0.15057,81.84,-0.00006,-0.00066
1779372122.7978,plane,2103,10,0.51793,0.25145,0.441950,1.01782,0.79846,103.95,0.00028,0.04169
1779372122.7978,plane,2103,11,0.49268,0.99653,0.002608,0.50098,0.03130,90.00,0.00000,0.00000
1779372122.9119,plane,2104,9,0.49530,0.50242,0.033503,0.15772,0.15052,81.81,-0.00012,0.00065
1779372122.9119,plane,2104,10,0.51699,0.24962,0.434347,1.00109,0.76746,102.20,-0.00817,-0.01596
1779372122.9119,plane,2104,11,0.49268,0.99653,0.002608,0.50098,0.03130,90.00,0.00000,0.00000
1779372123.0053,plane,2105,9,0.49534,0.50230,0.033508,0.15779,0.15052,81.63,0.00044,-0.00122
1779372123.0053,plane,2105,10,0.51802,0.24804,0.432788,0.99983,0.75254,101.67,0.01101,-0.01688
1779372123.0053,plane,2105,11,0.49268,0.99653,0.002608,0.50098,0.03130,90.00,0.00000,0.00000
1779372123.1022,plane,2106,9,0.49532,0.50227,0.033512,0.15778,0.15055,81.98,-0.00017,-0.00034
1779372123.1022,plane,2106,10,0.51759,0.25131,0.439746,1.00699,0.76303,102.37,-0.00448,0.03369
1779372123.1022,plane,2106,11,0.49268,0.99653,0.002608,0.50098,0.03130,90.00,0.00000,0.00000
1779372123.1981,plane,2107,9,0.49532,0.50223,0.033513,0.15776,0.15056,81.68,-0.00000,-0.00046
1779372123.1981,plane,2107,10,0.51767,0.24847,0.434382,1.00514,0.75837,101.86,0.00085,-0.02963
1779372123.1981,plane,2107,11,0.49268,0.99653,0.002608,0.50098,0.03130,90.00,0.00000,0.00000
1779372123.3089,plane,2108,9,0.49532,0.50225,0.033503,0.15780,0.15046,81.76,-0.00002,0.00022
1779372123.3089,plane,2108,10,0.51868,0.24932,0.438300,1.01369,0.77595,103.22,0.00913,0.00772
1779372123.3089,plane,2108,11,0.49268,0.99653,0.002608,0.50098,0.03130,90.00,0.00000,0.00000
1779372123.4053,plane,2109,9,0.49533,0.50228,0.033522,0.15779,0.15053,81.71,0.00007,0.00034
1779372123.4053,plane,2109,10,0.51759,0.25181,0.440920,1.01027,0.77924,103.17,-0.01136,0.02593
1779372123.4053,plane,2109,11,0.49268,0.99653,0.002608,0.50098,0.03130,90.00,0.00000,0.00000
1779372123.5021,plane,2110,9,0.49533,0.50233,0.033481,0.15771,0.15048,82.11,0.00001,0.00045
1779372123.5021,plane,2110,10,0.51813,0.24682,0.430050,1.00745,0.77025,102.51,0.00562,-0.05177
1779372123.5021,plane,2110,11,0.49268,0.99653,0.002608,0.50098,0.03130,90.00,0.00000,0.00000
1779372123.5983,plane,2111,9,0.49531,0.50234,0.033474,0.15766,0.15046,82.02,-0.00019,0.00011
1779372123.5983,plane,2111,10,0.51919,0.24308,0.424052,1.00827,0.76531,101.60,0.01087,-0.03861
1779372123.5983,plane,2111,11,0.49268,0.99653,0.002608,0.50098,0.03130,90.00,0.00000,0.00000
1779372123.7096,plane,2112,9,0.49532,0.50232,0.033474,0.15772,0.15047,82.03,0.00011,-0.00014
1779372123.7096,plane,2112,10,0.51745,0.24098,0.414042,0.99513,0.76575,100.54,-0.01556,-0.01891
1779372123.7096,plane,2112,11,0.49268,0.99653,0.002608,0.50098,0.03130,90.00,0.00000,0.00000
1779372123.8062,plane,2113,9,0.49532,0.50235,0.033485,0.15773,0.15047,81.82,0.00000,0.00029
1779372123.8062,plane,2113,10,0.51825,0.24392,0.424600,1.00056,0.74951,101.20,0.00831,0.03071
1779372123.8062,plane,2113,11,0.49268,0.99653,0.002608,0.50098,0.03130,90.00,0.00000,0.00000
1779372123.9027,plane,2114,9,0.49531,0.50223,0.033452,0.15765,0.15038,81.86,-0.00017,-0.00117
1779372123.9027,plane,2114,10,0.51832,0.23946,0.414086,0.99859,0.75729,100.76,0.00076,-0.04582
1779372123.9027,plane,2114,11,0.49268,0.99653,0.002608,0.50098,0.03130,90.00,0.00000,0.00000
1779372123.9980,plane,2115,9,0.49532,0.50236,0.033469,0.15765,0.15044,81.91,0.00016,0.00132
1779372123.9980,plane,2115,10,0.51678,0.24130,0.416233,0.99677,0.75129,100.22,-0.01622,0.01936
1779372123.9980,plane,2115,11,0.49268,0.99653,0.002608,0.50098,0.03130,90.00,0.00000,0.00000
1779372124.1101,plane,2116,9,0.49536,0.50240,0.033508,0.15777,0.15050,82.00,0.00031,0.00040
1779372124.1101,plane,2116,10,0.51772,0.24860,0.433409,1.00185,0.75885,102.23,0.00835,0.06512
1779372124.1101,plane,2116,11,0.49268,0.99653,0.002608,0.50098,0.03130,90.00,0.00000,0.00000
1779372124.2054,plane,2117,9,0.49533,0.50234,0.033498,0.15781,0.15048,81.68,-0.00026,-0.00072
1779372124.2054,plane,2117,10,0.51778,0.24729,0.432726,1.01288,0.78091,103.08,0.00070,-0.01371
1779372124.2054,plane,2117,11,0.49268,0.99653,0.002608,0.50098,0.03130,90.00,0.00000,0.00000
1779372124.3014,plane,2118,9,0.49533,0.50237,0.033510,0.15782,0.15050,81.87,-0.00000,0.00031
1779372124.3014,plane,2118,10,0.51759,0.24987,0.438867,1.00898,0.76524,102.40,-0.00204,0.02689
1779372124.3014,plane,2118,11,0.49268,0.99653,0.002608,0.50098,0.03130,90.00,0.00000,0.00000
1779372124.3980,plane,2119,9,0.49532,0.50240,0.033512,0.15780,0.15051,81.64,-0.00009,0.00036
1779372124.3980,plane,2119,10,0.51834,0.24968,0.437247,1.00820,0.77438,102.60,0.00773,-0.00196
1779372124.3980,plane,2119,11,0.49268,0.99653,0.002608,0.50098,0.03130,90.00,0.00000,0.00000
1779372124.5104,plane,2120,9,0.49533,0.50242,0.033505,0.15777,0.15052,81.89,0.00011,0.00022
1779372124.5104,plane,2120,10,0.51771,0.24737,0.431154,1.00683,0.76945,102.71,-0.00563,-0.02073
1779372124.5104,plane,2120,11,0.49268,0.99653,0.002608,0.50098,0.03130,90.00,0.00000,0.00000
1779372124.6064,plane,2121,9,0.49533,0.50242,0.033510,0.15777,0.15050,82.13,-0.00001,-0.00004
1779372124.6064,plane,2121,10,0.51723,0.24671,0.431434,1.00237,0.74891,101.41,-0.00496,-0.00685
1779372124.6064,plane,2121,11,0.49268,0.99653,0.002608,0.50098,0.03130,90.00,0.00000,0.00000
1779372124.7018,plane,2122,9,0.49532,0.50237,0.033486,0.15770,0.15048,81.83,-0.00018,-0.00049
1779372124.7018,plane,2122,10,0.51768,0.24344,0.422706,1.00249,0.75315,101.39,0.00474,-0.03415
1779372124.7018,plane,2122,11,0.49268,0.99653,0.002608,0.50098,0.03130,90.00,0.00000,0.00000
1779372124.7971,plane,2123,9,0.49529,0.50238,0.033490,0.15771,0.15048,81.64,-0.00022,0.00008
1779372124.7971,plane,2123,10,0.51866,0.24380,0.425395,1.00428,0.75127,101.10,0.01021,0.00380
1779372124.7971,plane,2123,11,0.49268,0.99653,0.002608,0.50098,0.03130,90.00,0.00000,0.00000
1779372124.9101,plane,2124,9,0.49533,0.50241,0.033503,0.15773,0.15052,82.08,0.00031,0.00027
1779372124.9101,plane,2124,10,0.51822,0.24633,0.430478,1.01120,0.77401,102.31,-0.00390,0.02236
1779372124.9101,plane,2124,11,0.49268,0.99653,0.002608,0.50098,0.03130,90.00,0.00000,0.00000
1779372125.0057,plane,2125,9,0.49533,0.50238,0.033479,0.15771,0.15048,81.76,-0.00002,-0.00030
1779372125.0057,plane,2125,10,0.51805,0.24344,0.424338,1.00317,0.75551,101.49,-0.00174,-0.03022
1779372125.0057,plane,2125,11,0.49268,0.99653,0.002608,0.50098,0.03130,90.00,0.00000,0.00000
1779372125.1021,plane,2126,9,0.49533,0.50237,0.033495,0.15775,0.15050,81.85,0.00001,-0.00011
1779372125.1021,plane,2126,10,0.51835,0.24726,0.432343,1.01040,0.77448,103.17,0.00307,0.03958
1779372125.1021,plane,2126,11,0.49268,0.99653,0.002608,0.50098,0.03130,90.00,0.00000,0.00000
1779372125.1987,plane,2127,9,0.49533,0.50237,0.033498,0.15775,0.15050,81.82,-0.00002,-0.00001
1779372125.1987,plane,2127,10,0.51830,0.24640,0.428233,1.00708,0.77464,102.71,-0.00045,-0.00902
1779372125.1987,plane,2127,11,0.49268,0.99653,0.002608,0.50098,0.03130,90.00,0.00000,0.00000
1779372125.3104,plane,2128,9,0.49530,0.50231,0.033500,0.15775,0.15048,81.50,-0.00027,-0.00059
1779372125.3104,plane,2128,10,0.51877,0.24837,0.435750,1.00989,0.76749,102.45,0.00415,0.01754
1779372125.3104,plane,2128,11,0.49268,0.99653,0.002608,0.50098,0.03130,90.00,0.00000,0.00000
1779372125.4057,plane,2129,9,0.49531,0.50234,0.033495,0.15774,0.15050,81.55,0.00010,0.00034
1779372125.4057,plane,2129,10,0.51822,0.24613,0.429762,1.00422,0.75799,102.02,-0.00577,-0.02363
1779372125.4057,plane,2129,11,0.49268,0.99653,0.002608,0.50098,0.03130,90.00,0.00000,0.00000
1779372125.5017,plane,2130,9,0.49532,0.50231,0.033490,0.15771,0.15048,81.85,0.00011,-0.00025
1779372125.5017,plane,2130,10,0.51865,0.24482,0.428201,1.01002,0.76267,102.38,0.00450,-0.01352
1779372125.5017,plane,2130,11,0.49268,0.99653,0.002608,0.50098,0.03130,90.00,0.00000,0.00000
1779372125.5979,plane,2131,9,0.49531,0.50233,0.033481,0.15769,0.15050,81.60,-0.00001,0.00015
1779372125.5979,plane,2131,10,0.51771,0.24464,0.424106,1.00179,0.75846,101.02,-0.00982,-0.00193
1779372125.5979,plane,2131,11,0.49268,0.99653,0.002608,0.50098,0.03130,90.00,0.00000,0.00000
1779372125.7099,plane,2132,9,0.49532,0.50229,0.033469,0.15769,0.15040,81.85,0.00003,-0.00030
1779372125.7099,plane,2132,10,0.51790,0.24020,0.415787,1.00055,0.76679,100.66,0.00168,-0.03962
1779372125.7099,plane,2132,11,0.49268,0.99653,0.002608,0.50098,0.03130,90.00,0.00000,0.00000
1779372125.8056,plane,2133,9,0.49533,0.50267,0.033512,0.15770,0.15054,82.11,0.00011,0.00396
1779372125.8056,plane,2133,10,0.51808,0.24776,0.432582,1.00353,0.76270,101.72,0.00184,0.07875
1779372125.8056,plane,2133,11,0.49268,0.99653,0.002608,0.50098,0.03130,90.00,0.00000,0.00000
1779372125.9004,plane,2134,9,0.49545,0.50369,0.033485,0.15769,0.15045,82.13,0.00125,0.01076
1779372125.9004,plane,2134,10,0.51702,0.24711,0.431888,1.00890,0.77063,102.34,-0.01125,-0.00698
1779372125.9963,plane,2135,9,0.49546,0.50420,0.033468,0.15770,0.15041,81.65,0.00009,0.00531
1779372125.9963,plane,2135,10,0.51725,0.24733,0.431386,1.00070,0.74869,100.97,0.00238,0.00235
1779372126.1075,plane,2136,9,0.49545,0.50356,0.033525,0.15777,0.15055,82.09,-0.00005,-0.00573
1779372126.1075,plane,2136,10,0.51682,0.25148,0.442284,1.01327,0.77539,103.00,-0.00390,0.03724
1779372126.2037,plane,2137,9,0.49552,0.50400,0.033451,0.15768,0.15035,82.15,0.00069,0.00453
1779372126.2037,plane,2137,10,0.51741,0.24924,0.435310,1.01256,0.77938,103.03,0.00616,-0.02322
1779372126.2998,plane,2138,9,0.49546,0.50391,0.033459,0.15766,0.15038,82.15,-0.00059,-0.00090
1779372126.2998,plane,2138,10,0.51660,0.24812,0.432039,1.00250,0.76721,101.97,-0.00855,-0.01182
1779372126.3954,plane,2139,9,0.49545,0.50414,0.033464,0.15773,0.15038,81.89,-0.00014,0.00241
1779372126.3954,plane,2139,10,0.51834,0.25018,0.440572,1.01539,0.77696,103.47,0.01805,0.02139
1779372126.5072,plane,2140,9,0.49541,0.50398,0.033451,0.15771,0.15033,82.09,-0.00031,-0.00147
1779372126.5072,plane,2140,10,0.51681,0.24739,0.431271,1.01265,0.79149,102.70,-0.01362,-0.02495
1779372126.6035,plane,2141,9,0.49546,0.50403,0.033464,0.15766,0.15041,82.22,0.00045,0.00058
1779372126.6035,plane,2141,10,0.51800,0.25074,0.439290,1.01473,0.78913,103.42,0.01227,0.03476
1779372126.6996,plane,2142,9,0.49544,0.50400,0.033474,0.15776,0.15036,82.12,-0.00012,-0.00032
1779372126.6996,plane,2142,10,0.51687,0.25134,0.440530,1.00596,0.76895,102.79,-0.01178,0.00625
1779372126.7960,plane,2143,9,0.49544,0.50399,0.033451,0.15766,0.15036,82.40,-0.00007,-0.00012
1779372126.7960,plane,2143,10,0.51726,0.24869,0.434820,1.01099,0.77931,103.02,0.00410,-0.02735
1779372126.9078,plane,2144,9,0.49543,0.50399,0.033464,0.15772,0.15036,82.07,-0.00008,-0.00003
1779372126.9078,plane,2144,10,0.51776,0.24778,0.432960,1.01048,0.77423,102.38,0.00445,-0.00814
1779372127.0036,plane,2145,9,0.49545,0.50398,0.033468,0.15774,0.15037,82.02,0.00024,-0.00009
1779372127.0036,plane,2145,10,0.51719,0.24985,0.436681,1.00807,0.76749,102.60,-0.00593,0.02157
1779372127.0990,plane,2146,9,0.49548,0.50388,0.033481,0.15778,0.15036,81.73,0.00031,-0.00101
1779372127.0990,plane,2146,10,0.51723,0.25082,0.440094,1.01782,0.80413,104.03,0.00043,0.01017
1779372127.1970,plane,2147,9,0.49547,0.50349,0.033478,0.15769,0.15039,82.46,-0.00011,-0.00404
1779372127.1970,plane,2147,10,0.51706,0.25054,0.439292,1.01596,0.79750,103.53,-0.00181,-0.00288
1779372127.1970,plane,2147,12,0.49300,0.99654,0.002592,0.50470,0.00592,89.92,0.00000,0.00000
1779372127.3101,plane,2148,9,0.49521,0.50236,0.033485,0.15783,0.15034,81.83,-0.00229,-0.01000
1779372127.3101,plane,2148,10,0.51808,0.24626,0.429976,0.99969,0.74229,101.45,0.00907,-0.03797
1779372127.3101,plane,2148,12,0.49268,0.99653,0.002608,0.50098,0.03130,90.00,-0.00288,-0.00003
1779372127.4071,plane,2149,9,0.49526,0.50335,0.033491,0.15768,0.15046,82.54,0.00054,0.01033
1779372127.4071,plane,2149,10,0.51851,0.24937,0.437631,1.00785,0.76608,101.59,0.00448,0.03232
1779372127.4071,plane,2149,12,0.49316,0.99653,0.002602,0.50000,0.03127,90.00,0.00507,0.00000
1779372127.5025,plane,2150,9,0.49537,0.50206,0.033525,0.15778,0.15055,81.69,0.00112,-0.01345
1779372127.5025,plane,2150,10,0.51661,0.24920,0.433870,1.01049,0.78590,103.20,-0.01974,-0.00180
1779372127.5025,plane,2150,12,0.49268,0.99653,0.002608,0.50098,0.03130,90.00,-0.00507,-0.00000
1779372127.5978,plane,2151,9,0.49536,0.50256,0.033527,0.15781,0.15054,81.52,-0.00017,0.00523
1779372127.5978,plane,2151,10,0.51746,0.25051,0.439612,1.01473,0.79135,103.57,0.00892,0.01374
1779372127.5978,plane,2151,12,0.49268,0.99653,0.002608,0.50098,0.03130,90.00,0.00000,0.00000
1779372127.7103,plane,2152,9,0.49532,0.50200,0.033534,0.15786,0.15053,81.75,-0.00029,-0.00503
1779372127.7103,plane,2152,10,0.51799,0.25185,0.442476,1.00958,0.77063,102.75,0.00476,0.01207
1779372127.7103,plane,2152,12,0.49268,0.99653,0.002608,0.50098,0.03130,90.00,0.00000,0.00000
1779372127.8066,plane,2153,9,0.49527,0.50231,0.033512,0.15777,0.15053,81.75,-0.00055,0.00319
1779372127.8066,plane,2153,10,0.51783,0.24765,0.432419,1.00469,0.76639,101.54,-0.00169,-0.04324
1779372127.8066,plane,2153,12,0.49268,0.99653,0.002608,0.50098,0.03130,90.00,0.00000,0.00000
1779372127.9018,plane,2154,9,0.49528,0.50215,0.033491,0.15772,0.15047,82.21,0.00014,-0.00161
1779372127.9018,plane,2154,10,0.51880,0.24764,0.433960,1.01195,0.76585,102.51,0.01024,-0.00013
1779372127.9018,plane,2154,12,0.49268,0.99653,0.002608,0.50098,0.03130,90.00,0.00000,0.00000
1779372127.9981,plane,2155,9,0.49530,0.50229,0.033471,0.15764,0.15046,81.94,0.00018,0.00137
1779372127.9981,plane,2155,10,0.51791,0.24176,0.420614,1.00576,0.75765,101.62,-0.00933,-0.06115
1779372127.9981,plane,2155,12,0.49268,0.99653,0.002608,0.50098,0.03130,90.00,0.00000,0.00000
1779372128.1102,plane,2156,9,0.49528,0.50217,0.033479,0.15773,0.15042,81.89,-0.00020,-0.00106
1779372128.1102,plane,2156,10,0.51760,0.24284,0.421655,1.00287,0.76178,101.11,-0.00275,0.00970
1779372128.1102,plane,2156,12,0.49268,0.99653,0.002608,0.50098,0.03130,90.00,0.00000,0.00000
1779372128.2060,plane,2157,9,0.49528,0.50239,0.033505,0.15772,0.15050,81.81,0.00003,0.00230
1779372128.2060,plane,2157,10,0.51715,0.24773,0.433728,1.00840,0.77146,102.48,-0.00467,0.05061
1779372128.2060,plane,2157,12,0.49268,0.99653,0.002608,0.50098,0.03130,90.00,0.00000,0.00000
1779372128.3018,plane,2158,9,0.49528,0.50233,0.033498,0.15775,0.15049,81.68,-0.00002,-0.00058
1779372128.3018,plane,2158,10,0.51655,0.24377,0.421646,1.00418,0.77841,101.50,-0.00622,-0.04139
1779372128.3018,plane,2158,12,0.49268,0.99653,0.002608,0.50098,0.03130,90.00,0.00000,0.00000
1779372128.3980,plane,2159,9,0.49528,0.50236,0.033471,0.15766,0.15049,81.66,0.00001,0.00031
1779372128.3980,plane,2159,10,0.51700,0.23912,0.411028,1.00145,0.77704,100.93,0.00474,-0.04872
1779372128.3980,plane,2159,12,0.49268,0.99653,0.002608,0.50098,0.03130,90.00,0.00000,0.00000
1779372128.5104,plane,2160,9,0.49529,0.50236,0.033481,0.15772,0.15044,81.62,0.00009,-0.00001
1779372128.5104,plane,2160,10,0.51737,0.24053,0.416682,1.00358,0.77743,101.96,0.00321,0.01246
1779372128.5104,plane,2160,12,0.49268,0.99653,0.002608,0.50098,0.03130,90.00,0.00000,0.00000
1779372128.6057,plane,2161,9,0.49531,0.50232,0.033495,0.15768,0.15055,81.69,0.00022,-0.00050
1779372128.6057,plane,2161,10,0.51742,0.24175,0.417630,0.99725,0.75169,101.07,0.00059,0.01280
1779372128.6057,plane,2161,12,0.49268,0.99653,0.002608,0.50098,0.03130,90.00,0.00000,0.00000
1779372128.7022,plane,2162,9,0.49530,0.50245,0.033508,0.15770,0.15054,81.84,-0.00012,0.00141
1779372128.7022,plane,2162,10,0.51699,0.24764,0.432093,1.01289,0.78486,103.44,-0.00451,0.06128
1779372128.7022,plane,2162,12,0.49268,0.99653,0.002608,0.50098,0.03130,90.00,0.00000,0.00000
1779372128.7978,plane,2163,9,0.49532,0.50229,0.033515,0.15779,0.15054,81.67,0.00026,-0.00166
1779372128.7978,plane,2163,10,0.51705,0.25001,0.437268,1.01286,0.78977,103.49,0.00060,0.02470
1779372128.7978,plane,2163,12,0.49268,0.99653,0.002608,0.50098,0.03130,90.00,0.00000,0.00000
1779372128.9100,plane,2164,9,0.49530,0.50234,0.033510,0.15775,0.15054,81.91,-0.00020,0.00043
1779372128.9100,plane,2164,10,0.51785,0.24875,0.436586,1.01233,0.77697,102.89,0.00715,-0.01119
1779372128.9100,plane,2164,12,0.49268,0.99653,0.002608,0.50098,0.03130,90.00,0.00000,0.00000
1779372129.0058,plane,2165,9,0.49530,0.50234,0.033508,0.15778,0.15052,81.87,-0.00000,-0.00002
1779372129.0058,plane,2165,10,0.51789,0.24771,0.433260,1.00416,0.74972,102.01,0.00034,-0.01086
1779372129.0058,plane,2165,12,0.49268,0.99653,0.002608,0.50098,0.03130,90.00,0.00000,0.00000
1779372129.1015,plane,2166,9,0.49528,0.50239,0.033517,0.15776,0.15053,81.64,-0.00020,0.00055
1779372129.1015,plane,2166,10,0.51816,0.24994,0.439638,1.01965,0.79074,103.95,0.00291,0.02327
1779372129.1015,plane,2166,12,0.49268,0.99653,0.002608,0.50098,0.03130,90.00,0.00000,0.00000
1779372129.1979,plane,2167,9,0.49528,0.50239,0.033513,0.15777,0.15052,81.60,-0.00004,-0.00002
1779372129.1979,plane,2167,10,0.51755,0.24917,0.436405,1.00906,0.77272,102.79,-0.00637,-0.00799
1779372129.1979,plane,2167,12,0.49268,0.99653,0.002608,0.50098,0.03130,90.00,0.00000,0.00000
1779372129.3098,plane,2168,9,0.49529,0.50234,0.033522,0.15781,0.15054,81.71,0.00011,-0.00042
1779372129.3098,plane,2168,10,0.51825,0.24927,0.436735,1.01217,0.78354,103.21,0.00625,0.00093
1779372129.3098,plane,2168,12,0.49268,0.99653,0.002608,0.50098,0.03130,90.00,0.00000,0.00000
1779372129.4047,plane,2169,9,0.49530,0.50238,0.033512,0.15781,0.15048,81.76,0.00009,0.00042
1779372129.4047,plane,2169,10,0.51807,0.24874,0.437358,1.01769,0.78746,103.58,-0.00191,-0.00556
1779372129.4047,plane,2169,12,0.49268,0.99653,0.002608,0.50098,0.03130,90.00,0.00000,0.00000
1779372129.5018,plane,2170,9,0.49531,0.50238,0.033518,0.15781,0.15052,81.83,0.00007,-0.00002
1779372129.5018,plane,2170,10,0.51697,0.24909,0.436773,1.00798,0.77025,101.35,-0.01125,0.00360
1779372129.5018,plane,2170,12,0.49268,0.99653,0.002608,0.50098,0.03130,90.00,0.00000,0.00000
1779372129.5964,plane,2171,9,0.49530,0.50237,0.033512,0.15774,0.15054,81.62,-0.00009,-0.00008
1779372129.5964,plane,2171,10,0.51747,0.24887,0.436413,1.00826,0.77211,101.93,0.00523,-0.00236
1779372129.5964,plane,2171,12,0.49268,0.99653,0.002608,0.50098,0.03130,90.00,0.00000,0.00000
1779372129.7099,plane,2172,9,0.49531,0.50243,0.033507,0.15777,0.15049,81.99,0.00015,0.00049
1779372129.7099,plane,2172,10,0.51721,0.24851,0.434035,1.00411,0.76928,101.93,-0.00230,-0.00322
1779372129.7099,plane,2172,12,0.49268,0.99653,0.002608,0.50098,0.03130,90.00,0.00000,0.00000
1779372129.8067,plane,2173,9,0.49532,0.50247,0.033505,0.15776,0.15051,81.95,0.00002,0.00048
1779372129.8067,plane,2173,10,0.51734,0.24921,0.436473,1.01174,0.78295,102.20,0.00135,0.00739
1779372129.8067,plane,2173,12,0.49268,0.99653,0.002608,0.50098,0.03130,90.00,0.00000,0.00000
1779372129.9031,plane,2174,9,0.49529,0.50247,0.033513,0.15775,0.15054,81.70,-0.00023,-0.00007
1779372129.9031,plane,2174,10,0.51798,0.24842,0.435016,1.00577,0.75427,102.57,0.00657,-0.00812
1779372129.9031,plane,2174,12,0.49268,0.99653,0.002608,0.50098,0.03130,90.00,0.00000,0.00000
1779372129.9977,plane,2175,9,0.49531,0.50243,0.033512,0.15777,0.15053,81.54,0.00012,-0.00040
1779372129.9977,plane,2175,10,0.51760,0.24823,0.433660,1.00552,0.76090,101.72,-0.00399,-0.00211
1779372129.9977,plane,2175,12,0.49268,0.99653,0.002608,0.50098,0.03130,90.00,0.00000,0.00000
1779372130.1113,plane,2176,9,0.49532,0.50244,0.033515,0.15779,0.15052,81.57,0.00011,0.00011
1779372130.1113,plane,2176,10,0.51717,0.24926,0.436269,1.00680,0.77137,102.21,-0.00380,0.00913
1779372130.1113,plane,2176,12,0.49268,0.99653,0.002608,0.50098,0.03130,90.00,0.00000,0.00000
1779372130.2076,plane,2177,9,0.49528,0.50227,0.033524,0.15782,0.15052,81.46,-0.00042,-0.00171
1779372130.2076,plane,2177,10,0.51790,0.24902,0.436444,1.00913,0.77133,102.28,0.00751,-0.00241
1779372130.2076,plane,2177,12,0.49268,0.99653,0.002608,0.50098,0.03130,90.00,0.00000,0.00000
1779372130.3025,plane,2178,9,0.49529,0.50221,0.033510,0.15779,0.15049,81.44,0.00014,-0.00065
1779372130.3025,plane,2178,10,0.51763,0.25032,0.437256,1.00937,0.77234,102.95,-0.00286,0.01369
1779372130.3025,plane,2178,12,0.49268,0.99653,0.002608,0.50098,0.03130,90.00,0.00000,0.00000
1779372130.3990,plane,2179,9,0.49529,0.50230,0.033517,0.15778,0.15055,81.60,-0.00005,0.00086
1779372130.3990,plane,2179,10,0.51827,0.24859,0.435315,1.00676,0.76574,102.54,0.00664,-0.01793
1779372130.3990,plane,2179,12,0.49268,0.99653,0.002608,0.50098,0.03130,90.00,0.00000,0.00000
1779372130.5107,plane,2180,9,0.49529,0.50217,0.033508,0.15778,0.15051,81.20,0.00003,-0.00117
1779372130.5107,plane,2180,10,0.51783,0.24864,0.434937,1.00899,0.76979,102.70,-0.00395,0.00042
1779372130.5107,plane,2180,12,0.49268,0.99653,0.002608,0.50098,0.03130,90.00,0.00000,0.00000
1779372130.6057,plane,2181,9,0.49534,0.50211,0.033532,0.15792,0.15055,81.11,0.00054,-0.00059
1779372130.6057,plane,2181,10,0.51767,0.25254,0.444375,1.01742,0.79511,103.88,-0.00165,0.04107
1779372130.6057,plane,2181,12,0.49268,0.99653,0.002608,0.50098,0.03130,90.00,0.00000,0.00000
1779372130.7040,plane,2182,9,0.49529,0.50211,0.033485,0.15776,0.15041,82.35,-0.00052,0.00001
1779372130.7040,plane,2182,10,0.51809,0.24783,0.434657,1.01492,0.78357,102.68,0.00428,-0.04805
1779372130.7040,plane,2182,12,0.49268,0.99653,0.002608,0.50098,0.03130,90.00,0.00000,0.00000
1779372130.7995,plane,2183,9,0.49531,0.50217,0.033513,0.15779,0.15053,81.76,0.00025,0.00064
1779372130.7995,plane,2183,10,0.51812,0.25108,0.440464,1.00494,0.76070,102.29,0.00032,0.03405
1779372130.7995,plane,2183,12,0.49268,0.99653,0.002608,0.50098,0.03130,90.00,0.00000,0.00000
1779372130.9120,plane,2184,9,0.49532,0.50222,0.033529,0.15785,0.15057,81.56,0.00004,0.00041
1779372130.9120,plane,2184,10,0.51766,0.25118,0.441518,1.00937,0.77122,102.80,-0.00406,0.00090
1779372130.9120,plane,2184,12,0.49268,0.99653,0.002608,0.50098,0.03130,90.00,0.00000,0.00000
1779372131.0051,plane,2185,9,0.49533,0.50216,0.033515,0.15775,0.15060,81.51,0.00008,-0.00062
1779372131.0051,plane,2185,10,0.51825,0.24772,0.434782,1.00660,0.76007,102.40,0.00623,-0.03704
1779372131.0051,plane,2185,12,0.49268,0.99653,0.002608,0.50098,0.03130,90.00,0.00000,0.00000
1779372131.1017,plane,2186,9,0.49534,0.50242,0.033530,0.15785,0.15055,81.64,0.00020,0.00265
1779372131.1017,plane,2186,10,0.51755,0.25160,0.441635,1.01972,0.80894,104.68,-0.00717,0.04025
1779372131.1017,plane,2186,12,0.49268,0.99653,0.002608,0.50098,0.03130,90.00,0.00000,0.00000
1779372131.1986,plane,2187,9,0.49531,0.50242,0.033513,0.15780,0.15053,81.67,-0.00032,0.00002
1779372131.1986,plane,2187,10,0.51760,0.25111,0.440296,1.00864,0.77382,102.77,0.00047,-0.00517
1779372131.1986,plane,2187,12,0.49268,0.99653,0.002608,0.50098,0.03130,90.00,0.00000,0.00000
1779372131.3106,plane,2188,9,0.49530,0.50238,0.033517,0.15781,0.15051,81.78,-0.00015,-0.00036
1779372131.3106,plane,2188,10,0.51754,0.24853,0.434233,1.00796,0.76817,102.20,-0.00054,-0.02286
1779372131.3106,plane,2188,12,0.49268,0.99653,0.002608,0.50098,0.03130,90.00,0.00000,0.00000
1779372131.4059,plane,2189,9,0.49530,0.50230,0.033525,0.15780,0.15058,81.27,0.00000,-0.00085
1779372131.4059,plane,2189,10,0.51743,0.25176,0.441133,1.00842,0.77853,103.00,-0.00114,0.03398
1779372131.4059,plane,2189,12,0.49268,0.99653,0.002608,0.50098,0.03130,90.00,0.00000,0.00000
1779372131.5026,plane,2190,9,0.49526,0.50215,0.033502,0.15777,0.15049,81.66,-0.00034,-0.00154
1779372131.5026,plane,2190,10,0.51791,0.24856,0.435020,1.01591,0.79762,103.56,0.00503,-0.03327
1779372131.5026,plane,2190,12,0.49268,0.99653,0.002608,0.50098,0.03130,90.00,0.00000,0.00000
1779372131.5976,plane,2191,9,0.49530,0.50179,0.033522,0.15778,0.15053,82.68,0.00035,-0.00374
1779372131.5976,plane,2191,10,0.51803,0.24789,0.433816,1.01061,0.76956,102.96,0.00119,-0.00703
1779372131.5976,plane,2191,12,0.49280,0.99651,0.002621,0.54049,0.00451,90.08,0.00125,-0.00019
1779372131.7099,plane,2192,9,0.49527,0.50229,0.033529,0.15791,0.15044,81.81,-0.00029,0.00445
1779372131.7099,plane,2192,10,0.51797,0.25171,0.444451,1.02136,0.79045,104.05,-0.00054,0.03408
1779372131.7099,plane,2192,12,0.49268,0.99653,0.002608,0.50098,0.03130,90.00,-0.00106,0.00016
1779372131.8055,plane,2193,9,0.49533,0.50194,0.033515,0.15775,0.15053,82.41,0.00066,-0.00365
1779372131.8055,plane,2193,10,0.51796,0.24694,0.430371,1.00780,0.77601,102.61,-0.00005,-0.04995
1779372131.8055,plane,2193,12,0.49268,0.99653,0.002608,0.50098,0.03130,90.00,0.00000,0.00000
1779372131.9018,plane,2194,9,0.49527,0.50206,0.033479,0.15776,0.15038,82.40,-0.00058,0.00121
1779372131.9018,plane,2194,10,0.51806,0.24421,0.424996,1.00308,0.75053,101.33,0.00099,-0.02835
1779372131.9018,plane,2194,12,0.49291,0.99651,0.002621,0.52950,0.00424,90.00,0.00242,-0.00019
1779372131.9981,plane,2195,9,0.49527,0.50199,0.033524,0.15783,0.15056,82.23,-0.00004,-0.00073
1779372131.9981,plane,2195,10,0.51756,0.25144,0.441123,1.00589,0.77364,102.26,-0.00513,0.07519
1779372131.9981,plane,2195,12,0.49268,0.99653,0.002608,0.50098,0.03130,90.00,-0.00243,0.00019
1779372132.1096,plane,2196,9,0.49529,0.50179,0.033522,0.15780,0.15053,82.68,0.00019,-0.00175
1779372132.1096,plane,2196,10,0.51828,0.24841,0.434558,1.00541,0.76083,101.97,0.00643,-0.02713
1779372132.1096,plane,2196,12,0.49556,0.99642,0.002692,0.51845,0.00364,89.94,0.02582,-0.00098
1779372132.2069,plane,2197,9,0.49529,0.50240,0.033468,0.15772,0.15042,81.96,-0.00001,0.00633
1779372132.2069,plane,2197,10,0.51805,0.24891,0.435589,1.00927,0.77905,102.44,-0.00238,0.00517
1779372132.2069,plane,2197,12,0.49281,0.99648,0.002650,0.55077,0.00364,90.05,-0.02846,0.00056
1779372132.3026,plane,2198,9,0.49529,0.50249,0.033505,0.15774,0.15050,81.71,-0.00002,0.00086
1779372132.3026,plane,2198,10,0.51759,0.25170,0.442408,1.01343,0.78120,103.43,-0.00480,0.02897
1779372132.3026,plane,2198,12,0.49268,0.99653,0.002608,0.50098,0.03130,90.00,-0.00140,0.00058
1779372132.3976,plane,2199,9,0.49529,0.50249,0.033503,0.15776,0.15051,82.02,0.00001,0.00003
1779372132.3976,plane,2199,10,0.51785,0.24745,0.432465,1.00873,0.77091,102.11,0.00271,-0.04497
1779372132.3976,plane,2199,12,0.49268,0.99653,0.002608,0.50098,0.03130,90.00,0.00000,0.00000
1779372132.5106,plane,2200,9,0.49527,0.50230,0.033542,0.15781,0.15059,81.62,-0.00018,-0.00170
1779372132.5106,plane,2200,10,0.51817,0.25067,0.440665,1.01512,0.78209,103.25,0.00285,0.02854
1779372132.5106,plane,2200,12,0.49268,0.99653,0.002608,0.50098,0.03130,90.00,0.00000,0.00000
1779372132.6061,plane,2201,9,0.49525,0.50224,0.033532,0.15779,0.15058,81.73,-0.00017,-0.00066
1779372132.6061,plane,2201,10,0.51850,0.24984,0.438560,1.01030,0.76451,102.73,0.00349,-0.00863
1779372132.6061,plane,2201,12,0.49268,0.99653,0.002608,0.50098,0.03130,90.00,0.00000,0.00000
1779372132.7019,plane,2202,9,0.49528,0.50211,0.033517,0.15779,0.15057,81.42,0.00026,-0.00132
1779372132.7019,plane,2202,10,0.51767,0.24848,0.436574,1.01237,0.78231,102.73,-0.00870,-0.01417
1779372132.7019,plane,2202,12,0.49268,0.99653,0.002608,0.50098,0.03130,90.00,0.00000,0.00000
1779372132.7978,plane,2203,9,0.49529,0.50212,0.033518,0.15781,0.15055,81.40,0.00014,0.00011
1779372132.7978,plane,2203,10,0.51851,0.25058,0.441174,1.01898,0.78867,104.45,0.00881,0.02198
1779372132.7978,plane,2203,12,0.49268,0.99653,0.002608,0.50098,0.03130,90.00,0.00000,0.00000
1779372132.9099,plane,2204,9,0.49527,0.50201,0.033508,0.15782,0.15053,81.91,-0.00017,-0.00094
1779372132.9099,plane,2204,10,0.51744,0.24927,0.436493,1.00832,0.77487,102.99,-0.00949,-0.01160
1779372132.9099,plane,2204,12,0.49268,0.99653,0.002608,0.50098,0.03130,90.00,0.00000,0.00000
1779372133.0054,plane,2205,9,0.49530,0.50226,0.033498,0.15777,0.15050,81.83,0.00026,0.00258
1779372133.0054,plane,2205,10,0.51816,0.24883,0.435182,1.00817,0.77399,102.71,0.00750,-0.00469
1779372133.0054,plane,2205,12,0.49268,0.99653,0.002608,0.50098,0.03130,90.00,0.00000,0.00000
1779372133.1016,plane,2206,9,0.49528,0.50218,0.033500,0.15778,0.15050,81.69,-0.00016,-0.00085
1779372133.1016,plane,2206,10,0.51760,0.24964,0.437529,1.00910,0.78044,103.07,-0.00583,0.00850
1779372133.1016,plane,2206,12,0.49268,0.99653,0.002608,0.50098,0.03130,90.00,0.00000,0.00000
1779372133.1980,plane,2207,9,0.49531,0.50242,0.033503,0.15779,0.15048,81.86,0.00034,0.00255
1779372133.1980,plane,2207,10,0.51795,0.24917,0.437319,1.01396,0.77747,102.71,0.00369,-0.00492
1779372133.1980,plane,2207,12,0.49268,0.99653,0.002608,0.50098,0.03130,90.00,0.00000,0.00000
1779372133.3105,plane,2208,9,0.49533,0.50251,0.033537,0.15781,0.15058,81.85,0.00013,0.00081
1779372133.3105,plane,2208,10,0.51780,0.24889,0.435705,1.00294,0.75890,101.61,-0.00135,-0.00246
1779372133.3105,plane,2208,12,0.49268,0.99653,0.002608,0.50098,0.03130,90.00,0.00000,0.00000
1779372133.4057,plane,2209,9,0.49528,0.50227,0.033534,0.15780,0.15059,81.88,-0.00047,-0.00261
1779372133.4057,plane,2209,10,0.51762,0.25140,0.441506,1.01678,0.79113,104.03,-0.00192,0.02629
1779372133.4057,plane,2209,12,0.49268,0.99653,0.002608,0.50098,0.03130,90.00,0.00000,0.00000
1779372133.5019,plane,2210,9,0.49530,0.50236,0.033515,0.15776,0.15054,81.75,0.00017,0.00100
1779372133.5019,plane,2210,10,0.51754,0.24880,0.435789,1.00954,0.77135,102.44,-0.00078,-0.02701
1779372133.5019,plane,2210,12,0.49268,0.99653,0.002608,0.50098,0.03130,90.00,0.00000,0.00000
1779372133.5976,plane,2211,9,0.49531,0.50226,0.033525,0.15779,0.15057,81.76,0.00018,-0.00104
1779372133.5976,plane,2211,10,0.51848,0.24897,0.438360,1.01315,0.77522,102.29,0.00985,0.00180
1779372133.5976,plane,2211,12,0.49268,0.99653,0.002608,0.50098,0.03130,90.00,0.00000,0.00000
1779372133.7104,plane,2212,9,0.49530,0.50222,0.033527,0.15780,0.15060,81.74,-0.00016,-0.00039
1779372133.7104,plane,2212,10,0.51793,0.25108,0.439546,1.01061,0.77593,103.70,-0.00491,0.01874
1779372133.7104,plane,2212,12,0.49268,0.99653,0.002608,0.50098,0.03130,90.00,0.00000,0.00000
1779372133.8055,plane,2213,9,0.49527,0.50225,0.033518,0.15776,0.15055,81.55,-0.00026,0.00029
1779372133.8055,plane,2213,10,0.51750,0.24974,0.437200,1.01350,0.79660,102.92,-0.00457,-0.01405
1779372133.8055,plane,2213,12,0.49268,0.99653,0.002608,0.50098,0.03130,90.00,0.00000,0.00000
1779372133.9024,plane,2214,9,0.49529,0.50224,0.033505,0.15777,0.15050,81.19,0.00021,-0.00006
1779372133.9024,plane,2214,10,0.51770,0.24846,0.435228,1.00886,0.76686,101.81,0.00214,-0.01331
1779372133.9024,plane,2214,12,0.49268,0.99653,0.002608,0.50098,0.03130,90.00,0.00000,0.00000
1779372134.0000,plane,2215,9,0.49531,0.50236,0.033527,0.15785,0.15054,81.82,0.00018,0.00118
1779372134.0000,plane,2215,10,0.51667,0.25350,0.444295,1.00572,0.77483,102.55,-0.01049,0.05129
1779372134.0000,plane,2215,12,0.49268,0.99653,0.002608,0.50098,0.03130,90.00,0.00000,0.00000
1779372134.1099,plane,2216,9,0.49530,0.50231,0.033517,0.15781,0.15052,81.75,-0.00013,-0.00038
1779372134.1099,plane,2216,10,0.51762,0.24991,0.438656,1.01428,0.78100,103.47,0.00862,-0.03265
1779372134.1099,plane,2216,12,0.49268,0.99653,0.002608,0.50098,0.03130,90.00,0.00000,0.00000
1779372134.2052,plane,2217,9,0.49528,0.50227,0.033507,0.15781,0.15048,81.34,-0.00013,-0.00051
1779372134.2052,plane,2217,10,0.51779,0.24875,0.435566,1.00685,0.77854,102.15,0.00184,-0.01210
1779372134.2052,plane,2217,12,0.49268,0.99653,0.002608,0.50098,0.03130,90.00,0.00000,0.00000
1779372134.3021,plane,2218,9,0.49528,0.50228,0.033517,0.15776,0.15055,81.73,0.00002,0.00019
1779372134.3021,plane,2218,10,0.51785,0.24910,0.436829,1.00172,0.74801,101.71,0.00058,0.00362
1779372134.3021,plane,2218,12,0.49268,0.99653,0.002608,0.50098,0.03130,90.00,0.00000,0.00000
1779372134.3976,plane,2219,9,0.49529,0.50224,0.033525,0.15779,0.15054,81.36,0.00003,-0.00042
1779372134.3976,plane,2219,10,0.51807,0.24863,0.435718,1.01062,0.77606,102.73,0.00232,-0.00499
1779372134.3976,plane,2219,12,0.49268,0.99653,0.002608,0.50098,0.03130,90.00,0.00000,0.00000
1779372134.5102,plane,2220,9,0.49528,0.50229,0.033532,0.15780,0.15058,81.85,-0.00004,0.00042
1779372134.5102,plane,2220,10,0.51801,0.25149,0.442893,1.01787,0.78353,103.21,-0.00052,0.02552
1779372134.5102,plane,2220,12,0.49268,0.99653,0.002608,0.50098,0.03130,90.00,0.00000,0.00000
1779372134.6066,plane,2221,9,0.49527,0.50224,0.033520,0.15778,0.15055,81.65,-0.00009,-0.00056
1779372134.6066,plane,2221,10,0.51719,0.24958,0.436959,1.00896,0.76977,102.29,-0.00858,-0.01997
1779372134.6066,plane,2221,12,0.49268,0.99653,0.002608,0.50098,0.03130,90.00,0.00000,0.00000
1779372134.7026,plane,2222,9,0.49531,0.50223,0.033515,0.15783,0.15049,81.36,0.00032,-0.00005
1779372134.7026,plane,2222,10,0.51757,0.24930,0.436608,1.01055,0.77996,102.90,0.00396,-0.00289
1779372134.7026,plane,2222,12,0.49268,0.99653,0.002608,0.50098,0.03130,90.00,0.00000,0.00000
1779372134.7975,plane,2223,9,0.49531,0.50224,0.033534,0.15786,0.15055,81.61,0.00005,0.00006
1779372134.7975,plane,2223,10,0.51743,0.25197,0.442340,1.01106,0.78339,103.09,-0.00156,0.02810
1779372134.7975,plane,2223,12,0.49268,0.99653,0.002608,0.50098,0.03130,90.00,0.00000,0.00000
1779372134.9110,plane,2224,9,0.49529,0.50223,0.033512,0.15781,0.15049,81.45,-0.00021,-0.00009
1779372134.9110,plane,2224,10,0.51875,0.24875,0.436778,1.00989,0.76420,102.12,0.01169,-0.02848
1779372134.9110,plane,2224,12,0.49268,0.99653,0.002608,0.50098,0.03130,90.00,0.00000,0.00000
1779372135.0057,plane,2225,9,0.49528,0.50222,0.033507,0.15776,0.15050,81.19,-0.00004,-0.00008
1779372135.0057,plane,2225,10,0.51781,0.24828,0.435940,1.00746,0.75591,101.83,-0.00983,-0.00491
1779372135.0057,plane,2225,12,0.49268,0.99653,0.002608,0.50098,0.03130,90.00,0.00000,0.00000
1779372135.1021,plane,2226,9,0.49532,0.50232,0.033534,0.15783,0.15055,81.44,0.00035,0.00099
1779372135.1021,plane,2226,10,0.51780,0.25102,0.442371,1.01495,0.78076,102.70,-0.00010,0.02844
1779372135.1021,plane,2226,12,0.49268,0.99653,0.002608,0.50098,0.03130,90.00,0.00000,0.00000
1779372135.1974,plane,2227,9,0.49531,0.50232,0.033525,0.15780,0.15056,81.74,-0.00009,-0.00000
1779372135.1974,plane,2227,10,0.51774,0.24838,0.435006,1.00940,0.77353,102.46,-0.00066,-0.02771
1779372135.1974,plane,2227,12,0.49268,0.99653,0.002608,0.50098,0.03130,90.00,0.00000,0.00000
1779372135.3106,plane,2228,9,0.49531,0.50232,0.033529,0.15783,0.15054,81.41,0.00007,0.00005
1779372135.3106,plane,2228,10,0.51784,0.25177,0.442303,1.01445,0.79191,104.14,0.00089,0.03019
1779372135.3106,plane,2228,12,0.49268,0.99653,0.002608,0.50098,0.03130,90.00,0.00000,0.00000
1779372135.4063,plane,2229,9,0.49531,0.50235,0.033534,0.15787,0.15052,81.69,-0.00007,0.00027
1779372135.4063,plane,2229,10,0.51724,0.25268,0.444979,1.01605,0.78419,103.67,-0.00619,0.00940
1779372135.4063,plane,2229,12,0.49268,0.99653,0.002608,0.50098,0.03130,90.00,0.00000,0.00000
1779372135.5013,plane,2230,9,0.49528,0.50228,0.033502,0.15775,0.15049,81.45,-0.00027,-0.00070
1779372135.5013,plane,2230,10,0.51772,0.24872,0.434333,1.00994,0.78422,102.84,0.00504,-0.04166
1779372135.5013,plane,2230,12,0.49268,0.99653,0.002608,0.50098,0.03130,90.00,0.00000,0.00000
1779372135.5991,plane,2231,9,0.49530,0.50231,0.033532,0.15780,0.15056,81.69,0.00019,0.00035
1779372135.5991,plane,2231,10,0.51753,0.25307,0.447289,1.02649,0.78271,104.31,-0.00202,0.04486
1779372135.5991,plane,2231,12,0.49268,0.99653,0.002608,0.50098,0.03130,90.00,0.00000,0.00000
1779372135.7110,plane,2232,9,0.49530,0.50236,0.033502,0.15774,0.15051,81.96,0.00002,0.00039
1779372135.7110,plane,2232,10,0.51742,0.24783,0.432919,1.00488,0.76546,102.35,-0.00097,-0.04640
1779372135.7110,plane,2232,12,0.49268,0.99653,0.002608,0.50098,0.03130,90.00,0.00000,0.00000
1779372135.8055,plane,2233,9,0.49531,0.50226,0.033474,0.15774,0.15042,81.80,0.00009,-0.00108
1779372135.8055,plane,2233,10,0.51769,0.24279,0.425071,1.00229,0.73120,100.49,0.00294,-0.05350
1779372135.8055,plane,2233,12,0.49268,0.99653,0.002608,0.50098,0.03130,90.00,0.00000,0.00000
1779372135.9016,plane,2234,9,0.49530,0.50225,0.033486,0.15778,0.15044,81.80,-0.00010,-0.00003
1779372135.9016,plane,2234,10,0.51832,0.24593,0.430862,1.00632,0.75767,101.75,0.00650,0.03257
1779372135.9016,plane,2234,12,0.49268,0.99653,0.002608,0.50098,0.03130,90.00,0.00000,0.00000
1779372135.9979,plane,2235,9,0.49531,0.50232,0.033512,0.15779,0.15053,81.68,0.00013,0.00068
1779372135.9979,plane,2235,10,0.51706,0.24904,0.436639,1.00687,0.76787,101.96,-0.01317,0.03258
1779372135.9979,plane,2235,12,0.49268,0.99653,0.002608,0.50098,0.03130,90.00,0.00000,0.00000
1779372136.1109,plane,2236,9,0.49531,0.50231,0.033508,0.15776,0.15053,81.76,-0.00007,-0.00006
1779372136.1109,plane,2236,10,0.51813,0.24847,0.435533,1.00606,0.76083,102.03,0.00938,-0.00503
1779372136.1109,plane,2236,12,0.49268,0.99653,0.002608,0.50098,0.03130,90.00,0.00000,0.00000
1779372136.2058,plane,2237,9,0.49530,0.50226,0.033515,0.15783,0.15050,81.21,-0.00003,-0.00051
1779372136.2058,plane,2237,10,0.51811,0.24826,0.435581,1.01156,0.77706,102.52,-0.00022,-0.00224
1779372136.2058,plane,2237,12,0.49268,0.99653,0.002608,0.50098,0.03130,90.00,0.00000,0.00000
1779372136.3028,plane,2238,9,0.49530,0.50235,0.033507,0.15776,0.15049,81.67,-0.00003,0.00093
1779372136.3028,plane,2238,10,0.51770,0.24900,0.437814,1.00647,0.75832,101.57,-0.00426,0.00771
1779372136.3028,plane,2238,12,0.49268,0.99653,0.002608,0.50098,0.03130,90.00,0.00000,0.00000
1779372136.3987,plane,2239,9,0.49530,0.50242,0.033512,0.15779,0.15051,81.74,0.00000,0.00072
1779372136.3987,plane,2239,10,0.51754,0.24894,0.436679,1.00499,0.76440,102.17,-0.00164,-0.00061
1779372136.3987,plane,2239,12,0.49268,0.99653,0.002608,0.50098,0.03130,90.00,0.00000,0.00000
1779372136.5097,plane,2240,9,0.49530,0.50240,0.033498,0.15775,0.15049,81.60,-0.00003,-0.00021
1779372136.5097,plane,2240,10,0.51743,0.24833,0.434867,1.00828,0.76505,102.11,-0.00099,-0.00544
1779372136.5097,plane,2240,12,0.49268,0.99653,0.002608,0.50098,0.03130,90.00,0.00000,0.00000
1779372136.6056,plane,2241,9,0.49531,0.50238,0.033513,0.15779,0.15051,81.74,0.00013,-0.00019
1779372136.6056,plane,2241,10,0.51809,0.24930,0.436400,1.00708,0.77235,102.51,0.00690,0.01007
1779372136.6056,plane,2241,12,0.49268,0.99653,0.002608,0.50098,0.03130,90.00,0.00000,0.00000
1779372136.7019,plane,2242,9,0.49529,0.50237,0.033517,0.15778,0.15053,81.69,-0.00023,-0.00010
1779372136.7019,plane,2242,10,0.51759,0.24905,0.437078,1.01292,0.78619,102.50,-0.00516,-0.00252
1779372136.7019,plane,2242,12,0.49268,0.99653,0.002608,0.50098,0.03130,90.00,0.00000,0.00000
1779372136.7978,plane,2243,9,0.49530,0.50242,0.033512,0.15779,0.15050,81.69,0.00016,0.00056
1779372136.7978,plane,2243,10,0.51761,0.24813,0.433821,1.00456,0.76528,101.48,0.00016,-0.00964
1779372136.7978,plane,2243,12,0.49268,0.99653,0.002608,0.50098,0.03130,90.00,0.00000,0.00000
1779372136.9106,plane,2244,9,0.49531,0.50242,0.033525,0.15782,0.15056,82.02,0.00008,-0.00006
1779372136.9106,plane,2244,10,0.51718,0.25069,0.439245,1.00714,0.76771,102.59,-0.00381,0.02274
1779372136.9106,plane,2244,12,0.49268,0.99653,0.002608,0.50098,0.03130,90.00,0.00000,0.00000
1779372137.0066,plane,2245,9,0.49530,0.50233,0.033527,0.15779,0.15059,81.62,-0.00009,-0.00087
1779372137.0066,plane,2245,10,0.51718,0.24982,0.438458,1.01042,0.77665,102.17,0.00005,-0.00925
1779372137.0066,plane,2245,12,0.49268,0.99653,0.002608,0.50098,0.03130,90.00,0.00000,0.00000
1779372137.1025,plane,2246,9,0.49529,0.50234,0.033518,0.15777,0.15055,81.45,-0.00016,0.00005
1779372137.1025,plane,2246,10,0.51784,0.24871,0.437586,1.01859,0.79069,103.66,0.00674,-0.01143
1779372137.1025,plane,2246,12,0.49268,0.99653,0.002608,0.50098,0.03130,90.00,0.00000,0.00000
1779372137.1979,plane,2247,9,0.49529,0.50228,0.033532,0.15781,0.15060,81.58,-0.00002,-0.00061
1779372137.1979,plane,2247,10,0.51767,0.24914,0.436717,1.00620,0.76084,102.10,-0.00175,0.00455
1779372137.1979,plane,2247,12,0.49268,0.99653,0.002608,0.50098,0.03130,90.00,0.00000,0.00000
1779372137.3096,plane,2248,9,0.49529,0.50227,0.033537,0.15778,0.15062,81.62,0.00004,-0.00012
1779372137.3096,plane,2248,10,0.51778,0.24876,0.435393,1.00743,0.77171,102.18,0.00094,-0.00342
1779372137.3096,plane,2248,12,0.49268,0.99653,0.002608,0.50098,0.03130,90.00,0.00000,0.00000
1779372137.4065,plane,2249,9,0.49530,0.50226,0.033517,0.15777,0.15055,81.57,0.00006,-0.00011
1779372137.4065,plane,2249,10,0.51769,0.24999,0.437932,1.00807,0.77068,102.05,-0.00089,0.01271
1779372137.4065,plane,2249,12,0.49268,0.99653,0.002608,0.50098,0.03130,90.00,0.00000,0.00000
1779372137.5022,plane,2250,9,0.49529,0.50226,0.033541,0.15785,0.15059,81.66,-0.00007,0.00000
1779372137.5022,plane,2250,10,0.51735,0.25555,0.450539,1.01009,0.76431,103.64,-0.00356,0.05813
1779372137.5022,plane,2250,12,0.49268,0.99653,0.002608,0.50098,0.03130,90.00,0.00000,0.00000
1779372137.5978,plane,2251,9,0.49527,0.50229,0.033500,0.15775,0.15048,81.63,-0.00017,0.00037
1779372137.5978,plane,2251,10,0.51765,0.24824,0.435306,1.00866,0.76312,102.10,0.00311,-0.07655
1779372137.5978,plane,2251,12,0.49268,0.99653,0.002608,0.50098,0.03130,90.00,0.00000,0.00000
1779372137.7105,plane,2252,9,0.49529,0.50235,0.033518,0.15780,0.15052,81.89,0.00011,0.00049
1779372137.7105,plane,2252,10,0.51759,0.25038,0.439021,1.00799,0.77579,102.38,-0.00055,0.01901
1779372137.7105,plane,2252,12,0.49268,0.99653,0.002608,0.50098,0.03130,90.00,0.00000,0.00000
1779372137.8063,plane,2253,9,0.49529,0.50236,0.033505,0.15777,0.15049,81.48,-0.00001,0.00016
1779372137.8063,plane,2253,10,0.51721,0.25079,0.440796,1.01230,0.77195,103.40,-0.00389,0.00427
1779372137.8063,plane,2253,12,0.49268,0.99653,0.002608,0.50098,0.03130,90.00,0.00000,0.00000
1779372137.9018,plane,2254,9,0.49529,0.50235,0.033508,0.15776,0.15051,81.65,0.00008,-0.00020
1779372137.9018,plane,2254,10,0.51846,0.24829,0.435393,1.01650,0.78350,103.50,0.01309,-0.02618
1779372137.9018,plane,2254,12,0.49268,0.99653,0.002608,0.50098,0.03130,90.00,0.00000,0.00000
1779372137.9985,plane,2255,9,0.49529,0.50236,0.033530,0.15783,0.15056,81.84,-0.00003,0.00015
1779372137.9985,plane,2255,10,0.51696,0.25484,0.449556,1.01765,0.78871,104.12,-0.01573,0.06831
1779372137.9985,plane,2255,12,0.49268,0.99653,0.002608,0.50098,0.03130,90.00,0.00000,0.00000
1779372138.1110,plane,2256,9,0.49529,0.50237,0.033520,0.15782,0.15049,81.71,-0.00003,0.00011
1779372138.1110,plane,2256,10,0.51752,0.24795,0.434226,1.00285,0.75145,101.02,0.00503,-0.06075
1779372138.1110,plane,2256,12,0.49268,0.99653,0.002608,0.50098,0.03130,90.00,0.00000,0.00000
1779372138.2060,plane,2257,9,0.49528,0.50232,0.033474,0.15769,0.15043,81.66,-0.00009,-0.00053
1779372138.2060,plane,2257,10,0.51829,0.23826,0.417830,1.00310,0.71893,99.53,0.00812,-0.10221
1779372138.2060,plane,2257,12,0.49268,0.99653,0.002608,0.50098,0.03130,90.00,0.00000,0.00000
1779372138.3020,plane,2258,9,0.49527,0.50226,0.033440,0.15758,0.15037,81.77,-0.00006,-0.00065
1779372138.3020,plane,2258,10,0.51873,0.23035,0.397725,1.00213,0.75332,98.41,0.00453,-0.08237
1779372138.3020,plane,2258,12,0.49268,0.99653,0.002608,0.50098,0.03130,90.00,0.00000,0.00000
1779372138.3984,plane,2259,9,0.49528,0.50221,0.033413,0.15752,0.15028,82.46,0.00010,-0.00051
1779372138.3984,plane,2259,10,0.51765,0.22677,0.382819,1.00071,0.78392,98.96,-0.01130,-0.03748
1779372138.3984,plane,2259,12,0.49268,0.99653,0.002608,0.50098,0.03130,90.00,0.00000,0.00000
1779372138.5102,plane,2260,9,0.49527,0.50226,0.033442,0.15761,0.15036,81.49,-0.00011,0.00042
1779372138.5102,plane,2260,10,0.51757,0.23291,0.398600,0.99829,0.75322,99.00,-0.00076,0.05436
1779372138.5102,plane,2260,12,0.49268,0.99653,0.002608,0.50098,0.03130,90.00,0.00000,0.00000
1779372138.6050,plane,2261,9,0.49527,0.50228,0.033469,0.15767,0.15044,81.26,-0.00002,0.00020
1779372138.6050,plane,2261,10,0.51834,0.24028,0.416397,1.00504,0.77700,100.80,0.00815,0.07777
1779372138.6050,plane,2261,12,0.49268,0.99653,0.002608,0.50098,0.03130,90.00,0.00000,0.00000
1779372138.7022,plane,2262,9,0.49531,0.50233,0.033486,0.15771,0.15049,82.03,0.00038,0.00055
1779372138.7022,plane,2262,10,0.51815,0.24491,0.427848,1.01104,0.76658,102.13,-0.00194,0.04798
1779372138.7022,plane,2262,12,0.49268,0.99653,0.002608,0.50098,0.03130,90.00,0.00000,0.00000
1779372138.7980,plane,2263,9,0.49530,0.50236,0.033508,0.15779,0.15052,81.62,-0.00008,0.00033
1779372138.7980,plane,2263,10,0.51766,0.24848,0.434742,1.00440,0.77246,102.04,-0.00508,0.03698
1779372138.7980,plane,2263,12,0.49268,0.99653,0.002608,0.50098,0.03130,90.00,0.00000,0.00000
1779372138.9095,plane,2264,9,0.49530,0.50237,0.033498,0.15774,0.15051,81.66,0.00002,0.00010
1779372138.9095,plane,2264,10,0.51817,0.24609,0.429862,1.00703,0.76001,102.05,0.00455,-0.02141
1779372138.9095,plane,2264,12,0.49268,0.99653,0.002608,0.50098,0.03130,90.00,0.00000,0.00000
1779372139.0060,plane,2265,9,0.49530,0.50232,0.033515,0.15780,0.15054,81.68,0.00003,-0.00052
1779372139.0060,plane,2265,10,0.51814,0.24923,0.436028,1.01212,0.78055,103.54,-0.00024,0.03253
1779372139.0060,plane,2265,12,0.49268,0.99653,0.002608,0.50098,0.03130,90.00,0.00000,0.00000
1779372139.1022,plane,2266,9,0.49534,0.50244,0.033524,0.15785,0.15051,81.75,0.00036,0.00120
1779372139.1022,plane,2266,10,0.51840,0.25192,0.442769,1.01919,0.79523,104.30,0.00263,0.02806
1779372139.1022,plane,2266,12,0.49268,0.99653,0.002608,0.50098,0.03130,90.00,0.00000,0.00000
1779372139.1970,plane,2267,9,0.49543,0.50288,0.033515,0.15768,0.15051,81.55,0.00098,0.00463
1779372139.1970,plane,2267,10,0.51768,0.24615,0.428919,0.99993,0.74962,101.37,-0.00755,-0.06067
1779372139.1970,plane,2267,12,0.49316,0.99653,0.002602,0.50000,0.03127,90.00,0.00513,0.00000
1779372139.3077,plane,2268,9,0.49544,0.50403,0.033466,0.15769,0.15040,82.26,0.00008,0.01040
1779372139.3077,plane,2268,10,0.51728,0.25064,0.438183,1.00981,0.78749,103.33,-0.00363,0.04053
1779372139.4034,plane,2269,9,0.49547,0.50426,0.033471,0.15769,0.15041,81.69,0.00033,0.00237
1779372139.4034,plane,2269,10,0.51739,0.25022,0.438410,1.00506,0.76821,102.46,0.00122,-0.00440
1779372139.5000,plane,2270,9,0.49544,0.50408,0.033468,0.15768,0.15045,81.78,-0.00032,-0.00182
1779372139.5000,plane,2270,10,0.51754,0.24670,0.432553,1.00514,0.75744,101.20,0.00149,-0.03628
1779372139.5956,plane,2271,9,0.49548,0.50420,0.033485,0.15770,0.15045,81.82,0.00047,0.00124
1779372139.5956,plane,2271,10,0.51653,0.25333,0.445713,1.01324,0.78316,103.62,-0.01052,0.06941
1779372139.7074,plane,2272,9,0.49548,0.50405,0.033486,0.15768,0.15046,82.32,0.00000,-0.00129
1779372139.7074,plane,2272,10,0.51725,0.24962,0.436607,1.01232,0.78995,102.97,0.00640,-0.03322
1779372139.8036,plane,2273,9,0.49551,0.50410,0.033479,0.15774,0.15041,82.11,0.00031,0.00044
1779372139.8036,plane,2273,10,0.51708,0.25017,0.438009,1.00780,0.76867,101.75,-0.00171,0.00577
1779372139.9005,plane,2274,9,0.49547,0.50410,0.033483,0.15776,0.15042,82.14,-0.00043,0.00002
1779372139.9005,plane,2274,10,0.51733,0.25273,0.442483,1.01798,0.80925,105.19,0.00247,0.02616
1779372139.9963,plane,2275,9,0.49547,0.50409,0.033473,0.15768,0.15044,82.19,0.00000,-0.00012
1779372139.9963,plane,2275,10,0.51762,0.25000,0.437937,1.01041,0.77521,102.69,0.00311,-0.02849
1779372140.1072,plane,2276,9,0.49548,0.50409,0.033461,0.15762,0.15043,82.18,0.00005,-0.00000
1779372140.1072,plane,2276,10,0.51698,0.25052,0.437720,1.00815,0.78900,102.37,-0.00580,0.00471
1779372140.2039,plane,2277,9,0.49550,0.50386,0.033485,0.15769,0.15045,82.04,0.00025,-0.00235
1779372140.2039,plane,2277,10,0.51817,0.25173,0.444989,1.00776,0.74323,101.78,0.01239,0.01255
1779372140.3028,plane,2278,9,0.49546,0.50359,0.033479,0.15770,0.15038,82.08,-0.00047,-0.00269
1779372140.3028,plane,2278,10,0.51724,0.25001,0.437937,1.00560,0.75518,102.39,-0.00938,-0.01724
1779372140.3028,plane,2278,13,0.54792,0.99658,0.002004,0.37747,0.00775,89.95,0.00000,0.00000
1779372140.3944,plane,2279,9,0.49540,0.50354,0.033507,0.15773,0.15049,81.88,-0.00058,-0.00057
1779372140.3944,plane,2279,10,0.51830,0.25320,0.446318,1.02266,0.80627,105.25,0.01149,0.03455
1779372140.5096,plane,2280,9,0.49542,0.50342,0.033510,0.15772,0.15054,81.69,0.00016,-0.00103
1779372140.5096,plane,2280,10,0.51682,0.25148,0.439548,1.00127,0.75290,101.67,-0.01284,-0.01489
1779372140.5096,plane,2280,13,0.49300,0.99654,0.002592,0.50501,0.00577,89.92,-0.47731,-0.00039
1779372140.6049,plane,2281,9,0.49540,0.50346,0.033483,0.15769,0.15040,81.88,-0.00024,0.00037
1779372140.6049,plane,2281,10,0.51699,0.24957,0.436518,1.01394,0.79368,103.87,0.00177,-0.02007
1779372140.6049,plane,2281,13,0.49316,0.99653,0.002602,0.50000,0.03127,90.00,0.00175,-0.00004
1779372140.7013,plane,2282,9,0.49540,0.50327,0.033517,0.15782,0.15048,81.91,0.00002,-0.00195
1779372140.7013,plane,2282,10,0.51729,0.25299,0.443892,1.01117,0.78362,103.16,0.00308,0.03551
1779372140.7013,plane,2282,13,0.49316,0.99653,0.002602,0.50000,0.03127,90.00,0.00000,0.00000
1779372140.7976,plane,2283,9,0.49539,0.50326,0.033512,0.15776,0.15049,81.92,-0.00010,-0.00009
1779372140.7976,plane,2283,10,0.51748,0.25249,0.443578,1.00864,0.77931,103.14,0.00202,-0.00520
1779372140.7976,plane,2283,13,0.49316,0.99653,0.002602,0.50000,0.03127,90.00,0.00000,0.00000
1779372140.9103,plane,2284,9,0.49540,0.50292,0.033508,0.15768,0.15049,81.53,0.00009,-0.00304
1779372140.9103,plane,2284,10,0.51734,0.24937,0.437737,1.02095,0.79482,104.79,-0.00121,-0.02763
1779372140.9103,plane,2284,13,0.49316,0.99653,0.002602,0.50000,0.03127,90.00,0.00000,0.00000
1779372141.0057,plane,2285,9,0.49538,0.50297,0.033512,0.15776,0.15045,81.72,-0.00020,0.00048
1779372141.0057,plane,2285,10,0.51856,0.24996,0.438682,1.00825,0.76016,102.62,0.01276,0.00621
1779372141.0057,plane,2285,13,0.49316,0.99653,0.002602,0.50000,0.03127,90.00,0.00000,0.00000
1779372141.1000,plane,2286,9,0.49537,0.50287,0.033534,0.15779,0.15052,81.74,-0.00012,-0.00104
1779372141.1000,plane,2286,10,0.51702,0.25405,0.446784,1.01387,0.78460,103.77,-0.01639,0.04327
1779372141.1000,plane,2286,13,0.49316,0.99653,0.002602,0.50000,0.03127,90.00,0.00000,0.00000
1779372141.1978,plane,2287,9,0.49539,0.50286,0.033517,0.15778,0.15046,81.45,0.00021,-0.00012
1779372141.1978,plane,2287,10,0.51737,0.25047,0.438929,1.01486,0.79159,103.53,0.00360,-0.03666
1779372141.1978,plane,2287,13,0.49316,0.99653,0.002602,0.50000,0.03127,90.00,0.00000,0.00000
1779372141.3090,plane,2288,9,0.49538,0.50280,0.033512,0.15779,0.15042,81.35,-0.00007,-0.00049
1779372141.3090,plane,2288,10,0.51787,0.25106,0.440031,1.01089,0.78365,102.77,0.00450,0.00527
1779372141.3090,plane,2288,13,0.49268,0.99653,0.002608,0.50098,0.03130,90.00,-0.00438,-0.00000
1779372141.4052,plane,2289,9,0.49536,0.50306,0.033503,0.15772,0.15045,81.73,-0.00024,0.00273
1779372141.4052,plane,2289,10,0.51691,0.24924,0.436113,1.00367,0.76106,102.21,-0.01000,-0.01892
1779372141.4052,plane,2289,13,0.49316,0.99653,0.002602,0.50000,0.03127,90.00,0.00507,0.00000
1779372141.5025,plane,2290,9,0.49537,0.50301,0.033502,0.15774,0.15041,82.04,0.00007,-0.00058
1779372141.5025,plane,2290,10,0.51695,0.24946,0.435696,1.00633,0.78142,102.81,0.00045,0.00227
1779372141.5025,plane,2290,13,0.49316,0.99653,0.002602,0.50000,0.03127,90.00,0.00000,0.00000
1779372141.5974,plane,2291,9,0.49537,0.50308,0.033515,0.15774,0.15050,81.78,0.00004,0.00074
1779372141.5974,plane,2291,10,0.51683,0.25433,0.446684,1.01595,0.79362,104.48,-0.00123,0.05154
1779372141.5974,plane,2291,13,0.49316,0.99653,0.002602,0.50000,0.03127,90.00,0.00000,0.00000
1779372141.7103,plane,2292,9,0.49536,0.50295,0.033508,0.15779,0.15039,81.85,-0.00009,-0.00110
1779372141.7103,plane,2292,10,0.51757,0.24972,0.437895,1.00791,0.76581,102.01,0.00648,-0.04065
1779372141.7103,plane,2292,13,0.49316,0.99653,0.002602,0.50000,0.03127,90.00,0.00000,0.00000
1779372141.8047,plane,2293,9,0.49533,0.50312,0.033500,0.15771,0.15043,82.06,-0.00029,0.00182
1779372141.8047,plane,2293,10,0.51722,0.24880,0.436305,1.00373,0.75641,101.74,-0.00365,-0.00976
1779372141.8047,plane,2293,13,0.49316,0.99653,0.002602,0.50000,0.03127,90.00,0.00000,0.00000
1779372141.9026,plane,2294,9,0.49535,0.50291,0.033524,0.15779,0.15046,81.62,0.00017,-0.00216
1779372141.9026,plane,2294,10,0.51706,0.25248,0.443190,1.00472,0.76733,101.86,-0.00171,0.03792
1779372141.9026,plane,2294,13,0.49316,0.99653,0.002602,0.50000,0.03127,90.00,0.00000,0.00000
1779372141.9976,plane,2295,9,0.49536,0.50296,0.033513,0.15779,0.15039,81.94,0.00010,0.00045
1779372141.9976,plane,2295,10,0.51740,0.24930,0.436435,1.01441,0.78735,103.12,0.00361,-0.03319
1779372141.9976,plane,2295,13,0.49316,0.99653,0.002602,0.50000,0.03127,90.00,0.00000,0.00000
1779372142.1101,plane,2296,9,0.49535,0.50275,0.033529,0.15776,0.15054,81.91,-0.00004,-0.00187
1779372142.1101,plane,2296,10,0.51800,0.25076,0.439226,1.00752,0.77125,102.90,0.00536,0.01306
1779372142.1101,plane,2296,13,0.49316,0.99653,0.002602,0.50000,0.03127,90.00,0.00000,0.00000
1779372142.2049,plane,2297,9,0.49542,0.50302,0.033517,0.15780,0.15043,82.05,0.00067,0.00286
1779372142.2049,plane,2297,10,0.51771,0.25334,0.445343,1.01301,0.78006,103.24,-0.00311,0.02703
1779372142.2049,plane,2297,13,0.49316,0.99653,0.002602,0.50000,0.03127,90.00,0.00000,0.00000
1779372142.3022,plane,2298,9,0.49537,0.50285,0.033518,0.15780,0.15045,81.58,-0.00046,-0.00172
1779372142.3022,plane,2298,10,0.51677,0.24930,0.435861,1.00321,0.76743,101.28,-0.00975,-0.04176
1779372142.3022,plane,2298,13,0.49316,0.99653,0.002602,0.50000,0.03127,90.00,0.00000,0.00000
1779372142.3977,plane,2299,9,0.49539,0.50293,0.033541,0.15787,0.15049,81.38,0.00024,0.00084
1779372142.3977,plane,2299,10,0.51658,0.25604,0.450370,1.01719,0.79296,104.97,-0.00196,0.06998
1779372142.3977,plane,2299,13,0.49316,0.99653,0.002602,0.50000,0.03127,90.00,0.00000,0.00000
1779372142.5098,plane,2300,9,0.49536,0.50306,0.033510,0.15770,0.15048,81.72,-0.00030,0.00113
1779372142.5098,plane,2300,10,0.51803,0.24928,0.436888,1.00424,0.75358,101.67,0.01295,-0.06044
1779372142.5098,plane,2300,13,0.49316,0.99653,0.002602,0.50000,0.03127,90.00,0.00000,0.00000
1779372142.6065,plane,2301,9,0.49539,0.50297,0.033503,0.15769,0.15045,81.57,0.00026,-0.00094
1779372142.6065,plane,2301,10,0.51816,0.24635,0.429413,1.00745,0.77236,102.19,0.00134,-0.03052
1779372142.6065,plane,2301,13,0.49316,0.99653,0.002602,0.50000,0.03127,90.00,0.00000,0.00000
1779372142.7025,plane,2302,9,0.49538,0.50289,0.033517,0.15777,0.15045,81.67,-0.00009,-0.00081
1779372142.7025,plane,2302,10,0.51800,0.24853,0.436891,1.01308,0.77766,102.38,-0.00160,0.02243
1779372142.7025,plane,2302,13,0.49316,0.99653,0.002602,0.50000,0.03127,90.00,0.00000,0.00000
1779372142.7971,plane,2303,9,0.49536,0.50297,0.033513,0.15775,0.15044,81.78,-0.00020,0.00084
1779372142.7971,plane,2303,10,0.51820,0.24954,0.438131,1.00980,0.77402,102.27,0.00207,0.01071
1779372142.7971,plane,2303,13,0.49316,0.99653,0.002602,0.50000,0.03127,90.00,0.00000,0.00000
1779372142.9099,plane,2304,9,0.49536,0.50292,0.033515,0.15774,0.15047,81.73,0.00003,-0.00044
1779372142.9099,plane,2304,10,0.51707,0.24966,0.436630,1.00595,0.76415,102.27,-0.00997,0.00105
1779372142.9099,plane,2304,13,0.49316,0.99653,0.002602,0.50000,0.03127,90.00,0.00000,0.00000
1779372143.0053,plane,2305,9,0.49539,0.50291,0.033522,0.15779,0.15045,81.73,0.00025,-0.00017
1779372143.0053,plane,2305,10,0.51697,0.25165,0.441640,1.00450,0.76625,102.00,-0.00107,0.02091
1779372143.0053,plane,2305,13,0.49316,0.99653,0.002602,0.50000,0.03127,90.00,0.00000,0.00000
1779372143.1013,plane,2306,9,0.49538,0.50297,0.033502,0.15773,0.15040,81.86,-0.00002,0.00070
1779372143.1013,plane,2306,10,0.51747,0.24658,0.431498,1.00790,0.76698,101.25,0.00516,-0.05276
1779372143.1013,plane,2306,13,0.49316,0.99653,0.002602,0.50000,0.03127,90.00,0.00000,0.00000
1779372143.1973,plane,2307,9,0.49537,0.50294,0.033517,0.15780,0.15041,81.91,-0.00014,-0.00031
1779372143.1973,plane,2307,10,0.51772,0.24949,0.437592,1.00466,0.76026,102.06,0.00270,0.03025
1779372143.1973,plane,2307,13,0.49316,0.99653,0.002602,0.50000,0.03127,90.00,0.00000,0.00000
1779372143.3110,plane,2308,9,0.49536,0.50293,0.033512,0.15778,0.15040,81.89,-0.00012,-0.00014
1779372143.3110,plane,2308,10,0.51706,0.24958,0.436540,1.00776,0.77573,102.57,-0.00589,0.00081
1779372143.3110,plane,2308,13,0.49316,0.99653,0.002602,0.50000,0.03127,90.00,0.00000,0.00000
1779372143.4060,plane,2309,9,0.49536,0.50290,0.033508,0.15775,0.15042,81.86,0.00006,-0.00028
1779372143.4060,plane,2309,10,0.51755,0.24994,0.437412,1.01636,0.79106,103.67,0.00510,0.00373
1779372143.4060,plane,2309,13,0.49316,0.99653,0.002602,0.50000,0.03127,90.00,0.00000,0.00000
1779372143.5019,plane,2310,9,0.49537,0.50294,0.033513,0.15782,0.15038,81.88,0.00009,0.00044
1779372143.5019,plane,2310,10,0.51790,0.25012,0.439857,1.01299,0.78311,102.94,0.00363,0.00187
1779372143.5019,plane,2310,13,0.49316,0.99653,0.002602,0.50000,0.03127,90.00,0.00000,0.00000
1779372143.5977,plane,2311,9,0.49536,0.50298,0.033505,0.15776,0.15040,81.84,-0.00010,0.00037
1779372143.5977,plane,2311,10,0.51764,0.25002,0.438777,1.00662,0.76481,102.46,-0.00275,-0.00112
1779372143.5977,plane,2311,13,0.49316,0.99653,0.002602,0.50000,0.03127,90.00,0.00000,0.00000
1779372143.7095,plane,2312,9,0.49537,0.50298,0.033515,0.15775,0.15045,82.14,0.00007,0.00002
1779372143.7095,plane,2312,10,0.51716,0.24994,0.437142,1.01097,0.77987,102.77,-0.00426,-0.00064
1779372143.7095,plane,2312,13,0.49316,0.99653,0.002602,0.50000,0.03127,90.00,0.00000,0.00000
1779372143.8052,plane,2313,9,0.49536,0.50295,0.033495,0.15768,0.15041,81.96,-0.00007,-0.00027
1779372143.8052,plane,2313,10,0.51705,0.24871,0.435016,1.00708,0.77117,102.28,-0.00122,-0.01292
1779372143.8052,plane,2313,13,0.49316,0.99653,0.002602,0.50000,0.03127,90.00,0.00000,0.00000
1779372143.9016,plane,2314,9,0.49538,0.50294,0.033505,0.15774,0.15040,81.77,0.00019,-0.00011
1779372143.9016,plane,2314,10,0.51729,0.25168,0.441366,1.01187,0.78914,103.47,0.00250,0.03072
1779372143.9016,plane,2314,13,0.49316,0.99653,0.002602,0.50000,0.03127,90.00,0.00000,0.00000
1779372143.9990,plane,2315,9,0.49538,0.50294,0.033512,0.15774,0.15045,81.66,-0.00001,-0.00006
1779372143.9990,plane,2315,10,0.51749,0.25024,0.439801,1.02004,0.79894,103.92,0.00212,-0.01500
1779372143.9990,plane,2315,13,0.49316,0.99653,0.002602,0.50000,0.03127,90.00,0.00000,0.00000
1779372144.1108,plane,2316,9,0.49536,0.50298,0.033515,0.15776,0.15043,81.97,-0.00016,0.00038
1779372144.1108,plane,2316,10,0.51766,0.25045,0.438293,1.01060,0.77640,103.20,0.00146,0.00193
1779372144.1108,plane,2316,13,0.49316,0.99653,0.002602,0.50000,0.03127,90.00,0.00000,0.00000
1779372144.2058,plane,2317,9,0.49538,0.50297,0.033524,0.15778,0.15046,81.65,0.00020,-0.00012
1779372144.2058,plane,2317,10,0.51748,0.25137,0.441233,1.01230,0.77967,102.70,-0.00187,0.00962
1779372144.2058,plane,2317,13,0.49316,0.99653,0.002602,0.50000,0.03127,90.00,0.00000,0.00000
1779372144.3018,plane,2318,9,0.49536,0.50293,0.033510,0.15777,0.15043,81.87,-0.00019,-0.00037
1779372144.3018,plane,2318,10,0.51728,0.25122,0.441795,1.01405,0.77386,102.91,-0.00208,-0.00155
1779372144.3018,plane,2318,13,0.49316,0.99653,0.002602,0.50000,0.03127,90.00,0.00000,0.00000
1779372144.3972,plane,2319,9,0.49536,0.50295,0.033508,0.15776,0.15043,81.85,-0.00002,0.00021
1779372144.3972,plane,2319,10,0.51798,0.25063,0.441064,1.01646,0.78954,103.31,0.00732,-0.00612
1779372144.3972,plane,2319,13,0.49316,0.99653,0.002602,0.50000,0.03127,90.00,0.00000,0.00000
1779372144.5100,plane,2320,9,0.49538,0.50298,0.033513,0.15774,0.15044,81.93,0.00017,0.00021
1779372144.5100,plane,2320,10,0.51711,0.25113,0.441796,1.01506,0.77796,103.45,-0.00773,0.00444
1779372144.5100,plane,2320,13,0.49316,0.99653,0.002602,0.50000,0.03127,90.00,0.00000,0.00000
1779372144.6051,plane,2321,9,0.49539,0.50300,0.033525,0.15778,0.15046,81.79,0.00007,0.00023
1779372144.6051,plane,2321,10,0.51755,0.25085,0.439753,1.01771,0.80253,103.91,0.00461,-0.00292
1779372144.6051,plane,2321,13,0.49316,0.99653,0.002602,0.50000,0.03127,90.00,0.00000,0.00000
1779372144.7019,plane,2322,9,0.49538,0.50292,0.033529,0.15780,0.15048,81.45,-0.00006,-0.00083
1779372144.7019,plane,2322,10,0.51702,0.25183,0.441462,1.00777,0.77675,102.79,-0.00554,0.01011
1779372144.7019,plane,2322,13,0.49316,0.99653,0.002602,0.50000,0.03127,90.00,0.00000,0.00000
1779372144.7992,plane,2323,9,0.49537,0.50287,0.033518,0.15779,0.15046,81.77,-0.00006,-0.00049
1779372144.7992,plane,2323,10,0.51769,0.24971,0.437966,1.00398,0.75889,102.02,0.00690,-0.02156
1779372144.7992,plane,2323,13,0.49316,0.99653,0.002602,0.50000,0.03127,90.00,0.00000,0.00000
1779372144.9104,plane,2324,9,0.49539,0.50294,0.033505,0.15772,0.15042,81.75,0.00011,0.00058
1779372144.9104,plane,2324,10,0.51774,0.24692,0.432232,1.00518,0.75862,101.74,0.00044,-0.02514
1779372144.9104,plane,2324,13,0.49316,0.99653,0.002602,0.50000,0.03127,90.00,0.00000,0.00000
1779372145.0062,plane,2325,9,0.49538,0.50296,0.033512,0.15775,0.15045,81.82,-0.00009,0.00023
1779372145.0062,plane,2325,10,0.51756,0.25152,0.442198,1.00768,0.76819,102.26,-0.00195,0.04849
1779372145.0062,plane,2325,13,0.49316,0.99653,0.002602,0.50000,0.03127,90.00,0.00000,0.00000
1779372145.1023,plane,2326,9,0.49537,0.50297,0.033503,0.15780,0.15037,81.74,-0.00012,0.00014
1779372145.1023,plane,2326,10,0.51790,0.25009,0.439482,1.01765,0.78232,104.03,0.00357,-0.01465
1779372145.1023,plane,2326,13,0.49316,0.99653,0.002602,0.50000,0.03127,90.00,0.00000,0.00000
1779372145.1977,plane,2327,9,0.49536,0.50296,0.033515,0.15779,0.15044,81.81,-0.00005,-0.00010
1779372145.1977,plane,2327,10,0.51706,0.25223,0.441922,1.00447,0.77144,102.34,-0.00885,0.02241
1779372145.1977,plane,2327,13,0.49316,0.99653,0.002602,0.50000,0.03127,90.00,0.00000,0.00000
1779372145.3101,plane,2328,9,0.49538,0.50293,0.033525,0.15782,0.15044,81.68,0.00017,-0.00030
1779372145.3101,plane,2328,10,0.51737,0.25203,0.443956,1.01402,0.77443,103.19,0.00276,-0.00172
1779372145.3101,plane,2328,13,0.49316,0.99653,0.002602,0.50000,0.03127,90.00,0.00000,0.00000
1779372145.4059,plane,2329,9,0.49539,0.50296,0.033508,0.15779,0.15041,81.58,0.00006,0.00032
1779372145.4059,plane,2329,10,0.51659,0.25147,0.440737,1.00564,0.76457,102.28,-0.00827,-0.00600
1779372145.4059,plane,2329,13,0.49316,0.99653,0.002602,0.50000,0.03127,90.00,0.00000,0.00000
1779372145.5024,plane,2330,9,0.49537,0.50299,0.033513,0.15777,0.15043,82.03,-0.00016,0.00031
1779372145.5024,plane,2330,10,0.51816,0.25280,0.446089,1.02297,0.80265,104.36,0.01609,0.01364
1779372145.5024,plane,2330,13,0.49316,0.99653,0.002602,0.50000,0.03127,90.00,0.00000,0.00000
1779372145.5976,plane,2331,9,0.49536,0.50299,0.033513,0.15779,0.15041,82.07,-0.00008,-0.00001
1779372145.5976,plane,2331,10,0.51761,0.25120,0.441352,1.01618,0.78912,103.50,-0.00576,-0.01676
1779372145.5976,plane,2331,13,0.49316,0.99653,0.002602,0.50000,0.03127,90.00,0.00000,0.00000
1779372145.7105,plane,2332,9,0.49535,0.50302,0.033524,0.15784,0.15043,81.81,-0.00011,0.00026
1779372145.7105,plane,2332,10,0.51800,0.25049,0.440340,1.01056,0.77322,102.41,0.00343,-0.00627
1779372145.7105,plane,2332,13,0.49316,0.99653,0.002602,0.50000,0.03127,90.00,0.00000,0.00000
1779372145.8069,plane,2333,9,0.49536,0.50298,0.033507,0.15777,0.15039,81.84,0.00013,-0.00039
1779372145.8069,plane,2333,10,0.51826,0.25054,0.440250,1.01636,0.78219,103.98,0.00270,0.00051
1779372145.8069,plane,2333,13,0.49316,0.99653,0.002602,0.50000,0.03127,90.00,0.00000,0.00000
1779372145.9016,plane,2334,9,0.49537,0.50302,0.033508,0.15772,0.15046,81.80,0.00009,0.00045
1779372145.9016,plane,2334,10,0.51763,0.25042,0.439340,1.01174,0.77304,102.95,-0.00664,-0.00124
1779372145.9016,plane,2334,13,0.49316,0.99653,0.002602,0.50000,0.03127,90.00,0.00000,0.00000
1779372145.9988,plane,2335,9,0.49537,0.50303,0.033505,0.15773,0.15043,81.99,-0.00004,0.00006
1779372145.9988,plane,2335,10,0.51688,0.25159,0.441313,1.00678,0.77120,102.47,-0.00773,0.01202
1779372145.9988,plane,2335,13,0.49316,0.99653,0.002602,0.50000,0.03127,90.00,0.00000,0.00000
1779372146.1106,plane,2336,9,0.49536,0.50296,0.033520,0.15778,0.15046,81.72,-0.00007,-0.00063
1779372146.1106,plane,2336,10,0.51746,0.25281,0.443993,1.00565,0.77125,102.34,0.00529,0.01102
1779372146.1106,plane,2336,13,0.49316,0.99653,0.002602,0.50000,0.03127,90.00,0.00000,0.00000
1779372146.2061,plane,2337,9,0.49538,0.50295,0.033513,0.15774,0.15044,81.83,0.00024,-0.00007
1779372146.2061,plane,2337,10,0.51806,0.25031,0.439284,1.01723,0.79021,104.08,0.00623,-0.02597
1779372146.2061,plane,2337,13,0.49316,0.99653,0.002602,0.50000,0.03127,90.00,0.00000,0.00000
1779372146.3020,plane,2338,9,0.49540,0.50321,0.033520,0.15790,0.15046,81.58,0.00023,0.00270
1779372146.3020,plane,2338,10,0.51721,0.25163,0.442178,1.01111,0.78186,102.74,-0.00895,0.01381
1779372146.3020,plane,2338,13,0.49316,0.99653,0.002602,0.50000,0.03127,90.00,0.00000,0.00000
1779372146.3984,plane,2339,9,0.49535,0.50309,0.033534,0.15784,0.15050,81.39,-0.00059,-0.00126
1779372146.3984,plane,2339,10,0.51765,0.25206,0.442615,1.01289,0.78474,103.81,0.00469,0.00448
1779372146.3984,plane,2339,13,0.49316,0.99653,0.002602,0.50000,0.03127,90.00,0.00000,0.00000
1779372146.5109,plane,2340,9,0.49531,0.50305,0.033507,0.15773,0.15047,81.68,-0.00034,-0.00036
1779372146.5109,plane,2340,10,0.51711,0.25013,0.437059,1.00629,0.77062,102.46,-0.00483,-0.01701
1779372146.5109,plane,2340,13,0.49316,0.99653,0.002602,0.50000,0.03127,90.00,0.00000,0.00000
1779372146.6049,plane,2341,9,0.49538,0.50297,0.033525,0.15775,0.15048,81.66,0.00071,-0.00083
1779372146.6049,plane,2341,10,0.51822,0.25037,0.440867,1.02631,0.80374,104.90,0.01189,0.00256
1779372146.6049,plane,2341,13,0.49316,0.99653,0.002602,0.50000,0.03127,90.00,0.00000,0.00000
1779372146.7001,plane,2342,9,0.49543,0.50296,0.033517,0.15772,0.15049,81.73,0.00053,-0.00012
1779372146.7001,plane,2342,10,0.51682,0.25130,0.440692,1.00567,0.76462,102.43,-0.01478,0.00978
1779372146.7001,plane,2342,13,0.49316,0.99653,0.002602,0.50000,0.03127,90.00,0.00000,0.00000
1779372146.7975,plane,2343,9,0.49538,0.50289,0.033527,0.15782,0.15045,81.58,-0.00051,-0.00072
1779372146.7975,plane,2343,10,0.51747,0.25095,0.438734,1.01577,0.80397,103.79,0.00679,-0.00367
1779372146.7975,plane,2343,13,0.49316,0.99653,0.002602,0.50000,0.03127,90.00,0.00000,0.00000
1779372146.9113,plane,2344,9,0.49535,0.50295,0.033493,0.15775,0.15037,81.93,-0.00026,0.00054
1779372146.9113,plane,2344,10,0.51742,0.24954,0.436683,1.00596,0.77028,102.27,-0.00039,-0.01228
1779372146.9113,plane,2344,13,0.49316,0.99653,0.002602,0.50000,0.03127,90.00,0.00000,0.00000
1779372147.0042,plane,2345,9,0.49533,0.50306,0.033518,0.15778,0.15047,81.78,-0.00018,0.00115
1779372147.0042,plane,2345,10,0.51792,0.25263,0.443108,1.01204,0.79109,103.73,0.00536,0.03321
1779372147.0042,plane,2345,13,0.49316,0.99653,0.002602,0.50000,0.03127,90.00,0.00000,0.00000
1779372147.1024,plane,2346,9,0.49539,0.50300,0.033508,0.15777,0.15041,82.05,0.00060,-0.00056
1779372147.1024,plane,2346,10,0.51745,0.25105,0.440387,1.01047,0.77813,102.89,-0.00481,-0.01605
1779372147.1024,plane,2346,13,0.49316,0.99653,0.002602,0.50000,0.03127,90.00,0.00000,0.00000
1779372147.1976,plane,2347,9,0.49542,0.50273,0.033515,0.15772,0.15052,81.79,0.00036,-0.00289
1779372147.1976,plane,2347,10,0.51747,0.25198,0.442691,1.01285,0.77863,102.52,0.00023,0.00972
1779372147.1976,plane,2347,13,0.49268,0.99653,0.002608,0.50098,0.03130,90.00,-0.00513,-0.00000
1779372147.3094,plane,2348,9,0.49544,0.50290,0.033505,0.15773,0.15044,81.35,0.00015,0.00156
1779372147.3094,plane,2348,10,0.51729,0.25157,0.441678,1.00723,0.77371,102.82,-0.00160,-0.00368
1779372147.3094,plane,2348,13,0.49316,0.99653,0.002602,0.50000,0.03127,90.00,0.00437,0.00000
1779372147.4052,plane,2349,9,0.49542,0.50312,0.033490,0.15772,0.15040,82.56,-0.00025,0.00226
1779372147.4052,plane,2349,10,0.51707,0.25161,0.442110,1.01073,0.78902,103.98,-0.00237,0.00042
1779372147.4052,plane,2349,13,0.49316,0.99653,0.002602,0.50000,0.03127,90.00,0.00000,0.00000
1779372147.5015,plane,2350,9,0.49547,0.50283,0.033515,0.15785,0.15040,81.57,0.00053,-0.00302
1779372147.5015,plane,2350,10,0.51727,0.25266,0.444485,1.01930,0.79488,103.76,0.00216,0.01095
1779372147.5015,plane,2350,13,0.49316,0.99653,0.002602,0.50000,0.03127,90.00,0.00000,0.00000
1779372147.5972,plane,2351,9,0.49547,0.50297,0.033515,0.15776,0.15049,82.01,0.00002,0.00142
1779372147.5972,plane,2351,10,0.51652,0.25124,0.439923,1.00055,0.76720,101.12,-0.00785,-0.01482
1779372147.5972,plane,2351,13,0.49316,0.99653,0.002602,0.50000,0.03127,90.00,0.00000,0.00000
1779372147.7095,plane,2352,9,0.49545,0.50308,0.033517,0.15778,0.15049,81.91,-0.00021,0.00097
1779372147.7095,plane,2352,10,0.51707,0.25244,0.443056,1.01397,0.79685,103.20,0.00485,0.01065
1779372147.7095,plane,2352,13,0.49316,0.99653,0.002602,0.50000,0.03127,90.00,0.00000,0.00000
1779372147.8057,plane,2353,9,0.49547,0.50289,0.033534,0.15781,0.15052,81.32,0.00021,-0.00196
1779372147.8057,plane,2353,10,0.51663,0.25359,0.445236,1.01346,0.77927,103.34,-0.00461,0.01197
1779372147.8057,plane,2353,13,0.49316,0.99653,0.002602,0.50000,0.03127,90.00,0.00000,0.00000
1779372147.9019,plane,2354,9,0.49546,0.50286,0.033515,0.15783,0.15043,81.55,-0.00006,-0.00033
1779372147.9019,plane,2354,10,0.51729,0.25050,0.439662,1.01503,0.79961,103.48,0.00685,-0.03216
1779372147.9019,plane,2354,13,0.49316,0.99653,0.002602,0.50000,0.03127,90.00,0.00000,0.00000
1779372147.9969,plane,2355,9,0.49541,0.50308,0.033496,0.15767,0.15048,82.02,-0.00048,0.00240
1779372147.9969,plane,2355,10,0.51761,0.24879,0.436140,1.00812,0.75830,102.02,0.00336,-0.01803
1779372147.9969,plane,2355,13,0.49316,0.99653,0.002602,0.50000,0.03127,90.00,0.00000,0.00000
1779372148.1094,plane,2356,9,0.49538,0.50293,0.033527,0.15778,0.15047,81.66,-0.00035,-0.00137
1779372148.1094,plane,2356,10,0.51641,0.25172,0.441038,1.01507,0.79679,103.57,-0.01060,0.02612
1779372148.1094,plane,2356,13,0.49316,0.99653,0.002602,0.50000,0.03127,90.00,0.00000,0.00000
1779372148.2044,plane,2357,9,0.49542,0.50289,0.033517,0.15774,0.15048,81.43,0.00047,-0.00047
1779372148.2044,plane,2357,10,0.51783,0.24873,0.436047,1.01704,0.79166,102.82,0.01492,-0.03139
1779372148.2044,plane,2357,13,0.49316,0.99653,0.002602,0.50000,0.03127,90.00,0.00000,0.00000
1779372148.3013,plane,2358,9,0.49539,0.50301,0.033496,0.15774,0.15039,82.02,-0.00027,0.00131
1779372148.3013,plane,2358,10,0.51780,0.25153,0.441566,1.01627,0.79584,104.42,-0.00037,0.02892
1779372148.3013,plane,2358,13,0.49316,0.99653,0.002602,0.50000,0.03127,90.00,0.00000,0.00000
1779372148.3969,plane,2359,9,0.49535,0.50317,0.033518,0.15777,0.15051,81.85,-0.00046,0.00164
1779372148.3969,plane,2359,10,0.51707,0.25189,0.442846,1.01359,0.78618,102.89,-0.00766,0.00379
1779372148.3969,plane,2359,13,0.49316,0.99653,0.002602,0.50000,0.03127,90.00,0.00000,0.00000
1779372148.5106,plane,2360,9,0.49540,0.50279,0.033517,0.15771,0.15052,81.91,0.00047,-0.00335
1779372148.5106,plane,2360,10,0.51740,0.24685,0.429315,0.99839,0.75350,101.64,0.00299,-0.04466
1779372148.5106,plane,2360,13,0.49316,0.99653,0.002602,0.50000,0.03127,90.00,0.00000,0.00000
1779372148.6063,plane,2361,9,0.49542,0.50306,0.033512,0.15774,0.15047,82.16,0.00022,0.00277
1779372148.6063,plane,2361,10,0.51628,0.25294,0.444507,1.00828,0.76508,102.41,-0.01163,0.06309
1779372148.6063,plane,2361,13,0.49316,0.99653,0.002602,0.50000,0.03127,90.00,0.00000,0.00000
1779372148.7019,plane,2362,9,0.49541,0.50289,0.033525,0.15778,0.15048,81.69,-0.00014,-0.00172
1779372148.7019,plane,2362,10,0.51749,0.25229,0.443327,1.01468,0.78682,103.46,0.01268,-0.00688
1779372148.7019,plane,2362,13,0.49316,0.99653,0.002602,0.50000,0.03127,90.00,0.00000,0.00000
1779372148.7975,plane,2363,9,0.49539,0.50296,0.033518,0.15779,0.15044,81.58,-0.00021,0.00065
1779372148.7975,plane,2363,10,0.51752,0.24976,0.437912,1.00938,0.78029,102.66,0.00031,-0.02641
1779372148.7975,plane,2363,13,0.49316,0.99653,0.002602,0.50000,0.03127,90.00,0.00000,0.00000
1779372148.9118,plane,2364,9,0.49540,0.50298,0.033512,0.15775,0.15042,81.77,0.00012,0.00021
1779372148.9118,plane,2364,10,0.51691,0.25031,0.441033,1.01031,0.77261,101.67,-0.00537,0.00480
1779372148.9118,plane,2364,13,0.49316,0.99653,0.002602,0.50000,0.03127,90.00,0.00000,0.00000
1779372149.0058,plane,2365,9,0.49538,0.50315,0.033507,0.15779,0.15042,82.08,-0.00023,0.00178
1779372149.0058,plane,2365,10,0.51663,0.25227,0.441913,1.01448,0.80564,103.14,-0.00290,0.02083
1779372149.0058,plane,2365,13,0.49316,0.99653,0.002602,0.50000,0.03127,90.00,0.00000,0.00000
1779372149.1020,plane,2366,9,0.49540,0.50308,0.033530,0.15783,0.15049,82.00,0.00021,-0.00073
1779372149.1020,plane,2366,10,0.51628,0.25345,0.444823,1.00724,0.77915,102.23,-0.00370,0.01226
1779372149.1020,plane,2366,13,0.49316,0.99653,0.002602,0.50000,0.03127,90.00,0.00000,0.00000
1779372149.1984,plane,2367,9,0.49538,0.50310,0.033518,0.15776,0.15050,81.58,-0.00027,0.00025
1779372149.1984,plane,2367,10,0.51725,0.25226,0.443498,1.01467,0.79729,103.59,0.01020,-0.01238
1779372149.1984,plane,2367,13,0.49316,0.99653,0.002602,0.50000,0.03127,90.00,0.00000,0.00000
1779372149.3106,plane,2368,9,0.49538,0.50307,0.033522,0.15778,0.15051,81.45,0.00006,-0.00028
1779372149.3106,plane,2368,10,0.51728,0.25207,0.443695,1.01353,0.77492,103.07,0.00022,-0.00173
1779372149.3106,plane,2368,13,0.49316,0.99653,0.002602,0.50000,0.03127,90.00,0.00000,0.00000
1779372149.4057,plane,2369,9,0.49538,0.50304,0.033529,0.15780,0.15049,81.77,-0.00007,-0.00034
1779372149.4057,plane,2369,10,0.51647,0.25338,0.445397,1.01091,0.78675,103.16,-0.00847,0.01379
1779372149.4057,plane,2369,13,0.49316,0.99653,0.002602,0.50000,0.03127,90.00,0.00000,0.00000
1779372149.5035,plane,2370,9,0.49539,0.50298,0.033532,0.15779,0.15050,81.35,0.00018,-0.00059
1779372149.5035,plane,2370,10,0.51714,0.25258,0.444041,1.00729,0.76634,102.30,0.00696,-0.00836
1779372149.5035,plane,2370,13,0.49316,0.99653,0.002602,0.50000,0.03127,90.00,0.00000,0.00000
1779372149.5978,plane,2371,9,0.49540,0.50324,0.033517,0.15777,0.15053,82.04,0.00011,0.00275
1779372149.5978,plane,2371,10,0.51666,0.25195,0.441588,1.01776,0.80634,104.93,-0.00504,-0.00652
1779372149.5978,plane,2371,13,0.49316,0.99653,0.002602,0.50000,0.03127,90.00,0.00000,0.00000
1779372149.7100,plane,2372,9,0.49539,0.50312,0.033512,0.15772,0.15053,81.44,-0.00015,-0.00106
1779372149.7100,plane,2372,10,0.51816,0.25078,0.442349,1.02615,0.79831,104.48,0.01343,-0.01043
1779372149.7100,plane,2372,13,0.49316,0.99653,0.002602,0.50000,0.03127,90.00,0.00000,0.00000
1779372149.8074,plane,2373,9,0.49540,0.50316,0.033530,0.15781,0.15051,82.08,0.00013,0.00037
1779372149.8074,plane,2373,10,0.51738,0.25233,0.442629,1.00962,0.77789,102.60,-0.00807,0.01584
1779372149.8074,plane,2373,13,0.49316,0.99653,0.002602,0.50000,0.03127,90.00,0.00000,0.00000
1779372149.9019,plane,2374,9,0.49541,0.50300,0.033498,0.15771,0.15042,81.91,0.00015,-0.00168
1779372149.9019,plane,2374,10,0.51796,0.24966,0.436839,1.00911,0.77372,103.05,0.00619,-0.02817
1779372149.9019,plane,2374,13,0.49316,0.99653,0.002602,0.50000,0.03127,90.00,0.00000,0.00000
1779372149.9975,plane,2375,9,0.49542,0.50286,0.033498,0.15769,0.15046,81.55,0.00005,-0.00147
1779372149.9975,plane,2375,10,0.51682,0.24751,0.431615,1.00961,0.77736,102.71,-0.01198,-0.02251
1779372149.9975,plane,2375,13,0.49316,0.99653,0.002602,0.50000,0.03127,90.00,0.00000,0.00000
1779372150.1100,plane,2376,9,0.49540,0.50302,0.033512,0.15778,0.15042,82.12,-0.00020,0.00143
1779372150.1100,plane,2376,10,0.51683,0.25228,0.443227,1.01751,0.80723,104.18,0.00012,0.04231
1779372150.1100,plane,2376,13,0.49316,0.99653,0.002602,0.50000,0.03127,90.00,0.00000,0.00000
1779372150.2061,plane,2377,9,0.49537,0.50300,0.033507,0.15775,0.15039,81.98,-0.00023,-0.00021
1779372150.2061,plane,2377,10,0.51666,0.24970,0.437464,1.00328,0.76026,101.44,-0.00178,-0.02716
1779372150.2061,plane,2377,13,0.49316,0.99653,0.002602,0.50000,0.03127,90.00,0.00000,0.00000
1779372150.3029,plane,2378,9,0.49536,0.50306,0.033510,0.15778,0.15042,81.92,-0.00014,0.00055
1779372150.3029,plane,2378,10,0.51728,0.25257,0.443585,1.01679,0.79310,103.82,0.00630,0.02938
1779372150.3029,plane,2378,13,0.49316,0.99653,0.002602,0.50000,0.03127,90.00,0.00000,0.00000
1779372150.3966,plane,2379,9,0.49539,0.50303,0.033513,0.15779,0.15042,82.16,0.00030,-0.00024
1779372150.3966,plane,2379,10,0.51660,0.25258,0.443715,1.00933,0.78089,102.82,-0.00727,0.00017
1779372150.3966,plane,2379,13,0.49316,0.99653,0.002602,0.50000,0.03127,90.00,0.00000,0.00000
1779372150.5100,plane,2380,9,0.49539,0.50307,0.033502,0.15772,0.15046,81.87,0.00002,0.00036
1779372150.5100,plane,2380,10,0.51766,0.24970,0.436849,1.00571,0.76902,102.73,0.00934,-0.02543
1779372150.5100,plane,2380,13,0.49316,0.99653,0.002602,0.50000,0.03127,90.00,0.00000,0.00000
1779372150.6053,plane,2381,9,0.49539,0.50308,0.033522,0.15779,0.15049,82.06,-0.00003,0.00010
1779372150.6053,plane,2381,10,0.51693,0.25223,0.442815,1.01460,0.78331,103.80,-0.00759,0.02650
1779372150.6053,plane,2381,13,0.49316,0.99653,0.002602,0.50000,0.03127,90.00,0.00000,0.00000
1779372150.7025,plane,2382,9,0.49535,0.50318,0.033517,0.15775,0.15052,82.05,-0.00035,0.00099
1779372150.7025,plane,2382,10,0.51771,0.25269,0.443290,1.01417,0.78756,103.67,0.00798,0.00474
1779372150.7025,plane,2382,13,0.49316,0.99653,0.002602,0.50000,0.03127,90.00,0.00000,0.00000
1779372150.7977,plane,2383,9,0.49535,0.50309,0.033522,0.15773,0.15053,81.52,-0.00004,-0.00099
1779372150.7977,plane,2383,10,0.51696,0.25043,0.439009,1.00387,0.75380,101.40,-0.00782,-0.02375
1779372150.7977,plane,2383,13,0.49316,0.99653,0.002602,0.50000,0.03127,90.00,0.00000,0.00000
1779372150.9115,plane,2384,9,0.49535,0.50293,0.033520,0.15776,0.15046,81.85,-0.00002,-0.00137
1779372150.9115,plane,2384,10,0.51703,0.25270,0.443305,1.01480,0.79508,103.98,0.00061,0.01998
1779372150.9115,plane,2384,13,0.49316,0.99653,0.002602,0.50000,0.03127,90.00,0.00000,0.00000
1779372151.0045,plane,2385,9,0.49539,0.50301,0.033518,0.15778,0.15046,82.10,0.00046,0.00084
1779372151.0045,plane,2385,10,0.51766,0.25156,0.442888,1.01185,0.78131,103.05,0.00675,-0.01213
1779372151.0045,plane,2385,13,0.49316,0.99653,0.002602,0.50000,0.03127,90.00,0.00000,0.00000
1779372151.1016,plane,2386,9,0.49537,0.50306,0.033510,0.15775,0.15046,81.55,-0.00020,0.00058
1779372151.1016,plane,2386,10,0.51673,0.25163,0.441342,1.00668,0.76610,102.59,-0.00961,0.00073
1779372151.1016,plane,2386,13,0.49316,0.99653,0.002602,0.50000,0.03127,90.00,0.00000,0.00000
1779372151.1976,plane,2387,9,0.49542,0.50324,0.033510,0.15778,0.15048,81.71,0.00051,0.00185
1779372151.1976,plane,2387,10,0.51739,0.25346,0.445133,1.02916,0.82767,106.83,0.00686,0.01899
1779372151.1976,plane,2387,13,0.49316,0.99653,0.002602,0.50000,0.03127,90.00,0.00000,0.00000
1779372151.3101,plane,2388,9,0.49546,0.50298,0.033537,0.15778,0.15058,81.69,0.00037,-0.00231
1779372151.3101,plane,2388,10,0.51713,0.25058,0.441360,1.00907,0.76353,101.93,-0.00236,-0.02551
1779372151.3101,plane,2388,13,0.49316,0.99653,0.002602,0.50000,0.03127,90.00,0.00000,0.00000
1779372151.4043,plane,2389,9,0.49539,0.50306,0.033513,0.15776,0.15046,81.95,-0.00075,0.00087
1779372151.4043,plane,2389,10,0.51744,0.25261,0.445282,1.01162,0.76582,102.31,0.00334,0.02144
1779372151.4043,plane,2389,13,0.49316,0.99653,0.002602,0.50000,0.03127,90.00,0.00000,0.00000
1779372151.5014,plane,2390,9,0.49538,0.50282,0.033510,0.15778,0.15042,81.64,-0.00016,-0.00253
1779372151.5014,plane,2390,10,0.51761,0.24852,0.434409,1.00609,0.76124,102.31,0.00170,-0.04230
1779372151.5014,plane,2390,13,0.49316,0.99653,0.002602,0.50000,0.03127,90.00,0.00000,0.00000
1779372151.5983,plane,2391,9,0.49533,0.50317,0.033481,0.15766,0.15042,81.99,-0.00048,0.00371
1779372151.5983,plane,2391,10,0.51805,0.24149,0.424357,1.01276,0.75615,100.92,0.00457,-0.07342
1779372151.5983,plane,2391,13,0.49316,0.99653,0.002602,0.50000,0.03127,90.00,0.00000,0.00000
1779372151.7058,plane,2392,9,0.49540,0.50295,0.033529,0.15779,0.15051,81.76,0.00069,-0.00210
1779372151.7058,plane,2392,10,0.51709,0.25082,0.438205,1.00889,0.77859,103.15,-0.00878,0.08579
1779372151.7058,plane,2392,13,0.49316,0.99653,0.002602,0.50000,0.03127,90.00,0.00000,0.00000
1779372151.8054,plane,2393,9,0.49543,0.50310,0.033530,0.15777,0.15055,82.39,0.00024,0.00154
1779372151.8054,plane,2393,10,0.51725,0.24989,0.437478,1.00690,0.77365,102.23,0.00160,-0.00926
1779372151.8054,plane,2393,13,0.49316,0.99653,0.002602,0.50000,0.03127,90.00,0.00000,0.00000
1779372151.9021,plane,2394,9,0.49540,0.50310,0.033517,0.15776,0.15051,81.66,-0.00029,-0.00003
1779372151.9021,plane,2394,10,0.51756,0.24963,0.438015,1.00665,0.77751,102.12,0.00319,-0.00277
1779372151.9021,plane,2394,13,0.49316,0.99653,0.002602,0.50000,0.03127,90.00,0.00000,0.00000
1779372151.9988,plane,2395,9,0.49532,0.50286,0.033490,0.15777,0.15034,81.73,-0.00083,-0.00244
1779372151.9988,plane,2395,10,0.51733,0.24430,0.424430,0.99847,0.74279,100.50,-0.00241,-0.05508
1779372151.9988,plane,2395,13,0.49316,0.99653,0.002602,0.50000,0.03127,90.00,0.00000,0.00000
1779372152.1097,plane,2396,9,0.49531,0.50298,0.033495,0.15772,0.15037,82.45,-0.00008,0.00103
1779372152.1097,plane,2396,10,0.51754,0.24762,0.431795,1.00559,0.77335,101.98,0.00197,0.02991
1779372152.1097,plane,2396,13,0.49316,0.99653,0.002602,0.50000,0.03127,90.00,0.00000,0.00000
1779372152.2061,plane,2397,9,0.49540,0.50293,0.033493,0.15770,0.15042,81.64,0.00091,-0.00050
1779372152.2061,plane,2397,10,0.51775,0.24479,0.426965,1.00553,0.75720,101.51,0.00216,-0.02948
1779372152.2061,plane,2397,13,0.49316,0.99653,0.002602,0.50000,0.03127,90.00,0.00000,0.00000
1779372152.3022,plane,2398,9,0.49538,0.50319,0.033474,0.15768,0.15038,81.97,-0.00022,0.00275
1779372152.3022,plane,2398,10,0.51789,0.24369,0.425218,0.99871,0.73037,99.99,0.00146,-0.01146
1779372152.3022,plane,2398,13,0.49316,0.99653,0.002602,0.50000,0.03127,90.00,0.00000,0.00000
1779372152.3959,plane,2399,9,0.49534,0.50308,0.033498,0.15771,0.15040,82.22,-0.00037,-0.00112
1779372152.3959,plane,2399,10,0.51726,0.24719,0.429764,0.99943,0.76125,101.21,-0.00673,0.03705
1779372152.3959,plane,2399,13,0.49316,0.99653,0.002602,0.50000,0.03127,90.00,0.00000,0.00000
1779372152.5104,plane,2400,9,0.49530,0.50320,0.033486,0.15762,0.15049,82.33,-0.00040,0.00103
1779372152.5104,plane,2400,10,0.51767,0.24495,0.426183,1.00341,0.75950,101.35,0.00361,-0.01961
1779372152.5104,plane,2400,13,0.49316,0.99653,0.002602,0.50000,0.03127,90.00,0.00000,0.00000
1779372152.6075,plane,2401,9,0.49539,0.50302,0.033498,0.15763,0.15047,82.03,0.00093,-0.00190
1779372152.6075,plane,2401,10,0.51745,0.24521,0.426448,1.00319,0.76137,101.72,-0.00230,0.00270
1779372152.6075,plane,2401,13,0.49316,0.99653,0.002602,0.50000,0.03127,90.00,0.00000,0.00000
1779372152.6995,plane,2402,9,0.49540,0.50306,0.033481,0.15761,0.15044,81.97,0.00010,0.00049
1779372152.6995,plane,2402,10,0.51792,0.24383,0.426417,1.00766,0.75727,101.50,0.00510,-0.01494
1779372152.6995,plane,2402,13,0.49316,0.99653,0.002602,0.50000,0.03127,90.00,0.00000,0.00000
1779372152.7937,plane,2403,9,0.49940,0.49057,0.980966,9.95854,0.55872,90.00,0.04248,-0.13253
1779372152.9040,plane,2404,9,0.49940,0.49146,0.981076,1.00000,0.56250,0.00,0.00001,0.00805
1779372153.0001,plane,2405,9,0.49940,0.49158,0.980930,1.00000,0.56250,0.00,-0.00000,0.00129
1779372153.0964,plane,2406,9,0.49862,0.44892,0.882290,1.00000,0.56250,0.00,-0.00813,-0.44328
1779372153.1922,plane,2407,9,0.49824,0.44784,0.880064,1.00000,0.56250,0.00,-0.00391,-0.01134
1779372153.3059,plane,2408,9,0.49835,0.44848,0.881375,1.00000,0.56250,0.00,0.00094,0.00567
1779372153.4012,plane,2409,9,0.49911,0.43503,0.854129,1.00000,0.56250,0.00,0.00791,-0.14015
1779372153.4957,plane,2410,9,0.49912,0.43503,0.854131,1.00000,0.56250,0.00,0.00007,0.00002
1779372153.5916,plane,2411,9,0.49913,0.43508,0.854219,1.00000,0.56250,0.00,0.00014,0.00047
1779372153.7074,plane,2412,9,0.49964,0.43238,0.849019,1.00000,0.56250,0.00,0.00444,-0.02340
1779372153.7074,plane,2412,14,0.43764,0.86314,0.002711,0.14926,0.10221,0.04,0.00000,0.00000
1779372153.8054,plane,2413,9,0.49964,0.44507,0.891732,8.50517,0.52559,90.01,0.00000,0.12920
1779372153.8054,plane,2413,14,0.43569,0.94293,0.002184,0.13116,0.05771,88.35,-0.01993,0.81272
1779372153.8962,plane,2414,9,0.49951,0.49913,1.000000,1.00000,0.56250,0.00,-0.00142,0.59253
1779372153.9958,plane,2415,9,0.49951,0.43289,0.849979,1.00000,0.56250,0.00,0.00002,-0.66766
1779372153.9958,plane,2415,14,0.43650,0.86223,0.002631,0.28257,0.09271,0.18,0.00821,-0.81340
1779372154.1078,plane,2416,9,0.49957,0.43281,0.849848,1.00000,0.56250,0.00,0.00051,-0.00075
1779372154.1078,plane,2416,14,0.43668,0.86232,0.002641,0.28477,0.09274,0.18,0.00154,0.00077
1779372154.2027,plane,2417,9,0.49521,0.50267,0.032101,0.15410,0.14750,83.17,-0.04592,0.73510
1779372154.2027,plane,2417,15,0.99707,0.39645,0.003428,0.43351,0.00692,0.08,0.00000,0.00000
1779372154.2965,plane,2418,9,0.49523,0.50275,0.031881,0.15355,0.14698,82.74,0.00024,0.00080
1779372154.3924,plane,2419,9,0.49522,0.50273,0.031891,0.15355,0.14702,82.64,-0.00008,-0.00018
1779372154.5053,plane,2420,9,0.49526,0.50271,0.031899,0.15360,0.14702,82.77,0.00035,-0.00020
1779372154.6036,plane,2421,9,0.49528,0.50270,0.031974,0.15375,0.14725,82.78,0.00025,-0.00007
1779372154.6036,plane,2421,15,0.99730,0.36190,0.002814,0.40262,0.00643,0.01,0.00230,-0.34880
1779372154.6991,plane,2422,9,0.49528,0.50275,0.031965,0.15375,0.14721,82.81,-0.00001,0.00053
1779372154.6991,plane,2422,15,0.99730,0.36394,0.002818,0.39870,0.00520,179.95,0.00000,0.02144
1779372154.7944,plane,2423,9,0.49528,0.50272,0.031971,0.15374,0.14724,82.95,-0.00004,-0.00035
1779372154.7944,plane,2423,15,0.99729,0.35269,0.002736,0.39197,0.00636,0.03,-0.00013,-0.11807
1779372154.9068,plane,2424,9,0.49526,0.50272,0.032052,0.15399,0.14738,83.50,-0.00019,-0.00001
1779372154.9068,plane,2424,15,0.99715,0.39163,0.003308,0.42678,0.00718,0.00,-0.00121,0.34834
1779372154.9940,plane,2425,9,0.49526,0.50272,0.032055,0.15402,0.14736,83.40,0.00003,0.00005
1779372154.9940,plane,2425,15,0.99716,0.39361,0.003289,0.43055,0.00705,0.00,0.00007,0.02255
1779372155.0985,plane,2426,9,0.49523,0.50270,0.032079,0.15403,0.14745,83.25,-0.00032,-0.00021
1779372155.0985,plane,2426,15,0.99715,0.39486,0.003304,0.43597,0.00660,179.99,-0.00011,0.01195
1779372155.1957,plane,2427,9,0.49526,0.50279,0.032189,0.15426,0.14782,82.99,0.00035,0.00094
1779372155.1957,plane,2427,15,0.99701,0.39569,0.003540,0.42628,0.00739,0.08,-0.00143,0.00849
1779372155.3061,plane,2428,9,0.49522,0.50267,0.032191,0.15426,0.14782,82.50,-0.00041,-0.00111
1779372155.3061,plane,2428,15,0.99701,0.39699,0.003525,0.41590,0.00779,0.11,0.00004,0.01174
1779372155.4029,plane,2429,9,0.49524,0.50277,0.032179,0.15422,0.14780,82.86,0.00024,0.00107
1779372155.4029,plane,2429,15,0.99698,0.39408,0.003589,0.41351,0.00866,0.03,-0.00039,-0.02998
1779372155.5009,plane,2430,9,0.49522,0.50268,0.032306,0.15455,0.14809,82.93,-0.00015,-0.00092
1779372155.5009,plane,2430,15,0.99686,0.39185,0.003755,0.43055,0.00720,0.00,-0.00125,-0.02286
1779372155.5009,plane,2430,16,0.27155,0.00169,0.002709,0.46865,0.00337,90.00,0.00000,0.00000
1779372155.5969,plane,2431,9,0.49522,0.50276,0.032294,0.15456,0.14803,83.02,-0.00009,0.00084
1779372155.5969,plane,2431,15,0.99684,0.39196,0.003784,0.42685,0.00718,179.95,-0.00012,0.00117
1779372155.5969,plane,2431,16,0.27730,0.00187,0.002953,0.54812,0.00447,89.81,0.05997,0.00181
1779372155.7104,plane,2432,9,0.49519,0.50272,0.032303,0.15457,0.14804,82.93,-0.00025,-0.00037
1779372155.7104,plane,2432,15,0.99684,0.39257,0.003771,0.43034,0.00723,0.01,0.00000,0.00546
1779372155.7104,plane,2432,16,0.27637,0.00179,0.002862,0.47691,0.00421,90.00,-0.00830,-0.00068
1779372155.8064,plane,2433,9,0.49519,0.50270,0.032411,0.15479,0.14826,83.42,0.00006,-0.00021
1779372155.8064,plane,2433,15,0.99669,0.38967,0.004049,0.44080,0.00840,0.02,-0.00159,-0.02997
1779372155.8064,plane,2433,16,0.28985,0.00199,0.003170,0.62776,0.00466,89.94,0.13929,0.00207
1779372155.9006,plane,2434,9,0.49520,0.50271,0.032408,0.15478,0.14826,83.34,0.00003,0.00011
1779372155.9006,plane,2434,15,0.99668,0.38994,0.004055,0.44100,0.00840,0.03,-0.00005,0.00282
1779372155.9006,plane,2434,16,0.29026,0.00199,0.003177,0.62866,0.00466,89.94,0.00441,0.00002
1779372155.9955,plane,2435,9,0.49521,0.50275,0.032401,0.15474,0.14826,83.20,0.00020,0.00037
1779372155.9955,plane,2435,15,0.99671,0.39104,0.003998,0.42258,0.00779,0.00,0.00029,0.01161
1779372155.9955,plane,2435,16,0.28785,0.00199,0.003147,0.62150,0.00489,89.92,-0.02542,-0.00000
1779372156.1101,plane,2436,9,0.49522,0.50261,0.032508,0.15495,0.14850,82.75,0.00003,-0.00117
1779372156.1101,plane,2436,15,0.99660,0.38977,0.004189,0.46288,0.00769,180.00,-0.00094,-0.01110
1779372156.1101,plane,2436,16,0.29320,0.00204,0.003252,0.68991,0.00437,89.85,0.04677,0.00039
1779372156.2027,plane,2437,9,0.49525,0.50279,0.032503,0.15496,0.14849,83.23,0.00034,0.00191
1779372156.2027,plane,2437,15,0.99659,0.39041,0.004217,0.47140,0.00729,179.98,-0.00013,0.00689
1779372156.2027,plane,2437,16,0.29414,0.00208,0.003325,0.64365,0.00750,89.78,0.01015,0.00046
1779372156.3023,plane,2438,9,0.49521,0.50268,0.032520,0.15501,0.14850,82.56,-0.00045,-0.00108
1779372156.3023,plane,2438,15,0.99660,0.39000,0.004194,0.47012,0.00806,179.89,0.00009,-0.00408
1779372156.3023,plane,2438,16,0.29345,0.00206,0.003274,0.68972,0.00441,89.86,-0.00691,-0.00027
1779372156.3996,plane,2439,9,0.49525,0.50275,0.032594,0.15520,0.14869,82.83,0.00049,0.00074
1779372156.3996,plane,2439,15,0.99610,0.36684,0.004615,1.06148,0.06416,2.14,-0.00519,-0.24019
1779372156.3996,plane,2439,16,0.29275,0.00220,0.003484,0.44427,0.00935,0.00,-0.00730,0.00146
1779372156.5117,plane,2440,9,0.49525,0.50271,0.032596,0.15518,0.14871,82.98,-0.00000,-0.00039
1779372156.5117,plane,2440,15,0.99620,0.36867,0.004571,0.45686,0.02729,179.49,0.00086,0.01622
1779372156.5117,plane,2440,16,0.29529,0.00218,0.003491,0.42226,0.02015,0.00,0.02248,-0.00018
1779372156.6089,plane,2441,9,0.49523,0.50272,0.032589,0.15514,0.14871,82.73,-0.00020,0.00008
1779372156.6089,plane,2441,15,0.99618,0.37147,0.004552,0.76172,0.04886,1.29,-0.00017,0.02880
1779372156.6089,plane,2441,16,0.29343,0.00216,0.003437,2.28586,0.08299,90.86,-0.01911,-0.00013
1779372156.7020,plane,2442,9,0.49524,0.50261,0.032649,0.15534,0.14885,82.81,0.00010,-0.00111
1779372156.7020,plane,2442,15,0.99274,0.29476,0.005995,0.12737,0.05099,157.51,-0.03702,-0.82461
1779372156.7020,plane,2442,16,0.27830,0.00316,0.003793,1.58966,0.05855,0.00,-0.16258,0.01069
1779372156.7974,plane,2443,9,0.49525,0.50260,0.032645,0.15531,0.14886,82.93,0.00008,-0.00014
1779372156.7974,plane,2443,15,0.99333,0.30462,0.005746,0.12776,0.05536,156.07,0.00617,0.10333
1779372156.7974,plane,2443,16,0.28501,0.00283,0.003793,1.26466,0.05682,0.00,0.07026,-0.00339
1779372156.9094,plane,2444,9,0.49526,0.50269,0.032632,0.15528,0.14881,83.11,0.00012,0.00080
1779372156.9094,plane,2444,15,0.99333,0.30674,0.005753,0.12063,0.06509,151.38,0.00002,0.01895
1779372156.9094,plane,2444,16,0.28536,0.00284,0.003840,0.79117,0.03733,0.00,0.00312,0.00010
1779372157.0054,plane,2445,9,0.49527,0.50276,0.032674,0.15549,0.14884,83.02,0.00010,0.00077
1779372157.0054,plane,2445,15,0.98773,0.24036,0.007833,0.12971,0.04713,159.51,-0.05833,-0.69158
1779372157.0054,plane,2445,16,0.23996,0.00757,0.004954,0.06891,0.05404,51.73,-0.47293,0.04925
1779372157.1029,plane,2446,9,0.49522,0.50284,0.032683,0.15542,0.14892,82.79,-0.00053,0.00078
1779372157.1029,plane,2446,15,0.98707,0.23644,0.008035,0.10371,0.06507,147.47,-0.00675,-0.04026
1779372157.1029,plane,2446,16,0.24129,0.00647,0.004851,0.07519,0.04752,57.50,0.01368,-0.01131
1779372157.1982,plane,2447,9,0.49523,0.50262,0.032696,0.15549,0.14892,82.83,0.00009,-0.00229
1779372157.1982,plane,2447,15,0.98826,0.24369,0.007714,0.11864,0.04495,158.79,0.01254,0.07645
1779372157.1982,plane,2447,16,0.24162,0.00647,0.004651,0.07945,0.04649,59.46,0.00345,-0.00000
1779372157.3097,plane,2448,9,0.49526,0.50268,0.032735,0.15560,0.14900,82.90,0.00028,0.00050
1779372157.3097,plane,2448,15,0.98153,0.20119,0.010345,0.12245,0.05187,156.51,-0.06004,-0.37921
1779372157.3097,plane,2448,16,0.19705,0.01450,0.006360,0.10638,0.04927,64.92,-0.39770,0.07167
1779372157.4048,plane,2449,9,0.49527,0.50258,0.032732,0.15560,0.14898,82.98,0.00009,-0.00104
1779372157.4048,plane,2449,15,0.98036,0.19601,0.010735,0.12327,0.05799,154.25,-0.01242,-0.05503
1779372157.4048,plane,2449,16,0.19225,0.01519,0.006263,0.08245,0.04410,61.65,-0.05093,0.00725
1779372157.5025,plane,2450,9,0.49526,0.50271,0.032718,0.15555,0.14898,83.05,-0.00015,0.00135
1779372157.5025,plane,2450,15,0.98041,0.19665,0.010696,0.11437,0.05340,154.25,0.00043,0.00655
1779372157.5025,plane,2450,16,0.20176,0.01486,0.006534,0.16526,0.05940,69.42,0.09661,-0.00336
1779372157.5970,plane,2451,9,0.49526,0.50272,0.032766,0.15567,0.14906,83.11,0.00002,0.00003
1779372157.5970,plane,2451,15,0.97529,0.17855,0.012777,0.12691,0.06529,152.44,-0.05417,-0.19165
1779372157.5970,plane,2451,16,0.16668,0.02430,0.008236,0.16582,0.06457,67.84,-0.37143,0.09997
1779372157.7108,plane,2452,9,0.49526,0.50258,0.032754,0.15566,0.14905,83.20,0.00004,-0.00119
1779372157.7108,plane,2452,15,0.97504,0.17684,0.013151,0.13694,0.07331,151.89,-0.00226,-0.01521
1779372157.7108,plane,2452,16,0.16319,0.02494,0.008316,0.19097,0.06631,69.91,-0.03099,0.00569
1779372157.8064,plane,2453,9,0.49526,0.50291,0.032750,0.15564,0.14902,82.63,-0.00001,0.00339
1779372157.8064,plane,2453,15,0.97509,0.17748,0.013187,0.12993,0.06822,152.03,0.00052,0.00663
1779372157.8064,plane,2453,16,0.17333,0.02454,0.008772,0.16438,0.06190,68.78,0.10433,-0.00412
1779372157.9007,plane,2454,9,0.49526,0.50285,0.032806,0.15571,0.14920,82.91,-0.00002,-0.00067
1779372157.9007,plane,2454,15,0.96875,0.16242,0.016717,0.12773,0.05966,154.54,-0.06740,-0.16023
1779372157.9007,plane,2454,16,0.13986,0.03596,0.011112,0.17082,0.07123,66.61,-0.35614,0.12155
1779372157.9977,plane,2455,9,0.49525,0.50281,0.032806,0.15576,0.14916,82.93,-0.00014,-0.00036
1779372157.9977,plane,2455,15,0.96771,0.16070,0.017436,0.14359,0.07046,153.41,-0.01078,-0.01777
1779372157.9977,plane,2455,16,0.13542,0.03855,0.011759,0.17424,0.07062,67.12,-0.04577,0.02668
1779372158.1102,plane,2456,9,0.49525,0.50273,0.032800,0.15576,0.14914,83.18,0.00006,-0.00071
1779372158.1102,plane,2456,15,0.96828,0.16135,0.016902,0.13483,0.06839,152.74,0.00510,0.00573
1779372158.1102,plane,2456,16,0.13651,0.03669,0.011081,0.13284,0.06373,63.71,0.00964,-0.01645
1779372158.2062,plane,2457,9,0.49525,0.50271,0.032825,0.15580,0.14922,82.87,-0.00002,-0.00023
1779372158.2062,plane,2457,15,0.96307,0.15421,0.019697,0.13274,0.06371,153.66,-0.05430,-0.07425
1779372158.2062,plane,2457,16,0.12488,0.04486,0.013675,0.17123,0.07073,66.81,-0.12099,0.08505
1779372158.3020,plane,2458,9,0.49524,0.50274,0.032815,0.15581,0.14919,82.87,-0.00007,0.00026
1779372158.3020,plane,2458,15,0.96421,0.15513,0.018984,0.14055,0.07380,151.80,0.01208,0.00966
1779372158.3020,plane,2458,16,0.13160,0.04065,0.012812,0.20071,0.07733,68.07,0.07073,-0.04437
1779372158.3979,plane,2459,9,0.49524,0.50273,0.032825,0.15584,0.14920,82.79,-0.00003,-0.00010
1779372158.3979,plane,2459,15,0.96605,0.15858,0.018450,0.13624,0.06522,153.88,0.01899,0.03563
1779372158.3979,plane,2459,16,0.12859,0.04327,0.013180,0.18171,0.07476,66.93,-0.03120,0.02711
1779372158.5089,plane,2460,9,0.49525,0.50275,0.032818,0.15583,0.14916,83.08,0.00012,0.00019
1779372158.5089,plane,2460,15,0.96402,0.15564,0.019358,0.14384,0.07302,152.53,-0.01834,-0.02651
1779372158.5089,plane,2460,16,0.12736,0.04397,0.013428,0.20104,0.07691,68.21,-0.01105,0.00633
1779372158.6066,plane,2461,9,0.49523,0.50281,0.032835,0.15586,0.14921,83.18,-0.00024,0.00059
1779372158.6066,plane,2461,15,0.96357,0.15507,0.019475,0.13861,0.06932,152.77,-0.00461,-0.00582
1779372158.6066,plane,2461,16,0.12882,0.04299,0.013218,0.19086,0.07359,68.10,0.01506,-0.01015
1779372158.7030,plane,2462,9,0.49524,0.50277,0.032832,0.15583,0.14921,83.01,0.00008,-0.00037
1779372158.7030,plane,2462,15,0.96291,0.15443,0.019870,0.14632,0.07485,152.37,-0.00683,-0.00662
1779372158.7030,plane,2462,16,0.12665,0.04462,0.013757,0.17179,0.07021,67.15,-0.02244,0.01689
1779372158.7990,plane,2463,9,0.49524,0.50275,0.032818,0.15582,0.14918,82.80,0.00003,-0.00023
1779372158.7990,plane,2463,15,0.96369,0.15471,0.019287,0.14389,0.07404,152.19,0.00812,0.00296
1779372158.7990,plane,2463,16,0.12781,0.04326,0.013211,0.20047,0.07504,68.59,0.01210,-0.01416
1779372158.9118,plane,2464,9,0.49525,0.50280,0.032820,0.15581,0.14918,82.77,0.00004,0.00045
1779372158.9118,plane,2464,15,0.96410,0.15524,0.019036,0.17004,0.10269,148.66,0.00362,0.00470
1779372158.9118,plane,2464,16,0.12922,0.04283,0.013207,0.18681,0.07294,67.94,0.01251,-0.00388
1779372159.0076,plane,2465,9,0.49525,0.50278,0.032817,0.15579,0.14919,82.92,0.00004,-0.00023
1779372159.0076,plane,2465,15,0.96444,0.15597,0.019040,0.14526,0.07552,151.93,0.00361,0.00761
1779372159.0076,plane,2465,16,0.12828,0.04299,0.013094,0.21688,0.07865,69.11,-0.00972,0.00173
1779372159.1032,plane,2466,9,0.49525,0.50279,0.032817,0.15577,0.14919,82.79,0.00004,0.00011
1779372159.1032,plane,2466,15,0.96453,0.15581,0.018929,0.14311,0.07267,152.53,0.00095,-0.00170
1779372159.1032,plane,2466,16,0.12986,0.04228,0.013129,0.20959,0.07855,68.57,0.01651,-0.00739
1779372159.2003,plane,2467,9,0.49525,0.50276,0.032815,0.15581,0.14918,82.82,-0.00007,-0.00030
1779372159.2003,plane,2467,15,0.96422,0.15551,0.019034,0.14624,0.07567,152.12,-0.00327,-0.00319
1779372159.2003,plane,2467,16,0.12731,0.04369,0.013179,0.19065,0.07601,67.53,-0.02648,0.01458
1779372159.3122,plane,2468,9,0.49525,0.50277,0.032825,0.15581,0.14920,82.83,0.00001,0.00010
1779372159.3122,plane,2468,15,0.96373,0.15536,0.019321,0.14291,0.07686,151.30,-0.00435,-0.00130
1779372159.3122,plane,2468,16,0.12760,0.04379,0.013392,0.21610,0.07824,69.16,0.00260,0.00093
1779372159.4071,plane,2469,9,0.49524,0.50280,0.032827,0.15582,0.14922,83.14,-0.00006,0.00028
1779372159.4071,plane,2469,15,0.96442,0.15648,0.019189,0.15106,0.07819,152.06,0.00724,0.01177
1779372159.4071,plane,2469,16,0.12793,0.04385,0.013689,0.17292,0.06969,67.46,0.00344,0.00055
1779372159.5036,plane,2470,9,0.49524,0.50277,0.032818,0.15583,0.14916,82.88,-0.00007,-0.00031
1779372159.5036,plane,2470,15,0.96406,0.15621,0.019458,0.14116,0.07163,152.51,-0.00372,-0.00278
1779372159.5036,plane,2470,16,0.12939,0.04300,0.013290,0.18104,0.07365,67.14,0.01518,-0.00884
1779372159.5996,plane,2471,9,0.49526,0.50280,0.032827,0.15580,0.14923,83.20,0.00022,0.00033
1779372159.5996,plane,2471,15,0.96334,0.15548,0.019819,0.13363,0.06447,153.64,-0.00752,-0.00764
1779372159.5996,plane,2471,16,0.12784,0.04442,0.013592,0.15983,0.07114,65.46,-0.01607,0.01470
1779372159.7108,plane,2472,9,0.49525,0.50278,0.032834,0.15583,0.14923,83.14,-0.00006,-0.00014
1779372159.7108,plane,2472,15,0.96240,0.15445,0.020315,0.15151,0.07980,151.66,-0.00838,-0.00921
1779372159.7108,plane,2472,16,0.12449,0.04609,0.014158,0.15635,0.06581,66.58,-0.03007,0.01502
1779372159.8060,plane,2473,9,0.49523,0.50276,0.032832,0.15587,0.14919,82.97,-0.00020,-0.00028
1779372159.8060,plane,2473,15,0.96318,0.15499,0.019857,0.14953,0.07691,152.20,0.00822,0.00567
1779372159.8060,plane,2473,16,0.12718,0.04452,0.013631,0.14849,0.06483,65.84,0.02839,-0.01651
1779372159.9020,plane,2474,9,0.49525,0.50279,0.032818,0.15577,0.14920,82.99,0.00018,0.00037
1779372159.9020,plane,2474,15,0.96319,0.15490,0.019813,0.13823,0.06856,153.11,0.00008,-0.00096
1779372159.9020,plane,2474,16,0.12737,0.04455,0.013601,0.18007,0.07152,67.66,0.00196,0.00030
1779372159.9974,plane,2475,9,0.49524,0.50282,0.032834,0.15582,0.14924,82.99,-0.00006,0.00029
1779372159.9974,plane,2475,15,0.96468,0.15679,0.019029,0.14129,0.07270,152.06,0.01568,0.01993
1779372159.9974,plane,2475,16,0.12811,0.04344,0.013363,0.17374,0.07088,67.11,0.00772,-0.01167
1779372160.1101,plane,2476,9,0.49522,0.50278,0.032820,0.15584,0.14917,82.95,-0.00023,-0.00037
1779372160.1101,plane,2476,15,0.96330,0.15515,0.019881,0.15946,0.09063,150.03,-0.01230,-0.01465
1779372160.1101,plane,2476,16,0.12801,0.04384,0.013631,0.16508,0.06927,66.70,-0.00086,0.00358
1779372160.2063,plane,2477,9,0.49523,0.50278,0.032820,0.15581,0.14919,83.01,0.00014,0.00007
1779372160.2063,plane,2477,15,0.96350,0.15550,0.019577,0.14501,0.07483,152.09,0.00208,0.00360
1779372160.2063,plane,2477,16,0.12724,0.04456,0.013611,0.17621,0.07061,67.46,-0.00803,0.00751
1779372160.3020,plane,2478,9,0.49524,0.50284,0.032822,0.15578,0.14923,83.08,0.00009,0.00061
1779372160.3020,plane,2478,15,0.96381,0.15566,0.019445,0.13534,0.06796,152.99,0.00317,0.00167
1779372160.3020,plane,2478,16,0.12848,0.04378,0.013435,0.16000,0.07087,65.60,0.01299,-0.00824
1779372160.3973,plane,2479,9,0.49525,0.50280,0.032818,0.15577,0.14919,82.93,0.00010,-0.00044
1779372160.3973,plane,2479,15,0.96335,0.15501,0.019548,0.13736,0.07045,152.11,-0.00476,-0.00683
1779372160.3973,plane,2479,16,0.12788,0.04359,0.013412,0.19725,0.07635,68.04,-0.00629,-0.00200
1779372160.5099,plane,2480,9,0.49524,0.50281,0.032837,0.15582,0.14925,83.05,-0.00007,0.00008
1779372160.5099,plane,2480,15,0.96402,0.15635,0.019485,0.14192,0.07193,152.55,0.00587,0.01194
1779372160.5099,plane,2480,16,0.12627,0.04496,0.013740,0.15548,0.07094,64.88,-0.01426,0.01217
1779372160.6054,plane,2481,9,0.49522,0.50280,0.032830,0.15585,0.14919,82.87,-0.00023,-0.00009
1779372160.6054,plane,2481,15,0.96397,0.15549,0.019313,0.14182,0.07347,152.08,-0.00044,-0.00905
1779372160.6054,plane,2481,16,0.12965,0.04287,0.013124,0.20047,0.07678,68.21,0.03538,-0.02187
1779372160.7022,plane,2482,9,0.49523,0.50278,0.032823,0.15583,0.14918,82.94,0.00015,-0.00019
1779372160.7022,plane,2482,15,0.96445,0.15612,0.019043,0.14660,0.07677,151.87,0.00490,0.00657
1779372160.7022,plane,2482,16,0.13000,0.04218,0.012885,0.19371,0.07647,67.66,0.00363,-0.00713
1779372160.7983,plane,2483,9,0.49523,0.50276,0.032810,0.15576,0.14919,82.82,-0.00007,-0.00020
1779372160.7983,plane,2483,15,0.96469,0.15610,0.018789,0.14593,0.07836,151.33,0.00255,-0.00023
1779372160.7983,plane,2483,16,0.13118,0.04113,0.012746,0.13695,0.06111,65.36,0.01214,-0.01092
1779372160.9098,plane,2484,9,0.49524,0.50276,0.032820,0.15580,0.14919,82.93,0.00010,-0.00001
1779372160.9098,plane,2484,15,0.96399,0.15550,0.019213,0.13547,0.06942,152.43,-0.00632,-0.00537
1779372160.9098,plane,2484,16,0.12963,0.04238,0.013017,0.20197,0.07908,67.77,-0.01390,0.01126
1779372161.0059,plane,2485,9,0.49524,0.50277,0.032813,0.15577,0.14920,82.87,0.00002,0.00010
1779372161.0059,plane,2485,15,0.96332,0.15499,0.019658,0.16127,0.08963,150.65,-0.00695,-0.00534
1779372161.0059,plane,2485,16,0.12841,0.04339,0.013238,0.22410,0.08094,69.16,-0.01272,0.01050
1779372161.1019,plane,2486,9,0.49523,0.50278,0.032810,0.15575,0.14920,82.95,-0.00007,0.00007
1779372161.1019,plane,2486,15,0.96443,0.15590,0.018931,0.14309,0.07562,151.68,0.01150,0.00945
1779372161.1019,plane,2486,16,0.12956,0.04226,0.013153,0.19060,0.07387,68.10,0.01200,-0.01175
1779372161.1976,plane,2487,9,0.49523,0.50276,0.032820,0.15582,0.14918,82.96,-0.00003,-0.00017
1779372161.1976,plane,2487,15,0.96396,0.15505,0.019124,0.13306,0.06678,152.71,-0.00487,-0.00880
1779372161.1976,plane,2487,16,0.13031,0.04213,0.012919,0.22366,0.07774,69.90,0.00783,-0.00131
1779372161.3099,plane,2488,9,0.49524,0.50277,0.032813,0.15577,0.14919,82.92,0.00011,0.00010
1779372161.3099,plane,2488,15,0.96448,0.15634,0.019252,0.15186,0.07599,153.04,0.00464,0.01145
1779372161.3099,plane,2488,16,0.12844,0.04298,0.013041,0.24616,0.08374,70.10,-0.01669,0.00756
1779372161.4054,plane,2489,9,0.49524,0.50276,0.032817,0.15580,0.14918,82.80,-0.00001,-0.00013
1779372161.4054,plane,2489,15,0.96458,0.15640,0.019007,0.14598,0.07487,152.26,0.00104,0.00058
1779372161.4054,plane,2489,16,0.13028,0.04268,0.012894,0.19942,0.07904,67.57,0.01938,-0.00314
1779372161.5012,plane,2490,9,0.49525,0.50277,0.032817,0.15580,0.14918,82.82,0.00010,0.00004
1779372161.5012,plane,2490,15,0.96420,0.15580,0.019097,0.14190,0.07428,152.07,-0.00394,-0.00620
1779372161.5012,plane,2490,16,0.12873,0.04318,0.013141,0.20716,0.07683,68.78,-0.01621,0.00518
1779372161.5974,plane,2491,9,0.49525,0.50277,0.032817,0.15581,0.14917,83.17,-0.00001,0.00001
1779372161.5974,plane,2491,15,0.96473,0.15699,0.019182,0.15615,0.07458,153.76,0.00552,0.01243
1779372161.5974,plane,2491,16,0.12823,0.04320,0.013284,0.19056,0.07661,67.30,-0.00517,0.00025
1779372161.7091,plane,2492,9,0.49524,0.50277,0.032813,0.15578,0.14918,82.81,-0.00010,0.00007
1779372161.7091,plane,2492,15,0.96418,0.15546,0.019151,0.13027,0.06272,153.77,-0.00495,-0.01370
1779372161.7091,plane,2492,16,0.12824,0.04323,0.013336,0.21619,0.07645,69.64,0.00003,0.00027
1779372161.8050,plane,2493,9,0.49523,0.50276,0.032832,0.15588,0.14918,82.68,-0.00007,-0.00016
1779372161.8050,plane,2493,15,0.96223,0.15396,0.020428,0.16207,0.08879,150.88,-0.02035,-0.01563
1779372161.8050,plane,2493,16,0.12500,0.04666,0.014428,0.15014,0.06279,66.73,-0.03376,0.03577
1779372161.9018,plane,2494,9,0.49525,0.50278,0.032820,0.15580,0.14919,82.99,0.00013,0.00024
1779372161.9018,plane,2494,15,0.96250,0.15376,0.020008,0.13732,0.06967,152.73,0.00283,-0.00209
1779372161.9018,plane,2494,16,0.12717,0.04456,0.013830,0.19870,0.07236,69.22,0.02254,-0.02176
1779372161.9975,plane,2495,9,0.49525,0.50277,0.032818,0.15581,0.14918,82.95,0.00000,-0.00008
1779372161.9975,plane,2495,15,0.96484,0.15669,0.018817,0.14380,0.07452,152.35,0.02438,0.03053
1779372161.9975,plane,2495,16,0.12900,0.04331,0.013279,0.17838,0.07304,67.08,0.01908,-0.01303
1779372162.1098,plane,2496,9,0.49525,0.50282,0.032817,0.15579,0.14920,82.95,0.00008,0.00044
1779372162.1098,plane,2496,15,0.96360,0.15491,0.019304,0.13035,0.06607,152.59,-0.01109,-0.01591
1779372162.1098,plane,2496,16,0.13031,0.04289,0.013167,0.18390,0.07154,68.07,0.01170,-0.00376
1779372162.2061,plane,2497,9,0.49524,0.50280,0.032825,0.15581,0.14923,82.88,-0.00011,-0.00027
1779372162.2061,plane,2497,15,0.96306,0.15503,0.019982,0.14546,0.07348,152.61,-0.00556,0.00128
1779372162.2061,plane,2497,16,0.12620,0.04505,0.013902,0.16503,0.06688,67.36,-0.04247,0.02230
1779372162.3021,plane,2498,9,0.49525,0.50281,0.032828,0.15581,0.14922,83.04,0.00002,0.00010
1779372162.3021,plane,2498,15,0.96253,0.15441,0.020028,0.15669,0.08767,150.38,-0.00548,-0.00644
1779372162.3021,plane,2498,16,0.12563,0.04556,0.013913,0.16165,0.06891,66.32,-0.00594,0.00528
1779372162.3980,plane,2499,9,0.49524,0.50282,0.032827,0.15579,0.14927,83.13,-0.00011,0.00009
1779372162.3980,plane,2499,15,0.96285,0.15456,0.019984,0.13894,0.06842,153.07,0.00332,0.00150
1779372162.3980,plane,2499,16,0.12746,0.04431,0.013691,0.17092,0.06881,67.44,0.01914,-0.01306
1779372162.5106,plane,2500,9,0.49525,0.50279,0.032820,0.15579,0.14919,82.93,0.00015,-0.00024
1779372162.5106,plane,2500,15,0.96358,0.15529,0.019450,0.13652,0.06884,152.63,0.00645,0.00646
1779372162.5106,plane,2500,16,0.12718,0.04436,0.013499,0.16953,0.07147,66.44,-0.00241,0.00041
1779372162.6057,plane,2501,9,0.49523,0.50278,0.032828,0.15585,0.14918,82.97,-0.00021,-0.00012
1779372162.6057,plane,2501,15,0.96360,0.15561,0.019689,0.14041,0.07034,152.72,0.00029,0.00336
1779372162.6057,plane,2501,16,0.12610,0.04462,0.013774,0.17650,0.06908,67.90,-0.01147,0.00269
1779372162.7023,plane,2502,9,0.49524,0.50278,0.032818,0.15579,0.14918,82.82,0.00012,0.00007
1779372162.7023,plane,2502,15,0.96416,0.15621,0.019382,0.14332,0.07217,152.75,0.00575,0.00624
1779372162.7023,plane,2502,16,0.12867,0.04346,0.013350,0.18418,0.07324,67.55,0.02671,-0.01201
1779372162.7984,plane,2503,9,0.49525,0.50281,0.032827,0.15579,0.14924,82.94,0.00010,0.00028
1779372162.7984,plane,2503,15,0.96303,0.15437,0.019611,0.14129,0.07108,152.54,-0.01167,-0.01902
1779372162.7984,plane,2503,16,0.12771,0.04366,0.013614,0.16029,0.06810,66.40,-0.00988,0.00206
1779372162.9092,plane,2504,9,0.49524,0.50280,0.032825,0.15582,0.14919,82.89,-0.00010,-0.00014
1779372162.9092,plane,2504,15,0.96330,0.15550,0.019830,0.14134,0.07121,152.65,0.00239,0.01022
1779372162.9092,plane,2504,16,0.12715,0.04416,0.013626,0.15894,0.06737,66.41,-0.00507,0.00453
1779372163.0063,plane,2505,9,0.49524,0.50278,0.032822,0.15581,0.14919,83.00,-0.00008,-0.00019
1779372163.0063,plane,2505,15,0.96409,0.15575,0.019131,0.13998,0.06884,153.01,0.00823,0.00251
1779372163.0063,plane,2505,16,0.12840,0.04321,0.013251,0.19065,0.07305,68.23,0.01291,-0.00980
1779372163.1018,plane,2506,9,0.49525,0.50277,0.032818,0.15579,0.14919,82.84,0.00018,-0.00005
1779372163.1018,plane,2506,15,0.96378,0.15531,0.019374,0.14184,0.07143,152.76,-0.00330,-0.00452
1779372163.1018,plane,2506,16,0.12724,0.04419,0.013570,0.17834,0.07016,67.80,-0.01217,0.01028
1779372163.1983,plane,2507,9,0.49526,0.50280,0.032823,0.15578,0.14923,83.03,0.00006,0.00025
1779372163.1983,plane,2507,15,0.96327,0.15502,0.019801,0.13893,0.06992,152.73,-0.00528,-0.00300
1779372163.1983,plane,2507,16,0.12758,0.04395,0.013733,0.17099,0.07039,67.00,0.00356,-0.00254
1779372163.3107,plane,2508,9,0.49526,0.50278,0.032823,0.15580,0.14920,82.86,0.00002,-0.00012
1779372163.3107,plane,2508,15,0.96384,0.15543,0.019360,0.15688,0.08382,151.35,0.00512,0.00364
1779372163.3107,plane,2508,16,0.12682,0.04449,0.013660,0.19358,0.07595,67.80,-0.00682,0.00482
1779372163.4055,plane,2509,9,0.49525,0.50274,0.032828,0.15582,0.14923,82.89,-0.00013,-0.00043
1779372163.4055,plane,2509,15,0.96281,0.15475,0.020053,0.13151,0.06418,153.38,-0.01084,-0.00715
1779372163.4055,plane,2509,16,0.12567,0.04526,0.013896,0.16168,0.06814,66.49,-0.01198,0.00812
1779372163.5019,plane,2510,9,0.49524,0.50280,0.032828,0.15582,0.14923,83.14,-0.00009,0.00066
1779372163.5019,plane,2510,15,0.96240,0.15410,0.020138,0.17766,0.10889,148.22,-0.00424,-0.00677
1779372163.5019,plane,2510,16,0.12671,0.04498,0.013835,0.16899,0.07253,66.19,0.01073,-0.00292
1779372163.5977,plane,2511,9,0.49523,0.50275,0.032817,0.15582,0.14917,82.92,-0.00008,-0.00055
1779372163.5977,plane,2511,15,0.96396,0.15503,0.019124,0.14037,0.07356,151.87,0.01639,0.00982
1779372163.5977,plane,2511,16,0.13040,0.04271,0.013084,0.19206,0.07537,67.81,0.03880,-0.02390
1779372163.7083,plane,2512,9,0.49529,0.50277,0.032805,0.15577,0.14915,82.75,0.00055,0.00014
1779372163.7083,plane,2512,15,0.96506,0.15650,0.018565,0.15986,0.09211,149.75,0.00989,0.01315
1779372163.7083,plane,2512,16,0.13261,0.04097,0.012902,0.11449,0.05225,65.10,0.01983,-0.01563
1779372163.8062,plane,2513,9,0.49525,0.50274,0.032817,0.15580,0.14919,82.79,-0.00039,-0.00026
1779372163.8062,plane,2513,15,0.96474,0.15626,0.018860,0.15656,0.08467,151.20,-0.00325,-0.00241
1779372163.8062,plane,2513,16,0.12868,0.04248,0.012936,0.20722,0.07761,68.60,-0.04013,0.01545
1779372163.8990,plane,2514,9,0.49523,0.50291,0.032813,0.15578,0.14919,82.74,-0.00023,0.00178
1779372163.8990,plane,2514,15,0.96398,0.15649,0.019438,0.13607,0.06755,152.88,-0.00823,0.00253
1779372163.8990,plane,2514,16,0.13333,0.04213,0.013309,0.11527,0.05636,63.64,0.05010,-0.00378
1779372163.9967,plane,2515,9,0.49523,0.50281,0.032835,0.15584,0.14924,83.09,0.00001,-0.00096
1779372163.9967,plane,2515,15,0.96383,0.15538,0.019306,0.12770,0.05921,154.64,-0.00157,-0.01139
1779372163.9967,plane,2515,16,0.12634,0.04314,0.013002,0.22306,0.07885,69.50,-0.07171,0.01040
1779372164.1086,plane,2516,9,0.49525,0.50278,0.032817,0.15579,0.14919,82.89,0.00017,-0.00031
1779372164.1086,plane,2516,15,0.96482,0.15664,0.018772,0.11661,0.05555,154.03,0.00883,0.01123
1779372164.1086,plane,2516,16,0.12999,0.04229,0.013048,0.21777,0.07855,69.25,0.03252,-0.00759
1779372164.2050,plane,2517,9,0.49525,0.50281,0.032828,0.15581,0.14922,83.02,-0.00007,0.00031
1779372164.2050,plane,2517,15,0.96385,0.15555,0.019407,0.13773,0.06862,152.89,-0.01013,-0.01139
1779372164.2050,plane,2517,16,0.12737,0.04416,0.013331,0.18501,0.07210,67.91,-0.02742,0.01951
1779372164.3006,plane,2518,9,0.49525,0.50283,0.032835,0.15581,0.14924,82.96,0.00001,0.00020
1779372164.3006,plane,2518,15,0.96364,0.15546,0.019407,0.13231,0.06698,152.61,-0.00212,-0.00103
1779372164.3006,plane,2518,16,0.12762,0.04426,0.013694,0.17892,0.07076,67.79,0.00270,0.00100
1779372164.3958,plane,2519,9,0.49525,0.50277,0.032827,0.15581,0.14921,82.90,0.00006,-0.00062
1779372164.3958,plane,2519,15,0.96308,0.15485,0.019818,0.13366,0.06721,152.65,-0.00585,-0.00633
1779372164.3958,plane,2519,16,0.12618,0.04532,0.013704,0.14923,0.06733,65.19,-0.01511,0.01115
1779372164.5089,plane,2520,9,0.49525,0.50279,0.032822,0.15579,0.14919,82.92,-0.00002,0.00022
1779372164.5089,plane,2520,15,0.96327,0.15458,0.019631,0.14148,0.07112,152.57,0.00162,-0.00241
1779372164.5089,plane,2520,16,0.12748,0.04383,0.013414,0.17961,0.07047,67.77,0.01150,-0.01327
1779372164.6052,plane,2521,9,0.49526,0.50282,0.032825,0.15578,0.14925,83.12,0.00014,0.00024
1779372164.6052,plane,2521,15,0.96383,0.15534,0.019197,0.14231,0.07353,152.23,0.00578,0.00779
1779372164.6052,plane,2521,16,0.13066,0.04233,0.012995,0.19938,0.07642,68.19,0.03286,-0.01540
1779372164.7007,plane,2522,9,0.49526,0.50280,0.032823,0.15578,0.14923,83.08,-0.00007,-0.00017
1779372164.7007,plane,2522,15,0.96393,0.15588,0.019426,0.14360,0.07537,151.65,0.00104,0.00570
1779372164.7007,plane,2522,16,0.12726,0.04440,0.013409,0.22060,0.07921,69.29,-0.03564,0.02162
1779372164.7969,plane,2523,9,0.49525,0.50282,0.032825,0.15578,0.14925,82.94,-0.00003,0.00018
1779372164.7969,plane,2523,15,0.96309,0.15438,0.019619,0.13421,0.06811,152.61,-0.00881,-0.01569
1779372164.7969,plane,2523,16,0.12773,0.04381,0.013504,0.19966,0.07568,68.44,0.00493,-0.00621
1779372164.9060,plane,2524,9,0.49524,0.50274,0.032823,0.15583,0.14918,82.88,-0.00015,-0.00067
1779372164.9060,plane,2524,15,0.96326,0.15492,0.019440,0.15393,0.08627,150.21,0.00161,0.00486
1779372164.9060,plane,2524,16,0.12708,0.04430,0.013485,0.17654,0.07172,67.16,-0.00598,0.00454
1779372165.0032,plane,2525,9,0.49526,0.50278,0.032811,0.15579,0.14917,82.71,0.00026,0.00037
1779372165.0032,plane,2525,15,0.96380,0.15511,0.019409,0.14691,0.07552,152.32,0.00549,0.00197
1779372165.0032,plane,2525,16,0.12960,0.04287,0.013384,0.20892,0.07599,69.18,0.02593,-0.01470
1779372165.1006,plane,2526,9,0.49526,0.50282,0.032825,0.15578,0.14924,83.09,-0.00005,0.00038
1779372165.1006,plane,2526,15,0.96286,0.15448,0.019897,0.13706,0.06731,153.26,-0.00965,-0.00649
1779372165.1006,plane,2526,16,0.12643,0.04498,0.013835,0.16868,0.07146,66.45,-0.03279,0.02177
1779372165.1980,plane,2527,9,0.49526,0.50282,0.032818,0.15577,0.14922,82.95,0.00006,-0.00002
1779372165.1980,plane,2527,15,0.96423,0.15615,0.019275,0.15349,0.08025,152.07,0.01394,0.01695
1779372165.1980,plane,2527,16,0.12884,0.04369,0.013523,0.17366,0.07174,67.01,0.02447,-0.01314
1779372165.3075,plane,2528,9,0.49525,0.50281,0.032818,0.15578,0.14921,83.09,-0.00009,-0.00003
1779372165.3075,plane,2528,15,0.96447,0.15635,0.018975,0.14813,0.07775,151.87,0.00216,0.00183
1779372165.3075,plane,2528,16,0.13135,0.04203,0.013414,0.16586,0.06813,67.19,0.02294,-0.01513
1779372165.4032,plane,2529,9,0.49526,0.50289,0.032822,0.15576,0.14923,82.70,0.00006,0.00081
1779372165.4032,plane,2529,15,0.96490,0.15757,0.018872,0.14586,0.07711,151.53,0.00445,0.01281
1779372165.4032,plane,2529,16,0.13123,0.04216,0.013107,0.12945,0.05925,64.95,-0.00125,0.00136
1779372165.5013,plane,2530,9,0.49526,0.50276,0.032832,0.15579,0.14924,82.86,-0.00001,-0.00137
1779372165.5013,plane,2530,15,0.96354,0.15482,0.019477,0.13968,0.07021,152.70,-0.01389,-0.02812
1779372165.5013,plane,2530,16,0.12331,0.04548,0.013533,0.16804,0.06795,67.23,-0.08082,0.03391
1779372165.5955,plane,2531,9,0.49526,0.50276,0.032822,0.15581,0.14919,82.71,-0.00001,0.00008
1779372165.5955,plane,2531,15,0.96530,0.15708,0.018748,0.15291,0.07438,153.53,0.01869,0.02404
1779372165.5955,plane,2531,16,0.13118,0.04127,0.012633,0.14537,0.06344,65.77,0.08352,-0.04472
1779372165.7074,plane,2532,9,0.49525,0.50278,0.032817,0.15579,0.14919,82.92,-0.00007,0.00013
1779372165.7074,plane,2532,15,0.96446,0.15624,0.018963,0.15131,0.08046,151.53,-0.00745,-0.00752
1779372165.7074,plane,2532,16,0.12791,0.04332,0.013345,0.18003,0.07149,67.61,-0.02922,0.01834
1779372165.8030,plane,2533,9,0.49526,0.50281,0.032815,0.15578,0.14920,83.01,0.00013,0.00039
1779372165.8030,plane,2533,15,0.96386,0.15566,0.019321,0.14038,0.07077,152.62,-0.00636,-0.00608
1779372165.8030,plane,2533,16,0.12952,0.04346,0.013446,0.17172,0.07154,66.87,0.01678,0.00142
1779372165.8999,plane,2534,9,0.49526,0.50284,0.032827,0.15578,0.14925,83.07,-0.00004,0.00021
1779372165.8999,plane,2534,15,0.96362,0.15530,0.019430,0.13786,0.07081,152.20,-0.00241,-0.00374
1779372165.8999,plane,2534,16,0.12862,0.04305,0.013407,0.17874,0.06995,67.98,-0.00936,-0.00415
1779372165.9960,plane,2535,9,0.49524,0.50277,0.032834,0.15584,0.14921,82.83,-0.00014,-0.00073
1779372165.9960,plane,2535,15,0.96259,0.15392,0.019925,0.13918,0.07133,152.38,-0.01077,-0.01438
1779372165.9960,plane,2535,16,0.12333,0.04552,0.013726,0.19392,0.07387,68.25,-0.05502,0.02567
1779372166.1087,plane,2536,9,0.49525,0.50276,0.032815,0.15580,0.14918,82.78,0.00005,-0.00005
1779372166.1087,plane,2536,15,0.96444,0.15617,0.019057,0.15187,0.08104,151.54,0.01644,0.01998
1779372166.1087,plane,2536,16,0.12904,0.04270,0.013179,0.19160,0.07421,68.06,0.05077,-0.02504
1779372166.2042,plane,2537,9,0.49526,0.50281,0.032834,0.15582,0.14923,82.99,0.00012,0.00050
1779372166.2042,plane,2537,15,0.96253,0.15410,0.020018,0.13278,0.06761,152.44,-0.01987,-0.02159
1779372166.2042,plane,2537,16,0.12572,0.04529,0.013982,0.15288,0.06488,66.44,-0.03468,0.02705
1779372166.2898,plane,2538,9,0.49526,0.50284,0.032810,0.15574,0.14919,82.84,-0.00005,0.00037
1779372166.2898,plane,2538,15,0.96467,0.15697,0.019004,0.14871,0.07751,151.90,0.02488,0.03347
1779372166.2898,plane,2538,16,0.13080,0.04273,0.013175,0.17533,0.07274,66.91,0.05910,-0.02983
1779372166.3959,plane,2539,9,0.49525,0.50283,0.032817,0.15577,0.14922,82.99,-0.00007,-0.00012
1779372166.3959,plane,2539,15,0.96483,0.15687,0.018953,0.14159,0.07160,152.56,0.00146,-0.00101
1779372166.3959,plane,2539,16,0.13153,0.04144,0.012945,0.13118,0.05952,65.12,0.00692,-0.01220
1779372166.5081,plane,2540,9,0.49525,0.50283,0.032827,0.15580,0.14923,82.88,0.00005,0.00005
1779372166.5081,plane,2540,15,0.96336,0.15490,0.019474,0.12935,0.06439,152.86,-0.01306,-0.01752
1779372166.5081,plane,2540,16,0.12894,0.04363,0.013431,0.19892,0.07483,68.67,-0.02308,0.01950
1779372166.6038,plane,2541,9,0.49525,0.50280,0.032823,0.15576,0.14924,83.09,-0.00006,-0.00029
1779372166.6038,plane,2541,15,0.96377,0.15550,0.019319,0.16152,0.09374,149.32,0.00432,0.00628
1779372166.6038,plane,2541,16,0.13018,0.04236,0.013090,0.13949,0.06279,65.23,0.01293,-0.01331
1779372166.6999,plane,2542,9,0.49526,0.50280,0.032830,0.15581,0.14923,82.92,0.00013,-0.00007
1779372166.6999,plane,2542,15,0.96256,0.15440,0.020184,0.15656,0.08540,150.87,-0.01266,-0.01145
1779372166.6999,plane,2542,16,0.12496,0.04533,0.013982,0.16192,0.06838,66.47,-0.05432,0.03093
1779372166.7965,plane,2543,9,0.49524,0.50282,0.032813,0.15574,0.14922,83.04,-0.00017,0.00022
1779372166.7965,plane,2543,15,0.96631,0.15869,0.018087,0.13400,0.06511,153.55,0.03911,0.04473
1779372166.7965,plane,2543,16,0.13450,0.03941,0.012404,0.14327,0.06228,65.94,0.09957,-0.06170
1779372166.9072,plane,2544,9,0.49525,0.50282,0.032828,0.15579,0.14926,82.99,0.00008,-0.00002
1779372166.9072,plane,2544,15,0.96348,0.15531,0.019638,0.13694,0.06804,152.98,-0.02536,-0.03032
1779372166.9072,plane,2544,16,0.12721,0.04464,0.013728,0.16336,0.06987,66.25,-0.06538,0.04694
1779372167.0039,plane,2545,9,0.49526,0.50280,0.032835,0.15580,0.14924,82.99,0.00012,-0.00012
1779372167.0039,plane,2545,15,0.96287,0.15471,0.020035,0.14583,0.07161,153.02,-0.00627,-0.00623
1779372167.0039,plane,2545,16,0.12648,0.04450,0.013918,0.17620,0.07121,67.35,-0.00757,-0.00149
1779372167.0996,plane,2546,9,0.49525,0.50279,0.032820,0.15579,0.14919,82.93,-0.00012,-0.00016
1779372167.0996,plane,2546,15,0.96442,0.15596,0.019012,0.14431,0.07625,151.64,0.01632,0.01321
1779372167.0996,plane,2546,16,0.13057,0.04243,0.012975,0.18799,0.07574,67.34,0.04310,-0.02185
1779372167.1965,plane,2547,9,0.49525,0.50280,0.032820,0.15577,0.14920,82.97,-0.00007,0.00008
1779372167.1965,plane,2547,15,0.96425,0.15597,0.019041,0.13276,0.06681,152.93,-0.00176,0.00009
1779372167.1965,plane,2547,16,0.13155,0.04224,0.013048,0.18958,0.07468,67.79,0.01006,-0.00188
1779372167.3082,plane,2548,9,0.49526,0.50281,0.032823,0.15579,0.14922,83.08,0.00013,0.00010
1779372167.3082,plane,2548,15,0.96487,0.15695,0.019104,0.12909,0.05906,154.68,0.00553,0.00882
1779372167.3082,plane,2548,16,0.12962,0.04330,0.013304,0.17338,0.07200,66.78,-0.01728,0.00947
1779372167.4047,plane,2549,9,0.49526,0.50281,0.032825,0.15579,0.14922,83.17,0.00001,0.00004
1779372167.4047,plane,2549,15,0.96589,0.15825,0.018188,0.14862,0.07837,151.55,0.01070,0.01360
1779372167.4047,plane,2549,16,0.13338,0.04090,0.012877,0.19011,0.07587,67.61,0.03925,-0.02507
1779372167.5005,plane,2550,9,0.49526,0.50284,0.032823,0.15578,0.14922,83.17,-0.00002,0.00025
1779372167.5005,plane,2550,15,0.96464,0.15618,0.018787,0.14977,0.08164,151.07,-0.01299,-0.02144
1779372167.5005,plane,2550,16,0.13183,0.04203,0.013053,0.11943,0.05247,65.88,-0.01598,0.01165
1779372167.5961,plane,2551,9,0.49525,0.50281,0.032823,0.15579,0.14922,83.07,-0.00006,-0.00024
1779372167.5961,plane,2551,15,0.96272,0.15396,0.019816,0.15651,0.08856,150.02,-0.02002,-0.02327
1779372167.5961,plane,2551,16,0.12711,0.04464,0.013830,0.15811,0.07152,65.16,-0.04950,0.02737
1779372167.7092,plane,2552,9,0.49525,0.50284,0.032820,0.15579,0.14921,83.06,-0.00002,0.00022
1779372167.7092,plane,2552,15,0.96261,0.15382,0.019741,0.17332,0.10785,147.96,-0.00103,-0.00128
1779372167.7092,plane,2552,16,0.12885,0.04351,0.013628,0.16452,0.06928,66.69,0.01550,-0.01007
1779372167.8044,plane,2553,9,0.49524,0.50284,0.032828,0.15584,0.14919,83.06,-0.00013,0.00008
1779372167.8044,plane,2553,15,0.96389,0.15557,0.019284,0.14087,0.07344,152.02,0.01330,0.01824
1779372167.8044,plane,2553,16,0.12814,0.04428,0.013585,0.17114,0.07137,66.78,-0.00730,0.00794
1779372167.8999,plane,2554,9,0.49525,0.50282,0.032813,0.15580,0.14915,83.02,0.00007,-0.00027
1779372167.8999,plane,2554,15,0.96391,0.15571,0.019196,0.15036,0.08107,151.18,0.00018,0.00149
1779372167.8999,plane,2554,16,0.12990,0.04282,0.013258,0.17161,0.06992,67.24,0.01836,-0.01522
1779372167.9966,plane,2555,9,0.49525,0.50284,0.032822,0.15578,0.14922,83.01,0.00006,0.00018
1779372167.9966,plane,2555,15,0.96442,0.15629,0.018970,0.14385,0.07441,152.01,0.00537,0.00600
1779372167.9966,plane,2555,16,0.13123,0.04141,0.012933,0.13690,0.06065,65.56,0.01388,-0.01474
1779372168.1087,plane,2556,9,0.49524,0.50282,0.032817,0.15578,0.14920,83.04,-0.00010,-0.00010
1779372168.1087,plane,2556,15,0.96306,0.15437,0.019643,0.13216,0.06434,153.40,-0.01206,-0.01693
1779372168.1087,plane,2556,16,0.13073,0.04236,0.013185,0.18315,0.07163,68.03,-0.00436,0.00840
1779372168.2041,plane,2557,9,0.49524,0.50285,0.032825,0.15578,0.14924,83.05,0.00004,0.00028
1779372168.2041,plane,2557,15,0.96279,0.15424,0.019930,0.13474,0.06544,153.52,-0.00287,-0.00138
1779372168.2041,plane,2557,16,0.12799,0.04382,0.013629,0.18587,0.07267,68.04,-0.02893,0.01543
1779372168.3004,plane,2558,9,0.49523,0.50285,0.032820,0.15578,0.14921,83.07,-0.00014,-0.00004
1779372168.3004,plane,2558,15,0.96450,0.15613,0.018763,0.14646,0.07946,150.90,0.01790,0.01965
1779372168.3004,plane,2558,16,0.13125,0.04172,0.012895,0.23190,0.08165,69.69,0.03408,-0.02192
1779372168.3963,plane,2559,9,0.49524,0.50279,0.032806,0.15575,0.14918,82.86,0.00007,-0.00057
1779372168.3963,plane,2559,15,0.96693,0.15944,0.017895,0.13372,0.06304,154.22,0.02508,0.03426
1779372168.3963,plane,2559,16,0.13479,0.03912,0.011941,0.14107,0.06275,65.33,0.03661,-0.02689
1779372168.5084,plane,2560,9,0.49524,0.50284,0.032818,0.15578,0.14921,83.05,0.00004,0.00045
1779372168.5084,plane,2560,15,0.96571,0.15831,0.018451,0.14340,0.07466,151.88,-0.01084,-0.01014
1779372168.5084,plane,2560,16,0.13131,0.04193,0.012785,0.20035,0.07859,67.80,-0.03107,0.02504
1779372168.6051,plane,2561,9,0.49525,0.50281,0.032828,0.15580,0.14924,82.91,0.00007,-0.00028
1779372168.6051,plane,2561,15,0.96456,0.15658,0.018963,0.13740,0.07081,151.93,-0.01200,-0.01803
1779372168.6051,plane,2561,16,0.12974,0.04241,0.013109,0.16599,0.07087,66.27,-0.01639,0.00502
1779372168.7005,plane,2562,9,0.49524,0.50273,0.032827,0.15581,0.14923,82.78,-0.00008,-0.00092
1779372168.7005,plane,2562,15,0.96424,0.15594,0.019214,0.12807,0.06022,154.35,-0.00331,-0.00666
1779372168.7005,plane,2562,16,0.12744,0.04396,0.013480,0.17068,0.07319,66.07,-0.02393,0.01617
1779372168.7965,plane,2563,9,0.49526,0.50283,0.032825,0.15579,0.14922,83.02,0.00017,0.00105
1779372168.7965,plane,2563,15,0.96343,0.15466,0.019341,0.13624,0.06569,153.55,-0.00844,-0.01326
1779372168.7965,plane,2563,16,0.12859,0.04372,0.013482,0.16944,0.07372,65.94,0.01196,-0.00253
1779372168.9080,plane,2564,9,0.49525,0.50285,0.032828,0.15580,0.14923,83.00,-0.00004,0.00019
1779372168.9080,plane,2564,15,0.96323,0.15498,0.019575,0.12822,0.06403,152.84,-0.00184,0.00284
1779372168.9080,plane,2564,16,0.12869,0.04382,0.013696,0.15827,0.06778,66.38,0.00091,0.00091
1779372169.0044,plane,2565,9,0.49521,0.50287,0.032835,0.15584,0.14925,82.99,-0.00045,0.00026
1779372169.0044,plane,2565,15,0.96379,0.15621,0.019274,0.13240,0.06578,152.90,0.00576,0.01267
1779372169.0044,plane,2565,16,0.12807,0.04364,0.013489,0.18823,0.07274,68.11,-0.00636,-0.00191
1779372169.1003,plane,2566,9,0.49523,0.50275,0.032823,0.15582,0.14920,82.84,0.00023,-0.00125
1779372169.1003,plane,2566,15,0.96401,0.15599,0.019174,0.14353,0.07137,152.85,0.00228,-0.00225
1779372169.1003,plane,2566,16,0.12712,0.04314,0.013207,0.21271,0.07752,69.01,-0.00991,-0.00522
1779372169.1965,plane,2567,9,0.49524,0.50278,0.032822,0.15583,0.14918,82.96,0.00008,0.00024
1779372169.1965,plane,2567,15,0.96392,0.15576,0.019370,0.13188,0.06119,154.51,-0.00095,-0.00240
1779372169.1965,plane,2567,16,0.12846,0.04340,0.013475,0.18369,0.07258,67.76,0.01403,0.00280
1779372169.3087,plane,2568,9,0.49526,0.50270,0.032825,0.15584,0.14917,83.13,0.00019,-0.00066
1779372169.3087,plane,2568,15,0.96357,0.15503,0.019570,0.14703,0.07481,152.34,-0.00309,-0.00646
1779372169.3087,plane,2568,16,0.12457,0.04577,0.013562,0.17503,0.07177,66.95,-0.03441,0.02100
1779372169.4038,plane,2569,9,0.49526,0.50282,0.032818,0.15580,0.14915,83.03,-0.00002,0.00127
1779372169.4038,plane,2569,15,0.96392,0.15622,0.019519,0.14253,0.07472,151.79,0.00369,0.01242
1779372169.4038,plane,2569,16,0.13123,0.04301,0.013468,0.15973,0.07122,65.50,0.06998,-0.02905
1779372169.5021,plane,2570,9,0.49526,0.50284,0.032832,0.15578,0.14926,83.03,0.00001,0.00015
1779372169.5021,plane,2570,15,0.96174,0.15333,0.020408,0.17073,0.10093,148.84,-0.02235,-0.02962
1779372169.5021,plane,2570,16,0.12602,0.04557,0.014072,0.14680,0.06215,66.57,-0.05355,0.02633
1779372169.5966,plane,2571,9,0.49525,0.50279,0.032825,0.15582,0.14918,82.89,-0.00006,-0.00046
1779372169.5966,plane,2571,15,0.96396,0.15581,0.019331,0.14783,0.07669,151.97,0.02320,0.02594
1779372169.5966,plane,2571,16,0.12902,0.04379,0.013385,0.16081,0.07056,65.81,0.03143,-0.01869
1779372169.7085,plane,2572,9,0.49525,0.50279,0.032822,0.15581,0.14919,82.88,-0.00003,-0.00002
1779372169.7085,plane,2572,15,0.96326,0.15483,0.019689,0.13964,0.06820,153.30,-0.00629,-0.00871
1779372169.7085,plane,2572,16,0.12739,0.04474,0.013857,0.15819,0.06763,66.39,-0.01457,0.00846
1779372169.8048,plane,2573,9,0.49524,0.50286,0.032823,0.15579,0.14922,83.00,-0.00008,0.00071
1779372169.8048,plane,2573,15,0.96393,0.15597,0.019377,0.14268,0.07384,152.09,0.00707,0.01185
1779372169.8048,plane,2573,16,0.13072,0.04291,0.013275,0.18640,0.07333,67.85,0.03494,-0.01916
1779372169.9001,plane,2574,9,0.49527,0.50269,0.032808,0.15578,0.14917,82.96,0.00034,-0.00176
1779372169.9001,plane,2574,15,0.96495,0.15633,0.018607,0.14878,0.07899,151.63,0.01063,0.00381
1779372169.9001,plane,2574,16,0.13128,0.04149,0.012705,0.20944,0.07927,68.40,0.00575,-0.01473
1779372169.9948,plane,2575,9,0.49524,0.50294,0.032825,0.15578,0.14924,82.42,-0.00039,0.00269
1779372169.9948,plane,2575,15,0.96428,0.15699,0.019436,0.13454,0.06434,153.76,-0.00708,0.00691
1779372169.9948,plane,2575,16,0.12753,0.04548,0.013940,0.14757,0.06570,65.59,-0.03957,0.04211
1779372170.1093,plane,2576,9,0.49526,0.50275,0.032830,0.15581,0.14923,82.88,0.00017,-0.00173
1779372170.1093,plane,2576,15,0.96368,0.15556,0.019587,0.14853,0.07292,153.42,-0.00529,-0.01255
1779372170.1093,plane,2576,16,0.12453,0.04413,0.013311,0.18871,0.07270,68.04,-0.02636,-0.01186
1779372170.2055,plane,2577,9,0.49525,0.50279,0.032823,0.15582,0.14919,82.90,-0.00012,0.00045
1779372170.2055,plane,2577,15,0.96300,0.15455,0.019760,0.14413,0.07539,151.98,-0.00704,-0.01040
1779372170.2055,plane,2577,16,0.12764,0.04442,0.013455,0.17433,0.07436,66.19,0.03231,0.00309
1779372170.2999,plane,2578,9,0.49525,0.50276,0.032823,0.15580,0.14921,82.88,0.00009,-0.00028
1779372170.2999,plane,2578,15,0.96350,0.15475,0.019470,0.15138,0.07721,152.39,0.00528,0.00209
1779372170.2999,plane,2578,16,0.12704,0.04390,0.013423,0.20115,0.07792,67.97,-0.00640,-0.00557
1779372170.3956,plane,2579,9,0.49523,0.50281,0.032837,0.15584,0.14922,83.21,-0.00020,0.00052
1779372170.3956,plane,2579,15,0.96261,0.15477,0.020248,0.13296,0.06350,153.83,-0.00936,0.00019
1779372170.3956,plane,2579,16,0.12385,0.04686,0.014342,0.15981,0.06686,66.71,-0.03354,0.03118
1779372170.5060,plane,2580,9,0.49526,0.50276,0.032828,0.15580,0.14922,82.82,0.00024,-0.00045
1779372170.5060,plane,2580,15,0.96402,0.15531,0.019206,0.14759,0.07746,151.79,0.01265,0.00489
1779372170.5060,plane,2580,16,0.12697,0.04368,0.013190,0.12785,0.06028,64.22,0.02801,-0.02854
1779372170.6029,plane,2581,9,0.49525,0.50280,0.032822,0.15581,0.14918,82.86,-0.00015,0.00041
1779372170.6029,plane,2581,15,0.96416,0.15601,0.019128,0.15097,0.08298,150.82,0.00142,0.00717
1779372170.6029,plane,2581,16,0.12888,0.04363,0.013424,0.17835,0.07164,67.52,0.01975,-0.00050
1779372170.6996,plane,2582,9,0.49519,0.50281,0.032828,0.15586,0.14918,82.79,-0.00058,0.00005
1779372170.6996,plane,2582,15,0.96416,0.15607,0.019185,0.15125,0.07720,152.50,0.00000,0.00066
1779372170.6996,plane,2582,16,0.13136,0.04189,0.013011,0.20007,0.07789,68.03,0.02577,-0.01805
1779372170.7947,plane,2583,9,0.49521,0.50282,0.032834,0.15583,0.14924,83.07,0.00024,0.00014
1779372170.7947,plane,2583,15,0.96427,0.15666,0.019235,0.12164,0.05808,154.01,0.00119,0.00619
1779372170.7947,plane,2583,16,0.13074,0.04257,0.013285,0.18206,0.07364,67.47,-0.00648,0.00706
1779372170.9068,plane,2584,9,0.49524,0.50274,0.032835,0.15585,0.14921,82.97,0.00020,-0.00076
1779372170.9068,plane,2584,15,0.96223,0.15423,0.020247,0.18573,0.11669,147.64,-0.01821,-0.02167
1779372170.9068,plane,2584,16,0.12483,0.04621,0.013975,0.15809,0.06764,66.23,-0.05275,0.03255
1779372171.0057,plane,2585,9,0.49526,0.50286,0.032822,0.15575,0.14924,82.92,0.00027,0.00131
1779372171.0057,plane,2585,15,0.96378,0.15532,0.019263,0.13959,0.07031,152.61,0.01582,0.01110
1779372171.0057,plane,2585,16,0.12936,0.04334,0.013455,0.16924,0.07018,66.97,0.04638,-0.02939
1779372171.1008,plane,2586,9,0.49524,0.50276,0.032834,0.15585,0.14921,82.94,-0.00022,-0.00113
1779372171.1008,plane,2586,15,0.96429,0.15599,0.019114,0.15446,0.08310,151.04,0.00539,0.00705
1779372171.1008,plane,2586,16,0.12653,0.04450,0.013379,0.16200,0.06852,66.40,-0.02952,0.01209
1779372171.1939,plane,2587,9,0.49529,0.50294,0.032822,0.15573,0.14924,82.71,0.00056,0.00194
1779372171.1939,plane,2587,15,0.96411,0.15592,0.019455,0.13841,0.06986,152.66,-0.00202,-0.00078
1779372171.1939,plane,2587,16,0.12952,0.04373,0.013728,0.14854,0.06652,65.52,0.03193,-0.00823
1779372171.3097,plane,2588,9,0.49528,0.50285,0.032830,0.15576,0.14926,82.53,-0.00016,-0.00074
1779372171.3097,plane,2588,15,0.96368,0.15520,0.019513,0.14332,0.07119,153.05,-0.00372,-0.00632
1779372171.3097,plane,2588,16,0.12823,0.04421,0.013511,0.17979,0.07185,67.53,-0.01124,0.00420
1779372171.4058,plane,2589,9,0.49526,0.50280,0.032827,0.15579,0.14923,83.11,-0.00012,-0.00049
1779372171.4058,plane,2589,15,0.96435,0.15572,0.018968,0.13380,0.06689,152.89,0.00693,0.00542
1779372171.4058,plane,2589,16,0.12926,0.04314,0.013263,0.18081,0.07142,67.71,0.01069,-0.01114
1779372171.4980,plane,2590,9,0.49529,0.50284,0.032823,0.15576,0.14923,82.85,0.00024,0.00036
1779372171.4980,plane,2590,15,0.96437,0.15570,0.019116,0.14926,0.07368,153.24,0.00017,-0.00024
1779372171.4980,plane,2590,16,0.12971,0.04302,0.013351,0.21252,0.07839,68.97,0.00483,-0.00121
1779372171.5965,plane,2591,9,0.49528,0.50291,0.032811,0.15573,0.14920,82.78,-0.00006,0.00072
1779372171.5965,plane,2591,15,0.96306,0.15452,0.019680,0.15603,0.08775,150.10,-0.01337,-0.01205
1779372171.5965,plane,2591,16,0.13213,0.04263,0.013458,0.16870,0.07009,66.95,0.02478,-0.00400
1779372171.7084,plane,2592,9,0.49527,0.50283,0.032827,0.15579,0.14924,83.14,-0.00008,-0.00072
1779372171.7084,plane,2592,15,0.96404,0.15526,0.019206,0.13359,0.06623,153.27,0.00873,0.00656
1779372171.7084,plane,2592,16,0.12813,0.04420,0.013363,0.18720,0.07597,67.21,-0.03571,0.01392
1779372171.8045,plane,2593,9,0.49524,0.50290,0.032834,0.15583,0.14923,82.60,-0.00029,0.00076
1779372171.8045,plane,2593,15,0.96270,0.15521,0.020328,0.16953,0.09180,151.15,-0.01386,-0.00052
1779372171.8045,plane,2593,16,0.12953,0.04462,0.013936,0.14151,0.06434,65.25,0.01453,0.00442
1779372171.9014,plane,2594,9,0.49528,0.50288,0.032817,0.15576,0.14919,82.75,0.00037,-0.00020
1779372171.9014,plane,2594,15,0.96413,0.15583,0.019348,0.14114,0.06916,153.14,0.01484,0.00655
1779372171.9014,plane,2594,16,0.13079,0.04251,0.013445,0.17393,0.07132,67.19,0.01314,-0.02197
1779372171.9968,plane,2595,9,0.49527,0.50295,0.032828,0.15577,0.14926,82.62,-0.00011,0.00066
1779372171.9968,plane,2595,15,0.96370,0.15527,0.019211,0.14835,0.07748,151.77,-0.00443,-0.00588
1779372171.9968,plane,2595,16,0.13279,0.04236,0.013431,0.15879,0.07025,65.78,0.02085,-0.00163
1779372172.1081,plane,2596,9,0.49526,0.50271,0.032830,0.15582,0.14923,82.79,-0.00007,-0.00209
1779372172.1081,plane,2596,15,0.96393,0.15477,0.019089,0.14297,0.07571,151.62,0.00211,-0.00447
1779372172.1081,plane,2596,16,0.12551,0.04337,0.013145,0.18144,0.07184,67.54,-0.06542,0.00912
1779372172.2054,plane,2597,9,0.49527,0.50292,0.032828,0.15577,0.14925,82.53,0.00010,0.00216
1779372172.2054,plane,2597,15,0.96431,0.15614,0.019085,0.14775,0.07711,151.94,0.00394,0.01419
1779372172.2054,plane,2597,16,0.13245,0.04231,0.013406,0.18333,0.06961,68.61,0.07203,-0.01097
1779372172.3011,plane,2598,9,0.49528,0.50287,0.032823,0.15578,0.14921,82.83,0.00005,-0.00052
1779372172.3011,plane,2598,15,0.96333,0.15494,0.019833,0.13253,0.05846,155.56,-0.01024,-0.01251
1779372172.3011,plane,2598,16,0.12410,0.04652,0.014172,0.16640,0.06963,66.67,-0.08691,0.04371
1779372172.3962,plane,2599,9,0.49518,0.50283,0.032837,0.15586,0.14923,82.43,-0.00103,-0.00046
1779372172.3962,plane,2599,15,0.96463,0.15684,0.018973,0.14079,0.07199,152.53,0.01362,0.01995
1779372172.3962,plane,2599,16,0.13010,0.04240,0.013092,0.20777,0.07851,68.52,0.06281,-0.04309
1779372172.5086,plane,2600,9,0.49520,0.50258,0.032847,0.15589,0.14929,82.00,0.00020,-0.00225
1779372172.5086,plane,2600,15,0.96280,0.15460,0.020159,0.15276,0.07785,152.41,-0.01644,-0.02015
1779372172.5086,plane,2600,16,0.11923,0.04562,0.013584,0.15467,0.06345,66.97,-0.09752,0.02885
1779372172.6049,plane,2601,9,0.49516,0.50250,0.032832,0.15585,0.14921,83.30,-0.00037,-0.00080
1779372172.6049,plane,2601,15,0.96468,0.15686,0.018931,0.14551,0.07533,152.04,0.01937,0.02328
1779372172.6049,plane,2601,16,0.12434,0.04371,0.012953,0.18169,0.07252,67.36,0.05256,-0.01962
1779372172.7001,plane,2602,9,0.49525,0.50284,0.032813,0.15576,0.14921,83.38,0.00091,0.00357
1779372172.7001,plane,2602,15,0.96407,0.15605,0.019106,0.15390,0.08299,151.11,-0.00637,-0.00855
1779372172.7001,plane,2602,16,0.14074,0.04109,0.013102,0.19820,0.07826,67.83,0.17227,-0.02747
1779372172.7965,plane,2603,9,0.49530,0.50282,0.032823,0.15576,0.14923,82.85,0.00049,-0.00026
1779372172.7965,plane,2603,15,0.96465,0.15545,0.018697,0.14832,0.08265,150.47,0.00606,-0.00626
1779372172.7965,plane,2603,16,0.13076,0.04246,0.013124,0.17636,0.07105,67.43,-0.10444,0.01426
1779372172.9092,plane,2604,9,0.49532,0.50316,0.032815,0.15580,0.14916,82.57,0.00018,0.00308
1779372172.9092,plane,2604,15,0.96364,0.15527,0.019233,0.16136,0.09601,148.80,-0.00897,-0.00159
1779372172.9092,plane,2604,16,0.14086,0.04230,0.013784,0.16658,0.07335,65.78,0.08932,-0.00138
1779372173.0038,plane,2605,9,0.49528,0.50292,0.032830,0.15577,0.14928,82.69,-0.00041,-0.00255
1779372173.0038,plane,2605,15,0.96432,0.15670,0.019163,0.13856,0.06975,152.59,0.00713,0.01514
1779372173.0038,plane,2605,16,0.13038,0.04398,0.013746,0.15571,0.06911,65.70,-0.11038,0.01771
1779372173.1001,plane,2606,9,0.49530,0.50318,0.032817,0.15580,0.14917,82.58,0.00027,0.00264
1779372173.1001,plane,2606,15,0.96258,0.15536,0.020260,0.17956,0.11186,147.67,-0.01799,-0.01399
1779372173.1001,plane,2606,16,0.13855,0.04409,0.014572,0.14492,0.06621,65.09,0.08475,0.00107
1779372173.1964,plane,2607,9,0.49532,0.50323,0.032820,0.15583,0.14916,82.80,0.00018,0.00059
1779372173.1964,plane,2607,15,0.96217,0.15395,0.019874,0.20286,0.15453,143.26,-0.00424,-0.01461
1779372173.1964,plane,2607,16,0.14251,0.04234,0.013928,0.16069,0.07150,65.54,0.04113,-0.01816
1779372173.3096,plane,2608,9,0.49530,0.50335,0.032839,0.15586,0.14922,82.87,-0.00019,0.00103
1779372173.3096,plane,2608,15,0.96280,0.15495,0.019706,0.17299,0.10688,148.01,0.00557,0.00882
1779372173.3096,plane,2608,16,0.13908,0.04363,0.014326,0.16084,0.07015,65.93,-0.03032,0.01145
1779372173.4043,plane,2609,9,0.49533,0.50389,0.032810,0.15579,0.14920,83.12,0.00028,0.00571
1779372173.4043,plane,2609,15,0.95896,0.15188,0.020316,0.31825,0.27981,0.00,-0.04059,-0.03233
1779372173.4043,plane,2609,16,0.15075,0.04294,0.015021,0.16570,0.07113,66.41,0.12313,-0.00733
1779372173.4985,plane,2610,9,0.49537,0.50414,0.032784,0.15573,0.14912,82.61,0.00052,0.00265
1779372173.4985,plane,2610,17,0.61887,0.10482,0.034539,1.28076,0.66613,85.30,0.00000,0.00000
1779372173.5966,plane,2611,9,0.49537,0.50369,0.032842,0.15579,0.14933,83.24,-0.00001,-0.00458
1779372173.5966,plane,2611,15,0.96126,0.15373,0.018743,0.35550,0.29288,0.00,0.02346,0.01883
1779372173.5966,plane,2611,16,0.15903,0.03872,0.013923,0.22455,0.08068,69.62,0.08435,-0.04295
1779372173.7074,plane,2612,9,0.49539,0.50392,0.032774,0.15572,0.14908,83.29,0.00018,0.00209
1779372173.7074,plane,2612,17,0.61727,0.10322,0.034587,1.25610,0.64336,85.58,-0.01451,-0.01453
1779372173.8025,plane,2613,9,0.49538,0.50411,0.032779,0.15577,0.14908,82.52,-0.00017,0.00200
1779372173.8025,plane,2613,17,0.61863,0.10370,0.034412,1.27903,0.63878,85.83,0.01418,0.00505
1779372173.8978,plane,2614,9,0.49537,0.50424,0.032781,0.15573,0.14911,82.71,-0.00012,0.00133
1779372173.8978,plane,2614,17,0.61706,0.10492,0.036355,1.19046,0.71500,85.70,-0.01651,0.01274
1779372173.9944,plane,2615,9,0.49536,0.50420,0.032788,0.15573,0.14915,82.49,-0.00002,-0.00038
1779372173.9944,plane,2615,17,0.61873,0.10456,0.034743,1.26911,0.69934,83.80,0.01748,-0.00367
1779372174.1067,plane,2616,9,0.49538,0.50421,0.032796,0.15576,0.14914,82.55,0.00018,0.00003
1779372174.1067,plane,2616,17,0.61876,0.10466,0.035767,1.29144,0.68952,84.26,0.00025,0.00088
1779372174.2025,plane,2617,9,0.49540,0.50405,0.032817,0.15580,0.14918,82.28,0.00020,-0.00165
1779372174.2025,plane,2617,17,0.61730,0.10446,0.034468,1.18747,0.63722,88.63,-0.01536,-0.00218
1779372174.2993,plane,2618,9,0.49540,0.50408,0.032800,0.15577,0.14913,82.42,-0.00008,0.00034
1779372174.2993,plane,2618,17,0.61702,0.10471,0.035133,1.32324,0.66732,83.99,-0.00284,0.00256
1779372174.3951,plane,2619,9,0.49538,0.50390,0.032820,0.15581,0.14923,82.59,-0.00014,-0.00187
1779372174.3951,plane,2619,17,0.61908,0.10443,0.034292,1.15107,0.63129,90.07,0.02170,-0.00292
1779372174.5061,plane,2620,9,0.49536,0.50418,0.032788,0.15576,0.14911,82.49,-0.00015,0.00247
1779372174.5061,plane,2620,17,0.61741,0.10525,0.036097,1.25877,0.65657,86.15,-0.01499,0.00737
1779372174.6018,plane,2621,9,0.49541,0.50405,0.032796,0.15576,0.14914,82.57,0.00044,-0.00137
1779372174.6018,plane,2621,17,0.61998,0.10447,0.035260,1.28802,0.66616,84.20,0.02710,-0.00824
1779372174.6996,plane,2622,9,0.49537,0.50418,0.032784,0.15574,0.14911,82.44,-0.00036,0.00129
1779372174.6996,plane,2622,17,0.62483,0.10474,0.034919,1.28044,0.63776,86.38,0.04935,0.00277
1779372174.7949,plane,2623,9,0.49538,0.50382,0.032832,0.15583,0.14925,83.14,0.00011,-0.00379
1779372174.7949,plane,2623,17,0.61698,0.10428,0.034363,1.17735,0.62748,88.73,-0.08274,-0.00490
1779372174.9063,plane,2624,9,0.49536,0.50413,0.032776,0.15573,0.14907,82.64,-0.00017,0.00283
1779372174.9063,plane,2624,17,0.62052,0.10472,0.036118,1.28683,0.73659,82.11,0.03170,0.00401
1779372175.0019,plane,2625,9,0.49539,0.50394,0.032795,0.15578,0.14913,82.69,0.00030,-0.00207
1779372175.0019,plane,2625,17,0.62065,0.10429,0.033312,1.14395,0.63532,90.22,0.00135,-0.00454
1779372175.0988,plane,2626,9,0.49535,0.50396,0.032808,0.15581,0.14916,83.00,-0.00046,0.00024
1779372175.0988,plane,2626,17,0.61884,0.10429,0.034244,1.23097,0.60875,87.75,-0.01853,0.00004
1779372175.1971,plane,2627,9,0.49535,0.50386,0.032835,0.15585,0.14925,82.91,0.00004,-0.00098
1779372175.1971,plane,2627,18,0.96123,0.15212,0.019365,0.27735,0.26050,0.00,0.00000,0.00000
1779372175.1971,plane,2627,19,0.15041,0.04206,0.014594,0.18531,0.07602,67.12,0.00000,0.00000
1779372175.3087,plane,2628,9,0.49536,0.50385,0.032834,0.15585,0.14924,82.92,0.00005,-0.00014
1779372175.3087,plane,2628,18,0.96116,0.15207,0.020321,0.23781,0.20848,139.50,-0.00060,-0.00044
1779372175.3087,plane,2628,19,0.14181,0.04429,0.015040,0.14567,0.06485,65.41,-0.07701,0.01990
1779372175.4039,plane,2629,9,0.49532,0.50388,0.032818,0.15579,0.14923,82.85,-0.00034,0.00032
1779372175.4039,plane,2629,18,0.96351,0.15431,0.019009,0.19935,0.14593,143.81,0.02472,0.02361
1779372175.4039,plane,2629,19,0.14984,0.04200,0.014537,0.17805,0.07440,66.61,0.08455,-0.02401
1779372175.5002,plane,2630,9,0.49533,0.50380,0.032825,0.15580,0.14924,82.68,0.00008,-0.00081
1779372175.5002,plane,2630,18,0.96312,0.15328,0.019352,0.17721,0.11402,147.32,-0.00404,-0.01070
1779372175.5002,plane,2630,19,0.14317,0.04281,0.014445,0.14643,0.06928,64.31,-0.06924,0.00837
1779372175.5956,plane,2631,9,0.49534,0.50391,0.032820,0.15577,0.14925,82.58,0.00012,0.00115
1779372175.5956,plane,2631,18,0.96368,0.15410,0.019067,0.17525,0.11532,146.88,0.00587,0.00866
1779372175.5956,plane,2631,19,0.14600,0.04199,0.014372,0.17853,0.07467,66.54,0.02957,-0.00863
1779372175.7079,plane,2632,9,0.49533,0.50379,0.032822,0.15583,0.14922,82.57,-0.00011,-0.00102
1779372175.7079,plane,2632,18,0.96437,0.15428,0.018685,0.17092,0.10699,147.77,0.00609,0.00155
1779372175.7079,plane,2632,19,0.14363,0.04174,0.014203,0.15597,0.06710,66.11,-0.02107,-0.00220
1779372175.8026,plane,2633,9,0.49533,0.50377,0.032830,0.15583,0.14925,82.57,-0.00000,-0.00021
1779372175.8026,plane,2633,18,0.96475,0.15461,0.018451,0.16564,0.10006,148.53,0.00406,0.00354
1779372175.8026,plane,2633,19,0.14171,0.04247,0.014342,0.16309,0.06994,66.10,-0.02034,0.00767
1779372175.8995,plane,2634,9,0.49532,0.50373,0.032823,0.15581,0.14922,82.32,-0.00014,-0.00046
1779372175.8995,plane,2634,18,0.96443,0.15390,0.018467,0.14645,0.08268,150.44,-0.00330,-0.00739
1779372175.8995,plane,2634,19,0.14098,0.04179,0.013955,0.14588,0.07007,64.28,-0.00743,-0.00698
1779372175.9959,plane,2635,9,0.49531,0.50371,0.032811,0.15579,0.14919,82.49,-0.00005,-0.00024
1779372175.9959,plane,2635,18,0.96580,0.15612,0.018129,0.15504,0.08352,151.20,0.01427,0.02316
1779372175.9959,plane,2635,19,0.13813,0.04302,0.014206,0.16939,0.07152,66.53,-0.02966,0.01276
1779372176.1078,plane,2636,9,0.49531,0.50362,0.032815,0.15580,0.14917,82.10,-0.00000,-0.00079
1779372176.1078,plane,2636,18,0.96540,0.15509,0.018102,0.13663,0.07112,152.24,-0.00358,-0.00922
1779372176.1078,plane,2636,19,0.13904,0.04195,0.013887,0.12336,0.06102,63.15,0.00810,-0.00952
1779372176.2036,plane,2637,9,0.49533,0.50362,0.032830,0.15584,0.14920,82.21,0.00013,0.00001
1779372176.2036,plane,2637,18,0.96372,0.15292,0.018963,0.13502,0.07062,152.04,-0.01747,-0.02256
1779372176.2036,plane,2637,19,0.13581,0.04496,0.014657,0.16070,0.07074,65.69,-0.03376,0.03146
1779372176.2983,plane,2638,9,0.49532,0.50361,0.032828,0.15585,0.14917,81.98,-0.00006,-0.00009
1779372176.2983,plane,2638,18,0.96508,0.15482,0.018399,0.13802,0.06787,153.25,0.01431,0.02002
1779372176.2983,plane,2638,19,0.13725,0.04318,0.014281,0.16796,0.07500,65.37,0.01527,-0.01882
1779372176.3961,plane,2639,9,0.49532,0.50361,0.032832,0.15586,0.14918,82.20,-0.00004,-0.00005
1779372176.3961,plane,2639,18,0.96389,0.15307,0.018806,0.13358,0.06986,152.06,-0.01214,-0.01791
1779372176.3961,plane,2639,19,0.13488,0.04460,0.014711,0.15847,0.06957,65.83,-0.02437,0.01452
1779372176.5080,plane,2640,9,0.49532,0.50359,0.032827,0.15585,0.14916,82.20,0.00004,-0.00009
1779372176.5080,plane,2640,18,0.96380,0.15308,0.019028,0.13379,0.06771,152.76,-0.00082,0.00010
1779372176.5080,plane,2640,19,0.13578,0.04467,0.014672,0.15236,0.06865,65.27,0.00807,0.00063
1779372176.6048,plane,2641,9,0.49530,0.50364,0.032813,0.15581,0.14916,82.28,-0.00019,0.00049
1779372176.6048,plane,2641,18,0.96510,0.15484,0.018443,0.12458,0.05844,154.47,0.01350,0.01830
1779372176.6048,plane,2641,19,0.13731,0.04346,0.014370,0.15678,0.06961,65.39,0.01590,-0.01254
1779372176.7009,plane,2642,9,0.49530,0.50361,0.032827,0.15582,0.14917,82.33,-0.00003,-0.00036
1779372176.7009,plane,2642,18,0.96587,0.15607,0.018156,0.12697,0.06139,153.90,0.00796,0.01265
1779372176.7009,plane,2642,19,0.13803,0.04259,0.014130,0.17750,0.07377,66.67,0.00746,-0.00905
1779372176.7958,plane,2643,9,0.49531,0.50362,0.032825,0.15581,0.14918,82.29,0.00013,0.00017
1779372176.7958,plane,2643,18,0.96427,0.15391,0.018955,0.14869,0.07537,152.60,-0.01687,-0.02272
1779372176.7958,plane,2643,19,0.13452,0.04475,0.014840,0.14714,0.06734,64.89,-0.03694,0.02279
1779372176.9078,plane,2644,9,0.49532,0.50365,0.032820,0.15585,0.14916,82.02,0.00005,0.00024
1779372176.9078,plane,2644,18,0.96375,0.15313,0.019045,0.14976,0.08258,150.69,-0.00467,-0.00701
1779372176.9078,plane,2644,19,0.13458,0.04462,0.014698,0.16081,0.07138,65.48,0.00046,-0.00111
1779372177.0044,plane,2645,9,0.49531,0.50363,0.032820,0.15583,0.14917,81.91,-0.00006,-0.00025
1779372177.0044,plane,2645,18,0.96524,0.15519,0.018329,0.15611,0.08774,150.41,0.01543,0.02130
1779372177.0044,plane,2645,19,0.13921,0.04228,0.013945,0.17166,0.07521,65.80,0.04791,-0.02425
1779372177.0992,plane,2646,9,0.49533,0.50365,0.032832,0.15584,0.14921,82.21,0.00015,0.00027
1779372177.0992,plane,2646,18,0.96453,0.15417,0.018690,0.14806,0.07605,152.22,-0.00740,-0.01064
1779372177.0992,plane,2646,19,0.13467,0.04488,0.014594,0.15131,0.07064,64.45,-0.04773,0.02733
1779372177.1955,plane,2647,9,0.49531,0.50361,0.032828,0.15583,0.14918,81.98,-0.00012,-0.00042
1779372177.1955,plane,2647,18,0.96473,0.15425,0.018361,0.14545,0.07991,150.85,0.00206,0.00076
1779372177.1955,plane,2647,19,0.13585,0.04328,0.014192,0.15004,0.06807,65.12,0.01223,-0.01659
1779372177.3082,plane,2648,9,0.49532,0.50364,0.032825,0.15586,0.14916,81.97,0.00003,0.00027
1779372177.3082,plane,2648,18,0.96593,0.15596,0.017802,0.13978,0.07684,150.84,0.01064,0.01519
1779372177.3082,plane,2648,19,0.13682,0.04258,0.014050,0.16619,0.07453,65.18,0.00868,-0.00626
1779372177.4036,plane,2649,9,0.49531,0.50360,0.032820,0.15581,0.14917,82.17,-0.00006,-0.00039
1779372177.4036,plane,2649,18,0.96593,0.15581,0.017807,0.13091,0.06607,152.83,-0.00002,-0.00152
1779372177.4036,plane,2649,19,0.13565,0.04248,0.013953,0.15616,0.07432,64.15,-0.01229,-0.00101
1779372177.5000,plane,2650,9,0.49531,0.50363,0.032820,0.15584,0.14917,81.97,0.00002,0.00029
1779372177.5000,plane,2650,18,0.96501,0.15455,0.018485,0.12733,0.06052,154.06,-0.00952,-0.01308
1779372177.5000,plane,2650,19,0.13577,0.04365,0.014282,0.16063,0.07143,65.43,0.00126,0.01207
1779372177.5963,plane,2651,9,0.49530,0.50361,0.032830,0.15585,0.14918,82.02,-0.00014,-0.00019
1779372177.5963,plane,2651,18,0.96343,0.15226,0.019114,0.14393,0.07596,151.71,-0.01637,-0.02381
1779372177.5963,plane,2651,19,0.13105,0.04612,0.014794,0.14780,0.06510,65.73,-0.04895,0.02571
1779372177.7079,plane,2652,9,0.49532,0.50360,0.032830,0.15586,0.14921,81.65,0.00017,-0.00013
1779372177.7079,plane,2652,18,0.96510,0.15450,0.018366,0.13485,0.06402,154.15,0.01499,0.02017
1779372177.7079,plane,2652,19,0.13434,0.04403,0.014287,0.17167,0.07315,66.28,0.02950,-0.01880
1779372177.8038,plane,2653,9,0.49532,0.50358,0.032830,0.15584,0.14920,81.71,-0.00002,-0.00020
1779372177.8038,plane,2653,18,0.96457,0.15371,0.018392,0.14222,0.07735,151.28,-0.00553,-0.00821
1779372177.8038,plane,2653,19,0.13481,0.04310,0.014175,0.15802,0.07185,65.06,0.00491,-0.00970
1779372177.9004,plane,2654,9,0.49531,0.50357,0.032834,0.15586,0.14920,81.96,-0.00004,-0.00007
1779372177.9004,plane,2654,18,0.96351,0.15291,0.019333,0.14263,0.07433,152.01,-0.01094,-0.00836
1779372177.9004,plane,2654,19,0.13135,0.04631,0.014979,0.15074,0.06774,65.16,-0.03575,0.03325
1779372177.9962,plane,2655,9,0.49531,0.50357,0.032828,0.15584,0.14919,81.92,-0.00008,-0.00006
1779372177.9962,plane,2655,18,0.96420,0.15337,0.018833,0.13655,0.07008,152.52,0.00717,0.00490
1779372177.9962,plane,2655,19,0.13454,0.04346,0.014408,0.17002,0.07243,66.33,0.03330,-0.02983
1779372178.1082,plane,2656,9,0.49530,0.50357,0.032835,0.15584,0.14921,81.87,-0.00005,-0.00000
1779372178.1082,plane,2656,18,0.96489,0.15436,0.018431,0.12596,0.06220,153.20,0.00621,0.00879
1779372178.1082,plane,2656,19,0.13298,0.04375,0.014411,0.16292,0.07236,65.58,-0.01400,0.00262
1779372178.2049,plane,2657,9,0.49531,0.50357,0.032832,0.15586,0.14919,82.14,0.00012,0.00003
1779372178.2049,plane,2657,18,0.96433,0.15356,0.018726,0.12316,0.05827,154.30,-0.00583,-0.00818
1779372178.2049,plane,2657,19,0.13182,0.04482,0.014584,0.15161,0.07029,64.57,-0.01188,0.01105
1779372178.3004,plane,2658,9,0.49530,0.50355,0.032830,0.15584,0.14919,82.07,-0.00008,-0.00023
1779372178.3004,plane,2658,18,0.96538,0.15474,0.018163,0.11717,0.05564,154.17,0.01103,0.01232
1779372178.3004,plane,2658,19,0.13353,0.04373,0.014189,0.15133,0.06856,65.05,0.01783,-0.01144
1779372178.3967,plane,2659,9,0.49531,0.50354,0.032825,0.15584,0.14916,82.34,0.00009,-0.00013
1779372178.3967,plane,2659,18,0.96469,0.15411,0.018519,0.11886,0.05803,153.65,-0.00724,-0.00663
1779372178.3967,plane,2659,19,0.13269,0.04419,0.014409,0.14945,0.06798,65.13,-0.00881,0.00481
1779372178.5088,plane,2660,9,0.49531,0.50356,0.032820,0.15581,0.14918,82.02,-0.00001,0.00019
1779372178.5088,plane,2660,18,0.96420,0.15296,0.018606,0.11748,0.05542,154.36,-0.00436,-0.01014
1779372178.5088,plane,2660,19,0.13321,0.04378,0.014533,0.16772,0.07064,66.60,0.00463,-0.00360
1779372178.6038,plane,2661,9,0.49530,0.50357,0.032825,0.15583,0.14918,81.99,-0.00012,0.00018
1779372178.6038,plane,2661,18,0.96595,0.15580,0.017961,0.11881,0.05515,154.65,0.01841,0.02993
1779372178.6038,plane,2661,19,0.13468,0.04370,0.014119,0.17869,0.07528,66.56,0.01544,-0.00077
1779372178.7011,plane,2662,9,0.49530,0.50359,0.032820,0.15580,0.14916,82.27,0.00003,0.00017
1779372178.7011,plane,2662,18,0.96480,0.15404,0.018256,0.14551,0.08170,150.51,-0.01189,-0.01831
1779372178.7011,plane,2662,19,0.13414,0.04357,0.014114,0.17192,0.07494,65.85,-0.00557,-0.00140
1779372178.7967,plane,2663,9,0.49530,0.50359,0.032827,0.15585,0.14916,82.18,0.00002,0.00001
1779372178.7967,plane,2663,18,0.96473,0.15378,0.018470,0.13058,0.06311,153.86,-0.00078,-0.00265
1779372178.7967,plane,2663,19,0.13397,0.04399,0.014453,0.17241,0.07378,66.06,-0.00178,0.00434
1779372178.9068,plane,2664,9,0.49530,0.50360,0.032828,0.15585,0.14918,82.23,-0.00001,0.00003
1779372178.9068,plane,2664,18,0.96486,0.15439,0.018531,0.13160,0.06604,152.95,0.00125,0.00554
1779372178.9068,plane,2664,19,0.13055,0.04519,0.014776,0.15549,0.06906,65.51,-0.03104,0.01093
1779372179.0031,plane,2665,9,0.49532,0.50358,0.032835,0.15586,0.14920,81.83,0.00015,-0.00014
1779372179.0031,plane,2665,18,0.96486,0.15413,0.018358,0.16138,0.08952,150.75,-0.00005,-0.00273
1779372179.0031,plane,2665,19,0.13317,0.04377,0.014284,0.16265,0.07201,65.52,0.02742,-0.01483
1779372179.1006,plane,2666,9,0.49531,0.50357,0.032834,0.15585,0.14920,81.98,-0.00013,-0.00015
1779372179.1006,plane,2666,18,0.96646,0.15648,0.017787,0.14697,0.07265,153.15,0.01633,0.02395
1779372179.1006,plane,2666,19,0.13289,0.04358,0.014097,0.16074,0.07272,65.19,-0.00286,-0.00199
1779372179.1962,plane,2667,9,0.49532,0.50355,0.032834,0.15587,0.14918,82.13,0.00015,-0.00019
1779372179.1962,plane,2667,18,0.96563,0.15537,0.018168,0.12016,0.05706,154.25,-0.00876,-0.01167
1779372179.1962,plane,2667,19,0.13335,0.04384,0.014097,0.15173,0.07018,64.70,0.00480,0.00272
1779372179.3085,plane,2668,9,0.49530,0.50358,0.032835,0.15585,0.14920,81.78,-0.00019,0.00026
1779372179.3085,plane,2668,18,0.96464,0.15376,0.018533,0.12077,0.05836,153.93,-0.00881,-0.01439
1779372179.3085,plane,2668,19,0.13209,0.04462,0.014272,0.16555,0.07234,65.77,-0.01135,0.00699
1779372179.4049,plane,2669,9,0.49531,0.50357,0.032837,0.15586,0.14920,81.81,0.00012,-0.00007
1779372179.4049,plane,2669,18,0.96469,0.15413,0.018656,0.13041,0.06518,153.00,0.00050,0.00376
1779372179.4049,plane,2669,19,0.13119,0.04458,0.014521,0.16028,0.06992,65.83,-0.00922,-0.00039
1779372179.5004,plane,2670,9,0.49530,0.50356,0.032835,0.15585,0.14920,81.71,-0.00009,-0.00006
1779372179.5004,plane,2670,18,0.96560,0.15536,0.018090,0.12703,0.06257,153.46,0.00945,0.01288
1779372179.5004,plane,2670,19,0.13098,0.04529,0.014492,0.15513,0.06807,65.80,-0.00222,0.00740
1779372179.5973,plane,2671,9,0.49531,0.50356,0.032835,0.15585,0.14920,81.97,0.00004,-0.00005
1779372179.5973,plane,2671,18,0.96471,0.15429,0.018745,0.12723,0.06078,154.14,-0.00923,-0.01118
1779372179.5973,plane,2671,19,0.13072,0.04529,0.014881,0.15067,0.06681,65.54,-0.00271,-0.00002
1779372179.7093,plane,2672,9,0.49531,0.50356,0.032830,0.15586,0.14917,82.03,0.00008,-0.00001
1779372179.7093,plane,2672,18,0.96377,0.15288,0.019018,0.14532,0.08037,150.80,-0.00835,-0.01249
1779372179.7093,plane,2672,19,0.13059,0.04571,0.014815,0.14960,0.06478,66.04,-0.00121,0.00372
1779372179.8033,plane,2673,9,0.49531,0.50355,0.032835,0.15586,0.14919,81.94,-0.00000,-0.00008
1779372179.8033,plane,2673,18,0.96430,0.15378,0.019055,0.14298,0.06737,154.33,0.00565,0.00949
1779372179.8033,plane,2673,19,0.13061,0.04560,0.014855,0.14884,0.07080,64.09,0.00030,-0.00110
1779372179.9010,plane,2674,9,0.49532,0.50356,0.032844,0.15588,0.14921,81.87,0.00001,0.00006
1779372179.9010,plane,2674,18,0.96502,0.15446,0.018436,0.13194,0.06498,153.37,0.00742,0.00700
1779372179.9010,plane,2674,19,0.12970,0.04585,0.014591,0.15364,0.06860,65.38,-0.00944,0.00257
1779372179.9962,plane,2675,9,0.49532,0.50353,0.032837,0.15586,0.14919,82.07,0.00002,-0.00025
1779372179.9962,plane,2675,18,0.96316,0.15187,0.019216,0.14414,0.07595,151.68,-0.01941,-0.02697
1779372179.9962,plane,2675,19,0.13017,0.04573,0.014932,0.14981,0.06590,65.83,0.00488,-0.00122
1779372180.1083,plane,2676,9,0.49531,0.50357,0.032828,0.15584,0.14918,82.00,-0.00011,0.00029
1779372180.1083,plane,2676,18,0.96553,0.15492,0.018019,0.14503,0.08081,150.71,0.02116,0.02727
1779372180.1083,plane,2676,19,0.13372,0.04340,0.014084,0.14877,0.06950,64.58,0.03171,-0.02079
1779372180.2045,plane,2677,9,0.49532,0.50355,0.032835,0.15587,0.14920,82.05,0.00012,-0.00019
1779372180.2045,plane,2677,18,0.96545,0.15500,0.018083,0.13584,0.07180,151.85,-0.00089,0.00075
1779372180.2045,plane,2677,19,0.13269,0.04325,0.014279,0.15170,0.06838,65.28,-0.01085,-0.00164
1779372180.3006,plane,2678,9,0.49531,0.50356,0.032837,0.15585,0.14921,81.78,-0.00010,0.00017
1779372180.3006,plane,2678,18,0.96502,0.15441,0.018461,0.15299,0.08450,150.69,-0.00446,-0.00604
1779372180.3006,plane,2678,19,0.13094,0.04461,0.014621,0.15952,0.07111,65.41,-0.01802,0.01404
1779372180.3958,plane,2679,9,0.49531,0.50355,0.032830,0.15584,0.14920,81.98,0.00000,-0.00011
1779372180.3958,plane,2679,18,0.96450,0.15381,0.018643,0.13997,0.07107,152.65,-0.00547,-0.00630
1779372180.3958,plane,2679,19,0.13125,0.04476,0.014506,0.14241,0.06655,64.57,0.00323,0.00162
1779372180.5086,plane,2680,9,0.49531,0.50356,0.032837,0.15586,0.14920,82.03,0.00003,0.00007
1779372180.5086,plane,2680,18,0.96419,0.15360,0.019075,0.13052,0.06066,154.52,-0.00275,-0.00193
1779372180.5086,plane,2680,19,0.12950,0.04641,0.014913,0.14858,0.06912,64.41,-0.01570,0.01479
1779372180.6043,plane,2681,9,0.49531,0.50357,0.032835,0.15585,0.14921,81.79,-0.00003,0.00007
1779372180.6043,plane,2681,18,0.96327,0.15231,0.019360,0.14891,0.07916,151.56,-0.00946,-0.01324
1779372180.6043,plane,2681,19,0.12748,0.04761,0.015206,0.13223,0.06772,62.52,-0.02074,0.01236
1779372180.6996,plane,2682,9,0.49531,0.50356,0.032837,0.15586,0.14920,81.81,0.00008,-0.00011
1779372180.6996,plane,2682,18,0.96436,0.15345,0.018797,0.12508,0.05844,154.64,0.01142,0.01190
1779372180.6996,plane,2682,19,0.13093,0.04486,0.014565,0.14179,0.06814,63.87,0.03610,-0.02886
1779372180.7960,plane,2683,9,0.49531,0.50357,0.032834,0.15586,0.14918,81.92,-0.00003,0.00013
1779372180.7960,plane,2683,18,0.96534,0.15478,0.018278,0.13254,0.06311,154.13,0.01026,0.01390
1779372180.7960,plane,2683,19,0.13276,0.04392,0.014240,0.15891,0.07099,65.29,0.01918,-0.00981
1779372180.9068,plane,2684,9,0.49532,0.50356,0.032818,0.15584,0.14916,81.98,0.00010,-0.00012
1779372180.9068,plane,2684,18,0.96569,0.15538,0.018268,0.13445,0.06360,153.98,0.00311,0.00538
1779372180.9068,plane,2684,19,0.13194,0.04441,0.014374,0.16487,0.07300,65.44,-0.00735,0.00434
1779372181.0028,plane,2685,9,0.49531,0.50357,0.032828,0.15584,0.14919,81.83,-0.00015,0.00011
1779372181.0028,plane,2685,18,0.96601,0.15560,0.017856,0.13083,0.06520,153.00,0.00330,0.00235
1779372181.0028,plane,2685,19,0.13343,0.04325,0.014118,0.17130,0.07429,65.98,0.01550,-0.01203
1779372181.1009,plane,2686,9,0.49532,0.50352,0.032827,0.15585,0.14914,82.43,0.00011,-0.00048
1779372181.1009,plane,2686,18,0.96382,0.15236,0.018695,0.13048,0.06840,152.02,-0.02246,-0.03340
1779372181.1009,plane,2686,19,0.13162,0.04504,0.014423,0.15558,0.06821,65.71,-0.01856,0.01843
1779372181.1956,plane,2687,9,0.49532,0.50357,0.032834,0.15587,0.14918,82.08,-0.00002,0.00048
1779372181.1956,plane,2687,18,0.96409,0.15287,0.018879,0.12098,0.05514,155.16,0.00278,0.00538
1779372181.1956,plane,2687,19,0.13105,0.04522,0.014606,0.15828,0.06915,65.84,-0.00605,0.00188
1779372181.3036,plane,2688,9,0.49531,0.50358,0.032835,0.15587,0.14920,81.89,-0.00008,0.00012
1779372181.3036,plane,2688,18,0.96429,0.15319,0.018621,0.13024,0.06578,152.57,0.00181,0.00290
1779372181.3036,plane,2688,19,0.13115,0.04509,0.014560,0.15429,0.07205,64.42,0.00095,-0.00123
1779372181.4040,plane,2689,9,0.49532,0.50357,0.032823,0.15583,0.14918,81.88,0.00007,-0.00009
1779372181.4040,plane,2689,18,0.96534,0.15477,0.018287,0.12395,0.05949,154.03,0.01058,0.01586
1779372181.4040,plane,2689,19,0.13253,0.04424,0.014230,0.15969,0.07068,65.56,0.01383,-0.00851
1779372181.5001,plane,2690,9,0.49532,0.50353,0.032823,0.15583,0.14915,82.36,0.00004,-0.00043
1779372181.5001,plane,2690,18,0.96548,0.15482,0.018110,0.13625,0.06749,153.24,0.00140,0.00054
1779372181.5001,plane,2690,19,0.13304,0.04366,0.014136,0.16250,0.07268,65.30,0.00528,-0.00598
1779372181.5961,plane,2691,9,0.49530,0.50353,0.032825,0.15583,0.14917,82.02,-0.00023,0.00003
1779372181.5961,plane,2691,18,0.96533,0.15476,0.018222,0.12477,0.06016,153.94,-0.00155,-0.00066
1779372181.5961,plane,2691,19,0.13209,0.04447,0.014394,0.14811,0.06833,64.82,-0.00994,0.00844
1779372181.7084,plane,2692,9,0.49531,0.50356,0.032834,0.15586,0.14918,81.94,0.00012,0.00022
1779372181.7084,plane,2692,18,0.96530,0.15497,0.018534,0.12704,0.05897,154.61,-0.00022,0.00193
1779372181.7084,plane,2692,19,0.13013,0.04517,0.014479,0.13998,0.06447,64.86,-0.01749,0.00630
1779372181.8039,plane,2693,9,0.49531,0.50355,0.032828,0.15584,0.14919,81.94,0.00001,-0.00008
1779372181.8039,plane,2693,18,0.96413,0.15290,0.018746,0.13362,0.06432,153.60,-0.01214,-0.02151
1779372181.8039,plane,2693,19,0.13001,0.04507,0.014601,0.14076,0.06563,64.54,-0.00132,-0.00101
1779372181.9002,plane,2694,9,0.49532,0.50354,0.032822,0.15584,0.14916,82.03,0.00002,-0.00006
1779372181.9002,plane,2694,18,0.96549,0.15459,0.018077,0.12911,0.06203,153.71,0.01406,0.01751
1779372181.9002,plane,2694,19,0.13183,0.04396,0.014187,0.14933,0.07293,63.55,0.01894,-0.01157
1779372181.9966,plane,2695,9,0.49531,0.50353,0.032820,0.15583,0.14916,82.01,-0.00010,-0.00011
1779372181.9966,plane,2695,18,0.96584,0.15505,0.017953,0.13447,0.06425,153.95,0.00366,0.00482
1779372181.9966,plane,2695,19,0.13211,0.04385,0.014187,0.14590,0.06788,64.63,0.00292,-0.00118
1779372182.1094,plane,2696,9,0.49532,0.50352,0.032818,0.15579,0.14917,81.96,0.00012,-0.00009
1779372182.1094,plane,2696,18,0.96643,0.15600,0.017580,0.13248,0.06546,153.25,0.00524,0.00836
1779372182.1094,plane,2696,19,0.13481,0.04250,0.013757,0.15213,0.06989,64.91,0.02376,-0.01182
1779372182.2039,plane,2697,9,0.49532,0.50352,0.032813,0.15581,0.14913,82.25,-0.00005,-0.00008
1779372182.2039,plane,2697,18,0.96672,0.15613,0.017349,0.12037,0.05692,154.12,0.00303,0.00134
1779372182.2039,plane,2697,19,0.13643,0.04101,0.013292,0.11903,0.06492,61.14,0.01711,-0.01577
1779372182.2999,plane,2698,9,0.49530,0.50353,0.032825,0.15582,0.14920,81.74,-0.00014,0.00012
1779372182.2999,plane,2698,18,0.96551,0.15504,0.018378,0.13927,0.06580,154.33,-0.01275,-0.01140
1779372182.2999,plane,2698,19,0.13149,0.04426,0.014381,0.14869,0.06784,65.05,-0.05189,0.03412
1779372182.3956,plane,2699,9,0.49532,0.50351,0.032818,0.15582,0.14914,82.14,0.00019,-0.00013
1779372182.3956,plane,2699,18,0.96548,0.15457,0.018173,0.14625,0.07432,152.35,-0.00030,-0.00489
1779372182.3956,plane,2699,19,0.13232,0.04329,0.014043,0.14620,0.07149,63.67,0.00859,-0.00999
1779372182.5081,plane,2700,9,0.49531,0.50354,0.032817,0.15581,0.14916,81.91,-0.00006,0.00022
1779372182.5081,plane,2700,18,0.96591,0.15547,0.017966,0.14833,0.07652,152.33,0.00384,0.00797
1779372182.5081,plane,2700,19,0.13213,0.04350,0.014048,0.11624,0.05989,62.26,-0.00170,0.00181
1779372182.6051,plane,2701,9,0.49532,0.50353,0.032815,0.15581,0.14915,81.87,0.00002,-0.00012
1779372182.6051,plane,2701,18,0.96548,0.15472,0.017990,0.13730,0.06984,152.47,-0.00449,-0.00778
1779372182.6051,plane,2701,19,0.13206,0.04356,0.014091,0.14452,0.07081,63.57,-0.00072,0.00067
1779372182.6996,plane,2702,9,0.49531,0.50356,0.032827,0.15583,0.14919,81.98,-0.00010,0.00032
1779372182.6996,plane,2702,18,0.96488,0.15381,0.018378,0.13802,0.06971,152.62,-0.00631,-0.00957
1779372182.6996,plane,2702,19,0.12905,0.04581,0.014618,0.13859,0.06321,64.99,-0.03150,0.02346
1779372182.7953,plane,2703,9,0.49530,0.50352,0.032825,0.15583,0.14919,81.80,-0.00002,-0.00038
1779372182.7953,plane,2703,18,0.96508,0.15393,0.018295,0.13040,0.06475,153.07,0.00210,0.00128
1779372182.7953,plane,2703,19,0.13116,0.04376,0.014221,0.14285,0.06947,63.81,0.02206,-0.02144
1779372182.9094,plane,2704,9,0.49531,0.50353,0.032823,0.15583,0.14915,82.20,0.00009,0.00006
1779372182.9094,plane,2704,18,0.96494,0.15411,0.018606,0.12666,0.05991,154.05,-0.00117,0.00158
1779372182.9094,plane,2704,19,0.12948,0.04506,0.014621,0.13762,0.06895,63.11,-0.01481,0.01150
1779372183.0048,plane,2705,9,0.49532,0.50353,0.032825,0.15583,0.14916,82.27,0.00003,-0.00003
1779372183.0048,plane,2705,18,0.96603,0.15549,0.017860,0.13486,0.06769,152.85,0.01124,0.01439
1779372183.0048,plane,2705,19,0.13047,0.04446,0.014382,0.15041,0.07635,62.68,0.01025,-0.00617
1779372183.1004,plane,2706,9,0.49530,0.50357,0.032847,0.15590,0.14921,81.76,-0.00013,0.00046
1779372183.1004,plane,2706,18,0.96296,0.15152,0.019406,0.14803,0.07674,152.23,-0.03209,-0.04149
1779372183.1004,plane,2706,19,0.12669,0.04715,0.015149,0.13954,0.07047,62.75,-0.03949,0.02810
1779372183.1955,plane,2707,9,0.49532,0.50354,0.032835,0.15588,0.14916,82.32,0.00020,-0.00032
1779372183.1955,plane,2707,18,0.96525,0.15474,0.018411,0.13880,0.06728,153.66,0.02433,0.03413
1779372183.1955,plane,2707,19,0.13048,0.04529,0.014655,0.16669,0.07047,66.30,0.04019,-0.01975
1779372183.3081,plane,2708,9,0.49531,0.50356,0.032828,0.15585,0.14918,81.87,-0.00010,0.00014
1779372183.3081,plane,2708,18,0.96471,0.15385,0.018684,0.13927,0.06844,153.19,-0.00473,-0.00787
1779372183.3081,plane,2708,19,0.13054,0.04484,0.014650,0.15027,0.06861,64.87,0.00049,-0.00397
1779372183.4038,plane,2709,9,0.49530,0.50356,0.032828,0.15582,0.14919,81.72,-0.00015,0.00000
1779372183.4038,plane,2709,18,0.96487,0.15389,0.018226,0.13574,0.06859,152.74,0.00161,0.00039
1779372183.4038,plane,2709,19,0.13098,0.04419,0.014245,0.15361,0.07299,64.15,0.00457,-0.00673
1779372183.5014,plane,2710,9,0.49530,0.50353,0.032832,0.15583,0.14920,81.87,0.00006,-0.00024
1779372183.5014,plane,2710,18,0.96593,0.15522,0.017890,0.12992,0.06225,153.75,0.01102,0.01381
1779372183.5014,plane,2710,19,0.13196,0.04345,0.014072,0.14053,0.07124,62.89,0.01015,-0.00766
1779372183.5937,plane,2711,9,0.49531,0.50352,0.032825,0.15583,0.14918,81.95,0.00006,-0.00010
1779372183.5937,plane,2711,18,0.96535,0.15446,0.018156,0.12067,0.05705,154.10,-0.00622,-0.00817
1779372183.5937,plane,2711,19,0.13148,0.04413,0.014191,0.14917,0.06899,64.67,-0.00511,0.00727
1779372183.7086,plane,2712,9,0.49531,0.50354,0.032827,0.15584,0.14917,81.92,-0.00002,0.00017
1779372183.7086,plane,2712,18,0.96446,0.15373,0.018770,0.13464,0.06442,153.93,-0.00778,-0.00632
1779372183.7086,plane,2712,19,0.13009,0.04550,0.014645,0.16103,0.07095,65.67,-0.01214,0.01190
1779372183.8044,plane,2713,9,0.49532,0.50354,0.032828,0.15585,0.14919,81.68,0.00012,-0.00006
1779372183.8044,plane,2713,18,0.96398,0.15261,0.018845,0.12749,0.06213,153.46,-0.00508,-0.01188
1779372183.8044,plane,2713,19,0.13001,0.04508,0.014737,0.15549,0.06740,65.92,-0.00081,-0.00442
1779372183.9003,plane,2714,9,0.49532,0.50358,0.032825,0.15584,0.14918,81.96,-0.00002,0.00047
1779372183.9003,plane,2714,18,0.96567,0.15482,0.017980,0.12856,0.06443,152.85,0.01751,0.02286
1779372183.9003,plane,2714,19,0.13191,0.04418,0.014408,0.15517,0.07021,65.20,0.01964,-0.00928
1779372183.9958,plane,2715,9,0.49532,0.50355,0.032842,0.15588,0.14921,81.77,0.00007,-0.00037
1779372183.9958,plane,2715,18,0.96437,0.15326,0.018741,0.13980,0.07218,152.18,-0.01369,-0.01630
1779372183.9958,plane,2715,19,0.13061,0.04453,0.014494,0.13855,0.06609,64.16,-0.01367,0.00367
1779372184.1092,plane,2716,9,0.49532,0.50354,0.032839,0.15587,0.14921,81.83,-0.00008,-0.00008
1779372184.1092,plane,2716,18,0.96487,0.15438,0.018699,0.13236,0.06443,153.59,0.00447,0.00992
1779372184.1092,plane,2716,19,0.12885,0.04616,0.014977,0.15074,0.06628,65.70,-0.01554,0.01445
1779372184.2050,plane,2717,9,0.49531,0.50355,0.032822,0.15582,0.14918,81.92,-0.00008,0.00017
1779372184.2050,plane,2717,18,0.96506,0.15396,0.018339,0.12646,0.06056,153.85,0.00201,-0.00440
1779372184.2050,plane,2717,19,0.13209,0.04398,0.014343,0.14484,0.06572,65.18,0.03354,-0.02258
1779372184.2999,plane,2718,9,0.49531,0.50355,0.032825,0.15583,0.14918,81.92,-0.00000,-0.00004
1779372184.2999,plane,2718,18,0.96531,0.15430,0.018209,0.13833,0.06880,153.06,0.00261,0.00364
1779372184.2999,plane,2718,19,0.13075,0.04427,0.014369,0.15698,0.07606,63.79,-0.01420,0.00302
1779372184.3968,plane,2719,9,0.49531,0.50356,0.032834,0.15585,0.14922,81.69,0.00004,0.00006
1779372184.3968,plane,2719,18,0.96551,0.15449,0.018016,0.12426,0.06127,153.20,0.00203,0.00197
1779372184.3968,plane,2719,19,0.13123,0.04427,0.014258,0.14320,0.07000,63.64,0.00496,0.00001
1779372184.5088,plane,2720,9,0.49531,0.50354,0.032823,0.15582,0.14915,82.36,-0.00004,-0.00011
1779372184.5088,plane,2720,18,0.96585,0.15548,0.018222,0.13976,0.06833,153.33,0.00304,0.00877
1779372184.5088,plane,2720,19,0.13031,0.04482,0.014647,0.16007,0.06921,66.08,-0.00813,0.00490
1779372184.6035,plane,2721,9,0.49530,0.50355,0.032830,0.15583,0.14919,81.96,-0.00008,0.00008
1779372184.6035,plane,2721,18,0.96535,0.15475,0.018541,0.13472,0.06479,153.85,-0.00523,-0.00776
1779372184.6035,plane,2721,19,0.13002,0.04506,0.014530,0.14711,0.07013,64.08,-0.00301,0.00257
1779372184.7011,plane,2722,9,0.49531,0.50358,0.032825,0.15583,0.14920,81.69,0.00014,0.00027
1779372184.7011,plane,2722,18,0.96507,0.15373,0.018170,0.12804,0.06203,153.69,-0.00294,-0.01049
1779372184.7011,plane,2722,19,0.13032,0.04469,0.014504,0.14566,0.06933,63.92,0.00301,-0.00390
1779372184.7964,plane,2723,9,0.49531,0.50355,0.032835,0.15585,0.14919,82.03,-0.00006,-0.00034
1779372184.7964,plane,2723,18,0.96490,0.15396,0.018400,0.11912,0.05593,154.41,-0.00174,0.00233
1779372184.7964,plane,2723,19,0.13051,0.04523,0.014564,0.15269,0.06914,65.08,0.00202,0.00566
1779372184.9078,plane,2724,9,0.49531,0.50351,0.032823,0.15582,0.14916,82.12,0.00003,-0.00027
1779372184.9078,plane,2724,18,0.96455,0.15334,0.018614,0.13087,0.06373,153.43,-0.00320,-0.00549
1779372184.9078,plane,2724,19,0.12972,0.04464,0.014643,0.14106,0.06703,64.23,-0.00704,-0.00532
1779372185.0047,plane,2725,9,0.49531,0.50355,0.032837,0.15584,0.14923,81.73,0.00003,0.00037
1779372185.0047,plane,2725,18,0.96392,0.15318,0.019213,0.15977,0.08772,150.51,-0.00653,-0.00173
1779372185.0047,plane,2725,19,0.12865,0.04628,0.014964,0.14268,0.06852,63.96,-0.01117,0.01712
1779372185.1009,plane,2726,9,0.49531,0.50355,0.032834,0.15586,0.14921,81.87,-0.00001,-0.00002
1779372185.1009,plane,2726,18,0.96502,0.15424,0.018417,0.12931,0.06362,153.52,0.01128,0.01089
1779372185.1009,plane,2726,19,0.12866,0.04563,0.014732,0.14015,0.06442,64.80,0.00005,-0.00663
1779372185.1956,plane,2727,9,0.49532,0.50354,0.032834,0.15584,0.14921,81.85,0.00004,-0.00007
1779372185.1956,plane,2727,18,0.96513,0.15426,0.018219,0.13736,0.07029,152.23,0.00116,0.00028
1779372185.1956,plane,2727,19,0.13100,0.04415,0.014316,0.14445,0.06780,64.52,0.02477,-0.01571
1779372185.3086,plane,2728,9,0.49531,0.50357,0.032832,0.15584,0.14919,81.75,-0.00003,0.00030
1779372185.3086,plane,2728,18,0.96521,0.15421,0.018129,0.13023,0.06527,152.80,0.00076,-0.00047
1779372185.3086,plane,2728,19,0.13139,0.04386,0.014321,0.15124,0.07044,64.63,0.00346,-0.00255
1779372185.4048,plane,2729,9,0.49531,0.50352,0.032828,0.15583,0.14918,81.95,-0.00001,-0.00055
1779372185.4048,plane,2729,18,0.96539,0.15464,0.018287,0.13503,0.06776,152.88,0.00185,0.00442
1779372185.4048,plane,2729,19,0.12958,0.04485,0.014579,0.14339,0.06807,64.17,-0.01864,0.01022
1779372185.5000,plane,2730,9,0.49531,0.50356,0.032834,0.15583,0.14921,81.72,-0.00001,0.00038
1779372185.5000,plane,2730,18,0.96415,0.15255,0.018619,0.12423,0.05904,154.04,-0.01305,-0.02192
1779372185.5000,plane,2730,19,0.12968,0.04493,0.014594,0.14787,0.07233,63.64,0.00106,0.00077
1779372185.5966,plane,2731,9,0.49530,0.50355,0.032830,0.15584,0.14919,82.09,-0.00005,-0.00009
1779372185.5966,plane,2731,18,0.96558,0.15481,0.018071,0.13117,0.06448,153.35,0.01497,0.02358
1779372185.5966,plane,2731,19,0.13063,0.04441,0.014221,0.15691,0.07168,65.02,0.00987,-0.00540
1779372185.7090,plane,2732,9,0.49530,0.50357,0.032840,0.15587,0.14920,81.88,-0.00000,0.00018
1779372185.7090,plane,2732,18,0.96463,0.15359,0.018617,0.13451,0.06573,153.43,-0.00839,-0.01078
1779372185.7090,plane,2732,19,0.12885,0.04587,0.014677,0.14503,0.06861,64.09,-0.01573,0.01288
1779372185.8039,plane,2733,9,0.49531,0.50356,0.032834,0.15583,0.14922,81.79,0.00005,-0.00007
1779372185.8039,plane,2733,18,0.96526,0.15421,0.018205,0.12775,0.06418,152.85,0.00663,0.00658
1779372185.8039,plane,2733,19,0.12974,0.04505,0.014481,0.15145,0.07096,64.49,0.00947,-0.00857
1779372185.9008,plane,2734,9,0.49531,0.50354,0.032845,0.15586,0.14924,81.61,0.00006,-0.00022
1779372185.9008,plane,2734,18,0.96400,0.15298,0.019019,0.12655,0.06106,153.72,-0.01304,-0.01277
1779372185.9008,plane,2734,19,0.12636,0.04736,0.015196,0.13515,0.06538,63.86,-0.03511,0.02398
1779372185.9967,plane,2735,9,0.49532,0.50353,0.032840,0.15585,0.14923,81.67,0.00007,-0.00011
1779372185.9967,plane,2735,18,0.96542,0.15462,0.018334,0.13029,0.06325,153.54,0.01468,0.01701
1779372185.9967,plane,2735,19,0.12799,0.04687,0.014816,0.14146,0.07130,62.89,0.01685,-0.00507
1779372186.1064,plane,2736,9,0.49534,0.50351,0.032828,0.15584,0.14917,82.05,0.00012,-0.00013
1779372186.1064,plane,2736,18,0.96529,0.15446,0.018166,0.14535,0.07554,151.93,-0.00120,-0.00152
1779372186.1064,plane,2736,19,0.13158,0.04349,0.014194,0.15082,0.07309,63.82,0.03273,-0.03088
1779372186.2040,plane,2737,9,0.49534,0.50351,0.032832,0.15584,0.14920,81.75,0.00005,-0.00001
1779372186.2040,plane,2737,18,0.96536,0.15410,0.018129,0.11972,0.05709,154.02,0.00073,-0.00363
1779372186.2040,plane,2737,19,0.13100,0.04435,0.014453,0.16552,0.07665,64.63,-0.00599,0.00892
1779372186.3004,plane,2738,9,0.49534,0.50348,0.032837,0.15588,0.14919,81.87,0.00003,-0.00030
1779372186.3004,plane,2738,18,0.96459,0.15353,0.018516,0.13322,0.06827,152.30,-0.00793,-0.00591
1779372186.3004,plane,2738,19,0.12905,0.04527,0.014655,0.15207,0.07206,64.10,-0.02006,0.00948
1779372186.3962,plane,2739,9,0.49533,0.50349,0.032815,0.15583,0.14913,82.38,-0.00012,0.00010
1779372186.3962,plane,2739,18,0.96547,0.15451,0.018085,0.13840,0.07090,152.32,0.00927,0.01021
1779372186.3962,plane,2739,19,0.13083,0.04399,0.014282,0.14709,0.06907,64.42,0.01858,-0.01334
1779372186.5096,plane,2740,9,0.49533,0.50353,0.032830,0.15586,0.14919,81.79,-0.00001,0.00032
1779372186.5096,plane,2740,18,0.96566,0.15489,0.018173,0.12179,0.05667,154.48,0.00167,0.00339
1779372186.5096,plane,2740,19,0.13180,0.04373,0.014152,0.14518,0.06932,64.07,0.00865,-0.00234
1779372186.6053,plane,2741,9,0.49533,0.50352,0.032842,0.15588,0.14922,81.73,-0.00000,-0.00009
1779372186.6053,plane,2741,18,0.96374,0.15285,0.019299,0.15198,0.08154,151.14,-0.01984,-0.02111
1779372186.6053,plane,2741,19,0.12628,0.04806,0.015377,0.14377,0.06891,64.02,-0.05718,0.04480
1779372186.6997,plane,2742,9,0.49532,0.50356,0.032832,0.15585,0.14919,81.73,-0.00014,0.00036
1779372186.6997,plane,2742,18,0.96578,0.15525,0.018090,0.12999,0.06326,153.63,0.02152,0.02533
1779372186.6997,plane,2742,19,0.13154,0.04462,0.014440,0.14926,0.06959,64.46,0.05554,-0.03634
1779372186.7964,plane,2743,9,0.49532,0.50355,0.032825,0.15584,0.14917,81.83,0.00005,-0.00009
1779372186.7964,plane,2743,18,0.96474,0.15363,0.018524,0.14837,0.07949,151.56,-0.01085,-0.01693
1779372186.7964,plane,2743,19,0.13196,0.04358,0.014184,0.12400,0.06331,62.61,0.00441,-0.01089
1779372186.9101,plane,2744,9,0.49532,0.50352,0.032822,0.15584,0.14913,82.23,-0.00003,-0.00024
1779372186.9101,plane,2744,18,0.96658,0.15629,0.017712,0.12540,0.05726,154.84,0.01596,0.02316
1779372186.9101,plane,2744,19,0.13112,0.04437,0.014248,0.14916,0.07428,63.19,-0.00732,0.00691
1779372187.0053,plane,2745,9,0.49530,0.50355,0.032827,0.15583,0.14919,81.81,-0.00025,0.00034
1779372187.0053,plane,2745,18,0.96533,0.15444,0.018129,0.13518,0.06790,152.71,-0.01313,-0.01935
1779372187.0053,plane,2745,19,0.13069,0.04485,0.014365,0.14871,0.06808,64.92,-0.00455,0.00510
1779372187.1020,plane,2746,9,0.49531,0.50357,0.032830,0.15584,0.14920,81.81,0.00012,0.00014
1779372187.1020,plane,2746,18,0.96593,0.15529,0.017943,0.11902,0.05341,155.32,0.00629,0.00883
1779372187.1020,plane,2746,19,0.13007,0.04507,0.014467,0.15618,0.07019,65.22,-0.00643,0.00227
1779372187.1989,plane,2747,9,0.49531,0.50352,0.032827,0.15584,0.14918,82.06,0.00008,-0.00049
1779372187.1989,plane,2747,18,0.96473,0.15347,0.018405,0.13035,0.06623,152.57,-0.01232,-0.01866
1779372187.1989,plane,2747,19,0.12966,0.04502,0.014508,0.14606,0.06920,64.23,-0.00425,-0.00057
1779372187.3088,plane,2748,9,0.49531,0.50352,0.032828,0.15584,0.14918,81.97,0.00000,0.00001
1779372187.3088,plane,2748,18,0.96509,0.15459,0.018653,0.12906,0.05881,154.73,0.00336,0.01026
1779372187.3088,plane,2748,19,0.13015,0.04529,0.014793,0.15018,0.06741,65.31,0.00454,0.00246
1779372187.4056,plane,2749,9,0.49531,0.50352,0.032827,0.15582,0.14916,82.12,-0.00006,0.00006
1779372187.4056,plane,2749,18,0.96485,0.15381,0.018524,0.12553,0.06091,153.63,-0.00256,-0.00809
1779372187.4056,plane,2749,19,0.13016,0.04450,0.014501,0.15225,0.07103,64.48,0.00008,-0.00819
1779372187.5023,plane,2750,9,0.49532,0.50356,0.032839,0.15588,0.14920,81.74,0.00008,0.00035
1779372187.5023,plane,2750,18,0.96348,0.15201,0.019085,0.13806,0.07372,151.47,-0.01407,-0.01859
1779372187.5023,plane,2750,19,0.12742,0.04717,0.015215,0.13880,0.06168,65.47,-0.02821,0.02742
1779372187.5975,plane,2751,9,0.49532,0.50354,0.032834,0.15584,0.14921,81.69,0.00009,-0.00019
1779372187.5975,plane,2751,18,0.96555,0.15445,0.018041,0.12678,0.06178,153.51,0.02175,0.02570
1779372187.5975,plane,2751,19,0.13156,0.04355,0.014111,0.11845,0.06108,62.42,0.04357,-0.03801
1779372187.7110,plane,2752,9,0.49532,0.50353,0.032837,0.15586,0.14920,81.73,-0.00004,-0.00006
1779372187.7110,plane,2752,18,0.96405,0.15295,0.019096,0.13304,0.06646,152.77,-0.01330,-0.01329
1779372187.7110,plane,2752,19,0.12906,0.04571,0.014750,0.14787,0.07214,63.50,-0.02225,0.01915
1779372187.8070,plane,2753,9,0.49532,0.50355,0.032834,0.15585,0.14920,81.85,-0.00002,0.00014
1779372187.8070,plane,2753,18,0.96594,0.15524,0.017831,0.13765,0.06930,152.75,0.01954,0.02366
1779372187.8070,plane,2753,19,0.13112,0.04427,0.014170,0.14604,0.07746,61.73,0.02129,-0.01488
1779372187.9028,plane,2754,9,0.49531,0.50352,0.032827,0.15583,0.14916,82.16,-0.00009,-0.00027
1779372187.9028,plane,2754,18,0.96573,0.15499,0.018019,0.14414,0.07362,152.35,-0.00220,-0.00266
1779372187.9028,plane,2754,19,0.12986,0.04500,0.014399,0.14057,0.06598,64.30,-0.01308,0.00769
1779372187.9969,plane,2755,9,0.49531,0.50352,0.032845,0.15585,0.14926,81.43,0.00005,0.00000
1779372187.9969,plane,2755,18,0.96565,0.15532,0.018331,0.14318,0.06972,153.52,-0.00085,0.00350
1779372187.9969,plane,2755,19,0.12839,0.04577,0.014787,0.14602,0.06828,64.56,-0.01577,0.00820
1779372188.1113,plane,2756,9,0.49532,0.50352,0.032828,0.15582,0.14920,81.98,0.00008,0.00002
1779372188.1113,plane,2756,18,0.96603,0.15527,0.017812,0.12875,0.06211,153.71,0.00333,-0.00039
1779372188.1113,plane,2756,19,0.13165,0.04378,0.014138,0.14608,0.07044,63.78,0.02840,-0.01730
1779372188.2057,plane,2757,9,0.49530,0.50353,0.032834,0.15581,0.14923,81.50,-0.00020,0.00002
1779372188.2057,plane,2757,18,0.96495,0.15390,0.018478,0.12558,0.05996,153.87,-0.01151,-0.01456
1779372188.2057,plane,2757,19,0.12955,0.04493,0.014540,0.14265,0.06906,63.68,-0.02226,0.01217
1779372188.2999,plane,2758,9,0.49530,0.50353,0.032832,0.15582,0.14922,81.59,-0.00001,0.00002
1779372188.2999,plane,2758,18,0.96568,0.15496,0.018022,0.14259,0.07025,153.09,0.00785,0.01138
1779372188.2999,plane,2758,19,0.13015,0.04487,0.014369,0.15042,0.07391,63.40,0.00635,-0.00069
1779372188.3986,plane,2759,9,0.49532,0.50350,0.032845,0.15589,0.14922,81.61,0.00018,-0.00031
1779372188.3986,plane,2759,18,0.96540,0.15412,0.018173,0.12460,0.05739,154.64,-0.00283,-0.00846
1779372188.3986,plane,2759,19,0.12790,0.04684,0.014706,0.14140,0.07141,62.84,-0.02270,0.02000
1779372188.5101,plane,2760,9,0.49532,0.50353,0.032842,0.15586,0.14922,81.66,-0.00005,0.00030
1779372188.5101,plane,2760,18,0.96485,0.15407,0.018636,0.13992,0.06976,152.97,-0.00490,-0.00053
1779372188.5101,plane,2760,19,0.12820,0.04628,0.014899,0.14726,0.06718,64.93,0.00267,-0.00501
1779372188.6062,plane,2761,9,0.49531,0.50353,0.032823,0.15583,0.14919,81.94,-0.00004,-0.00006
1779372188.6062,plane,2761,18,0.96605,0.15565,0.017883,0.14246,0.07405,151.91,0.01257,0.01665
1779372188.6062,plane,2761,19,0.13125,0.04443,0.014181,0.16278,0.07465,64.86,0.03202,-0.01944
1779372188.6975,plane,2762,9,0.49532,0.50351,0.032820,0.15585,0.14913,82.43,0.00004,-0.00017
1779372188.6975,plane,2762,18,0.96558,0.15470,0.018005,0.13622,0.07071,152.09,-0.00506,-0.01032
1779372188.6975,plane,2762,19,0.13085,0.04429,0.014296,0.14518,0.07062,63.74,-0.00438,-0.00147
1779372188.7974,plane,2763,9,0.49533,0.50350,0.032823,0.15586,0.14914,82.22,0.00010,-0.00008
1779372188.7974,plane,2763,18,0.96600,0.15543,0.017817,0.13946,0.06987,152.97,0.00417,0.00727
1779372188.7974,plane,2763,19,0.13199,0.04372,0.014086,0.16143,0.07402,64.79,0.01150,-0.00577
1779372188.9095,plane,2764,9,0.49533,0.50354,0.032842,0.15587,0.14922,81.74,0.00005,0.00038
1779372188.9095,plane,2764,18,0.96470,0.15380,0.018614,0.12801,0.06149,153.77,-0.01161,-0.01452
1779372188.9095,plane,2764,19,0.12921,0.04618,0.014969,0.14828,0.06786,64.79,-0.02492,0.02200
1779372189.0070,plane,2765,9,0.49532,0.50352,0.032823,0.15585,0.14918,81.86,-0.00010,-0.00029
1779372189.0070,plane,2765,18,0.96515,0.15401,0.018295,0.13878,0.06774,153.47,0.00451,0.00214
1779372189.0070,plane,2765,19,0.13003,0.04509,0.014445,0.15248,0.06893,65.18,0.00840,-0.01110
1779372189.1014,plane,2766,9,0.49531,0.50355,0.032842,0.15588,0.14921,81.58,-0.00010,0.00032
1779372189.1014,plane,2766,18,0.96410,0.15322,0.019136,0.13685,0.06500,153.91,-0.01114,-0.00847
1779372189.1014,plane,2766,19,0.12774,0.04672,0.015054,0.14143,0.06571,64.43,-0.02436,0.01738
1779372189.1990,plane,2767,9,0.49531,0.50355,0.032825,0.15583,0.14918,81.78,0.00000,0.00007
1779372189.1990,plane,2767,18,0.96515,0.15379,0.018065,0.12538,0.06306,152.86,0.01091,0.00590
1779372189.1990,plane,2767,19,0.13022,0.04468,0.014359,0.14592,0.06654,64.93,0.02565,-0.02108
1779372189.3111,plane,2768,9,0.49531,0.50352,0.032828,0.15584,0.14918,82.13,-0.00003,-0.00028
1779372189.3111,plane,2768,18,0.96623,0.15567,0.017873,0.13050,0.06183,154.06,0.00953,0.01662
1779372189.3111,plane,2768,19,0.13178,0.04446,0.014218,0.14758,0.06951,64.26,0.01377,-0.00192
1779372189.4057,plane,2769,9,0.49530,0.50356,0.032837,0.15586,0.14920,81.88,-0.00007,0.00043
1779372189.4057,plane,2769,18,0.96506,0.15415,0.018316,0.13116,0.06484,153.06,-0.01244,-0.01608
1779372189.4057,plane,2769,19,0.12999,0.04467,0.014499,0.14535,0.06781,64.53,-0.01899,0.00218
1779372189.5019,plane,2770,9,0.49531,0.50354,0.032834,0.15584,0.14920,81.51,0.00013,-0.00023
1779372189.5019,plane,2770,18,0.96543,0.15432,0.018049,0.13298,0.06586,152.96,0.00386,0.00180
1779372189.5019,plane,2770,19,0.13168,0.04370,0.014235,0.15285,0.07301,64.13,0.01765,-0.01013
1779372189.5985,plane,2771,9,0.49531,0.50355,0.032832,0.15584,0.14921,81.81,-0.00001,0.00012
1779372189.5985,plane,2771,18,0.96601,0.15537,0.017873,0.12041,0.05844,153.56,0.00598,0.01087
1779372189.5985,plane,2771,19,0.13186,0.04366,0.014108,0.14749,0.07193,63.59,0.00181,-0.00040
1779372189.7095,plane,2772,9,0.49532,0.50356,0.032834,0.15584,0.14920,81.67,0.00005,0.00005
1779372189.7095,plane,2772,18,0.96502,0.15408,0.018548,0.13019,0.06165,153.97,-0.00888,-0.01164
1779372189.7095,plane,2772,19,0.12769,0.04723,0.015098,0.14019,0.06610,64.16,-0.03747,0.03210
1779372189.8048,plane,2773,9,0.49532,0.50354,0.032830,0.15585,0.14919,81.80,0.00003,-0.00018
1779372189.8048,plane,2773,18,0.96508,0.15372,0.018082,0.13757,0.06996,152.55,0.00059,-0.00376
1779372189.8048,plane,2773,19,0.13063,0.04413,0.014301,0.14998,0.06993,64.58,0.03093,-0.03266
1779372189.9031,plane,2774,9,0.49532,0.50354,0.032830,0.15584,0.14920,81.66,-0.00001,0.00001
1779372189.9031,plane,2774,18,0.96627,0.15584,0.017916,0.12374,0.05705,154.56,0.01206,0.02141
1779372189.9031,plane,2774,19,0.12925,0.04509,0.014577,0.15364,0.07147,64.63,-0.01395,0.00966
1779372189.9970,plane,2775,9,0.49531,0.50353,0.032830,0.15583,0.14920,81.53,-0.00013,-0.00014
1779372189.9970,plane,2775,18,0.96580,0.15505,0.017985,0.13157,0.06279,154.04,-0.00493,-0.00836
1779372189.9970,plane,2775,19,0.12974,0.04516,0.014462,0.14359,0.06995,63.57,0.00526,0.00076
1779372190.1092,plane,2776,9,0.49533,0.50349,0.032834,0.15587,0.14919,81.76,0.00021,-0.00037
1779372190.1092,plane,2776,18,0.96521,0.15425,0.018275,0.13049,0.06397,153.35,-0.00530,-0.00717
1779372190.1092,plane,2776,19,0.13093,0.04472,0.014508,0.15562,0.07017,65.20,0.01063,-0.00393
1779372190.2043,plane,2777,9,0.49533,0.50352,0.032832,0.15584,0.14920,81.70,0.00001,0.00039
1779372190.2043,plane,2777,18,0.96476,0.15341,0.018412,0.14181,0.07117,152.76,-0.00470,-0.00878
1779372190.2043,plane,2777,19,0.13192,0.04438,0.014357,0.15895,0.07091,65.39,0.01037,-0.00356
1779372190.3009,plane,2778,9,0.49532,0.50354,0.032827,0.15584,0.14918,81.71,-0.00008,0.00017
1779372190.3009,plane,2778,18,0.96611,0.15542,0.017768,0.13772,0.06914,152.76,0.01397,0.02084
1779372190.3009,plane,2778,19,0.13114,0.04398,0.014236,0.14785,0.07148,63.75,-0.00810,-0.00411
1779372190.3973,plane,2779,9,0.49532,0.50353,0.032839,0.15588,0.14919,81.70,-0.00002,-0.00012
1779372190.3973,plane,2779,18,0.96473,0.15372,0.018685,0.13838,0.06615,153.79,-0.01434,-0.01763
1779372190.3973,plane,2779,19,0.12889,0.04575,0.014740,0.14563,0.06807,64.35,-0.02331,0.01840
1779372190.5106,plane,2780,9,0.49531,0.50354,0.032835,0.15586,0.14919,81.91,-0.00007,0.00013
1779372190.5106,plane,2780,18,0.96474,0.15377,0.018617,0.13518,0.06662,153.17,0.00010,0.00044
1779372190.5106,plane,2780,19,0.13092,0.04399,0.014347,0.14412,0.06914,64.03,0.01792,-0.01561
1779372190.6039,plane,2781,9,0.49532,0.50350,0.032828,0.15586,0.14916,82.20,0.00003,-0.00049
1779372190.6039,plane,2781,18,0.96484,0.15356,0.018326,0.11573,0.05388,154.52,0.00105,-0.00227
1779372190.6039,plane,2781,19,0.12950,0.04547,0.014555,0.14611,0.06615,65.07,-0.01508,0.01583
1779372190.7015,plane,2782,9,0.49531,0.50353,0.032840,0.15586,0.14921,81.82,-0.00003,0.00036
1779372190.7015,plane,2782,18,0.96564,0.15492,0.018217,0.13310,0.06518,153.40,0.00830,0.01405
1779372190.7015,plane,2782,19,0.13061,0.04511,0.014611,0.16266,0.07051,66.00,0.01147,-0.00374
1779372190.7985,plane,2783,9,0.49532,0.50353,0.032818,0.15583,0.14914,82.11,0.00000,-0.00006
1779372190.7985,plane,2783,18,0.96649,0.15597,0.017660,0.13639,0.06906,152.56,0.00874,0.01077
1779372190.7985,plane,2783,19,0.13153,0.04413,0.014131,0.16114,0.07484,64.48,0.00938,-0.01011
1779372190.9081,plane,2784,9,0.49531,0.50357,0.032823,0.15583,0.14918,81.82,-0.00003,0.00035
1779372190.9081,plane,2784,18,0.96676,0.15625,0.017359,0.13446,0.06836,152.54,0.00243,0.00254
1779372190.9081,plane,2784,19,0.13221,0.04342,0.014014,0.12138,0.06123,62.78,0.00621,-0.00640
1779372191.0060,plane,2785,9,0.49531,0.50355,0.032823,0.15583,0.14917,81.88,-0.00003,-0.00012
1779372191.0060,plane,2785,18,0.96672,0.15651,0.017685,0.13638,0.06781,153.05,-0.00039,0.00271
1779372191.0060,plane,2785,19,0.13107,0.04427,0.014196,0.14895,0.07111,64.03,-0.01176,0.00875
1779372191.1034,plane,2786,9,0.49532,0.50355,0.032832,0.15585,0.14919,81.79,0.00007,-0.00003
1779372191.1034,plane,2786,18,0.96510,0.15399,0.018195,0.12723,0.06168,153.56,-0.01650,-0.02568
1779372191.1034,plane,2786,19,0.12987,0.04525,0.014474,0.14685,0.07071,63.77,-0.01216,0.00995
1779372191.1979,plane,2787,9,0.49529,0.50355,0.032827,0.15582,0.14919,81.72,-0.00024,-0.00005
1779372191.1979,plane,2787,18,0.96497,0.15365,0.018297,0.12700,0.06077,153.80,-0.00140,-0.00367
1779372191.1979,plane,2787,19,0.12981,0.04516,0.014472,0.14682,0.06869,64.48,-0.00068,-0.00097
1779372191.3105,plane,2788,9,0.49530,0.50355,0.032845,0.15588,0.14922,81.67,0.00007,0.00003
1779372191.3105,plane,2788,18,0.96419,0.15272,0.018704,0.14140,0.06998,153.03,-0.00692,-0.00830
1779372191.3105,plane,2788,19,0.12810,0.04591,0.014823,0.14044,0.07008,63.21,-0.01524,0.00675
1779372191.4069,plane,2789,9,0.49531,0.50353,0.032835,0.15585,0.14919,81.96,0.00012,-0.00015
1779372191.4069,plane,2789,18,0.96520,0.15379,0.018124,0.12606,0.06110,153.65,0.01037,0.01098
1779372191.4069,plane,2789,19,0.13081,0.04409,0.014252,0.14189,0.06945,63.62,0.02785,-0.01869
1779372191.5014,plane,2790,9,0.49532,0.50353,0.032832,0.15585,0.14919,81.72,0.00003,-0.00004
1779372191.5014,plane,2790,18,0.96599,0.15513,0.017773,0.11846,0.05703,153.87,0.00836,0.01420
1779372191.5014,plane,2790,19,0.13091,0.04403,0.014258,0.15612,0.07084,65.04,0.00103,-0.00070
1779372191.5979,plane,2791,9,0.49532,0.50349,0.032844,0.15586,0.14924,81.29,0.00003,-0.00044
1779372191.5979,plane,2791,18,0.96499,0.15380,0.018377,0.12980,0.06335,153.46,-0.01046,-0.01386
1779372191.5979,plane,2791,19,0.12925,0.04558,0.014530,0.14930,0.07486,63.09,-0.01736,0.01614
1779372191.7111,plane,2792,9,0.49532,0.50353,0.032844,0.15585,0.14925,81.29,0.00002,0.00037
1779372191.7111,plane,2792,18,0.96515,0.15408,0.018361,0.12441,0.05974,153.87,0.00137,0.00252
1779372191.7111,plane,2792,19,0.13043,0.04448,0.014450,0.15103,0.06786,65.18,0.01037,-0.00962
1779372191.8047,plane,2793,9,0.49531,0.50354,0.032845,0.15586,0.14924,81.62,-0.00008,0.00010
1779372191.8047,plane,2793,18,0.96446,0.15327,0.018611,0.14177,0.07245,152.04,-0.00726,-0.00868
1779372191.8047,plane,2793,19,0.12917,0.04553,0.014676,0.15344,0.07553,63.34,-0.01340,0.01120
1779372191.9025,plane,2794,9,0.49532,0.50353,0.032847,0.15587,0.14924,81.46,0.00012,-0.00006
1779372191.9025,plane,2794,18,0.96425,0.15308,0.018712,0.13210,0.06819,152.07,-0.00221,-0.00197
1779372191.9025,plane,2794,19,0.12835,0.04588,0.014896,0.15031,0.06785,65.22,-0.00848,0.00356
1779372191.9984,plane,2795,9,0.49532,0.50356,0.032832,0.15586,0.14920,81.70,-0.00008,0.00027
1779372191.9984,plane,2795,18,0.96586,0.15490,0.017839,0.12954,0.06182,154.00,0.01669,0.01880
1779372191.9984,plane,2795,19,0.13104,0.04439,0.014279,0.14865,0.07093,64.02,0.02784,-0.01537
1779372192.1104,plane,2796,9,0.49531,0.50353,0.032837,0.15587,0.14920,81.88,-0.00003,-0.00026
1779372192.1104,plane,2796,18,0.96563,0.15473,0.018114,0.12021,0.05640,154.33,-0.00213,-0.00149
1779372192.1104,plane,2796,19,0.12953,0.04512,0.014548,0.14600,0.06787,64.64,-0.01350,0.00651
1779372192.2067,plane,2797,9,0.49531,0.50355,0.032834,0.15583,0.14921,81.67,0.00001,0.00017
1779372192.2067,plane,2797,18,0.96574,0.15452,0.017990,0.11703,0.05434,154.57,0.00119,-0.00218
1779372192.2067,plane,2797,19,0.13145,0.04412,0.014275,0.14806,0.07288,63.49,0.02001,-0.01044
1779372192.3029,plane,2798,9,0.49532,0.50351,0.032830,0.15585,0.14918,82.00,0.00009,-0.00038
1779372192.3029,plane,2798,18,0.96558,0.15456,0.018029,0.13360,0.06638,153.10,-0.00162,0.00040
1779372192.3029,plane,2798,19,0.13103,0.04432,0.014243,0.14493,0.07784,61.54,-0.00430,0.00204
1779372192.3972,plane,2799,9,0.49532,0.50353,0.032828,0.15585,0.14918,81.67,0.00000,0.00025
1779372192.3972,plane,2799,18,0.96666,0.15608,0.017436,0.12429,0.06004,153.77,0.01137,0.01605
1779372192.3972,plane,2799,19,0.13354,0.04258,0.013784,0.15029,0.07431,63.39,0.02651,-0.01841
1779372192.5106,plane,2800,9,0.49532,0.50355,0.032827,0.15583,0.14918,81.87,-0.00002,0.00015
1779372192.5106,plane,2800,18,0.96715,0.15705,0.017303,0.15987,0.08469,151.58,0.00434,0.00869
1779372192.5106,plane,2800,19,0.13324,0.04297,0.013936,0.15656,0.07582,63.82,-0.00264,0.00352
1779372192.6074,plane,2801,9,0.49531,0.50356,0.032832,0.15586,0.14919,81.66,-0.00010,0.00012
1779372192.6074,plane,2801,18,0.96660,0.15611,0.017544,0.13570,0.06470,154.04,-0.00559,-0.00966
1779372192.6074,plane,2801,19,0.13200,0.04366,0.014096,0.15325,0.07164,64.52,-0.01271,0.00706
1779372192.7016,plane,2802,9,0.49532,0.50355,0.032817,0.15584,0.14915,81.95,0.00009,-0.00010
1779372192.7016,plane,2802,18,0.96676,0.15628,0.017520,0.12521,0.05887,154.34,0.00169,0.00190
1779372192.7016,plane,2802,19,0.13060,0.04471,0.014353,0.15669,0.07138,64.92,-0.01486,0.01114
1779372192.7978,plane,2803,9,0.49532,0.50357,0.032830,0.15583,0.14921,81.59,-0.00005,0.00020
1779372192.7978,plane,2803,18,0.96623,0.15574,0.017897,0.11970,0.05677,154.20,-0.00554,-0.00571
1779372192.7978,plane,2803,19,0.13213,0.04420,0.014092,0.15940,0.07442,64.41,0.01608,-0.00541
1779372192.9116,plane,2804,9,0.49531,0.50355,0.032813,0.15581,0.14916,81.84,-0.00002,-0.00018
1779372192.9116,plane,2804,18,0.96678,0.15644,0.017483,0.13238,0.06427,153.64,0.00487,0.00613
1779372192.9116,plane,2804,19,0.13243,0.04301,0.013982,0.14400,0.07163,63.26,0.00266,-0.01041
1779372193.0049,plane,2805,9,0.49531,0.50356,0.032823,0.15583,0.14918,81.52,-0.00005,0.00011
1779372193.0049,plane,2805,18,0.96573,0.15461,0.017832,0.12049,0.05768,153.90,-0.01128,-0.01953
1779372193.0049,plane,2805,19,0.13037,0.04454,0.014343,0.14755,0.06889,64.53,-0.02200,0.01632
1779372193.1037,plane,2806,9,0.49530,0.50358,0.032830,0.15584,0.14918,81.70,-0.00004,0.00015
1779372193.1037,plane,2806,18,0.96346,0.15201,0.019231,0.11834,0.05444,154.71,-0.02320,-0.02657
1779372193.1037,plane,2806,19,0.12750,0.04624,0.015040,0.14910,0.06548,65.69,-0.02933,0.01737
1779372193.1991,plane,2807,9,0.49530,0.50358,0.032822,0.15578,0.14920,81.48,-0.00009,-0.00000
1779372193.1991,plane,2807,18,0.96609,0.15550,0.017907,0.13478,0.06686,153.07,0.02735,0.03623
1779372193.1991,plane,2807,19,0.13091,0.04397,0.014264,0.14861,0.07014,64.28,0.03534,-0.02353
1779372193.3096,plane,2808,9,0.49530,0.50357,0.032830,0.15584,0.14919,81.59,0.00007,-0.00009
1779372193.3096,plane,2808,18,0.96469,0.15326,0.018375,0.13969,0.07237,152.03,-0.01270,-0.02030
1779372193.3096,plane,2808,19,0.13027,0.04438,0.014403,0.14538,0.06959,64.10,-0.00575,0.00369
1779372193.4057,plane,2809,9,0.49530,0.50357,0.032828,0.15580,0.14922,81.49,-0.00007,0.00005
1779372193.4057,plane,2809,18,0.96622,0.15547,0.017838,0.12774,0.06058,154.15,0.01610,0.02326
1779372193.4057,plane,2809,19,0.13060,0.04451,0.014250,0.15585,0.07350,64.24,0.00339,0.00144
1779372193.5034,plane,2810,9,0.49530,0.50356,0.032820,0.15578,0.14919,81.62,0.00005,-0.00008
1779372193.5034,plane,2810,18,0.96642,0.15592,0.017702,0.13257,0.06674,152.82,0.00199,0.00455
1779372193.5034,plane,2810,19,0.13193,0.04355,0.013986,0.11712,0.05980,62.57,0.01351,-0.00982
1779372193.5964,plane,2811,9,0.49530,0.50356,0.032817,0.15578,0.14920,81.34,-0.00005,-0.00003
1779372193.5964,plane,2811,18,0.96590,0.15450,0.017793,0.12430,0.05934,154.01,-0.00555,-0.01530
1779372193.5964,plane,2811,19,0.13175,0.04320,0.014157,0.13900,0.06801,63.62,-0.00195,-0.00371
1779372193.7094,plane,2812,9,0.49530,0.50357,0.032834,0.15582,0.14922,81.84,-0.00000,0.00005
1779372193.7094,plane,2812,18,0.96573,0.15474,0.017941,0.13110,0.06431,153.32,-0.00157,0.00218
1779372193.7094,plane,2812,19,0.13022,0.04493,0.014459,0.13824,0.06681,63.85,-0.01355,0.01538
1779372193.8051,plane,2813,9,0.49528,0.50355,0.032818,0.15579,0.14920,81.59,-0.00013,-0.00022
1779372193.8051,plane,2813,18,0.96603,0.15506,0.017805,0.13034,0.06334,153.55,0.00310,0.00329
1779372193.8051,plane,2813,19,0.13143,0.04425,0.014140,0.15280,0.07208,64.26,0.01249,-0.00702
1779372193.9010,plane,2814,9,0.49530,0.50354,0.032842,0.15585,0.14924,81.55,0.00018,-0.00004
1779372193.9010,plane,2814,18,0.96511,0.15391,0.018305,0.12156,0.05597,154.67,-0.00952,-0.01200
1779372193.9010,plane,2814,19,0.12887,0.04556,0.014747,0.14270,0.06737,64.19,-0.02665,0.01361
1779372193.9976,plane,2815,9,0.49531,0.50355,0.032840,0.15585,0.14924,81.55,0.00015,0.00013
1779372193.9976,plane,2815,18,0.96498,0.15340,0.018119,0.12496,0.06009,153.75,-0.00139,-0.00527
1779372193.9976,plane,2815,19,0.13005,0.04460,0.014438,0.16146,0.07337,65.14,0.01237,-0.01001
1779372194.1103,plane,2816,9,0.49531,0.50352,0.032837,0.15583,0.14923,81.38,-0.00003,-0.00027
1779372194.1103,plane,2816,18,0.96442,0.15342,0.018909,0.13666,0.06708,153.21,-0.00489,0.00013
1779372194.1103,plane,2816,19,0.12595,0.04763,0.015288,0.14451,0.07046,63.44,-0.03610,0.02667
1779372194.2057,plane,2817,9,0.49530,0.50354,0.032839,0.15586,0.14923,81.57,-0.00012,0.00020
1779372194.2057,plane,2817,18,0.96464,0.15362,0.018780,0.13617,0.06398,154.13,0.00223,0.00209
1779372194.2057,plane,2817,19,0.12823,0.04672,0.015069,0.13537,0.06473,64.01,0.02386,-0.00961
1779372194.3019,plane,2818,9,0.49531,0.50356,0.032827,0.15581,0.14921,81.47,0.00009,0.00023
1779372194.3019,plane,2818,18,0.96504,0.15395,0.018375,0.13875,0.07056,152.51,0.00417,0.00343
1779372194.3019,plane,2818,19,0.13068,0.04463,0.014381,0.11479,0.05879,62.53,0.02557,-0.02176
1779372194.3970,plane,2819,9,0.49531,0.50354,0.032834,0.15586,0.14919,81.80,0.00004,-0.00019
1779372194.3970,plane,2819,18,0.96454,0.15308,0.018558,0.12621,0.06067,153.81,-0.00523,-0.00914
1779372194.3970,plane,2819,19,0.12972,0.04508,0.014621,0.15308,0.07191,64.24,-0.01012,0.00479
1779372194.5070,plane,2820,9,0.49532,0.50356,0.032820,0.15583,0.14917,81.77,0.00007,0.00017
1779372194.5070,plane,2820,18,0.96556,0.15448,0.018078,0.13700,0.06849,152.98,0.00930,0.01276
1779372194.5070,plane,2820,19,0.13071,0.04472,0.014364,0.15055,0.07022,64.48,0.00906,-0.00335
1779372194.6042,plane,2821,9,0.49531,0.50358,0.032832,0.15585,0.14919,81.70,-0.00009,0.00012
1779372194.6042,plane,2821,18,0.96614,0.15535,0.017743,0.12648,0.06134,153.60,0.00591,0.00898
1779372194.6042,plane,2821,19,0.13089,0.04421,0.014411,0.15196,0.07080,64.50,0.00184,-0.00516
1779372194.7015,plane,2822,9,0.49532,0.50360,0.032823,0.15583,0.14920,81.67,0.00005,0.00021
1779372194.7015,plane,2822,18,0.96599,0.15532,0.017888,0.13462,0.06640,153.20,-0.00153,-0.00036
1779372194.7015,plane,2822,19,0.13225,0.04375,0.014121,0.15086,0.07086,64.36,0.01400,-0.00482
1779372194.7981,plane,2823,9,0.49530,0.50358,0.032828,0.15584,0.14919,81.92,-0.00013,-0.00017
1779372194.7981,plane,2823,18,0.96668,0.15605,0.017583,0.13238,0.06254,154.20,0.00718,0.00756
1779372194.7981,plane,2823,19,0.13133,0.04415,0.014153,0.15711,0.07352,64.33,-0.00955,0.00419
1779372194.9105,plane,2824,9,0.49531,0.50358,0.032825,0.15584,0.14919,81.67,0.00007,-0.00002
1779372194.9105,plane,2824,18,0.96564,0.15469,0.017936,0.12649,0.06093,153.76,-0.00924,-0.01210
1779372194.9105,plane,2824,19,0.13003,0.04477,0.014364,0.15212,0.07154,64.32,-0.01155,0.00554
1779372195.0069,plane,2825,9,0.49532,0.50357,0.032837,0.15587,0.14920,81.65,0.00007,-0.00006
1779372195.0069,plane,2825,18,0.96550,0.15471,0.018300,0.11898,0.05570,154.48,-0.00153,0.00022
1779372195.0069,plane,2825,19,0.12962,0.04512,0.014508,0.14290,0.06792,64.14,-0.00425,0.00366
1779372195.1020,plane,2826,9,0.49530,0.50355,0.032840,0.15585,0.14923,81.49,-0.00016,-0.00027
1779372195.1020,plane,2826,18,0.96448,0.15328,0.018795,0.13313,0.06553,153.22,-0.01060,-0.01497
1779372195.1020,plane,2826,19,0.12758,0.04654,0.014923,0.13365,0.06309,64.34,-0.02138,0.01479
1779372195.1978,plane,2827,9,0.49530,0.50356,0.032830,0.15583,0.14920,81.59,-0.00002,0.00010
1779372195.1978,plane,2827,18,0.96584,0.15500,0.018075,0.11907,0.05571,154.42,0.01421,0.01796
1779372195.1978,plane,2827,19,0.13147,0.04377,0.014211,0.15714,0.07340,64.44,0.04064,-0.02884
1779372195.3102,plane,2828,9,0.49532,0.50354,0.032837,0.15587,0.14919,81.75,0.00013,-0.00014
1779372195.3102,plane,2828,18,0.96512,0.15383,0.018182,0.12497,0.06013,153.82,-0.00647,-0.01042
1779372195.3102,plane,2828,19,0.12883,0.04555,0.014740,0.14082,0.06717,64.12,-0.02354,0.01582
1779372195.4070,plane,2829,9,0.49533,0.50352,0.032845,0.15587,0.14926,81.25,0.00009,-0.00027
1779372195.4070,plane,2829,18,0.96426,0.15341,0.019106,0.14419,0.07282,152.52,-0.00885,-0.00427
1779372195.4070,plane,2829,19,0.12686,0.04706,0.015105,0.13595,0.07250,61.62,-0.02030,0.01562
1779372195.5032,plane,2830,9,0.49532,0.50352,0.032837,0.15584,0.14923,81.35,-0.00002,0.00004
1779372195.5032,plane,2830,18,0.96554,0.15435,0.018131,0.13416,0.06312,154.30,0.01335,0.00972
1779372195.5032,plane,2830,19,0.12949,0.04496,0.014603,0.14544,0.06501,65.30,0.02727,-0.02186
1779372195.5978,plane,2831,9,0.49532,0.50349,0.032832,0.15583,0.14922,81.47,-0.00001,-0.00034
1779372195.5978,plane,2831,18,0.96584,0.15473,0.017900,0.12643,0.06085,153.76,0.00310,0.00408
1779372195.5978,plane,2831,19,0.12935,0.04531,0.014576,0.14015,0.06938,63.22,-0.00141,0.00371
1779372195.7105,plane,2832,9,0.49532,0.50355,0.032840,0.15585,0.14923,81.51,-0.00000,0.00059
1779372195.7105,plane,2832,18,0.96346,0.15195,0.019304,0.15030,0.07657,152.30,-0.02132,-0.02490
1779372195.7105,plane,2832,19,0.12746,0.04766,0.015349,0.14511,0.06824,64.25,-0.01697,0.02106
1779372195.8071,plane,2833,9,0.49531,0.50355,0.032832,0.15585,0.14920,81.86,-0.00016,0.00001
1779372195.8071,plane,2833,18,0.96452,0.15334,0.018775,0.12126,0.05860,153.65,0.01092,0.01417
1779372195.8071,plane,2833,19,0.12950,0.04571,0.014925,0.15465,0.07044,64.86,0.02098,-0.02006
1779372195.9026,plane,2834,9,0.49532,0.50356,0.032823,0.15582,0.14918,81.90,0.00013,0.00006
1779372195.9026,plane,2834,18,0.96528,0.15436,0.018380,0.13882,0.06943,153.01,0.00790,0.01074
1779372195.9026,plane,2834,19,0.13084,0.04441,0.014603,0.16116,0.07109,65.62,0.01406,-0.01359
1779372195.9985,plane,2835,9,0.49532,0.50358,0.032822,0.15584,0.14919,81.66,0.00000,0.00026
1779372195.9985,plane,2835,18,0.96478,0.15320,0.018244,0.13032,0.06522,152.89,-0.00517,-0.01216
1779372195.9985,plane,2835,19,0.13170,0.04417,0.014392,0.14868,0.07217,63.45,0.00899,-0.00251
1779372196.1115,plane,2836,9,0.49531,0.50357,0.032837,0.15586,0.14920,81.81,-0.00007,-0.00011
1779372196.1115,plane,2836,18,0.96641,0.15584,0.017854,0.14468,0.06937,153.76,0.01428,0.02317
1779372196.1115,plane,2836,19,0.13173,0.04393,0.014167,0.14956,0.07070,64.24,0.00023,-0.00215
1779372196.2057,plane,2837,9,0.49531,0.50356,0.032840,0.15586,0.14921,81.70,0.00003,-0.00013
1779372196.2057,plane,2837,18,0.96453,0.15330,0.018667,0.12177,0.05644,154.60,-0.01993,-0.02700
1779372196.2057,plane,2837,19,0.12781,0.04698,0.014898,0.14016,0.06696,63.86,-0.04157,0.03237
1779372196.3025,plane,2838,9,0.49531,0.50358,0.032830,0.15583,0.14920,81.67,-0.00006,0.00018
1779372196.3025,plane,2838,18,0.96499,0.15384,0.018331,0.13331,0.06658,152.97,0.00482,0.00567
1779372196.3025,plane,2838,19,0.12998,0.04482,0.014574,0.13869,0.06406,64.74,0.02256,-0.02239
1779372196.3992,plane,2839,9,0.49532,0.50355,0.032840,0.15586,0.14923,81.41,0.00015,-0.00022
1779372196.3992,plane,2839,18,0.96403,0.15267,0.018990,0.12373,0.06011,153.58,-0.00996,-0.01215
1779372196.3992,plane,2839,19,0.12914,0.04524,0.014718,0.14964,0.06997,64.48,-0.00869,0.00439
1779372196.5094,plane,2840,9,0.49531,0.50356,0.032828,0.15582,0.14921,81.41,-0.00011,0.00008
1779372196.5094,plane,2840,18,0.96552,0.15439,0.017899,0.13181,0.06522,153.08,0.01350,0.01563
1779372196.5094,plane,2840,19,0.13242,0.04341,0.014096,0.14897,0.07450,62.97,0.02964,-0.01659
1779372196.6071,plane,2841,9,0.49531,0.50356,0.032837,0.15584,0.14922,81.46,-0.00002,-0.00006
1779372196.6071,plane,2841,18,0.96593,0.15513,0.017970,0.12531,0.05946,154.11,0.00420,0.00760
1779372196.6071,plane,2841,19,0.12985,0.04515,0.014486,0.15485,0.07036,65.01,-0.02651,0.01797
1779372196.7032,plane,2842,9,0.49532,0.50354,0.032850,0.15588,0.14925,81.33,0.00011,-0.00015
1779372196.7032,plane,2842,18,0.96321,0.15217,0.019563,0.15346,0.08129,151.34,-0.02809,-0.03058
1779372196.7032,plane,2842,19,0.12585,0.04792,0.015325,0.13255,0.07039,61.74,-0.04137,0.02861
1779372196.7980,plane,2843,9,0.49532,0.50356,0.032839,0.15585,0.14923,81.52,-0.00002,0.00014
1779372196.7980,plane,2843,18,0.96450,0.15309,0.018568,0.12751,0.06239,153.38,0.01364,0.00964
1779372196.7980,plane,2843,19,0.12831,0.04642,0.014760,0.14584,0.07132,63.48,0.02604,-0.01580
1779372196.9106,plane,2844,9,0.49531,0.50355,0.032827,0.15582,0.14918,81.59,-0.00004,-0.00004
1779372196.9106,plane,2844,18,0.96663,0.15608,0.017537,0.14208,0.07127,152.88,0.01883,0.02660
1779372196.9106,plane,2844,19,0.13089,0.04396,0.014279,0.12509,0.06298,62.85,0.02289,-0.02190
1779372197.0062,plane,2845,9,0.49532,0.50354,0.032830,0.15583,0.14921,81.62,0.00004,-0.00006
1779372197.0062,plane,2845,18,0.96558,0.15432,0.017922,0.12937,0.06192,153.87,-0.01091,-0.01850
1779372197.0062,plane,2845,19,0.13019,0.04466,0.014386,0.15882,0.07559,64.14,-0.00737,0.00740
1779372197.1024,plane,2846,9,0.49531,0.50353,0.032827,0.15584,0.14918,81.65,-0.00004,-0.00017
1779372197.1024,plane,2846,18,0.96571,0.15447,0.017858,0.12979,0.06352,153.45,0.00133,0.00160
1779372197.1024,plane,2846,19,0.13080,0.04405,0.014304,0.15412,0.07184,64.40,0.00636,-0.00639
1779372197.1977,plane,2847,9,0.49532,0.50348,0.032834,0.15586,0.14918,82.08,0.00011,-0.00046
1779372197.1977,plane,2847,18,0.96599,0.15480,0.017721,0.12070,0.05730,154.15,0.00294,0.00348
1779372197.1977,plane,2847,19,0.13146,0.04406,0.014192,0.14821,0.07088,64.01,0.00690,0.00005
1779372197.3107,plane,2848,9,0.49532,0.50356,0.032840,0.15587,0.14922,81.58,-0.00006,0.00068
1779372197.3107,plane,2848,18,0.96493,0.15383,0.018529,0.12342,0.05809,154.28,-0.00946,-0.00859
1779372197.3107,plane,2848,19,0.12812,0.04597,0.015049,0.14731,0.06484,65.69,-0.02964,0.01699
1779372197.4062,plane,2849,9,0.49531,0.50356,0.032827,0.15582,0.14919,81.57,-0.00002,-0.00004
1779372197.4062,plane,2849,18,0.96560,0.15453,0.017982,0.13242,0.06582,153.00,0.00708,0.00732
1779372197.4062,plane,2849,19,0.13113,0.04383,0.014340,0.16216,0.07239,65.22,0.03148,-0.02235
1779372197.5012,plane,2850,9,0.49532,0.50352,0.032825,0.15583,0.14919,81.69,0.00010,-0.00042
1779372197.5012,plane,2850,18,0.96695,0.15679,0.017651,0.12197,0.05553,155.06,0.01420,0.02375
1779372197.5012,plane,2850,19,0.13099,0.04418,0.014189,0.14216,0.07192,62.87,-0.00143,0.00365
1779372197.5982,plane,2851,9,0.49532,0.50350,0.032837,0.15585,0.14920,81.73,-0.00007,-0.00015
1779372197.5982,plane,2851,18,0.96458,0.15343,0.018741,0.13147,0.06289,153.82,-0.02444,-0.03462
1779372197.5982,plane,2851,19,0.12719,0.04703,0.014957,0.13846,0.06967,62.98,-0.03921,0.02934
1779372197.7100,plane,2852,9,0.49530,0.50354,0.032830,0.15585,0.14919,81.88,-0.00014,0.00031
1779372197.7100,plane,2852,18,0.96555,0.15450,0.018024,0.12370,0.05902,153.99,0.00862,0.00956
1779372197.7100,plane,2852,19,0.13226,0.04406,0.014476,0.16492,0.07041,66.16,0.04536,-0.02651
1779372197.8059,plane,2853,9,0.49531,0.50352,0.032823,0.15582,0.14918,81.90,0.00003,-0.00015
1779372197.8059,plane,2853,18,0.96560,0.15471,0.017988,0.13977,0.07049,152.74,0.00053,0.00211
1779372197.8059,plane,2853,19,0.12985,0.04482,0.014538,0.14441,0.06736,64.59,-0.02521,0.00787
1779372197.9023,plane,2854,9,0.49532,0.50358,0.032823,0.15584,0.14919,81.65,0.00014,0.00057
1779372197.9023,plane,2854,18,0.96631,0.15555,0.017570,0.14471,0.07411,152.41,0.00745,0.00879
1779372197.9023,plane,2854,19,0.13141,0.04418,0.014130,0.13949,0.06714,63.85,0.01639,-0.00663
1779372197.9992,plane,2855,9,0.49531,0.50357,0.032828,0.15583,0.14920,81.65,-0.00012,-0.00004
1779372197.9992,plane,2855,18,0.96599,0.15511,0.017871,0.12940,0.06063,154.40,-0.00327,-0.00441
1779372197.9992,plane,2855,19,0.13003,0.04477,0.014381,0.13846,0.06776,63.60,-0.01409,0.00606
1779372198.1101,plane,2856,9,0.49531,0.50356,0.032837,0.15584,0.14923,81.63,0.00000,-0.00013
1779372198.1101,plane,2856,18,0.96464,0.15306,0.018455,0.12494,0.06170,153.23,-0.01219,-0.01849
1779372198.1101,plane,2856,19,0.12855,0.04564,0.014691,0.14237,0.06796,63.88,-0.01335,0.00778
1779372198.2062,plane,2857,9,0.49531,0.50356,0.032840,0.15585,0.14923,81.59,-0.00001,0.00006
1779372198.2062,plane,2857,18,0.96496,0.15380,0.018528,0.12411,0.05748,154.56,0.00336,0.00771
1779372198.2062,plane,2857,19,0.12771,0.04658,0.014840,0.13884,0.06564,64.29,-0.00883,0.00990
1779372198.3034,plane,2858,9,0.49531,0.50354,0.032837,0.15586,0.14920,81.70,0.00005,-0.00023
1779372198.3034,plane,2858,18,0.96502,0.15365,0.018436,0.13849,0.06807,153.26,0.00058,-0.00156
1779372198.3034,plane,2858,19,0.12891,0.04530,0.014555,0.13591,0.06683,63.40,0.01225,-0.01311
1779372198.3977,plane,2859,9,0.49532,0.50354,0.032840,0.15585,0.14924,81.46,0.00008,-0.00007
1779372198.3977,plane,2859,18,0.96425,0.15280,0.018802,0.14031,0.07069,152.85,-0.00814,-0.00892
1779372198.3977,plane,2859,19,0.12778,0.04650,0.014826,0.13857,0.07214,62.23,-0.01196,0.01269
1779372198.5105,plane,2860,9,0.49533,0.50350,0.032832,0.15584,0.14922,81.57,0.00008,-0.00035
1779372198.5105,plane,2860,18,0.96433,0.15271,0.018721,0.12993,0.06025,154.64,0.00077,-0.00083
1779372198.5105,plane,2860,19,0.12727,0.04678,0.014942,0.13367,0.06606,63.27,-0.00453,0.00256
1779372198.6071,plane,2861,9,0.49532,0.50348,0.032825,0.15584,0.14917,82.08,-0.00009,-0.00013
1779372198.6071,plane,2861,18,0.96688,0.15609,0.017514,0.12292,0.05715,154.57,0.02615,0.03475
1779372198.6071,plane,2861,19,0.13104,0.04417,0.014123,0.14658,0.07692,62.10,0.03876,-0.02688
1779372198.7009,plane,2862,9,0.49532,0.50351,0.032835,0.15584,0.14923,81.49,-0.00004,0.00034
1779372198.7009,plane,2862,18,0.96613,0.15497,0.017634,0.13026,0.06355,153.38,-0.00793,-0.01187
1779372198.7009,plane,2862,19,0.13076,0.04410,0.014158,0.15148,0.07360,63.72,-0.00299,-0.00070
1779372198.7988,plane,2863,9,0.49531,0.50347,0.032820,0.15580,0.14916,81.86,-0.00004,-0.00044
1779372198.7988,plane,2863,18,0.96646,0.15562,0.017685,0.12455,0.05929,154.16,0.00335,0.00667
1779372198.7988,plane,2863,19,0.12898,0.04544,0.014498,0.14547,0.06786,64.59,-0.01830,0.01374
1779372198.9115,plane,2864,9,0.49531,0.50351,0.032830,0.15582,0.14921,81.62,-0.00003,0.00032
1779372198.9115,plane,2864,18,0.96585,0.15473,0.017938,0.12589,0.06174,153.42,-0.00534,-0.00791
1779372198.9115,plane,2864,19,0.12935,0.04485,0.014525,0.14855,0.07129,64.03,0.00322,-0.00515
1779372199.0057,plane,2865,9,0.49530,0.50352,0.032835,0.15584,0.14922,81.74,-0.00009,0.00011
1779372199.0057,plane,2865,18,0.96618,0.15541,0.017909,0.12794,0.06043,154.07,0.00351,0.00724
1779372199.0057,plane,2865,19,0.12988,0.04504,0.014438,0.13928,0.06992,62.90,0.00567,0.00201
1779372199.1036,plane,2866,9,0.49530,0.50348,0.032828,0.15582,0.14919,81.84,-0.00005,-0.00041
1779372199.1036,plane,2866,18,0.96537,0.15400,0.017905,0.13108,0.06654,152.57,-0.00830,-0.01450
1779372199.1036,plane,2866,19,0.13057,0.04410,0.014228,0.14604,0.07069,63.75,0.00707,-0.00970
1779372199.1990,plane,2867,9,0.49529,0.50352,0.032823,0.15581,0.14918,81.71,-0.00010,0.00042
1779372199.1990,plane,2867,18,0.96655,0.15599,0.017437,0.12197,0.06014,153.18,0.01227,0.02079
1779372199.1990,plane,2867,19,0.13192,0.04330,0.014023,0.14412,0.06965,63.86,0.01406,-0.00832
1779372199.3105,plane,2868,9,0.49529,0.50350,0.032820,0.15579,0.14919,81.41,0.00004,-0.00021
1779372199.3105,plane,2868,18,0.96642,0.15547,0.017621,0.11893,0.05438,154.93,-0.00113,-0.00466
1779372199.3105,plane,2868,19,0.13255,0.04276,0.013852,0.14229,0.07242,62.62,0.00573,-0.00484
1779372199.4070,plane,2869,9,0.49529,0.50350,0.032817,0.15580,0.14917,81.71,-0.00003,0.00004
1779372199.4070,plane,2869,18,0.96641,0.15537,0.017444,0.12569,0.06138,153.54,-0.00012,-0.00109
1779372199.4070,plane,2869,19,0.13252,0.04288,0.013897,0.15174,0.07448,63.47,-0.00040,0.00120
1779372199.5027,plane,2870,9,0.49529,0.50353,0.032810,0.15578,0.14916,81.73,0.00002,0.00026
1779372199.5027,plane,2870,18,0.96710,0.15621,0.017037,0.13726,0.06770,153.26,0.00718,0.00875
1779372199.5027,plane,2870,19,0.13417,0.04227,0.013606,0.14544,0.07077,63.69,0.01715,-0.00623
1779372199.5978,plane,2871,9,0.49529,0.50351,0.032834,0.15581,0.14924,81.26,0.00003,-0.00014
1779372199.5978,plane,2871,18,0.96447,0.15276,0.018565,0.13072,0.06290,153.68,-0.02766,-0.03628
1779372199.5978,plane,2871,19,0.12814,0.04588,0.014747,0.14616,0.06795,64.65,-0.06342,0.03793
1779372199.7099,plane,2872,9,0.49532,0.50354,0.032835,0.15583,0.14922,81.30,0.00022,0.00020
1779372199.7099,plane,2872,18,0.96652,0.15558,0.017517,0.13931,0.07260,152.03,0.01823,0.02512
1779372199.7099,plane,2872,19,0.13064,0.04409,0.014152,0.13944,0.06941,63.33,0.02236,-0.01600
1779372199.8057,plane,2873,9,0.49530,0.50352,0.032842,0.15584,0.14924,81.46,-0.00014,-0.00013
1779372199.8057,plane,2873,18,0.96464,0.15284,0.018305,0.13416,0.06708,152.91,-0.01963,-0.02858
1779372199.8057,plane,2873,19,0.12781,0.04615,0.014825,0.14214,0.07335,62.39,-0.02957,0.02150
1779372199.9028,plane,2874,9,0.49530,0.50352,0.032835,0.15584,0.14922,81.56,-0.00002,0.00002
1779372199.9028,plane,2874,18,0.96640,0.15569,0.017604,0.13705,0.06903,152.85,0.01819,0.02947
1779372199.9028,plane,2874,19,0.13076,0.04384,0.014299,0.15176,0.07214,64.09,0.03054,-0.02391
1779372199.9981,plane,2875,9,0.49531,0.50352,0.032822,0.15581,0.14918,81.68,0.00005,-0.00006
1779372199.9981,plane,2875,18,0.96643,0.15528,0.017414,0.12655,0.06263,153.22,0.00034,-0.00422
1779372199.9981,plane,2875,19,0.13208,0.04338,0.014016,0.14711,0.07319,63.28,0.01383,-0.00482
1779372200.1108,plane,2876,9,0.49530,0.50355,0.032828,0.15581,0.14922,81.39,-0.00005,0.00030
1779372200.1108,plane,2876,18,0.96762,0.15734,0.016978,0.12618,0.06168,153.42,0.01059,0.01829
1779372200.1108,plane,2876,19,0.13271,0.04300,0.013877,0.15910,0.07806,63.48,0.00557,-0.00338
1779372200.2051,plane,2877,9,0.49532,0.50349,0.032842,0.15585,0.14927,81.17,0.00018,-0.00065
1779372200.2051,plane,2877,18,0.96657,0.15583,0.017666,0.12752,0.05924,154.46,-0.01113,-0.01606
1779372200.2051,plane,2877,19,0.13107,0.04382,0.014165,0.15852,0.07855,63.26,-0.01734,0.00875
1779372200.3015,plane,2878,9,0.49531,0.50345,0.032813,0.15577,0.14916,81.79,-0.00013,-0.00043
1779372200.3015,plane,2878,18,0.96680,0.15645,0.017546,0.14282,0.06878,153.63,0.00240,0.00645
1779372200.3015,plane,2878,19,0.13010,0.04461,0.014281,0.14826,0.07357,63.21,-0.01015,0.00813
1779372200.3979,plane,2879,9,0.49530,0.50349,0.032818,0.15579,0.14916,81.94,-0.00011,0.00047
1779372200.3979,plane,2879,18,0.96592,0.15488,0.017895,0.13594,0.06813,152.88,-0.00919,-0.01624
1779372200.3979,plane,2879,19,0.13127,0.04372,0.014213,0.15767,0.07521,64.16,0.01214,-0.00925
1779372200.5097,plane,2880,9,0.49531,0.50348,0.032839,0.15583,0.14925,81.46,0.00011,-0.00013
1779372200.5097,plane,2880,18,0.96637,0.15572,0.017848,0.15294,0.07754,152.48,0.00406,0.00751
1779372200.5097,plane,2880,19,0.12981,0.04487,0.014408,0.14567,0.06967,63.98,-0.01304,0.01035
1779372200.6048,plane,2881,9,0.49530,0.50349,0.032835,0.15584,0.14923,81.51,-0.00012,0.00006
1779372200.6048,plane,2881,18,0.96513,0.15365,0.018160,0.13544,0.06740,152.95,-0.01309,-0.02179
1779372200.6048,plane,2881,19,0.12860,0.04574,0.014618,0.14231,0.06790,64.15,-0.01267,0.00907
1779372200.7020,plane,2882,9,0.49531,0.50343,0.032820,0.15578,0.14921,81.55,0.00011,-0.00058
1779372200.7020,plane,2882,18,0.96678,0.15609,0.017365,0.13393,0.06527,153.43,0.01711,0.02519
1779372200.7020,plane,2882,19,0.13325,0.04262,0.013738,0.12112,0.06339,62.03,0.04791,-0.03215
1779372200.7973,plane,2883,9,0.49530,0.50349,0.032822,0.15579,0.14920,81.54,-0.00009,0.00063
1779372200.7973,plane,2883,18,0.96600,0.15485,0.017727,0.13109,0.06561,152.85,-0.00825,-0.01298
1779372200.7973,plane,2883,19,0.13037,0.04429,0.014286,0.14888,0.07325,63.67,-0.03017,0.01749
1779372200.9095,plane,2884,9,0.49530,0.50351,0.032839,0.15582,0.14923,81.40,-0.00001,0.00021
1779372200.9095,plane,2884,18,0.96682,0.15624,0.017471,0.12541,0.05941,153.89,0.00737,0.01231
1779372200.9095,plane,2884,19,0.13146,0.04353,0.014077,0.14255,0.07027,63.34,0.00974,-0.00677
1779372201.0044,plane,2885,9,0.49531,0.50350,0.032832,0.15584,0.14919,81.87,0.00013,-0.00012
1779372201.0044,plane,2885,18,0.96545,0.15368,0.017892,0.12334,0.06046,153.35,-0.01446,-0.02697
1779372201.0044,plane,2885,19,0.12972,0.04467,0.014347,0.14926,0.07099,64.20,-0.01840,0.01206
1779372201.1015,plane,2886,9,0.49531,0.50348,0.032835,0.15582,0.14920,81.69,-0.00001,-0.00022
1779372201.1015,plane,2886,18,0.96483,0.15387,0.018670,0.12340,0.06022,153.40,-0.00643,0.00197
1779372201.1015,plane,2886,19,0.12821,0.04607,0.014616,0.14255,0.07547,61.89,-0.01558,0.01437
1779372201.1976,plane,2887,9,0.49530,0.50353,0.032828,0.15580,0.14922,81.62,-0.00012,0.00054
1779372201.1976,plane,2887,18,0.96624,0.15513,0.017619,0.12639,0.06134,153.49,0.01473,0.01327
1779372201.1976,plane,2887,19,0.13113,0.04389,0.014140,0.14335,0.07089,63.19,0.03058,-0.02277
1779372201.3087,plane,2888,9,0.49529,0.50351,0.032830,0.15579,0.14923,81.41,-0.00004,-0.00024
1779372201.3087,plane,2888,18,0.96651,0.15556,0.017529,0.14140,0.07416,151.98,0.00242,0.00384
1779372201.3087,plane,2888,19,0.13077,0.04473,0.014057,0.13701,0.07236,61.94,-0.00322,0.00755
1779372201.4054,plane,2889,9,0.49530,0.50351,0.032830,0.15579,0.14924,81.30,0.00009,-0.00000
1779372201.4054,plane,2889,18,0.96725,0.15667,0.017215,0.13016,0.06265,153.76,0.00766,0.01142
1779372201.4054,plane,2889,19,0.13294,0.04268,0.013821,0.15053,0.07522,63.11,0.02239,-0.02125
1779372201.5021,plane,2890,9,0.49530,0.50351,0.032839,0.15583,0.14924,81.35,-0.00005,0.00004
1779372201.5021,plane,2890,18,0.96593,0.15438,0.017700,0.12192,0.05851,153.91,-0.01367,-0.02381
1779372201.5021,plane,2890,19,0.13142,0.04385,0.014052,0.14684,0.07648,62.28,-0.01574,0.01218
1779372201.5979,plane,2891,9,0.49531,0.50351,0.032842,0.15585,0.14924,81.40,0.00014,0.00005
1779372201.5979,plane,2891,18,0.96560,0.15463,0.018058,0.12441,0.06049,153.57,-0.00342,0.00265
1779372201.5979,plane,2891,19,0.12957,0.04499,0.014384,0.14992,0.06969,64.59,-0.01928,0.01191
1779372201.7103,plane,2892,9,0.49530,0.50345,0.032842,0.15585,0.14925,81.26,-0.00005,-0.00053
1779372201.7103,plane,2892,18,0.96524,0.15406,0.018353,0.13073,0.06232,153.89,-0.00324,-0.00504
1779372201.7103,plane,2892,19,0.12918,0.04455,0.014604,0.15281,0.07153,64.51,-0.00349,-0.00395
1779372201.8056,plane,2893,9,0.49532,0.50345,0.032842,0.15584,0.14926,81.33,0.00012,-0.00006
1779372201.8056,plane,2893,18,0.96502,0.15357,0.018419,0.12628,0.06128,153.66,-0.00232,-0.00517
1779372201.8056,plane,2893,19,0.12832,0.04596,0.014628,0.14644,0.06768,64.68,-0.00895,0.01485
1779372201.9022,plane,2894,9,0.49531,0.50349,0.032834,0.15583,0.14922,81.53,-0.00006,0.00038
1779372201.9022,plane,2894,18,0.96600,0.15469,0.017717,0.11270,0.05163,154.89,0.01016,0.01161
1779372201.9022,plane,2894,19,0.13115,0.04383,0.014086,0.15031,0.07379,63.44,0.02927,-0.02214
1779372201.9979,plane,2895,9,0.49531,0.50351,0.032835,0.15585,0.14923,81.59,0.00002,0.00022
1779372201.9979,plane,2895,18,0.96590,0.15471,0.017754,0.11652,0.05540,154.07,-0.00106,0.00018
1779372201.9979,plane,2895,19,0.12997,0.04438,0.014287,0.14661,0.07070,63.83,-0.01226,0.00577
1779372202.1107,plane,2896,9,0.49532,0.50347,0.032835,0.15587,0.14920,81.56,0.00008,-0.00037
1779372202.1107,plane,2896,18,0.96525,0.15359,0.018007,0.12352,0.06066,153.41,-0.00568,-0.00993
1779372202.1107,plane,2896,19,0.12946,0.04497,0.014440,0.14756,0.07169,63.69,-0.00452,0.00527
1779372202.2048,plane,2897,9,0.49531,0.50349,0.032835,0.15584,0.14922,81.74,-0.00009,0.00025
1779372202.2048,plane,2897,18,0.96530,0.15372,0.018148,0.13211,0.06449,153.32,0.00046,0.00134
1779372202.2048,plane,2897,19,0.12982,0.04451,0.014423,0.14203,0.06765,64.11,0.00381,-0.00491
1779372202.3016,plane,2898,9,0.49531,0.50347,0.032839,0.15585,0.14923,81.34,-0.00000,-0.00019
1779372202.3016,plane,2898,18,0.96445,0.15285,0.018541,0.13659,0.06670,153.34,-0.00870,-0.00896
1779372202.3016,plane,2898,19,0.12763,0.04621,0.014842,0.14415,0.06883,64.05,-0.02257,0.01751
1779372202.3973,plane,2899,9,0.49531,0.50345,0.032827,0.15582,0.14919,81.63,0.00001,-0.00021
1779372202.3973,plane,2899,18,0.96581,0.15468,0.017800,0.13833,0.07030,152.63,0.01417,0.01914
1779372202.3973,plane,2899,19,0.12937,0.04495,0.014440,0.14353,0.07794,61.37,0.01815,-0.01318
1779372202.5111,plane,2900,9,0.49529,0.50348,0.032810,0.15578,0.14914,82.02,-0.00021,0.00030
1779372202.5111,plane,2900,18,0.96737,0.15688,0.017219,0.12575,0.06120,153.53,0.01384,0.01952
1779372202.5111,plane,2900,19,0.13189,0.04320,0.013975,0.14926,0.07179,64.00,0.02237,-0.01548
1779372202.6068,plane,2901,9,0.49529,0.50348,0.032820,0.15580,0.14919,81.64,0.00002,-0.00009
1779372202.6068,plane,2901,18,0.96548,0.15373,0.017788,0.13062,0.06669,152.55,-0.01967,-0.03265
1779372202.6068,plane,2901,19,0.12909,0.04551,0.014442,0.13631,0.06478,64.06,-0.02912,0.02392
1779372202.6929,plane,2902,9,0.49532,0.50349,0.032820,0.15582,0.14917,81.95,0.00033,0.00017
1779372202.6929,plane,2902,18,0.96453,0.15264,0.018443,0.12439,0.05941,153.85,-0.01089,-0.01259
1779372202.6929,plane,2902,19,0.12749,0.04638,0.014884,0.14943,0.06884,64.83,-0.01846,0.01008
1779372202.7966,plane,2903,9,0.49531,0.50347,0.032813,0.15579,0.14915,81.68,-0.00007,-0.00023
1779372202.7966,plane,2903,18,0.96578,0.15426,0.017758,0.12995,0.06452,153.08,0.01221,0.01582
1779372202.7966,plane,2903,19,0.13153,0.04325,0.014023,0.15687,0.07303,64.63,0.03947,-0.03059
1779372202.9079,plane,2904,9,0.49529,0.50353,0.032815,0.15577,0.14919,81.65,-0.00021,0.00053
1779372202.9079,plane,2904,18,0.96654,0.15563,0.017305,0.13062,0.06624,152.68,0.00671,0.01218
1779372202.9079,plane,2904,19,0.13339,0.04204,0.013670,0.16490,0.07809,64.15,0.01652,-0.01075
1779372203.0043,plane,2905,9,0.49529,0.50351,0.032840,0.15584,0.14924,81.25,0.00005,-0.00014
1779372203.0043,plane,2905,18,0.96422,0.15257,0.018551,0.13359,0.06727,152.71,-0.02406,-0.03173
1779372203.0043,plane,2905,19,0.12689,0.04666,0.014984,0.13908,0.07332,62.05,-0.06745,0.04793
1779372203.1009,plane,2906,9,0.49531,0.50350,0.032835,0.15583,0.14921,81.60,0.00018,-0.00017
1779372203.1009,plane,2906,18,0.96500,0.15388,0.018529,0.13481,0.06397,153.96,0.00813,0.01369
1779372203.1009,plane,2906,19,0.12779,0.04599,0.014857,0.13311,0.07140,61.56,0.00939,-0.00692
1779372203.1968,plane,2907,9,0.49531,0.50351,0.032845,0.15585,0.14927,81.37,-0.00001,0.00009
1779372203.1968,plane,2907,18,0.96463,0.15309,0.018604,0.13195,0.06477,153.43,-0.00378,-0.00820
1779372203.1968,plane,2907,19,0.12758,0.04656,0.014877,0.13250,0.06464,63.65,-0.00217,0.00589
1779372203.3087,plane,2908,9,0.49531,0.50353,0.032827,0.15581,0.14921,81.21,-0.00004,0.00024
1779372203.3087,plane,2908,18,0.96583,0.15443,0.017715,0.12228,0.05824,153.95,0.01072,0.01202
1779372203.3087,plane,2908,19,0.13092,0.04402,0.014252,0.15725,0.07099,65.20,0.03000,-0.02286
1779372203.4025,plane,2909,9,0.49530,0.50352,0.032820,0.15579,0.14919,81.29,-0.00004,-0.00017
1779372203.4025,plane,2909,18,0.96620,0.15510,0.017693,0.14057,0.06992,153.00,0.00405,0.00720
1779372203.4025,plane,2909,19,0.13099,0.04387,0.014096,0.16353,0.07416,65.11,0.00071,-0.00154
1779372203.5011,plane,2910,9,0.49531,0.50351,0.032839,0.15584,0.14924,81.58,0.00008,-0.00011
1779372203.5011,plane,2910,18,0.96603,0.15494,0.017758,0.12742,0.06084,153.95,-0.00171,-0.00160
1779372203.5011,plane,2910,19,0.12920,0.04487,0.014469,0.15106,0.06982,64.84,-0.01788,0.00994
1779372203.5964,plane,2911,9,0.49532,0.50347,0.032839,0.15586,0.14922,81.51,0.00014,-0.00038
1779372203.5964,plane,2911,18,0.96608,0.15514,0.017766,0.13560,0.06877,152.38,0.00046,0.00210
1779372203.5964,plane,2911,19,0.13045,0.04415,0.014175,0.16032,0.07343,64.89,0.01311,-0.00751
1779372203.7089,plane,2912,9,0.49530,0.50349,0.032834,0.15582,0.14923,81.36,-0.00020,0.00021
1779372203.7089,plane,2912,18,0.96606,0.15475,0.017843,0.13499,0.06604,153.43,-0.00012,-0.00348
1779372203.7089,plane,2912,19,0.12941,0.04468,0.014260,0.14199,0.06928,63.84,-0.00933,0.00474
1779372203.8051,plane,2913,9,0.49531,0.50347,0.032842,0.15584,0.14925,81.40,0.00008,-0.00019
1779372203.8051,plane,2913,18,0.96466,0.15322,0.018645,0.12185,0.05637,154.64,-0.01449,-0.01583
1779372203.8051,plane,2913,19,0.12673,0.04594,0.014742,0.14129,0.07024,63.52,-0.02759,0.01297
1779372203.9003,plane,2914,9,0.49531,0.50344,0.032834,0.15584,0.14922,81.30,-0.00003,-0.00031
1779372203.9003,plane,2914,18,0.96589,0.15469,0.017902,0.13337,0.06337,153.88,0.01294,0.01553
1779372203.9003,plane,2914,19,0.12844,0.04527,0.014596,0.14241,0.06924,63.74,0.01792,-0.00705
1779372203.9974,plane,2915,9,0.49530,0.50347,0.032822,0.15579,0.14922,81.56,-0.00002,0.00025
1779372203.9974,plane,2915,18,0.96509,0.15318,0.018055,0.13673,0.06875,152.91,-0.00827,-0.01577
1779372203.9974,plane,2915,19,0.13004,0.04433,0.014282,0.14834,0.06937,64.50,0.01669,-0.00973
1779372204.1091,plane,2916,9,0.49531,0.50348,0.032835,0.15582,0.14923,81.55,0.00001,0.00013
1779372204.1091,plane,2916,18,0.96605,0.15486,0.017737,0.12000,0.05670,154.05,0.00848,0.01489
1779372204.1091,plane,2916,19,0.12950,0.04471,0.014391,0.14960,0.06903,64.74,-0.00483,0.00335
1779372204.2051,plane,2917,9,0.49531,0.50344,0.032828,0.15581,0.14921,81.68,0.00004,-0.00040
1779372204.2051,plane,2917,18,0.96607,0.15496,0.017866,0.14138,0.07239,152.25,0.00019,0.00111
1779372204.2051,plane,2917,19,0.12983,0.04447,0.014282,0.11209,0.05668,62.82,0.00346,-0.00253
1779372204.3019,plane,2918,9,0.49531,0.50343,0.032840,0.15583,0.14926,81.13,-0.00002,-0.00010
1779372204.3019,plane,2918,18,0.96453,0.15266,0.018366,0.12109,0.05829,153.69,-0.01607,-0.02411
1779372204.3019,plane,2918,19,0.12824,0.04550,0.014609,0.14688,0.07160,63.58,-0.01661,0.01080
1779372204.3973,plane,2919,9,0.49531,0.50344,0.032827,0.15580,0.14921,81.63,-0.00000,0.00003
1779372204.3973,plane,2919,18,0.96726,0.15645,0.016942,0.12434,0.05949,153.95,0.02830,0.03940
1779372204.3973,plane,2919,19,0.13222,0.04262,0.013884,0.16886,0.07670,65.17,0.04127,-0.02991
1779372204.5081,plane,2920,9,0.49530,0.50342,0.032825,0.15580,0.14921,81.62,-0.00002,-0.00015
1779372204.5081,plane,2920,18,0.96652,0.15558,0.017492,0.14130,0.07345,152.06,-0.00662,-0.00791
1779372204.5081,plane,2920,19,0.12921,0.04472,0.014396,0.15621,0.07316,64.67,-0.02709,0.01890
1779372204.6051,plane,2921,9,0.49531,0.50339,0.032840,0.15582,0.14924,81.44,0.00007,-0.00027
1779372204.6051,plane,2921,18,0.96554,0.15431,0.018143,0.14234,0.06753,154.07,-0.01023,-0.01314
1779372204.6051,plane,2921,19,0.12722,0.04624,0.014743,0.13276,0.06836,62.61,-0.02074,0.01580
1779372204.7009,plane,2922,9,0.49531,0.50342,0.032834,0.15582,0.14923,81.54,-0.00002,0.00022
1779372204.7009,plane,2922,18,0.96671,0.15579,0.017559,0.11189,0.04968,155.58,0.01210,0.01531
1779372204.7009,plane,2922,19,0.12992,0.04425,0.014247,0.14834,0.07330,63.64,0.02801,-0.02059
1779372204.7955,plane,2923,9,0.49530,0.50342,0.032825,0.15580,0.14920,81.65,-0.00008,0.00007
1779372204.7955,plane,2923,18,0.96551,0.15422,0.018146,0.13788,0.06689,153.59,-0.01270,-0.01663
1779372204.7955,plane,2923,19,0.13024,0.04404,0.014186,0.14099,0.07150,62.89,0.00334,-0.00223
1779372204.9074,plane,2924,9,0.49530,0.50345,0.032830,0.15581,0.14924,81.41,-0.00004,0.00025
1779372204.9074,plane,2924,18,0.96629,0.15528,0.017685,0.13489,0.06548,153.59,0.00706,0.00962
1779372204.9074,plane,2924,19,0.12991,0.04455,0.014394,0.13983,0.07051,63.12,-0.00296,0.00460
1779372205.0045,plane,2925,9,0.49533,0.50351,0.032850,0.15588,0.14926,81.20,0.00034,0.00059
1779372205.0045,plane,2925,18,0.96480,0.15322,0.018589,0.13821,0.06564,153.99,-0.01523,-0.02100
1779372205.0045,plane,2925,19,0.12712,0.04644,0.014793,0.14832,0.07028,64.28,-0.02836,0.01927
1779372205.1003,plane,2926,9,0.49533,0.50389,0.032813,0.15578,0.14922,81.85,0.00004,0.00400
1779372205.1003,plane,2926,18,0.96530,0.15465,0.018305,0.13012,0.06067,154.62,0.00520,0.01491
1779372205.1003,plane,2926,19,0.13561,0.04481,0.015137,0.16132,0.07731,63.58,0.08868,-0.01705
1779372205.1973,plane,2927,9,0.49538,0.50346,0.032830,0.15588,0.14917,81.79,0.00044,-0.00442
1779372205.1973,plane,2927,18,0.96628,0.15520,0.017660,0.14064,0.07189,152.47,0.01026,0.00575
1779372205.1973,plane,2927,19,0.13024,0.04464,0.014201,0.13908,0.06796,63.48,-0.05578,-0.00178
1779372205.3094,plane,2928,9,0.49534,0.50399,0.032786,0.15572,0.14912,81.97,-0.00033,0.00463
1779372205.3094,plane,2928,18,0.96567,0.15558,0.018034,0.12781,0.06395,152.94,-0.00547,0.00333
1779372205.3094,plane,2928,19,0.14579,0.04268,0.014738,0.20050,0.08162,66.95,0.13828,-0.01744
1779372205.4046,plane,2929,9,0.49535,0.50383,0.032825,0.15581,0.14923,81.92,0.00010,-0.00161
1779372205.4046,plane,2929,18,0.96525,0.15483,0.018380,0.13068,0.06381,153.72,-0.00440,-0.00785
1779372205.4046,plane,2929,19,0.13281,0.04508,0.014587,0.14409,0.06677,64.42,-0.13566,0.02516
1779372205.5008,plane,2930,9,0.49531,0.50398,0.032793,0.15573,0.14917,81.88,-0.00037,0.00153
1779372205.5008,plane,2930,18,0.96411,0.15362,0.018909,0.13871,0.07054,152.52,-0.01196,-0.01264
1779372205.5008,plane,2930,19,0.14597,0.04220,0.014852,0.17080,0.07559,65.40,0.13830,-0.03029
1779372205.5972,plane,2931,9,0.49534,0.50387,0.032815,0.15577,0.14923,81.92,0.00028,-0.00109
1779372205.5972,plane,2931,18,0.96527,0.15502,0.018365,0.14093,0.06878,153.54,0.01195,0.01439
1779372205.5972,plane,2931,19,0.13838,0.04387,0.014743,0.16048,0.07022,65.59,-0.07803,0.01718
1779372205.7085,plane,2932,9,0.49538,0.50393,0.032810,0.15580,0.14916,81.91,0.00031,0.00054
1779372205.7085,plane,2932,18,0.96416,0.15398,0.019111,0.14159,0.07469,151.81,-0.00994,-0.00939
1779372205.7085,plane,2932,19,0.13949,0.04515,0.015210,0.14971,0.07097,63.98,0.00999,0.01147
1779372205.8051,plane,2933,9,0.49534,0.50384,0.032828,0.15583,0.14923,82.31,-0.00042,-0.00093
1779372205.8051,plane,2933,18,0.96374,0.15268,0.018843,0.13849,0.07308,151.90,-0.00439,-0.01355
1779372205.8051,plane,2933,19,0.13607,0.04503,0.015001,0.15220,0.06700,65.46,-0.03571,-0.00121
1779372205.9009,plane,2934,9,0.49534,0.50380,0.032830,0.15582,0.14926,82.07,0.00000,-0.00042
1779372205.9009,plane,2934,18,0.96365,0.15298,0.019277,0.14866,0.07880,151.73,-0.00092,0.00309
1779372205.9009,plane,2934,19,0.13243,0.04761,0.015542,0.13777,0.06403,64.44,-0.03767,0.02666
1779372205.9961,plane,2935,9,0.49533,0.50363,0.032820,0.15584,0.14916,81.90,-0.00005,-0.00179
1779372205.9961,plane,2935,18,0.96505,0.15421,0.018163,0.13180,0.06543,153.10,0.01468,0.01293
1779372205.9961,plane,2935,19,0.13366,0.04405,0.014420,0.16215,0.07092,65.68,0.01294,-0.03735
1779372206.1085,plane,2936,9,0.49534,0.50346,0.032830,0.15587,0.14916,82.11,0.00013,-0.00150
1779372206.1085,plane,2936,18,0.96403,0.15269,0.018880,0.12285,0.05926,153.78,-0.00914,-0.01359
1779372206.1085,plane,2936,19,0.12803,0.04637,0.014843,0.14552,0.06966,63.92,-0.05048,0.02075
1779372206.2045,plane,2937,9,0.49531,0.50316,0.032834,0.15583,0.14922,81.68,-0.00040,-0.00311
1779372206.2045,plane,2937,18,0.96472,0.15371,0.018833,0.12916,0.05955,154.68,0.00717,0.01057
1779372206.2045,plane,2937,19,0.12301,0.04763,0.014965,0.13503,0.06301,64.78,-0.05192,0.01299
1779372206.2998,plane,2938,9,0.49526,0.50294,0.032828,0.15574,0.14927,81.91,-0.00044,-0.00234
1779372206.2998,plane,2938,18,0.96477,0.15373,0.018672,0.14790,0.07111,153.62,0.00055,0.00014
1779372206.2998,plane,2938,19,0.12554,0.04514,0.014257,0.15066,0.07141,64.35,0.02660,-0.02604
1779372206.3974,plane,2939,9,0.49518,0.50247,0.032813,0.15581,0.14920,82.21,-0.00085,-0.00488
1779372206.3974,plane,2939,18,0.96544,0.15501,0.018277,0.12779,0.06068,154.20,0.00692,0.01325
1779372206.3974,plane,2939,19,0.11738,0.04661,0.013853,0.17237,0.07163,66.70,-0.08432,0.01511
1779372206.5093,plane,2940,9,0.49524,0.50277,0.032806,0.15577,0.14917,82.33,0.00049,0.00266
1779372206.5093,plane,2940,18,0.96506,0.15451,0.018578,0.14170,0.07030,153.16,-0.00345,-0.00446
1779372206.5093,plane,2940,19,0.12337,0.04548,0.013955,0.15107,0.06883,65.03,0.05323,-0.00999
1779372206.6047,plane,2941,9,0.49529,0.50249,0.032820,0.15580,0.14922,81.96,0.00057,-0.00294
1779372206.6047,plane,2941,18,0.96469,0.15287,0.018563,0.13197,0.06283,154.09,-0.00389,-0.01717
1779372206.6047,plane,2941,19,0.11347,0.04646,0.013550,0.16392,0.06991,66.14,-0.10398,0.01029
1779372206.7009,plane,2942,9,0.49522,0.50263,0.032817,0.15579,0.14924,81.58,-0.00077,0.00150
1779372206.7009,plane,2942,18,0.96475,0.15405,0.018704,0.14251,0.06918,153.64,0.00064,0.01232
1779372206.7009,plane,2942,19,0.12029,0.04583,0.013808,0.18149,0.07469,66.96,0.07148,-0.00665
1779372206.7975,plane,2943,9,0.49520,0.50226,0.032840,0.15581,0.14930,82.10,-0.00015,-0.00383
1779372206.7975,plane,2943,18,0.96625,0.15572,0.017951,0.12595,0.05594,155.60,0.01537,0.01708
1779372206.7975,plane,2943,19,0.10889,0.04692,0.013104,0.15772,0.07262,64.71,-0.11664,0.01117
1779372206.9076,plane,2944,9,0.49521,0.50224,0.032834,0.15580,0.14925,82.23,0.00008,-0.00014
1779372206.9076,plane,2944,18,0.96570,0.15489,0.018077,0.13103,0.06310,153.84,-0.00497,-0.00749
1779372206.9076,plane,2944,19,0.11130,0.04603,0.012994,0.15517,0.06953,65.16,0.02181,-0.00804
1779372207.0037,plane,2945,9,0.49523,0.50221,0.032842,0.15579,0.14931,82.18,0.00021,-0.00033
1779372207.0037,plane,2945,18,0.96549,0.15408,0.017990,0.12846,0.06099,154.17,-0.00221,-0.00848
1779372207.0037,plane,2945,19,0.10801,0.04765,0.013231,0.14837,0.06837,64.83,-0.03417,0.01686
1779372207.1005,plane,2946,9,0.49522,0.50213,0.032842,0.15584,0.14928,82.36,-0.00012,-0.00078
1779372207.1005,plane,2946,18,0.96509,0.15434,0.018607,0.14458,0.07255,153.01,-0.00416,0.00269
1779372207.1005,plane,2946,19,0.10748,0.04785,0.013501,0.14108,0.06431,65.10,-0.00555,0.00201
1779372207.1963,plane,2947,9,0.49519,0.50206,0.032849,0.15583,0.14930,82.34,-0.00032,-0.00079
1779372207.1963,plane,2947,18,0.96408,0.15302,0.019101,0.13214,0.06095,154.70,-0.01050,-0.01367
1779372207.1963,plane,2947,19,0.10702,0.04858,0.013497,0.15381,0.06904,65.43,-0.00480,0.00764
1779372207.3101,plane,2948,9,0.49521,0.50205,0.032847,0.15583,0.14929,82.19,0.00021,-0.00007
1779372207.3101,plane,2948,18,0.96528,0.15365,0.018060,0.13371,0.06561,153.48,0.01069,0.00557
1779372207.3101,plane,2948,19,0.10957,0.04516,0.012878,0.11942,0.05937,63.52,0.02269,-0.03045
1779372207.4047,plane,2949,9,0.49522,0.50213,0.032842,0.15580,0.14932,82.52,0.00007,0.00087
1779372207.4047,plane,2949,18,0.96574,0.15486,0.018055,0.13314,0.06534,153.45,0.00484,0.01263
1779372207.4047,plane,2949,19,0.10783,0.04784,0.013384,0.14924,0.06834,64.78,-0.01804,0.02790
1779372207.5005,plane,2950,9,0.49522,0.50211,0.032849,0.15585,0.14930,82.49,-0.00003,-0.00029
1779372207.5005,plane,2950,18,0.96403,0.15225,0.018746,0.12073,0.05840,153.80,-0.01788,-0.02722
1779372207.5005,plane,2950,19,0.10735,0.04788,0.013375,0.14997,0.07461,63.53,-0.00505,0.00047
1779372207.5968,plane,2951,9,0.49520,0.50212,0.032852,0.15583,0.14933,82.49,-0.00014,0.00012
1779372207.5968,plane,2951,18,0.96329,0.15185,0.019385,0.13626,0.06546,153.93,-0.00769,-0.00421
1779372207.5968,plane,2951,19,0.10584,0.04923,0.013830,0.15219,0.06903,65.01,-0.01575,0.01407
1779372207.7104,plane,2952,9,0.49519,0.50204,0.032849,0.15582,0.14930,82.16,-0.00010,-0.00072
1779372207.7104,plane,2952,18,0.96503,0.15398,0.018443,0.12600,0.06042,154.10,0.01526,0.01872
1779372207.7104,plane,2952,19,0.10641,0.04819,0.013314,0.14468,0.07198,63.63,0.00502,-0.00914
1779372207.8058,plane,2953,9,0.49521,0.50205,0.032842,0.15582,0.14929,82.25,0.00016,0.00017
1779372207.8058,plane,2953,18,0.96514,0.15395,0.018244,0.12530,0.06091,153.77,0.00116,-0.00028
1779372207.8058,plane,2953,19,0.10830,0.04679,0.013109,0.14587,0.06936,64.34,0.01982,-0.01474
1779372207.9023,plane,2954,9,0.49519,0.50205,0.032834,0.15580,0.14925,82.01,-0.00022,-0.00004
1779372207.9023,plane,2954,18,0.96564,0.15453,0.017977,0.12043,0.05767,154.09,0.00525,0.00604
1779372207.9023,plane,2954,19,0.10827,0.04619,0.012843,0.14650,0.07377,63.27,-0.00026,-0.00622
1779372207.9967,plane,2955,9,0.49518,0.50201,0.032834,0.15581,0.14923,81.83,-0.00009,-0.00036
1779372207.9967,plane,2955,18,0.96569,0.15444,0.017844,0.12690,0.06081,154.11,0.00049,-0.00092
1779372207.9967,plane,2955,19,0.10841,0.04649,0.012938,0.15207,0.07471,63.92,0.00137,0.00319
1779372208.1091,plane,2956,9,0.49518,0.50204,0.032835,0.15579,0.14928,82.21,0.00001,0.00024
1779372208.1091,plane,2956,18,0.96530,0.15388,0.018187,0.12111,0.05488,155.14,-0.00342,-0.00497
1779372208.1091,plane,2956,19,0.10870,0.04636,0.012967,0.14942,0.06989,64.76,0.00266,-0.00120
1779372208.2055,plane,2957,9,0.49520,0.50204,0.032850,0.15583,0.14930,82.19,0.00020,-0.00001
1779372208.2055,plane,2957,18,0.96523,0.15393,0.018268,0.14916,0.07169,154.07,-0.00079,0.00045
1779372208.2055,plane,2957,19,0.10727,0.04739,0.013226,0.13957,0.06768,63.87,-0.01494,0.01076
1779372208.3015,plane,2958,9,0.49517,0.50202,0.032834,0.15581,0.14924,81.84,-0.00030,-0.00019
1779372208.3015,plane,2958,18,0.96641,0.15590,0.017939,0.11878,0.05272,155.68,0.01223,0.02043
1779372208.3015,plane,2958,19,0.10746,0.04729,0.013160,0.15974,0.06865,66.43,0.00196,-0.00106
1779372208.3973,plane,2959,9,0.49519,0.50204,0.032842,0.15582,0.14928,82.24,0.00023,0.00024
1779372208.3973,plane,2959,18,0.96436,0.15307,0.018743,0.14355,0.07123,153.03,-0.02147,-0.02966
1779372208.3973,plane,2959,19,0.10603,0.04839,0.013370,0.13688,0.06640,63.91,-0.01497,0.01149
1779372208.5096,plane,2960,9,0.49520,0.50205,0.032849,0.15584,0.14930,82.34,0.00005,0.00007
1779372208.5096,plane,2960,18,0.96419,0.15288,0.018884,0.13088,0.06180,154.30,-0.00151,-0.00168
1779372208.5096,plane,2960,19,0.10593,0.04849,0.013524,0.13946,0.06399,64.88,-0.00092,0.00093
1779372208.6047,plane,2961,9,0.49519,0.50204,0.032840,0.15581,0.14929,82.14,-0.00009,-0.00011
1779372208.6047,plane,2961,18,0.96635,0.15515,0.017658,0.13516,0.06226,154.89,0.02270,0.02384
1779372208.6047,plane,2961,19,0.10959,0.04437,0.012626,0.11513,0.05731,63.63,0.03838,-0.04324
1779372208.7001,plane,2962,9,0.49519,0.50202,0.032845,0.15581,0.14928,82.04,0.00007,-0.00019
1779372208.7001,plane,2962,18,0.96590,0.15482,0.017841,0.12073,0.05677,154.46,-0.00473,-0.00350
1779372208.7001,plane,2962,19,0.10810,0.04615,0.012858,0.13885,0.07170,62.80,-0.01559,0.01875
1779372208.7978,plane,2963,9,0.49520,0.50201,0.032850,0.15581,0.14930,82.07,0.00004,-0.00014
1779372208.7978,plane,2963,18,0.96572,0.15478,0.018071,0.12732,0.06070,154.18,-0.00184,-0.00046
1779372208.7978,plane,2963,19,0.10713,0.04690,0.012955,0.14517,0.06710,65.05,-0.00997,0.00764
1779372208.9094,plane,2964,9,0.49519,0.50195,0.032850,0.15582,0.14927,81.76,-0.00007,-0.00049
1779372208.9094,plane,2964,18,0.96533,0.15439,0.018350,0.14030,0.06748,154.03,-0.00353,-0.00340
1779372208.9094,plane,2964,19,0.10583,0.04804,0.013234,0.13969,0.06577,64.77,-0.01158,0.01022
1779372209.0054,plane,2965,9,0.49520,0.50198,0.032859,0.15582,0.14932,82.01,0.00012,0.00027
1779372209.0054,plane,2965,18,0.96361,0.15187,0.019158,0.12416,0.05575,155.37,-0.01793,-0.02638
1779372209.0054,plane,2965,19,0.10362,0.05021,0.013775,0.14059,0.06430,65.20,-0.02312,0.02265
1779372209.1006,plane,2966,9,0.49518,0.50193,0.032854,0.15580,0.14928,82.01,-0.00022,-0.00056
1779372209.1006,plane,2966,18,0.96572,0.15434,0.017992,0.12219,0.05768,154.10,0.02220,0.02603
1779372209.1006,plane,2966,19,0.10658,0.04682,0.012948,0.14556,0.07262,63.58,0.03120,-0.03572
1779372209.1976,plane,2967,9,0.49519,0.50192,0.032867,0.15585,0.14929,82.07,0.00006,-0.00006
1779372209.1976,plane,2967,18,0.96374,0.15223,0.019162,0.14236,0.06994,153.43,-0.02034,-0.02167
1779372209.1976,plane,2967,19,0.10427,0.04916,0.013714,0.14782,0.06731,65.40,-0.02377,0.02399
1779372209.3080,plane,2968,9,0.49519,0.50191,0.032854,0.15584,0.14927,82.22,0.00008,-0.00010
1779372209.3080,plane,2968,18,0.96493,0.15350,0.018329,0.13632,0.06930,152.53,0.01075,0.01148
1779372209.3080,plane,2968,19,0.10715,0.04673,0.012856,0.15406,0.07520,64.06,0.02608,-0.02192
1779372209.4065,plane,2969,9,0.49519,0.50196,0.032854,0.15582,0.14927,81.79,-0.00006,0.00052
1779372209.4065,plane,2969,18,0.96508,0.15371,0.018250,0.13049,0.06417,153.51,0.00153,0.00211
1779372209.4065,plane,2969,19,0.10570,0.04830,0.013370,0.15680,0.07312,64.83,-0.01494,0.01614
1779372209.5026,plane,2970,9,0.49519,0.50193,0.032845,0.15583,0.14924,82.04,0.00003,-0.00032
1779372209.5026,plane,2970,18,0.96572,0.15444,0.017939,0.12876,0.06117,154.00,0.00659,0.00754
1779372209.5026,plane,2970,19,0.10755,0.04642,0.012831,0.15600,0.07756,63.63,0.01905,-0.01938
1779372209.5976,plane,2971,9,0.49520,0.50197,0.032852,0.15583,0.14926,81.83,0.00008,0.00041
1779372209.5976,plane,2971,18,0.96510,0.15361,0.018370,0.14124,0.06702,154.15,-0.00656,-0.00873
1779372209.5976,plane,2971,19,0.10575,0.04792,0.013179,0.16155,0.07378,65.30,-0.01898,0.01575
1779372209.7094,plane,2972,9,0.49520,0.50195,0.032850,0.15582,0.14926,82.05,0.00002,-0.00014
1779372209.7094,plane,2972,18,0.96504,0.15320,0.018190,0.12732,0.06155,153.66,-0.00057,-0.00369
1779372209.7094,plane,2972,19,0.10643,0.04704,0.012945,0.14109,0.06973,63.76,0.00615,-0.00788
1779372209.8054,plane,2973,9,0.49519,0.50198,0.032845,0.15581,0.14926,81.78,-0.00012,0.00030
1779372209.8054,plane,2973,18,0.96540,0.15398,0.018141,0.13524,0.06570,153.77,0.00378,0.00808
1779372209.8054,plane,2973,19,0.10664,0.04747,0.013107,0.14589,0.07134,64.01,0.00217,0.00451
1779372209.9018,plane,2974,9,0.49520,0.50196,0.032859,0.15584,0.14928,81.95,0.00011,-0.00018
1779372209.9018,plane,2974,18,0.96616,0.15514,0.017765,0.11933,0.05483,154.77,0.00791,0.01206
1779372209.9018,plane,2974,19,0.10656,0.04736,0.013077,0.14298,0.07061,63.78,-0.00090,-0.00118
1779372209.9970,plane,2975,9,0.49519,0.50194,0.032859,0.15581,0.14930,81.92,-0.00016,-0.00029
1779372209.9970,plane,2975,18,0.96667,0.15610,0.017695,0.11988,0.05383,155.46,0.00539,0.01013
1779372209.9970,plane,2975,19,0.10649,0.04697,0.012817,0.16134,0.07433,65.20,-0.00074,-0.00410
1779372210.1105,plane,2976,9,0.49520,0.50191,0.032849,0.15579,0.14928,82.35,0.00012,-0.00023
1779372210.1105,plane,2976,18,0.96531,0.15393,0.018127,0.13156,0.06575,152.98,-0.01195,-0.01907
1779372210.1105,plane,2976,19,0.10672,0.04659,0.012814,0.14357,0.07247,63.41,0.00209,-0.00335
1779372210.2059,plane,2977,9,0.49518,0.50188,0.032859,0.15581,0.14928,82.14,-0.00018,-0.00035
1779372210.2059,plane,2977,18,0.96488,0.15347,0.018585,0.14229,0.06839,153.61,-0.00450,-0.00479
1779372210.2059,plane,2977,19,0.10342,0.04961,0.013555,0.13773,0.07279,62.26,-0.03457,0.03164
1779372210.3014,plane,2978,9,0.49518,0.50192,0.032861,0.15583,0.14928,81.82,-0.00008,0.00043
1779372210.3014,plane,2978,18,0.96420,0.15305,0.019128,0.14937,0.07246,153.56,-0.00717,-0.00443
1779372210.3014,plane,2978,19,0.10432,0.04881,0.013777,0.13785,0.06412,65.07,0.00943,-0.00841
1779372210.3964,plane,2979,9,0.49518,0.50194,0.032864,0.15584,0.14930,81.94,0.00003,0.00020
1779372210.3964,plane,2979,18,0.96445,0.15319,0.018828,0.12974,0.06077,154.51,0.00258,0.00152
1779372210.3964,plane,2979,19,0.10434,0.04958,0.013660,0.14489,0.06711,64.99,0.00018,0.00808
1779372210.5085,plane,2980,9,0.49518,0.50201,0.032839,0.15579,0.14927,82.00,-0.00001,0.00066
1779372210.5085,plane,2980,18,0.96517,0.15424,0.018607,0.13587,0.06464,154.17,0.00646,0.00935
1779372210.5085,plane,2980,19,0.10707,0.04715,0.013250,0.14203,0.06873,64.18,0.02439,-0.02167
1779372210.6047,plane,2981,9,0.49518,0.50199,0.032850,0.15582,0.14928,81.77,0.00001,-0.00024
1779372210.6047,plane,2981,18,0.96478,0.15314,0.018348,0.12940,0.06309,153.31,-0.00412,-0.01151
1779372210.6047,plane,2981,19,0.10575,0.04831,0.013334,0.14040,0.06850,64.02,-0.01376,0.01210
1779372210.7016,plane,2982,9,0.49520,0.50201,0.032849,0.15585,0.14926,82.02,0.00025,0.00019
1779372210.7016,plane,2982,18,0.96572,0.15446,0.017992,0.12715,0.05902,154.43,0.00972,0.01355
1779372210.7016,plane,2982,19,0.10824,0.04678,0.012946,0.15102,0.07128,64.71,0.02561,-0.01573
1779372210.7967,plane,2983,9,0.49520,0.50203,0.032839,0.15582,0.14924,81.81,-0.00001,0.00021
1779372210.7967,plane,2983,18,0.96777,0.15753,0.017097,0.13611,0.06566,153.80,0.02152,0.03231
1779372210.7967,plane,2983,19,0.10977,0.04451,0.012473,0.16315,0.08248,63.39,0.01598,-0.02389
1779372210.9095,plane,2984,9,0.49521,0.50198,0.032844,0.15583,0.14923,82.11,0.00008,-0.00042
1779372210.9095,plane,2984,18,0.96673,0.15600,0.017554,0.12570,0.05981,153.86,-0.00926,-0.01363
1779372210.9095,plane,2984,19,0.10952,0.04467,0.012495,0.11644,0.06049,62.56,-0.00222,0.00148
1779372211.0046,plane,2985,9,0.49520,0.50201,0.032845,0.15583,0.14927,82.15,-0.00006,0.00037
1779372211.0046,plane,2985,18,0.96659,0.15571,0.017654,0.12411,0.05647,154.95,-0.00147,-0.00309
1779372211.0046,plane,2985,19,0.10737,0.04662,0.012919,0.15369,0.06902,65.69,-0.02239,0.02035
1779372211.1007,plane,2986,9,0.49520,0.50199,0.032850,0.15583,0.14927,81.93,-0.00005,-0.00022
1779372211.1007,plane,2986,18,0.96537,0.15420,0.018360,0.13616,0.06581,153.77,-0.01265,-0.01568
1779372211.1007,plane,2986,19,0.10564,0.04776,0.013318,0.14686,0.06928,64.72,-0.01797,0.01186
1779372211.1975,plane,2987,9,0.49521,0.50202,0.032859,0.15586,0.14931,82.20,0.00008,0.00032
1779372211.1975,plane,2987,18,0.96265,0.15102,0.019821,0.13524,0.06136,155.13,-0.02832,-0.03313
1779372211.1975,plane,2987,19,0.10485,0.04940,0.013923,0.13330,0.06250,64.65,-0.00825,0.01708
1779372211.3090,plane,2988,9,0.49519,0.50199,0.032847,0.15582,0.14926,81.95,-0.00015,-0.00027
1779372211.3090,plane,2988,18,0.96461,0.15319,0.018745,0.11695,0.05211,155.68,0.01743,0.01937
1779372211.3090,plane,2988,19,0.10676,0.04778,0.013192,0.14159,0.06857,64.19,0.01701,-0.01449
1779372211.4051,plane,2989,9,0.49519,0.50198,0.032847,0.15582,0.14925,81.85,0.00001,-0.00012
1779372211.4051,plane,2989,18,0.96443,0.15319,0.018902,0.13203,0.06324,154.02,-0.00190,-0.00003
1779372211.4051,plane,2989,19,0.10431,0.04912,0.013665,0.15002,0.06791,65.44,-0.02554,0.01403
1779372211.5021,plane,2990,9,0.49520,0.50203,0.032849,0.15584,0.14928,82.16,0.00012,0.00049
1779372211.5021,plane,2990,18,0.96549,0.15415,0.018088,0.13004,0.06195,154.00,0.01104,0.01001
1779372211.5021,plane,2990,19,0.10715,0.04688,0.012965,0.11773,0.06090,62.72,0.02954,-0.02330
1779372211.5971,plane,2991,9,0.49519,0.50196,0.032849,0.15581,0.14928,81.85,-0.00009,-0.00066
1779372211.5971,plane,2991,18,0.96592,0.15512,0.018105,0.14321,0.06903,153.91,0.00447,0.01007
1779372211.5971,plane,2991,19,0.10634,0.04724,0.013106,0.14643,0.07274,63.72,-0.00844,0.00375
1779372211.7087,plane,2992,9,0.49521,0.50196,0.032854,0.15578,0.14932,82.24,0.00011,-0.00000
1779372211.7087,plane,2992,18,0.96540,0.15394,0.018100,0.13826,0.06779,153.45,-0.00463,-0.01056
1779372211.7087,plane,2992,19,0.10753,0.04590,0.012685,0.11088,0.05489,63.65,0.01066,-0.01201
1779372211.8046,plane,2993,9,0.49519,0.50197,0.032850,0.15582,0.14926,81.81,-0.00015,0.00003
1779372211.8046,plane,2993,18,0.96442,0.15280,0.018604,0.13113,0.06767,152.11,-0.01030,-0.01195
1779372211.8046,plane,2993,19,0.10506,0.04843,0.013418,0.15054,0.07026,64.80,-0.02589,0.02654
1779372211.9007,plane,2994,9,0.49520,0.50197,0.032845,0.15583,0.14924,82.01,0.00011,0.00005
1779372211.9007,plane,2994,18,0.96471,0.15273,0.018336,0.13287,0.06526,153.06,0.00304,-0.00073
1779372211.9007,plane,2994,19,0.10638,0.04731,0.013121,0.15381,0.07377,64.38,0.01371,-0.01170
1779372211.9965,plane,2995,9,0.49522,0.50197,0.032859,0.15587,0.14927,81.97,0.00015,-0.00003
1779372211.9965,plane,2995,18,0.96547,0.15375,0.018158,0.12953,0.06025,154.52,0.00793,0.01070
1779372211.9965,plane,2995,19,0.10628,0.04750,0.013173,0.14905,0.07470,63.40,-0.00108,0.00199
1779372212.1096,plane,2996,9,0.49521,0.50194,0.032845,0.15582,0.14924,82.18,-0.00004,-0.00022
1779372212.1096,plane,2996,18,0.96708,0.15636,0.017512,0.13531,0.06453,154.05,0.01430,0.02316
1779372212.1096,plane,2996,19,0.10881,0.04571,0.012553,0.14026,0.07209,62.83,0.02249,-0.01582
1779372212.2055,plane,2997,9,0.49520,0.50198,0.032837,0.15585,0.14919,82.05,-0.00016,0.00039
1779372212.2055,plane,2997,18,0.96666,0.15543,0.017434,0.12996,0.06414,153.27,-0.00440,-0.00967
1779372212.2055,plane,2997,19,0.10887,0.04541,0.012478,0.11492,0.06174,61.77,0.00063,-0.00316
1779372212.2998,plane,2998,9,0.49520,0.50200,0.032845,0.15582,0.14926,82.08,0.00003,0.00023
1779372212.2998,plane,2998,18,0.96578,0.15453,0.018085,0.11981,0.05431,154.99,-0.00929,-0.00956
1779372212.2998,plane,2998,19,0.10657,0.04711,0.013258,0.14622,0.06933,64.67,-0.02431,0.01791
1779372212.3977,plane,2999,9,0.49519,0.50195,0.032856,0.15582,0.14928,82.02,-0.00007,-0.00057
1779372212.3977,plane,2999,18,0.96556,0.15410,0.018321,0.13245,0.06088,154.80,-0.00225,-0.00436
1779372212.3977,plane,2999,19,0.10545,0.04814,0.013138,0.14279,0.07054,63.74,-0.01157,0.01064
1779372212.5094,plane,3000,9,0.49518,0.50195,0.032864,0.15584,0.14929,82.04,-0.00012,0.00005
1779372212.5094,plane,3000,18,0.96382,0.15241,0.019119,0.13132,0.06181,154.38,-0.01546,-0.01508
1779372212.5094,plane,3000,19,0.10499,0.04842,0.013607,0.13957,0.06647,64.54,-0.00410,0.00248
1779372212.6044,plane,3001,9,0.49518,0.50191,0.032864,0.15581,0.14931,82.11,0.00001,-0.00051
1779372212.6044,plane,3001,18,0.96502,0.15362,0.018280,0.13987,0.07299,152.12,0.01264,0.01280
1779372212.6044,plane,3001,19,0.10511,0.04844,0.013248,0.14509,0.07137,63.88,0.00133,0.00023
1779372212.7019,plane,3002,9,0.49519,0.50189,0.032862,0.15582,0.14930,82.31,0.00012,-0.00016
1779372212.7019,plane,3002,18,0.96514,0.15334,0.018309,0.13955,0.06749,153.92,0.00117,-0.00291
1779372212.7019,plane,3002,19,0.10473,0.04857,0.013396,0.14512,0.06913,64.48,-0.00395,0.00131
1779372212.7965,plane,3003,9,0.49517,0.50193,0.032857,0.15580,0.14930,81.91,-0.00027,0.00040
1779372212.7965,plane,3003,18,0.96614,0.15512,0.017775,0.10974,0.05012,154.91,0.01054,0.01862
1779372212.7965,plane,3003,19,0.10677,0.04704,0.012951,0.15088,0.07261,64.36,0.02146,-0.01607
1779372212.9085,plane,3004,9,0.49518,0.50182,0.032859,0.15585,0.14927,81.83,0.00014,-0.00093
1779372212.9085,plane,3004,18,0.96503,0.15376,0.018661,0.13209,0.06370,153.66,-0.00993,-0.01213
1779372212.9085,plane,3004,19,0.10528,0.04762,0.013180,0.15565,0.07337,64.72,-0.01338,0.00526
1779372213.0044,plane,3005,9,0.49516,0.50190,0.032845,0.15579,0.14927,82.03,-0.00023,0.00075
1779372213.0044,plane,3005,18,0.96532,0.15403,0.018214,0.12675,0.06283,153.16,0.00302,0.00280
1779372213.0044,plane,3005,19,0.10647,0.04644,0.012841,0.14334,0.07268,63.25,0.01245,-0.01242
1779372213.1014,plane,3006,9,0.49518,0.50190,0.032849,0.15582,0.14925,81.94,0.00019,0.00004
1779372213.1014,plane,3006,18,0.96594,0.15481,0.017890,0.13049,0.06288,153.94,0.00646,0.00810
1779372213.1014,plane,3006,19,0.10752,0.04645,0.012865,0.13146,0.07329,61.10,0.01088,0.00014
1779372213.1971,plane,3007,9,0.49516,0.50189,0.032859,0.15582,0.14928,81.95,-0.00018,-0.00007
1779372213.1971,plane,3007,18,0.96490,0.15341,0.018419,0.13728,0.06766,153.20,-0.01088,-0.01464
1779372213.1971,plane,3007,19,0.10483,0.04875,0.013331,0.14669,0.06869,64.75,-0.02809,0.02405
1779372213.3100,plane,3008,9,0.49518,0.50184,0.032854,0.15583,0.14925,82.04,0.00011,-0.00046
1779372213.3100,plane,3008,18,0.96381,0.15252,0.019197,0.12870,0.06046,154.42,-0.00969,-0.00793
1779372213.3100,plane,3008,19,0.10258,0.05019,0.013967,0.13833,0.06483,64.87,-0.02000,0.01283
1779372213.4048,plane,3009,9,0.49517,0.50197,0.032840,0.15581,0.14925,81.81,-0.00003,0.00130
1779372213.4048,plane,3009,18,0.96622,0.15535,0.017890,0.12981,0.06117,154.32,0.02517,0.02964
1779372213.4048,plane,3009,19,0.10714,0.04660,0.012941,0.16117,0.07866,64.04,0.04768,-0.03766
1779372213.5012,plane,3010,9,0.49517,0.50189,0.032862,0.15582,0.14930,81.96,-0.00001,-0.00074
1779372213.5012,plane,3010,18,0.96475,0.15293,0.018439,0.12473,0.06185,153.16,-0.01526,-0.02513
1779372213.5012,plane,3010,19,0.10415,0.04885,0.013435,0.13191,0.06463,64.02,-0.03101,0.02342
1779372213.5983,plane,3011,9,0.49517,0.50195,0.032861,0.15581,0.14932,81.87,-0.00001,0.00056
1779372213.5983,plane,3011,18,0.96482,0.15380,0.018728,0.12178,0.05409,155.71,0.00074,0.00898
1779372213.5983,plane,3011,19,0.10611,0.04766,0.013297,0.15900,0.07247,65.28,0.02034,-0.01238
1779372213.7090,plane,3012,9,0.49518,0.50197,0.032852,0.15582,0.14927,81.96,0.00008,0.00017
1779372213.7090,plane,3012,18,0.96457,0.15337,0.018799,0.14197,0.06819,153.91,-0.00223,-0.00382
1779372213.7090,plane,3012,19,0.10493,0.04866,0.013565,0.14100,0.06793,64.31,-0.01056,0.00897
1779372213.8046,plane,3013,9,0.49518,0.50199,0.032847,0.15581,0.14927,81.80,-0.00004,0.00019
1779372213.8046,plane,3013,18,0.96574,0.15454,0.018007,0.14260,0.07288,152.27,0.01222,0.01227
1779372213.8046,plane,3013,19,0.10788,0.04669,0.012856,0.15118,0.07249,64.38,0.03079,-0.02061
1779372213.9001,plane,3014,9,0.49519,0.50200,0.032845,0.15583,0.14926,81.92,0.00016,0.00016
1779372213.9001,plane,3014,18,0.96528,0.15411,0.018278,0.12646,0.06186,153.53,-0.00481,-0.00459
1779372213.9001,plane,3014,19,0.10601,0.04788,0.013351,0.14801,0.07254,63.97,-0.01976,0.01255
1779372213.9960,plane,3015,9,0.49518,0.50204,0.032844,0.15581,0.14930,81.98,-0.00015,0.00044
1779372213.9960,plane,3015,18,0.96418,0.15293,0.019075,0.13741,0.06549,154.06,-0.01144,-0.01217
1779372213.9960,plane,3015,19,0.10499,0.04949,0.013860,0.13594,0.06779,63.27,-0.01046,0.01663
1779372214.1093,plane,3016,9,0.49516,0.50204,0.032834,0.15579,0.14925,81.90,-0.00014,-0.00007
1779372214.1093,plane,3016,18,0.96594,0.15488,0.017995,0.11277,0.05055,155.48,0.01559,0.01716
1779372214.1093,plane,3016,19,0.10690,0.04673,0.013134,0.14489,0.06952,64.37,0.01679,-0.02432
1779372214.2061,plane,3017,9,0.49519,0.50204,0.032835,0.15579,0.14927,81.89,0.00027,0.00008
1779372214.2061,plane,3017,18,0.96528,0.15392,0.018185,0.12331,0.05863,154.11,-0.00689,-0.00997
1779372214.2061,plane,3017,19,0.10602,0.04832,0.013233,0.14460,0.07237,63.44,-0.00907,0.01649
1779372214.3011,plane,3018,9,0.49519,0.50203,0.032847,0.15582,0.14928,81.93,-0.00001,-0.00012
1779372214.3011,plane,3018,18,0.96483,0.15364,0.018689,0.12779,0.05983,154.51,-0.00465,-0.00290
1779372214.3011,plane,3018,19,0.10523,0.04905,0.013657,0.13267,0.06336,64.47,-0.00828,0.00768
1779372214.3967,plane,3019,9,0.49518,0.50204,0.032844,0.15579,0.14930,82.05,-0.00005,0.00008
1779372214.3967,plane,3019,18,0.96575,0.15477,0.018085,0.14067,0.06832,153.68,0.00959,0.01178
1779372214.3967,plane,3019,19,0.10728,0.04708,0.012978,0.14963,0.07340,63.96,0.02140,-0.02063
1779372214.5090,plane,3020,9,0.49519,0.50200,0.032845,0.15582,0.14926,81.92,0.00008,-0.00037
1779372214.5090,plane,3020,18,0.96616,0.15493,0.017534,0.13596,0.06868,152.90,0.00369,0.00144
1779372214.5090,plane,3020,19,0.10907,0.04520,0.012470,0.12567,0.06370,63.14,0.01609,-0.01679
1779372214.6043,plane,3021,9,0.49521,0.50201,0.032852,0.15583,0.14930,82.23,0.00019,0.00010
1779372214.6043,plane,3021,18,0.96649,0.15590,0.017734,0.14020,0.07085,152.91,0.00343,0.01018
1779372214.6043,plane,3021,19,0.10636,0.04789,0.013089,0.14804,0.06903,65.02,-0.02836,0.02806
1779372214.7009,plane,3022,9,0.49520,0.50198,0.032854,0.15584,0.14927,81.70,-0.00014,-0.00031
1779372214.7009,plane,3022,18,0.96504,0.15384,0.018495,0.12459,0.05622,155.22,-0.01498,-0.02130
1779372214.7009,plane,3022,19,0.10547,0.04863,0.013511,0.14349,0.06705,64.94,-0.00920,0.00759
1779372214.7973,plane,3023,9,0.49520,0.50199,0.032849,0.15585,0.14924,81.94,0.00006,0.00014
1779372214.7973,plane,3023,18,0.96483,0.15348,0.018619,0.12930,0.05851,155.21,-0.00229,-0.00378
1779372214.7973,plane,3023,19,0.10564,0.04865,0.013523,0.13824,0.06667,64.32,0.00175,0.00022
1779372214.9102,plane,3024,9,0.49520,0.50201,0.032850,0.15583,0.14930,82.06,0.00001,0.00021
1779372214.9102,plane,3024,18,0.96479,0.15331,0.018428,0.14241,0.07061,153.07,-0.00032,-0.00148
1779372214.9102,plane,3024,19,0.10656,0.04771,0.013392,0.14277,0.06957,64.05,0.00813,-0.00825
1779372215.0050,plane,3025,9,0.49518,0.50200,0.032847,0.15583,0.14926,81.88,-0.00021,-0.00016
1779372215.0050,plane,3025,18,0.96425,0.15282,0.018990,0.12929,0.05984,154.43,-0.00567,-0.00516
1779372215.0050,plane,3025,19,0.10633,0.04761,0.013458,0.14020,0.06873,63.98,-0.00235,-0.00104
1779372215.1011,plane,3026,9,0.49520,0.50198,0.032850,0.15582,0.14927,81.77,0.00014,-0.00021
1779372215.1011,plane,3026,18,0.96576,0.15451,0.018065,0.13439,0.06451,153.88,0.01578,0.01769
1779372215.1011,plane,3026,19,0.10736,0.04675,0.012906,0.14300,0.07244,63.24,0.01069,-0.00907
1779372215.1961,plane,3027,9,0.49519,0.50196,0.032839,0.15582,0.14922,81.82,-0.00007,-0.00025
1779372215.1961,plane,3027,18,0.96632,0.15504,0.017656,0.13859,0.06759,153.43,0.00588,0.00553
1779372215.1961,plane,3027,19,0.10809,0.04603,0.012726,0.15630,0.07315,64.89,0.00766,-0.00749
1779372215.3085,plane,3028,9,0.49518,0.50204,0.032842,0.15581,0.14928,81.95,-0.00004,0.00073
1779372215.3085,plane,3028,18,0.96621,0.15545,0.017907,0.13508,0.06402,154.29,-0.00100,0.00362
1779372215.3085,plane,3028,19,0.10777,0.04700,0.013126,0.16565,0.07455,65.47,-0.00285,0.00865
1779372215.4052,plane,3029,9,0.49519,0.50204,0.032845,0.15580,0.14930,82.20,0.00004,0.00003
1779372215.4052,plane,3029,18,0.96623,0.15535,0.017873,0.14653,0.07054,153.89,0.00024,-0.00101
1779372215.4052,plane,3029,19,0.10728,0.04668,0.013043,0.14905,0.07315,63.92,-0.00511,-0.00335
1779372215.5012,plane,3030,9,0.49518,0.50205,0.032839,0.15577,0.14931,82.13,-0.00006,0.00008
1779372215.5012,plane,3030,18,0.96531,0.15402,0.018173,0.12433,0.05642,155.09,-0.00960,-0.01376
1779372215.5012,plane,3030,19,0.10706,0.04774,0.013136,0.14944,0.07259,64.11,-0.00224,0.01100
1779372215.5967,plane,3031,9,0.49518,0.50201,0.032845,0.15580,0.14928,81.87,-0.00001,-0.00042
1779372215.5967,plane,3031,18,0.96541,0.15424,0.018173,0.12709,0.06129,153.79,0.00112,0.00226
1779372215.5967,plane,3031,19,0.10729,0.04711,0.013021,0.14512,0.06991,64.30,0.00245,-0.00662
1779372215.7095,plane,3032,9,0.49520,0.50204,0.032854,0.15585,0.14930,82.25,0.00014,0.00032
1779372215.7095,plane,3032,18,0.96553,0.15438,0.018019,0.12604,0.06110,153.71,0.00109,0.00120
1779372215.7095,plane,3032,19,0.10712,0.04719,0.013080,0.14055,0.06589,64.77,-0.00154,0.00077
1779372215.8035,plane,3033,9,0.49521,0.50200,0.032866,0.15586,0.14932,82.40,0.00009,-0.00042
1779372215.8035,plane,3033,18,0.96578,0.15492,0.018307,0.12731,0.05953,154.64,0.00258,0.00573
1779372215.8035,plane,3033,19,0.10669,0.04691,0.013163,0.15741,0.06799,66.44,-0.00455,-0.00295
1779372215.9007,plane,3034,9,0.49521,0.50201,0.032856,0.15585,0.14930,82.22,0.00004,0.00009
1779372215.9007,plane,3034,18,0.96558,0.15460,0.018265,0.13429,0.06274,154.56,-0.00210,-0.00323
1779372215.9007,plane,3034,19,0.10633,0.04704,0.013307,0.15410,0.07121,65.16,-0.00370,0.00124
1779372215.9974,plane,3035,9,0.49518,0.50196,0.032850,0.15581,0.14927,81.84,-0.00033,-0.00050
1779372215.9974,plane,3035,18,0.96479,0.15356,0.018639,0.12911,0.06109,154.29,-0.00820,-0.01094
1779372215.9974,plane,3035,19,0.10546,0.04819,0.013341,0.13975,0.06846,63.83,-0.00906,0.01209
1779372216.1087,plane,3036,9,0.49521,0.50199,0.032845,0.15582,0.14925,82.15,0.00027,0.00021
1779372216.1087,plane,3036,18,0.96604,0.15461,0.018094,0.13330,0.06111,154.82,0.01111,0.00936
1779372216.1087,plane,3036,19,0.10695,0.04622,0.012807,0.11573,0.06274,61.68,0.01328,-0.01753
1779372216.2043,plane,3037,9,0.49522,0.50203,0.032844,0.15582,0.14926,82.03,0.00010,0.00045
1779372216.2043,plane,3037,18,0.96613,0.15445,0.017799,0.11214,0.05095,155.11,0.00094,-0.00162
1779372216.2043,plane,3037,19,0.10795,0.04663,0.012792,0.15553,0.07372,64.60,0.01040,0.00424
1779372216.3008,plane,3038,9,0.49517,0.50201,0.032830,0.15578,0.14924,81.89,-0.00051,-0.00026
1779372216.3008,plane,3038,18,0.96646,0.15514,0.017468,0.13336,0.06713,152.96,0.00342,0.00717
1779372216.3008,plane,3038,19,0.10793,0.04583,0.012580,0.15322,0.07332,64.49,-0.00014,-0.00834
1779372216.3970,plane,3039,9,0.49516,0.50195,0.032842,0.15579,0.14926,81.57,-0.00004,-0.00063
1779372216.3970,plane,3039,18,0.96608,0.15484,0.017736,0.12918,0.06261,153.65,-0.00392,-0.00310
1779372216.3970,plane,3039,19,0.10684,0.04631,0.012865,0.14623,0.07432,63.44,-0.01125,0.00493
1779372216.5086,plane,3040,9,0.49519,0.50200,0.032839,0.15584,0.14922,81.88,0.00024,0.00052
1779372216.5086,plane,3040,18,0.96594,0.15448,0.017736,0.12683,0.06097,153.86,-0.00125,-0.00326
1779372216.5086,plane,3040,19,0.10803,0.04623,0.012743,0.12018,0.06627,61.48,0.01066,-0.00068
1779372216.6053,plane,3041,9,0.49521,0.50202,0.032854,0.15583,0.14931,82.21,0.00017,0.00021
1779372216.6053,plane,3041,18,0.96527,0.15361,0.018226,0.14059,0.06971,153.15,-0.00697,-0.00899
1779372216.6053,plane,3041,19,0.10676,0.04748,0.013114,0.13547,0.06899,63.20,-0.01332,0.01303
1779372216.7011,plane,3042,9,0.49521,0.50199,0.032856,0.15586,0.14927,82.03,-0.00000,-0.00039
1779372216.7011,plane,3042,18,0.96494,0.15301,0.018319,0.12400,0.05840,154.27,-0.00337,-0.00625
1779372216.7011,plane,3042,19,0.10621,0.04776,0.013133,0.14466,0.06832,64.62,-0.00565,0.00292
1779372216.7964,plane,3043,9,0.49517,0.50197,0.032849,0.15583,0.14925,81.78,-0.00039,-0.00013
1779372216.7964,plane,3043,18,0.96545,0.15463,0.018209,0.12120,0.05402,155.46,0.00532,0.01698
1779372216.7964,plane,3043,19,0.10727,0.04651,0.013063,0.16495,0.07184,66.27,0.01111,-0.01311
1779372216.9085,plane,3044,9,0.49517,0.50194,0.032856,0.15580,0.14930,81.94,-0.00002,-0.00029
1779372216.9085,plane,3044,18,0.96438,0.15303,0.018768,0.13444,0.06676,153.20,-0.00950,-0.01427
1779372216.9085,plane,3044,19,0.10526,0.04832,0.013468,0.14240,0.06683,64.78,-0.01789,0.01614
1779372217.0049,plane,3045,9,0.49519,0.50200,0.032845,0.15582,0.14926,81.91,0.00024,0.00057
1779372217.0049,plane,3045,18,0.96539,0.15405,0.018460,0.13731,0.06221,155.01,0.01048,0.01059
1779372217.0049,plane,3045,19,0.10626,0.04751,0.013241,0.13982,0.06709,64.36,0.01032,-0.00841
1779372217.1007,plane,3046,9,0.49519,0.50200,0.032847,0.15582,0.14926,81.92,0.00004,0.00000
1779372217.1007,plane,3046,18,0.96546,0.15413,0.018056,0.12148,0.05562,154.99,0.00065,0.00083
1779372217.1007,plane,3046,19,0.10727,0.04644,0.013046,0.15355,0.07227,64.71,0.01062,-0.01118
1779372217.1975,plane,3047,9,0.49518,0.50201,0.032845,0.15582,0.14927,82.04,-0.00014,0.00016
1779372217.1975,plane,3047,18,0.96443,0.15278,0.018707,0.13662,0.06322,154.50,-0.01067,-0.01402
1779372217.1975,plane,3047,19,0.10508,0.04922,0.013704,0.13748,0.06524,64.42,-0.02295,0.02902
1779372217.3089,plane,3048,9,0.49521,0.50203,0.032850,0.15586,0.14928,82.25,0.00025,0.00018
1779372217.3089,plane,3048,18,0.96521,0.15403,0.018205,0.12853,0.06190,153.88,0.00695,0.01108
1779372217.3089,plane,3048,19,0.10687,0.04736,0.013138,0.14219,0.06704,64.73,0.01598,-0.01659
1779372217.4039,plane,3049,9,0.49519,0.50197,0.032849,0.15581,0.14927,81.71,-0.00021,-0.00069
1779372217.4039,plane,3049,18,0.96488,0.15324,0.018443,0.13305,0.06327,154.14,-0.00352,-0.00833
1779372217.4039,plane,3049,19,0.10640,0.04751,0.013172,0.14636,0.06992,64.47,-0.00491,0.00162
1779372217.5017,plane,3050,9,0.49516,0.50201,0.032837,0.15579,0.14926,81.80,-0.00027,0.00047
1779372217.5017,plane,3050,18,0.96575,0.15472,0.017960,0.13991,0.06772,153.77,0.00894,0.01526
1779372217.5017,plane,3050,19,0.10695,0.04661,0.013089,0.15152,0.07475,63.78,0.00566,-0.00928
1779372217.5961,plane,3051,9,0.49519,0.50196,0.032852,0.15581,0.14928,81.85,0.00025,-0.00060
1779372217.5961,plane,3051,18,0.96649,0.15579,0.017753,0.11075,0.04872,155.90,0.00780,0.01126
1779372217.5961,plane,3051,19,0.10708,0.04656,0.012865,0.15015,0.07680,63.20,0.00131,-0.00056
1779372217.7081,plane,3052,9,0.49521,0.50202,0.032852,0.15584,0.14930,82.12,0.00017,0.00054
1779372217.7081,plane,3052,18,0.96472,0.15344,0.018684,0.13651,0.06353,154.61,-0.01586,-0.02097
1779372217.7081,plane,3052,19,0.10649,0.04693,0.013246,0.12345,0.06043,63.88,-0.00523,0.00329
1779372217.8049,plane,3053,9,0.49519,0.50194,0.032864,0.15584,0.14930,81.98,-0.00018,-0.00085
1779372217.8049,plane,3053,18,0.96413,0.15271,0.019057,0.12346,0.05471,155.68,-0.00612,-0.00770
1779372217.8049,plane,3053,19,0.10311,0.05024,0.013967,0.13845,0.06337,65.27,-0.03551,0.03483
1779372217.9011,plane,3054,9,0.49518,0.50194,0.032861,0.15583,0.14931,82.03,-0.00012,0.00008
1779372217.9011,plane,3054,18,0.96500,0.15387,0.018551,0.13114,0.05864,155.45,0.00885,0.01184
1779372217.9011,plane,3054,19,0.10535,0.04798,0.013453,0.14436,0.07052,64.03,0.02286,-0.02311
1779372217.9966,plane,3055,9,0.49519,0.50199,0.032845,0.15582,0.14924,81.79,0.00017,0.00045
1779372217.9966,plane,3055,18,0.96535,0.15425,0.018458,0.12728,0.05752,155.30,0.00367,0.00399
1779372217.9966,plane,3055,19,0.10574,0.04792,0.013353,0.14140,0.06763,64.48,0.00407,-0.00066
1779372218.1091,plane,3056,9,0.49521,0.50202,0.032857,0.15587,0.14929,82.17,0.00014,0.00028
1779372218.1091,plane,3056,18,0.96407,0.15246,0.018941,0.14077,0.06740,153.91,-0.01142,-0.01598
1779372218.1091,plane,3056,19,0.10494,0.04899,0.013726,0.14338,0.06837,64.55,-0.00715,0.00958
1779372218.2050,plane,3057,9,0.49519,0.50203,0.032847,0.15583,0.14927,82.06,-0.00014,0.00017
1779372218.2050,plane,3057,18,0.96543,0.15423,0.018224,0.12726,0.06017,154.30,0.01401,0.01831
1779372218.2050,plane,3057,19,0.10681,0.04736,0.013201,0.15085,0.07004,65.11,0.01935,-0.01684
1779372218.3005,plane,3058,9,0.49518,0.50198,0.032839,0.15580,0.14925,81.75,-0.00017,-0.00052
1779372218.3005,plane,3058,18,0.96844,0.15842,0.016793,0.13338,0.06053,155.02,0.03150,0.04381
1779372218.3005,plane,3058,19,0.11167,0.04284,0.012171,0.12857,0.06349,63.76,0.05089,-0.04731
1779372218.3963,plane,3059,9,0.49517,0.50203,0.032822,0.15575,0.14922,82.11,-0.00005,0.00050
1779372218.3963,plane,3059,18,0.97053,0.16214,0.015774,0.12120,0.05231,156.08,0.02182,0.03883
1779372218.3963,plane,3059,19,0.11561,0.04038,0.011383,0.12872,0.06415,63.46,0.04109,-0.02571
1779372218.5085,plane,3060,9,0.49522,0.50200,0.032852,0.15581,0.14931,82.33,0.00041,-0.00030
1779372218.5085,plane,3060,18,0.96797,0.15731,0.016691,0.11873,0.05695,153.89,-0.02277,-0.04306
1779372218.5085,plane,3060,19,0.10996,0.04351,0.011990,0.12508,0.06297,63.32,-0.05038,0.02794
1779372218.6047,plane,3061,9,0.49519,0.50197,0.032839,0.15578,0.14925,81.99,-0.00027,-0.00029
1779372218.6047,plane,3061,18,0.96810,0.15759,0.016708,0.13217,0.06357,153.83,0.00133,0.00295
1779372218.6047,plane,3061,19,0.11093,0.04310,0.011885,0.12603,0.06475,62.92,0.01012,-0.00433
1779372218.7012,plane,3062,9,0.49519,0.50195,0.032852,0.15584,0.14925,81.76,-0.00005,-0.00016
1779372218.7012,plane,3062,18,0.96599,0.15490,0.017963,0.14501,0.07143,153.27,-0.02183,-0.02788
1779372218.7012,plane,3062,19,0.10674,0.04737,0.012906,0.13981,0.07437,62.32,-0.04344,0.04429
1779372218.7963,plane,3063,9,0.49519,0.50200,0.032854,0.15583,0.14931,82.05,0.00002,0.00054
1779372218.7963,plane,3063,18,0.96518,0.15369,0.018231,0.13013,0.06366,153.61,-0.00852,-0.01271
1779372218.7963,plane,3063,19,0.10607,0.04799,0.013528,0.13760,0.06746,63.91,-0.00710,0.00655
1779372218.9076,plane,3064,9,0.49521,0.50203,0.032854,0.15585,0.14929,82.29,0.00017,0.00025
1779372218.9076,plane,3064,18,0.96511,0.15367,0.018378,0.12614,0.05864,154.73,-0.00070,-0.00025
1779372218.9076,plane,3064,19,0.10654,0.04754,0.013172,0.13788,0.07029,63.27,0.00423,-0.00408
1779372219.0043,plane,3065,9,0.49518,0.50195,0.032852,0.15582,0.14927,81.86,-0.00027,-0.00084
1779372219.0043,plane,3065,18,0.96592,0.15509,0.017958,0.14395,0.07111,153.23,0.00842,0.01471
1779372219.0043,plane,3065,19,0.10570,0.04776,0.013145,0.14160,0.06923,64.08,-0.00865,0.00234
1779372219.1003,plane,3066,9,0.49519,0.50195,0.032861,0.15583,0.14930,82.02,0.00001,-0.00005
1779372219.1003,plane,3066,18,0.96518,0.15409,0.018478,0.13511,0.06406,154.34,-0.00777,-0.01045
1779372219.1003,plane,3066,19,0.10510,0.04879,0.013436,0.14280,0.06732,64.71,-0.00626,0.01064
1779372219.1966,plane,3067,9,0.49519,0.50195,0.032857,0.15582,0.14929,82.01,0.00004,0.00004
1779372219.1966,plane,3067,18,0.96749,0.15696,0.017214,0.13045,0.05991,154.80,0.02406,0.02981
1779372219.1966,plane,3067,19,0.10923,0.04477,0.012436,0.12175,0.05939,63.97,0.04287,-0.04173
1779372219.3083,plane,3068,9,0.49521,0.50201,0.032854,0.15584,0.14930,82.23,0.00015,0.00057
1779372219.3083,plane,3068,18,0.96566,0.15395,0.017948,0.13155,0.06392,153.47,-0.01638,-0.02690
1779372219.3083,plane,3068,19,0.10753,0.04678,0.013004,0.15197,0.07206,64.72,-0.01517,0.01805
1779372219.4045,plane,3069,9,0.49519,0.50200,0.032847,0.15583,0.14926,81.91,-0.00012,-0.00019
1779372219.4045,plane,3069,18,0.96442,0.15297,0.018668,0.13720,0.06604,153.79,-0.01293,-0.01024
1779372219.4045,plane,3069,19,0.10566,0.04855,0.013397,0.14329,0.06771,64.61,-0.01940,0.01834
1779372219.5001,plane,3070,9,0.49520,0.50201,0.032852,0.15583,0.14930,82.22,0.00008,0.00019
1779372219.5001,plane,3070,18,0.96389,0.15255,0.019185,0.13901,0.06571,154.13,-0.00552,-0.00433
1779372219.5001,plane,3070,19,0.10485,0.04949,0.013638,0.14364,0.06513,65.38,-0.00851,0.00989
1779372219.5958,plane,3071,9,0.49520,0.50200,0.032856,0.15582,0.14931,82.08,-0.00001,-0.00020
1779372219.5958,plane,3071,18,0.96609,0.15517,0.017956,0.12387,0.05512,155.44,0.02295,0.02733
1779372219.5958,plane,3071,19,0.10688,0.04712,0.012973,0.13800,0.06770,63.84,0.02121,-0.02486
1779372219.7083,plane,3072,9,0.49519,0.50194,0.032849,0.15579,0.14929,82.04,-0.00011,-0.00047
1779372219.7083,plane,3072,18,0.96717,0.15644,0.017203,0.13461,0.06725,152.92,0.00969,0.01136
1779372219.7083,plane,3072,19,0.10931,0.04424,0.012229,0.11672,0.06162,62.26,0.02164,-0.02561
1779372219.8043,plane,3073,9,0.49521,0.50191,0.032842,0.15577,0.14926,82.35,0.00019,-0.00029
1779372219.8043,plane,3073,18,0.96667,0.15546,0.017551,0.12807,0.06196,153.72,-0.00526,-0.01024
1779372219.8043,plane,3073,19,0.10824,0.04581,0.012563,0.13227,0.07424,60.86,-0.01123,0.01636
1779372219.9014,plane,3074,9,0.49521,0.50195,0.032844,0.15582,0.14923,82.05,0.00005,0.00035
1779372219.9014,plane,3074,18,0.96636,0.15478,0.017497,0.11949,0.05667,154.14,-0.00323,-0.00704
1779372219.9014,plane,3074,19,0.10958,0.04531,0.012519,0.12002,0.06344,62.18,0.01386,-0.00515
1779372219.9960,plane,3075,9,0.49519,0.50194,0.032842,0.15583,0.14923,82.06,-0.00023,-0.00007
1779372219.9960,plane,3075,18,0.96701,0.15626,0.017512,0.13113,0.05957,154.92,0.00688,0.01558
1779372219.9960,plane,3075,19,0.10740,0.04619,0.012631,0.14997,0.07693,63.05,-0.02291,0.00928
1779372220.1081,plane,3076,9,0.49520,0.50198,0.032847,0.15584,0.14925,82.01,0.00009,0.00030
1779372220.1081,plane,3076,18,0.96548,0.15415,0.018211,0.12569,0.05806,154.72,-0.01369,-0.01877
1779372220.1081,plane,3076,19,0.10774,0.04624,0.012972,0.14708,0.06588,65.76,0.00303,0.00044
1779372220.2042,plane,3077,9,0.49520,0.50199,0.032852,0.15585,0.14926,82.05,-0.00000,0.00018
1779372220.2042,plane,3077,18,0.96461,0.15318,0.018738,0.13569,0.06553,153.82,-0.00902,-0.01016
1779372220.2042,plane,3077,19,0.10502,0.04878,0.013536,0.13617,0.07185,62.49,-0.02830,0.02644
1779372220.3004,plane,3078,9,0.49519,0.50195,0.032854,0.15582,0.14929,82.07,-0.00004,-0.00041
1779372220.3004,plane,3078,18,0.96478,0.15337,0.018609,0.13618,0.06257,154.57,0.00179,0.00202
1779372220.3004,plane,3078,19,0.10618,0.04735,0.013119,0.15032,0.07203,64.35,0.01208,-0.01493
1779372220.3959,plane,3079,9,0.49520,0.50198,0.032845,0.15581,0.14926,81.92,0.00002,0.00027
1779372220.3959,plane,3079,18,0.96804,0.15782,0.017014,0.13212,0.05574,156.70,0.03418,0.04676
1779372220.3959,plane,3079,19,0.10781,0.04591,0.012511,0.12107,0.06530,61.81,0.01706,-0.01511
1779372220.5086,plane,3080,9,0.49518,0.50194,0.032849,0.15582,0.14926,81.75,-0.00014,-0.00033
1779372220.5086,plane,3080,18,0.96650,0.15578,0.017790,0.12918,0.06016,154.47,-0.01361,-0.01809
1779372220.5086,plane,3080,19,0.10747,0.04643,0.012755,0.14901,0.07154,64.38,-0.00296,0.00462
1779372220.6041,plane,3081,9,0.49519,0.50196,0.032840,0.15580,0.14924,81.91,0.00006,0.00015
1779372220.6041,plane,3081,18,0.96657,0.15561,0.017690,0.12976,0.06162,154.12,0.00077,-0.00184
1779372220.6041,plane,3081,19,0.10700,0.04630,0.012821,0.11942,0.06238,62.55,-0.00492,-0.00127
1779372220.7001,plane,3082,9,0.49519,0.50197,0.032845,0.15580,0.14926,81.91,0.00003,0.00015
1779372220.7001,plane,3082,18,0.96501,0.15375,0.018419,0.13931,0.06820,153.59,-0.01627,-0.01936
1779372220.7001,plane,3082,19,0.10499,0.04826,0.013457,0.14300,0.06776,64.69,-0.02098,0.02032
1779372220.7967,plane,3083,9,0.49519,0.50198,0.032847,0.15582,0.14925,81.79,0.00003,0.00008
1779372220.7967,plane,3083,18,0.96439,0.15238,0.018422,0.12325,0.05996,153.67,-0.00647,-0.01413
1779372220.7967,plane,3083,19,0.10657,0.04757,0.012967,0.13783,0.06800,63.85,0.01643,-0.00713
1779372220.9080,plane,3084,9,0.49520,0.50196,0.032852,0.15582,0.14927,81.95,0.00006,-0.00018
1779372220.9080,plane,3084,18,0.96583,0.15458,0.018005,0.14279,0.07145,153.22,0.01293,0.01969
1779372220.9080,plane,3084,19,0.10605,0.04715,0.012889,0.15043,0.07214,64.41,-0.00472,-0.00372
1779372221.0045,plane,3085,9,0.49520,0.50200,0.032847,0.15584,0.14925,81.90,-0.00001,0.00045
1779372221.0045,plane,3085,18,0.96502,0.15347,0.018229,0.12341,0.05851,154.31,-0.00834,-0.01149
1779372221.0045,plane,3085,19,0.10663,0.04771,0.013063,0.14128,0.06604,64.89,0.00600,0.00576
1779372221.1005,plane,3086,9,0.49519,0.50194,0.032854,0.15581,0.14928,81.77,-0.00012,-0.00063
1779372221.1005,plane,3086,18,0.96644,0.15557,0.017900,0.11074,0.04640,156.94,0.01471,0.02182
1779372221.1005,plane,3086,19,0.10632,0.04689,0.012973,0.14581,0.06691,65.33,-0.00319,-0.00845
1779372221.1961,plane,3087,9,0.49520,0.50196,0.032847,0.15581,0.14926,81.75,0.00008,0.00015
1779372221.1961,plane,3087,18,0.96565,0.15440,0.018058,0.14019,0.06824,153.69,-0.00828,-0.01219
1779372221.1961,plane,3087,19,0.10633,0.04716,0.012892,0.14467,0.07202,63.60,0.00015,0.00283
1779372221.3080,plane,3088,9,0.49518,0.50194,0.032854,0.15582,0.14928,81.94,-0.00013,-0.00013
1779372221.3080,plane,3088,18,0.96492,0.15366,0.018553,0.13607,0.06441,153.90,-0.00651,-0.00664
1779372221.3080,plane,3088,19,0.10557,0.04785,0.013199,0.14378,0.06720,64.92,-0.00680,0.00616
1779372221.4042,plane,3089,9,0.49519,0.50193,0.032854,0.15581,0.14928,82.09,0.00012,-0.00014
1779372221.4042,plane,3089,18,0.96551,0.15440,0.018149,0.13203,0.06577,153.31,0.00615,0.00766
1779372221.4042,plane,3089,19,0.10638,0.04770,0.013107,0.14466,0.06965,64.37,0.00844,-0.00165
1779372221.5003,plane,3090,9,0.49519,0.50194,0.032852,0.15579,0.14929,82.00,0.00002,0.00013
1779372221.5003,plane,3090,18,0.96454,0.15274,0.018551,0.13014,0.06080,154.44,-0.01008,-0.01724
1779372221.5003,plane,3090,19,0.10697,0.04633,0.013021,0.14430,0.06772,64.98,0.00611,-0.01424
1779372221.5967,plane,3091,9,0.49519,0.50192,0.032859,0.15583,0.14929,81.99,-0.00009,-0.00028
1779372221.5967,plane,3091,18,0.96507,0.15342,0.018282,0.12277,0.05742,154.38,0.00544,0.00703
1779372221.5967,plane,3091,19,0.10696,0.04714,0.013043,0.15328,0.07254,64.73,-0.00014,0.00848
1779372221.7080,plane,3092,9,0.49519,0.50190,0.032856,0.15582,0.14927,82.08,0.00008,-0.00011
1779372221.7080,plane,3092,18,0.96521,0.15369,0.018087,0.13799,0.07074,152.32,0.00127,0.00242
1779372221.7080,plane,3092,19,0.10603,0.04729,0.012989,0.14859,0.07135,64.38,-0.00833,0.00130
1779372221.8048,plane,3093,9,0.49519,0.50193,0.032854,0.15582,0.14928,82.11,-0.00000,0.00026
1779372221.8048,plane,3093,18,0.96537,0.15421,0.018244,0.12440,0.05886,153.99,0.00165,0.00541
1779372221.8048,plane,3093,19,0.10593,0.04805,0.013150,0.14832,0.07246,63.91,-0.00106,0.00795
1779372221.9008,plane,3094,9,0.49519,0.50191,0.032867,0.15585,0.14931,82.10,-0.00003,-0.00020
1779372221.9008,plane,3094,18,0.96471,0.15310,0.018422,0.13291,0.06512,153.13,-0.00677,-0.01140
1779372221.9008,plane,3094,19,0.10397,0.04922,0.013521,0.14237,0.06824,64.32,-0.02033,0.01205
1779372221.9958,plane,3095,9,0.49519,0.50193,0.032849,0.15582,0.14925,82.02,-0.00001,0.00022
1779372221.9958,plane,3095,18,0.96516,0.15365,0.018319,0.12776,0.06036,154.16,0.00474,0.00579
1779372221.9958,plane,3095,19,0.10723,0.04655,0.012936,0.11612,0.06130,62.32,0.03452,-0.02819
1779372222.1093,plane,3096,9,0.49517,0.50193,0.032844,0.15580,0.14926,81.95,-0.00014,-0.00005
1779372222.1093,plane,3096,18,0.96605,0.15518,0.017897,0.13152,0.06161,154.44,0.00786,0.01356
1779372222.1093,plane,3096,19,0.10730,0.04640,0.012829,0.15126,0.07379,64.01,0.00056,-0.00137
1779372222.2052,plane,3097,9,0.49519,0.50195,0.032834,0.15578,0.14923,81.99,0.00019,0.00027
1779372222.2052,plane,3097,18,0.96812,0.15845,0.016788,0.12939,0.06161,154.02,0.02141,0.03376
1779372222.2052,plane,3097,19,0.11022,0.04374,0.012024,0.12233,0.06019,63.73,0.03021,-0.02747
1779372222.3000,plane,3098,9,0.49520,0.50196,0.032842,0.15580,0.14925,82.08,0.00005,0.00009
1779372222.3000,plane,3098,18,0.96610,0.15501,0.017766,0.13142,0.06703,152.76,-0.02128,-0.03622
1779372222.3000,plane,3098,19,0.10626,0.04675,0.012956,0.14473,0.07184,63.73,-0.04170,0.03176
1779372222.3963,plane,3099,9,0.49519,0.50195,0.032852,0.15579,0.14930,81.93,-0.00010,-0.00015
1779372222.3963,plane,3099,18,0.96434,0.15269,0.018692,0.12983,0.06215,154.03,-0.01829,-0.02411
1779372222.3963,plane,3099,19,0.10507,0.04803,0.013368,0.14085,0.07004,63.77,-0.01235,0.01331
1779372222.5083,plane,3100,9,0.49519,0.50194,0.032849,0.15579,0.14929,82.00,-0.00000,-0.00010
1779372222.5083,plane,3100,18,0.96664,0.15605,0.017580,0.12391,0.05509,155.59,0.02061,0.03001
1779372222.5083,plane,3100,19,0.10763,0.04543,0.012514,0.12415,0.06587,62.21,0.02284,-0.02329
1779372222.6039,plane,3101,9,0.49518,0.50196,0.032854,0.15580,0.14930,81.88,-0.00008,0.00023
1779372222.6039,plane,3101,18,0.96633,0.15545,0.017466,0.12685,0.06234,153.51,-0.00328,-0.00633
1779372222.6039,plane,3101,19,0.10662,0.04640,0.012697,0.15039,0.07408,64.03,-0.01056,0.01018
1779372222.7012,plane,3102,9,0.49519,0.50195,0.032861,0.15581,0.14932,82.05,0.00006,-0.00011
1779372222.7012,plane,3102,18,0.96411,0.15244,0.018918,0.12822,0.05972,154.56,-0.02301,-0.03109
1779372222.7012,plane,3102,19,0.10409,0.04923,0.013641,0.13701,0.06681,64.02,-0.02617,0.02927
1779372222.7973,plane,3103,9,0.49520,0.50196,0.032861,0.15585,0.14929,82.15,0.00014,0.00009
1779372222.7973,plane,3103,18,0.96475,0.15316,0.018531,0.13281,0.06379,153.76,0.00666,0.00744
1779372222.7973,plane,3103,19,0.10541,0.04814,0.013340,0.13986,0.06526,64.97,0.01363,-0.01123
1779372222.9089,plane,3104,9,0.49519,0.50192,0.032859,0.15585,0.14926,82.26,-0.00012,-0.00036
1779372222.9089,plane,3104,18,0.96557,0.15441,0.018127,0.13391,0.06519,153.47,0.00730,0.01120
1779372222.9089,plane,3104,19,0.10620,0.04768,0.013051,0.14247,0.07191,63.27,0.00711,-0.00417
1779372223.0042,plane,3105,9,0.49518,0.50192,0.032867,0.15585,0.14931,82.07,-0.00002,0.00004
1779372223.0042,plane,3105,18,0.96474,0.15343,0.018582,0.13695,0.06458,154.23,-0.00864,-0.01033
1779372223.0042,plane,3105,19,0.10638,0.04732,0.013138,0.15103,0.07192,64.64,0.00189,-0.00377
1779372223.1004,plane,3106,9,0.49519,0.50191,0.032859,0.15585,0.14927,82.11,0.00002,-0.00014
1779372223.1004,plane,3106,18,0.96519,0.15343,0.018287,0.12252,0.05676,154.53,0.00461,0.00004
1779372223.1004,plane,3106,19,0.10422,0.04874,0.013253,0.15017,0.06936,65.12,-0.02255,0.01487
1779372223.1958,plane,3107,9,0.49519,0.50188,0.032852,0.15582,0.14926,82.12,0.00006,-0.00025
1779372223.1958,plane,3107,18,0.96539,0.15394,0.018166,0.12471,0.05903,154.34,0.00214,0.00536
1779372223.1958,plane,3107,19,0.10671,0.04661,0.013009,0.14246,0.07057,63.88,0.02618,-0.02245
1779372223.3087,plane,3108,9,0.49518,0.50190,0.032852,0.15582,0.14926,81.96,-0.00007,0.00013
1779372223.3087,plane,3108,18,0.96556,0.15418,0.018270,0.12768,0.05906,154.59,0.00153,0.00210
1779372223.3087,plane,3108,19,0.10443,0.04890,0.013577,0.14322,0.06882,64.29,-0.02020,0.02028
1779372223.4042,plane,3109,9,0.49518,0.50195,0.032852,0.15582,0.14927,82.07,0.00001,0.00053
1779372223.4042,plane,3109,18,0.96502,0.15332,0.018480,0.14073,0.06599,154.34,-0.00567,-0.00896
1779372223.4042,plane,3109,19,0.10611,0.04722,0.013155,0.15509,0.07264,64.76,0.01760,-0.01755
1779372223.5002,plane,3110,9,0.49519,0.50189,0.032852,0.15581,0.14926,82.14,0.00001,-0.00060
1779372223.5002,plane,3110,18,0.96590,0.15466,0.018000,0.12569,0.05872,154.38,0.00915,0.01393
1779372223.5002,plane,3110,19,0.10581,0.04752,0.013090,0.14272,0.06610,65.07,-0.00308,0.00307
1779372223.5965,plane,3111,9,0.49520,0.50193,0.032854,0.15580,0.14928,81.98,0.00011,0.00044
1779372223.5965,plane,3111,18,0.96525,0.15384,0.018273,0.12539,0.05945,154.16,-0.00671,-0.00853
1779372223.5965,plane,3111,19,0.10501,0.04814,0.013270,0.14289,0.06567,65.19,-0.00839,0.00650
1779372223.7084,plane,3112,9,0.49520,0.50195,0.032850,0.15582,0.14927,81.92,0.00001,0.00019
1779372223.7084,plane,3112,18,0.96447,0.15350,0.019068,0.12571,0.05583,155.57,-0.00705,-0.00302
1779372223.7084,plane,3112,19,0.10420,0.04923,0.013721,0.14690,0.06745,65.28,-0.00717,0.00971
1779372223.8041,plane,3113,9,0.49520,0.50195,0.032850,0.15583,0.14925,81.83,0.00001,-0.00002
1779372223.8041,plane,3113,18,0.96582,0.15428,0.017782,0.13981,0.06963,152.92,0.01411,0.00814
1779372223.8041,plane,3113,19,0.10831,0.04581,0.012734,0.15666,0.07765,63.81,0.04279,-0.03565
1779372223.9009,plane,3114,9,0.49519,0.50196,0.032854,0.15581,0.14929,81.83,-0.00010,0.00004
1779372223.9009,plane,3114,18,0.96493,0.15363,0.018370,0.13405,0.06639,153.36,-0.00930,-0.00680
1779372223.9009,plane,3114,19,0.10558,0.04791,0.013433,0.13844,0.06500,64.82,-0.02845,0.02189
1779372223.9972,plane,3115,9,0.49520,0.50197,0.032854,0.15585,0.14926,82.08,0.00011,0.00019
1779372223.9972,plane,3115,18,0.96465,0.15339,0.018575,0.13580,0.06707,153.37,-0.00290,-0.00249
1779372223.9972,plane,3115,19,0.10593,0.04791,0.013358,0.14394,0.06818,64.65,0.00367,0.00005
1779372224.1092,plane,3116,9,0.49519,0.50196,0.032859,0.15584,0.14929,82.04,-0.00010,-0.00008
1779372224.1092,plane,3116,18,0.96503,0.15397,0.018587,0.13103,0.06139,154.55,0.00337,0.00520
1779372224.1092,plane,3116,19,0.10520,0.04820,0.013429,0.11071,0.05607,63.14,-0.00654,0.00252
1779372224.2046,plane,3117,9,0.49519,0.50194,0.032861,0.15584,0.14929,82.04,-0.00001,-0.00023
1779372224.2046,plane,3117,18,0.96615,0.15474,0.017885,0.11852,0.05333,155.09,0.01176,0.00802
1779372224.2046,plane,3117,19,0.10617,0.04708,0.012972,0.14547,0.07397,63.22,0.01018,-0.01173
1779372224.2996,plane,3118,9,0.49519,0.50197,0.032850,0.15582,0.14926,81.89,0.00005,0.00031
1779372224.2996,plane,3118,18,0.96554,0.15411,0.018080,0.12449,0.05925,153.92,-0.00641,-0.00665
1779372224.2996,plane,3118,19,0.10656,0.04698,0.013006,0.16081,0.07243,65.62,0.00417,-0.00098
1779372224.3962,plane,3119,9,0.49519,0.50195,0.032866,0.15586,0.14930,82.03,0.00003,-0.00021
1779372224.3962,plane,3119,18,0.96443,0.15319,0.018882,0.13307,0.06379,153.99,-0.01146,-0.00955
1779372224.3962,plane,3119,19,0.10316,0.05034,0.013808,0.12701,0.06073,64.44,-0.03526,0.03477
1779372224.5092,plane,3120,9,0.49519,0.50195,0.032850,0.15580,0.14928,81.88,-0.00004,0.00001
1779372224.5092,plane,3120,18,0.96417,0.15224,0.018687,0.12432,0.05998,153.69,-0.00237,-0.00840
1779372224.5092,plane,3120,19,0.10565,0.04778,0.013209,0.13968,0.06983,63.57,0.02197,-0.02260
1779372224.6041,plane,3121,9,0.49519,0.50192,0.032861,0.15580,0.14931,81.96,-0.00004,-0.00036
1779372224.6041,plane,3121,18,0.96501,0.15340,0.018170,0.12157,0.05800,153.84,0.00887,0.01227
1779372224.6041,plane,3121,19,0.10633,0.04724,0.013014,0.15700,0.07447,64.68,0.00718,-0.00573
1779372224.7002,plane,3122,9,0.49519,0.50190,0.032862,0.15583,0.14930,82.00,0.00000,-0.00017
1779372224.7002,plane,3122,18,0.96384,0.15217,0.019162,0.13644,0.06501,153.80,-0.01217,-0.01277
1779372224.7002,plane,3122,19,0.10286,0.05064,0.013979,0.13514,0.06556,64.10,-0.03605,0.03532
1779372224.7965,plane,3123,9,0.49517,0.50191,0.032852,0.15580,0.14929,82.03,-0.00013,0.00013
1779372224.7965,plane,3123,18,0.96538,0.15394,0.018000,0.12294,0.06078,153.11,0.01607,0.01840
1779372224.7965,plane,3123,19,0.10603,0.04781,0.013170,0.15643,0.07045,65.70,0.03294,-0.02939
1779372224.9085,plane,3124,9,0.49519,0.50192,0.032850,0.15579,0.14927,82.03,0.00018,0.00009
1779372224.9085,plane,3124,18,0.96621,0.15530,0.017773,0.13984,0.06849,153.51,0.00737,0.01215
1779372224.9085,plane,3124,19,0.10742,0.04626,0.012873,0.12684,0.06855,61.71,0.01241,-0.01381
1779372225.0044,plane,3125,9,0.49518,0.50194,0.032856,0.15581,0.14929,81.88,-0.00011,0.00014
1779372225.0044,plane,3125,18,0.96520,0.15393,0.018334,0.12921,0.06165,154.12,-0.01049,-0.01432
1779372225.0044,plane,3125,19,0.10504,0.04823,0.013355,0.14647,0.06726,65.30,-0.02488,0.02054
1779372225.1006,plane,3126,9,0.49518,0.50195,0.032852,0.15581,0.14926,82.02,-0.00003,0.00015
1779372225.1006,plane,3126,18,0.96541,0.15443,0.018297,0.13949,0.07039,152.78,0.00213,0.00521
1779372225.1006,plane,3126,19,0.10598,0.04784,0.013331,0.14519,0.07035,64.27,0.00986,-0.00410
1779372225.1968,plane,3127,9,0.49518,0.50195,0.032850,0.15581,0.14928,81.80,0.00003,-0.00002
1779372225.1968,plane,3127,18,0.96458,0.15316,0.018626,0.12921,0.06096,154.26,-0.00863,-0.01319
1779372225.1968,plane,3127,19,0.10454,0.04877,0.013468,0.14927,0.06885,65.12,-0.01501,0.00972
1779372225.3081,plane,3128,9,0.49517,0.50192,0.032856,0.15580,0.14929,81.95,-0.00008,-0.00028
1779372225.3081,plane,3128,18,0.96521,0.15394,0.018266,0.12166,0.05741,154.42,0.00566,0.00697
1779372225.3081,plane,3128,19,0.10490,0.04848,0.013328,0.14379,0.06818,64.66,0.00329,-0.00266
1779372225.4048,plane,3129,9,0.49519,0.50193,0.032859,0.15583,0.14929,81.98,0.00013,0.00015
1779372225.4048,plane,3129,18,0.96458,0.15343,0.018862,0.12511,0.05472,155.83,-0.00645,-0.00525
1779372225.4048,plane,3129,19,0.10465,0.04915,0.013572,0.14226,0.06850,64.36,-0.00264,0.00693
1779372225.5001,plane,3130,9,0.49519,0.50194,0.032861,0.15582,0.14930,82.05,-0.00001,0.00004
1779372225.5001,plane,3130,18,0.96494,0.15365,0.018421,0.12740,0.06087,154.00,0.00380,0.00237
1779372225.5001,plane,3130,19,0.10539,0.04842,0.013477,0.14793,0.06760,65.22,0.00778,-0.00771
1779372225.5963,plane,3131,9,0.49518,0.50195,0.032862,0.15582,0.14931,81.96,-0.00007,0.00013
1779372225.5963,plane,3131,18,0.96306,0.15169,0.019587,0.14191,0.06802,153.78,-0.01954,-0.02031
1779372225.5963,plane,3131,19,0.10401,0.04964,0.013830,0.14574,0.06384,66.07,-0.01431,0.01274
1779372225.7090,plane,3132,9,0.49517,0.50192,0.032862,0.15582,0.14931,81.99,-0.00005,-0.00025
1779372225.7090,plane,3132,18,0.96477,0.15361,0.018682,0.12411,0.05696,154.90,0.01524,0.01700
1779372225.7090,plane,3132,19,0.10398,0.04934,0.013701,0.14485,0.06444,65.85,-0.00028,-0.00272
1779372225.8041,plane,3133,9,0.49519,0.50193,0.032856,0.15580,0.14930,81.94,0.00013,0.00006
1779372225.8041,plane,3133,18,0.96649,0.15597,0.017785,0.12922,0.06156,153.85,0.01813,0.02496
1779372225.8041,plane,3133,19,0.10619,0.04758,0.013087,0.14737,0.06985,64.65,0.02338,-0.01848
1779372225.9002,plane,3134,9,0.49518,0.50194,0.032857,0.15580,0.14930,81.92,-0.00005,0.00011
1779372225.9002,plane,3134,18,0.96501,0.15382,0.018599,0.12397,0.05740,154.79,-0.01536,-0.02242
1779372225.9002,plane,3134,19,0.10475,0.04854,0.013443,0.14482,0.07318,63.21,-0.01495,0.00996
1779372225.9977,plane,3135,9,0.49516,0.50196,0.032854,0.15581,0.14930,81.99,-0.00018,0.00022
1779372225.9977,plane,3135,18,0.96473,0.15315,0.018373,0.12583,0.06090,153.74,-0.00296,-0.00691
1779372225.9977,plane,3135,19,0.10603,0.04730,0.013163,0.13973,0.06967,63.67,0.01318,-0.01293
1779372226.1096,plane,3136,9,0.49518,0.50197,0.032854,0.15582,0.14928,81.92,0.00018,0.00011
1779372226.1096,plane,3136,18,0.96561,0.15435,0.017963,0.13752,0.06729,153.72,0.00780,0.01062
1779372226.1096,plane,3136,19,0.10646,0.04728,0.013179,0.14441,0.06931,64.29,0.00386,-0.00013
1779372226.2040,plane,3137,9,0.49519,0.50195,0.032861,0.15582,0.14931,81.98,0.00007,-0.00021
1779372226.2040,plane,3137,18,0.96600,0.15467,0.017793,0.13048,0.06105,154.48,0.00421,0.00342
1779372226.2040,plane,3137,19,0.10612,0.04668,0.012899,0.15413,0.06618,66.63,-0.00363,-0.00639
1779372226.3016,plane,3138,9,0.49518,0.50194,0.032866,0.15584,0.14931,81.98,-0.00014,-0.00011
1779372226.3016,plane,3138,18,0.96486,0.15360,0.018697,0.14094,0.06752,153.93,-0.01180,-0.01101
1779372226.3016,plane,3138,19,0.10428,0.04865,0.013396,0.14488,0.06638,65.30,-0.01896,0.02036
1779372226.3972,plane,3139,9,0.49518,0.50195,0.032859,0.15583,0.14928,81.98,0.00006,0.00008
1779372226.3972,plane,3139,18,0.96568,0.15486,0.018387,0.12500,0.05626,155.39,0.00850,0.01308
1779372226.3972,plane,3139,19,0.10620,0.04715,0.012926,0.14952,0.07262,64.12,0.01984,-0.01560
1779372226.5078,plane,3140,9,0.49518,0.50194,0.032871,0.15585,0.14932,82.21,-0.00002,-0.00010
1779372226.5078,plane,3140,18,0.96372,0.15240,0.019229,0.13587,0.06564,153.72,-0.01770,-0.02230
1779372226.5078,plane,3140,19,0.10358,0.05039,0.014031,0.13631,0.05958,66.11,-0.02367,0.02929
1779372226.6053,plane,3141,9,0.49518,0.50191,0.032856,0.15581,0.14930,82.19,-0.00007,-0.00026
1779372226.6053,plane,3141,18,0.96527,0.15388,0.018261,0.12367,0.05729,154.78,0.01597,0.01528
1779372226.6053,plane,3141,19,0.10541,0.04807,0.013265,0.13702,0.06553,64.41,0.01896,-0.02391
1779372226.7012,plane,3142,9,0.49517,0.50190,0.032862,0.15584,0.14928,82.10,-0.00004,-0.00010
1779372226.7012,plane,3142,18,0.96449,0.15317,0.018768,0.13778,0.06835,153.27,-0.00805,-0.00736
1779372226.7012,plane,3142,19,0.10587,0.04789,0.013426,0.14362,0.07029,63.95,0.00477,-0.00188
1779372226.7962,plane,3143,9,0.49517,0.50193,0.032854,0.15580,0.14931,81.96,-0.00003,0.00028
1779372226.7962,plane,3143,18,0.96583,0.15495,0.018155,0.12946,0.05956,154.85,0.01408,0.01872
1779372226.7962,plane,3143,19,0.10634,0.04762,0.013172,0.15211,0.07237,64.56,0.00491,-0.00284
1779372226.9083,plane,3144,9,0.49517,0.50192,0.032857,0.15581,0.14930,82.06,-0.00002,-0.00008
1779372226.9083,plane,3144,18,0.96509,0.15372,0.018339,0.13769,0.06845,152.93,-0.00660,-0.01101
1779372226.9083,plane,3144,19,0.10668,0.04707,0.013102,0.14901,0.07874,62.38,0.00301,-0.00494
1779372227.0054,plane,3145,9,0.49519,0.50196,0.032857,0.15582,0.14929,81.84,0.00021,0.00044
1779372227.0054,plane,3145,18,0.96523,0.15388,0.018322,0.14390,0.07008,153.69,0.00143,0.00161
1779372227.0054,plane,3145,19,0.10708,0.04680,0.013065,0.15163,0.06605,66.22,0.00411,-0.00278
1779372227.1004,plane,3146,9,0.49517,0.50193,0.032857,0.15581,0.14931,81.97,-0.00014,-0.00037
1779372227.1004,plane,3146,18,0.96577,0.15452,0.018009,0.12749,0.06042,154.15,0.00560,0.00668
1779372227.1004,plane,3146,19,0.10600,0.04778,0.013080,0.13546,0.06746,63.66,-0.01136,0.01037
1779372227.1971,plane,3147,9,0.49518,0.50196,0.032859,0.15583,0.14929,82.07,0.00007,0.00038
1779372227.1971,plane,3147,18,0.96493,0.15400,0.018658,0.14122,0.06910,153.42,-0.00876,-0.00537
1779372227.1971,plane,3147,19,0.10537,0.04828,0.013457,0.13537,0.06559,64.12,-0.00657,0.00522
1779372227.3091,plane,3148,9,0.49518,0.50197,0.032845,0.15581,0.14926,81.73,0.00001,0.00010
1779372227.3091,plane,3148,18,0.96580,0.15459,0.017929,0.12745,0.06102,153.76,0.00772,0.00526
1779372227.3091,plane,3148,19,0.10691,0.04695,0.012956,0.15364,0.07867,63.13,0.01365,-0.01185
1779372227.4042,plane,3149,9,0.49518,0.50194,0.032849,0.15580,0.14928,81.85,0.00001,-0.00038
1779372227.4042,plane,3149,18,0.96662,0.15537,0.017507,0.14591,0.07379,152.69,0.00865,0.00820
1779372227.4042,plane,3149,19,0.10791,0.04501,0.012539,0.12142,0.05816,64.37,0.01058,-0.02037
1779372227.5008,plane,3150,9,0.49517,0.50194,0.032852,0.15580,0.14928,81.83,-0.00015,0.00001
1779372227.5008,plane,3150,18,0.96654,0.15551,0.017615,0.11773,0.05480,154.62,-0.00088,0.00137
1779372227.5008,plane,3150,19,0.10699,0.04639,0.012589,0.11468,0.06030,62.44,-0.00963,0.01435
1779372227.5969,plane,3151,9,0.49517,0.50191,0.032864,0.15583,0.14929,81.97,0.00000,-0.00034
1779372227.5969,plane,3151,18,0.96471,0.15288,0.018265,0.13442,0.06828,152.35,-0.01886,-0.02714
1779372227.5969,plane,3151,19,0.10461,0.04784,0.013260,0.14672,0.06990,64.57,-0.02457,0.01505
1779372227.7071,plane,3152,9,0.49517,0.50193,0.032859,0.15581,0.14930,81.95,-0.00001,0.00025
1779372227.7071,plane,3152,18,0.96519,0.15368,0.018326,0.11738,0.05449,154.76,0.00436,0.00732
1779372227.7071,plane,3152,19,0.10623,0.04746,0.013041,0.14159,0.06986,63.82,0.01476,-0.00346
1779372227.8045,plane,3153,9,0.49518,0.50194,0.032852,0.15580,0.14930,81.89,0.00007,0.00005
1779372227.8045,plane,3153,18,0.96582,0.15451,0.017929,0.12513,0.05955,153.97,0.00647,0.00847
1779372227.8045,plane,3153,19,0.10621,0.04732,0.012790,0.14211,0.06825,64.31,-0.00020,-0.00148
1779372227.9008,plane,3154,9,0.49518,0.50195,0.032856,0.15582,0.14928,81.86,0.00004,0.00011
1779372227.9008,plane,3154,18,0.96481,0.15317,0.018317,0.13011,0.06378,153.47,-0.01046,-0.01383
1779372227.9008,plane,3154,19,0.10545,0.04786,0.013080,0.13964,0.06889,63.79,-0.00797,0.00560
1779372227.9959,plane,3155,9,0.49517,0.50193,0.032862,0.15583,0.14929,81.93,-0.00007,-0.00026
1779372227.9959,plane,3155,18,0.96582,0.15446,0.017887,0.13656,0.06791,153.01,0.01060,0.01353
1779372227.9959,plane,3155,19,0.10660,0.04654,0.012790,0.14670,0.07609,62.78,0.01218,-0.01387
1779372228.1099,plane,3156,9,0.49517,0.50192,0.032852,0.15582,0.14925,81.99,-0.00005,-0.00010
1779372228.1099,plane,3156,18,0.96598,0.15454,0.017775,0.13370,0.06565,153.34,0.00149,0.00074
1779372228.1099,plane,3156,19,0.10700,0.04644,0.012699,0.14878,0.07677,62.89,0.00348,-0.00090
1779372228.2037,plane,3157,9,0.49517,0.50193,0.032857,0.15580,0.14930,81.88,0.00005,0.00011
1779372228.2037,plane,3157,18,0.96448,0.15217,0.018283,0.11486,0.05564,153.69,-0.01583,-0.02495
1779372228.2037,plane,3157,19,0.10638,0.04691,0.013021,0.14478,0.07270,63.36,-0.00652,0.00499
1779372228.3007,plane,3158,9,0.49517,0.50190,0.032854,0.15582,0.14929,81.92,0.00002,-0.00031
1779372228.3007,plane,3158,18,0.96562,0.15453,0.018136,0.13504,0.06526,153.81,0.01183,0.02431
1779372228.3007,plane,3158,19,0.10536,0.04698,0.013095,0.15683,0.07026,65.82,-0.01047,0.00065
1779372228.3966,plane,3159,9,0.49516,0.50187,0.032845,0.15579,0.14928,81.80,-0.00016,-0.00028
1779372228.3966,plane,3159,18,0.96582,0.15418,0.017893,0.12422,0.05880,154.13,0.00207,-0.00364
1779372228.3966,plane,3159,19,0.10619,0.04689,0.012873,0.15061,0.07705,63.09,0.00864,-0.00089
1779372228.5096,plane,3160,9,0.49518,0.50190,0.032864,0.15583,0.14930,81.90,0.00019,0.00025
1779372228.5096,plane,3160,18,0.96455,0.15324,0.018833,0.14269,0.06748,154.25,-0.01124,-0.00828
1779372228.5096,plane,3160,19,0.10412,0.04961,0.013623,0.13233,0.06159,64.95,-0.01822,0.02396
1779372228.6034,plane,3161,9,0.49518,0.50191,0.032859,0.15582,0.14930,81.95,-0.00004,0.00018
1779372228.6034,plane,3161,18,0.96470,0.15250,0.018405,0.12996,0.06293,153.60,0.00164,-0.00796
1779372228.6034,plane,3161,19,0.10600,0.04731,0.013331,0.14560,0.07061,64.22,0.02018,-0.02468
1779372228.7009,plane,3162,9,0.49517,0.50191,0.032862,0.15582,0.14930,82.09,-0.00010,-0.00007
1779372228.7009,plane,3162,18,0.96478,0.15303,0.018246,0.13454,0.06538,153.48,0.00083,0.00552
1779372228.7009,plane,3162,19,0.10571,0.04742,0.013114,0.15592,0.07346,64.91,-0.00300,0.00116
1779372228.7967,plane,3163,9,0.49517,0.50186,0.032839,0.15579,0.14925,82.05,-0.00001,-0.00049
1779372228.7967,plane,3163,18,0.96528,0.15335,0.017805,0.13143,0.06702,152.38,0.00515,0.00330
1779372228.7967,plane,3163,19,0.10886,0.04446,0.012356,0.11682,0.05903,63.13,0.03275,-0.03075
1779372228.9087,plane,3164,9,0.49515,0.50188,0.032839,0.15577,0.14926,81.68,-0.00010,0.00019
1779372228.9087,plane,3164,18,0.96629,0.15512,0.017514,0.12912,0.06432,153.04,0.00907,0.01581
1779372228.9087,plane,3164,19,0.10839,0.04522,0.012504,0.16440,0.07170,66.34,-0.00418,0.00677
1779372229.0038,plane,3165,9,0.49518,0.50192,0.032840,0.15579,0.14925,82.02,0.00022,0.00041
1779372229.0038,plane,3165,18,0.96449,0.15268,0.018541,0.13021,0.06409,153.34,-0.01899,-0.02582
1779372229.0038,plane,3165,19,0.10525,0.04857,0.013201,0.14134,0.06647,64.83,-0.03323,0.03542
1779372229.1005,plane,3166,9,0.49518,0.50193,0.032842,0.15579,0.14924,81.97,0.00005,0.00010
1779372229.1005,plane,3166,18,0.96583,0.15481,0.017973,0.13830,0.06973,152.91,0.01376,0.02190
1779372229.1005,plane,3166,19,0.10627,0.04708,0.013114,0.15567,0.06774,66.34,0.01050,-0.01527
1779372229.1965,plane,3167,9,0.49517,0.50191,0.032847,0.15578,0.14927,81.93,-0.00009,-0.00025
1779372229.1965,plane,3167,18,0.96526,0.15347,0.018112,0.13696,0.06824,152.77,-0.00602,-0.01396
1779372229.1965,plane,3167,19,0.10688,0.04640,0.012907,0.14634,0.06686,65.50,0.00631,-0.00717
1779372229.3099,plane,3168,9,0.49517,0.50191,0.032867,0.15585,0.14930,81.86,0.00002,0.00008
1779372229.3099,plane,3168,18,0.96454,0.15328,0.018856,0.13501,0.06136,155.08,-0.00632,-0.00166
1779372229.3099,plane,3168,19,0.10443,0.04863,0.013513,0.15192,0.07310,64.24,-0.02166,0.01977
1779372229.4047,plane,3169,9,0.49518,0.50192,0.032845,0.15579,0.14926,81.92,0.00003,0.00004
1779372229.4047,plane,3169,18,0.96627,0.15468,0.017465,0.14301,0.07190,152.71,0.01815,0.01472
1779372229.4047,plane,3169,19,0.10912,0.04428,0.012531,0.12595,0.06357,63.34,0.04924,-0.04569
1779372229.5009,plane,3170,9,0.49517,0.50194,0.032852,0.15580,0.14928,81.86,-0.00012,0.00025
1779372229.5009,plane,3170,18,0.96529,0.15368,0.018070,0.13646,0.07004,152.26,-0.01022,-0.01045
1779372229.5009,plane,3170,19,0.10672,0.04703,0.012934,0.14918,0.07582,63.21,-0.02493,0.02853
1779372229.5966,plane,3171,9,0.49517,0.50192,0.032844,0.15579,0.14928,81.88,0.00001,-0.00025
1779372229.5966,plane,3171,18,0.96655,0.15517,0.017410,0.12631,0.05992,153.92,0.01330,0.01563
1779372229.5966,plane,3171,19,0.10853,0.04482,0.012360,0.15147,0.07768,63.16,0.01901,-0.02312
1779372229.7093,plane,3172,9,0.49519,0.50193,0.032852,0.15580,0.14928,82.00,0.00018,0.00013
1779372229.7093,plane,3172,18,0.96604,0.15475,0.017831,0.15357,0.07462,153.61,-0.00455,-0.00368
1779372229.7093,plane,3172,19,0.10803,0.04551,0.012573,0.11748,0.05830,63.66,-0.00440,0.00607
1779372229.8047,plane,3173,9,0.49517,0.50193,0.032852,0.15580,0.14929,81.86,-0.00022,-0.00007
1779372229.8047,plane,3173,18,0.96478,0.15317,0.018428,0.13281,0.06448,153.78,-0.01315,-0.01659
1779372229.8047,plane,3173,19,0.10526,0.04794,0.013126,0.14170,0.07004,63.76,-0.02907,0.02544
1779372229.9011,plane,3174,9,0.49518,0.50195,0.032852,0.15580,0.14929,81.87,0.00015,0.00027
1779372229.9011,plane,3174,18,0.96498,0.15324,0.018195,0.14250,0.06795,154.13,0.00201,0.00072
1779372229.9011,plane,3174,19,0.10659,0.04673,0.013045,0.14729,0.07021,64.52,0.01398,-0.01267
1779372229.9962,plane,3175,9,0.49518,0.50191,0.032861,0.15582,0.14930,81.95,-0.00003,-0.00046
1779372229.9962,plane,3175,18,0.96594,0.15499,0.018041,0.12346,0.05694,154.85,0.01009,0.01836
1779372229.9962,plane,3175,19,0.10559,0.04714,0.013016,0.15381,0.07049,65.33,-0.01044,0.00424
1779372230.1089,plane,3176,9,0.49518,0.50190,0.032861,0.15582,0.14928,82.00,0.00003,-0.00006
1779372230.1089,plane,3176,18,0.96553,0.15374,0.017995,0.12061,0.05751,153.86,-0.00363,-0.01110
1779372230.1089,plane,3176,19,0.10612,0.04712,0.012899,0.15031,0.07215,64.51,0.00470,-0.00012
1779372230.2055,plane,3177,9,0.49518,0.50187,0.032847,0.15578,0.14927,82.03,-0.00001,-0.00037
1779372230.2055,plane,3177,18,0.96644,0.15489,0.017342,0.13557,0.07040,151.91,0.00952,0.01205
1779372230.2055,plane,3177,19,0.10963,0.04401,0.012117,0.11693,0.05915,63.09,0.03687,-0.03274
1779372230.2997,plane,3178,9,0.49518,0.50187,0.032839,0.15577,0.14926,82.23,0.00000,0.00005
1779372230.2997,plane,3178,18,0.96675,0.15574,0.017478,0.13022,0.06189,154.11,0.00326,0.00893
1779372230.2997,plane,3178,19,0.10849,0.04586,0.012434,0.14233,0.07027,63.79,-0.01200,0.01942
1779372230.3962,plane,3179,9,0.49517,0.50187,0.032840,0.15578,0.14926,82.05,-0.00013,-0.00000
1779372230.3962,plane,3179,18,0.96648,0.15529,0.017466,0.12569,0.06114,153.55,-0.00274,-0.00467
1779372230.3962,plane,3179,19,0.10881,0.04497,0.012361,0.11950,0.06044,63.13,0.00332,-0.00922
1779372230.5094,plane,3180,9,0.49519,0.50188,0.032844,0.15578,0.14927,82.29,0.00017,0.00012
1779372230.5094,plane,3180,18,0.96522,0.15398,0.018416,0.12689,0.05888,154.48,-0.01124,-0.01161
1779372230.5094,plane,3180,19,0.10517,0.04752,0.013265,0.14468,0.06922,64.52,-0.03232,0.02266
1779372230.6052,plane,3181,9,0.49516,0.50188,0.032844,0.15580,0.14926,82.12,-0.00025,-0.00003
1779372230.6052,plane,3181,18,0.96527,0.15376,0.018080,0.13667,0.06581,153.65,0.00047,-0.00229
1779372230.6052,plane,3181,19,0.10625,0.04706,0.013045,0.14455,0.07255,63.51,0.01121,-0.00479
1779372230.7001,plane,3182,9,0.49516,0.50189,0.032844,0.15578,0.14926,81.99,0.00000,0.00011
1779372230.7001,plane,3182,18,0.96542,0.15404,0.018105,0.13039,0.06331,153.59,0.00163,0.00290
1779372230.7001,plane,3182,19,0.10626,0.04731,0.013123,0.13370,0.06663,63.72,0.00003,0.00270
1779372230.7968,plane,3183,9,0.49518,0.50192,0.032859,0.15582,0.14930,81.92,0.00013,0.00029
1779372230.7968,plane,3183,18,0.96496,0.15357,0.018439,0.13723,0.06785,153.43,-0.00475,-0.00491
1779372230.7968,plane,3183,19,0.10661,0.04691,0.012975,0.14471,0.07253,63.51,0.00371,-0.00421
1779372230.9092,plane,3184,9,0.49516,0.50188,0.032854,0.15580,0.14928,82.17,-0.00010,-0.00034
1779372230.9092,plane,3184,18,0.96624,0.15538,0.017936,0.11895,0.05278,155.60,0.01127,0.01604
1779372230.9092,plane,3184,19,0.10686,0.04606,0.012638,0.11782,0.06090,62.71,0.00218,-0.00752
1779372231.0050,plane,3185,9,0.49517,0.50190,0.032856,0.15580,0.14930,82.06,0.00006,0.00022
1779372231.0050,plane,3185,18,0.96556,0.15453,0.018088,0.13226,0.06364,154.05,-0.00708,-0.00891
1779372231.0050,plane,3185,19,0.10601,0.04713,0.012938,0.14015,0.07055,63.37,-0.00886,0.01120
1779372231.1008,plane,3186,9,0.49518,0.50192,0.032861,0.15582,0.14930,81.88,0.00010,0.00022
1779372231.1008,plane,3186,18,0.96542,0.15428,0.018324,0.13753,0.06621,153.80,-0.00145,-0.00262
1779372231.1008,plane,3186,19,0.10551,0.04803,0.013314,0.14765,0.06990,64.66,-0.00531,0.00947
1779372231.1967,plane,3187,9,0.49519,0.50187,0.032850,0.15578,0.14928,82.25,0.00012,-0.00054
1779372231.1967,plane,3187,18,0.96572,0.15426,0.018022,0.14301,0.06932,153.59,0.00306,-0.00023
1779372231.1967,plane,3187,19,0.10629,0.04701,0.012755,0.14481,0.07590,62.50,0.00809,-0.01056
1779372231.3088,plane,3188,9,0.49519,0.50188,0.032859,0.15582,0.14928,82.16,-0.00004,0.00008
1779372231.3088,plane,3188,18,0.96617,0.15490,0.017737,0.12260,0.05679,154.64,0.00404,0.00570
1779372231.3088,plane,3188,19,0.10624,0.04683,0.012806,0.13697,0.06950,63.33,-0.00041,-0.00159
1779372231.4052,plane,3189,9,0.49518,0.50188,0.032842,0.15580,0.14926,82.24,-0.00012,-0.00004
1779372231.4052,plane,3189,18,0.96649,0.15530,0.017622,0.13435,0.06532,153.50,0.00327,0.00420
1779372231.4052,plane,3189,19,0.10601,0.04657,0.012909,0.15408,0.07310,64.77,-0.00249,-0.00271
1779372231.5008,plane,3190,9,0.49517,0.50192,0.032854,0.15581,0.14929,81.87,-0.00005,0.00049
1779372231.5008,plane,3190,18,0.96600,0.15489,0.017973,0.13806,0.06708,153.51,-0.00501,-0.00428
1779372231.5008,plane,3190,19,0.10591,0.04677,0.012997,0.15122,0.06659,66.02,-0.00101,0.00205
1779372231.5967,plane,3191,9,0.49518,0.50188,0.032859,0.15582,0.14928,82.16,0.00005,-0.00045
1779372231.5967,plane,3191,18,0.96512,0.15334,0.018234,0.12832,0.05969,154.22,-0.00926,-0.01611
1779372231.5967,plane,3191,19,0.10627,0.04674,0.012763,0.15622,0.07330,64.87,0.00383,-0.00027
1779372231.7091,plane,3192,9,0.49517,0.50193,0.032861,0.15582,0.14929,81.92,-0.00007,0.00039
1779372231.7091,plane,3192,18,0.96388,0.15203,0.018892,0.13145,0.06285,154.11,-0.01101,-0.01172
1779372231.7091,plane,3192,19,0.10494,0.04846,0.013484,0.14323,0.06782,64.66,-0.01196,0.01538
1779372231.8049,plane,3193,9,0.49515,0.50188,0.032850,0.15578,0.14929,81.86,-0.00016,-0.00049
1779372231.8049,plane,3193,18,0.96562,0.15446,0.018246,0.14706,0.07307,153.09,0.01798,0.02513
1779372231.8049,plane,3193,19,0.10610,0.04729,0.013058,0.15359,0.07323,64.60,0.01206,-0.01220
1779372231.9002,plane,3194,9,0.49518,0.50190,0.032866,0.15585,0.14930,81.61,0.00034,0.00019
1779372231.9002,plane,3194,18,0.96567,0.15424,0.017994,0.13495,0.06675,153.12,0.00058,-0.00226
1779372231.9002,plane,3194,19,0.10714,0.04686,0.012775,0.14237,0.06930,64.19,0.01086,-0.00451
1779372231.9967,plane,3195,9,0.49518,0.50190,0.032871,0.15585,0.14931,82.03,-0.00006,0.00006
1779372231.9967,plane,3195,18,0.96401,0.15282,0.019306,0.12887,0.05745,155.44,-0.01722,-0.01474
1779372231.9967,plane,3195,19,0.10400,0.04985,0.013733,0.14099,0.06238,65.89,-0.03255,0.03109
1779372232.1091,plane,3196,9,0.49518,0.50191,0.032849,0.15582,0.14924,82.03,-0.00000,0.00008
1779372232.1091,plane,3196,18,0.96541,0.15417,0.018436,0.13498,0.06258,154.59,0.01243,0.01196
1779372232.1091,plane,3196,19,0.10611,0.04748,0.013107,0.14798,0.07109,64.39,0.01878,-0.02110
1779372232.2048,plane,3197,9,0.49518,0.50190,0.032849,0.15580,0.14928,82.04,-0.00002,-0.00014
1779372232.2048,plane,3197,18,0.96578,0.15457,0.017961,0.13259,0.06595,153.02,0.00384,0.00418
1779372232.2048,plane,3197,19,0.10600,0.04742,0.013151,0.14108,0.07214,63.02,-0.00120,-0.00058
1779372232.3011,plane,3198,9,0.49517,0.50192,0.032850,0.15579,0.14928,81.78,-0.00007,0.00027
1779372232.3011,plane,3198,18,0.96537,0.15416,0.018092,0.13147,0.06304,153.93,-0.00429,-0.00428
1779372232.3011,plane,3198,19,0.10554,0.04753,0.013153,0.13611,0.06641,64.04,-0.00479,0.00116
1779372232.3967,plane,3199,9,0.49517,0.50193,0.032852,0.15580,0.14929,81.92,0.00002,0.00011
1779372232.3967,plane,3199,18,0.96569,0.15476,0.018151,0.14402,0.06977,153.90,0.00333,0.00623
1779372232.3967,plane,3199,19,0.10698,0.04646,0.012882,0.14898,0.07347,63.91,0.01478,-0.01109
1779372232.5084,plane,3200,9,0.49517,0.50191,0.032866,0.15582,0.14931,82.00,-0.00002,-0.00018
1779372232.5084,plane,3200,18,0.96367,0.15196,0.019213,0.12322,0.05754,154.59,-0.01809,-0.02509
1779372232.5084,plane,3200,19,0.10284,0.04965,0.013775,0.13274,0.06174,65.05,-0.03703,0.02858
1779372232.6049,plane,3201,9,0.49518,0.50189,0.032856,0.15584,0.14926,82.07,0.00008,-0.00025
1779372232.6049,plane,3201,18,0.96419,0.15247,0.018665,0.13120,0.06181,154.32,0.00535,0.00527
1779372232.6049,plane,3201,19,0.10406,0.04870,0.013423,0.13903,0.06332,65.45,0.01273,-0.00995
1779372232.7014,plane,3202,9,0.49518,0.50190,0.032866,0.15584,0.14930,81.89,-0.00002,0.00009
1779372232.7014,plane,3202,18,0.96415,0.15295,0.019124,0.14468,0.07063,153.58,-0.00040,0.00503
1779372232.7014,plane,3202,19,0.10319,0.04970,0.013824,0.14139,0.06504,65.21,-0.00895,0.01036
1779372232.7963,plane,3203,9,0.49519,0.50190,0.032852,0.15581,0.14926,82.06,0.00010,0.00000
1779372232.7963,plane,3203,18,0.96536,0.15409,0.018316,0.13158,0.06252,153.99,0.01274,0.01197
1779372232.7963,plane,3203,19,0.10538,0.04804,0.013248,0.14090,0.06866,64.25,0.02302,-0.01747
1779372232.9095,plane,3204,9,0.49515,0.50189,0.032856,0.15582,0.14928,81.71,-0.00034,-0.00005
1779372232.9095,plane,3204,18,0.96559,0.15452,0.018366,0.13813,0.06530,154.24,0.00208,0.00385
1779372232.9095,plane,3204,19,0.10459,0.04837,0.013207,0.14995,0.07064,64.78,-0.00699,0.00293
1779372233.0047,plane,3205,9,0.49518,0.50190,0.032854,0.15580,0.14928,82.00,0.00037,0.00009
1779372233.0047,plane,3205,18,0.96574,0.15467,0.018226,0.12500,0.05765,154.91,0.00159,0.00151
1779372233.0047,plane,3205,19,0.10392,0.04896,0.013341,0.13312,0.06364,64.43,-0.00696,0.00608
1779372233.1003,plane,3206,9,0.49517,0.50190,0.032849,0.15580,0.14926,82.09,-0.00008,0.00001
1779372233.1003,plane,3206,18,0.96507,0.15340,0.018219,0.13648,0.06835,152.95,-0.00700,-0.01328
1779372233.1003,plane,3206,19,0.10510,0.04778,0.013194,0.15336,0.07330,64.51,0.01232,-0.01228
1779372233.1974,plane,3207,9,0.49517,0.50187,0.032849,0.15580,0.14927,82.06,-0.00009,-0.00037
1779372233.1974,plane,3207,18,0.96522,0.15361,0.018163,0.13887,0.06853,153.23,0.00147,0.00217
1779372233.1974,plane,3207,19,0.10627,0.04709,0.012855,0.14593,0.07092,64.14,0.01210,-0.00712
1779372233.3088,plane,3208,9,0.49517,0.50191,0.032854,0.15581,0.14929,82.22,0.00000,0.00039
1779372233.3088,plane,3208,18,0.96656,0.15596,0.017780,0.14198,0.06811,153.96,0.01208,0.02115
1779372233.3088,plane,3208,19,0.10504,0.04808,0.013050,0.14766,0.06951,64.73,-0.01104,0.00883
1779372233.4041,plane,3209,9,0.49516,0.50188,0.032850,0.15579,0.14928,82.05,-0.00009,-0.00036
1779372233.4041,plane,3209,18,0.96484,0.15263,0.018165,0.13080,0.06226,153.82,-0.01813,-0.03496
1779372233.4041,plane,3209,19,0.10712,0.04584,0.012828,0.14381,0.06659,65.21,0.02183,-0.02345
1779372233.5023,plane,3210,9,0.49517,0.50192,0.032854,0.15578,0.14932,82.00,0.00016,0.00041
1779372233.5023,plane,3210,18,0.96649,0.15558,0.017763,0.13333,0.06311,154.11,0.01696,0.03022
1779372233.5023,plane,3210,19,0.10604,0.04733,0.012958,0.14145,0.06844,64.26,-0.01115,0.01534
1779372233.5973,plane,3211,9,0.49518,0.50191,0.032859,0.15582,0.14930,81.83,0.00005,-0.00004
1779372233.5973,plane,3211,18,0.96640,0.15556,0.017949,0.12846,0.05895,154.57,-0.00096,-0.00019
1779372233.5973,plane,3211,19,0.10715,0.04647,0.012836,0.14190,0.06955,63.97,0.01160,-0.00898
1779372233.7083,plane,3212,9,0.49519,0.50192,0.032852,0.15581,0.14926,82.04,0.00010,0.00012
1779372233.7083,plane,3212,18,0.96485,0.15341,0.018497,0.12761,0.06228,153.43,-0.01396,-0.01934
1779372233.7083,plane,3212,19,0.10541,0.04787,0.013099,0.13893,0.06781,64.06,-0.01569,0.01258
1779372233.8044,plane,3213,9,0.49518,0.50194,0.032859,0.15581,0.14930,81.93,-0.00011,0.00014
1779372233.8044,plane,3213,18,0.96419,0.15235,0.018723,0.13298,0.06351,153.80,-0.00690,-0.01102
1779372233.8044,plane,3213,19,0.10481,0.04827,0.013406,0.14205,0.06793,64.52,-0.00618,0.00416
1779372233.9012,plane,3214,9,0.49518,0.50189,0.032847,0.15580,0.14927,82.14,0.00002,-0.00048
1779372233.9012,plane,3214,18,0.96536,0.15423,0.018336,0.11505,0.05203,155.31,0.01210,0.01940
1779372233.9012,plane,3214,19,0.10544,0.04771,0.013160,0.14273,0.06528,65.29,0.00645,-0.00576
1779372233.9963,plane,3215,9,0.49517,0.50191,0.032857,0.15579,0.14931,82.08,-0.00009,0.00018
1779372233.9963,plane,3215,18,0.96634,0.15546,0.017787,0.12456,0.05622,155.07,0.01030,0.01293
1779372233.9963,plane,3215,19,0.10644,0.04672,0.012768,0.15593,0.07418,64.65,0.01059,-0.01047
1779372234.1080,plane,3216,9,0.49516,0.50187,0.032852,0.15580,0.14927,82.00,-0.00006,-0.00037
1779372234.1080,plane,3216,18,0.96520,0.15380,0.018299,0.13157,0.05982,154.83,-0.01025,-0.01497
1779372234.1080,plane,3216,19,0.10584,0.04744,0.013017,0.13585,0.06916,63.22,-0.00541,0.00656
1779372234.2048,plane,3217,9,0.49518,0.50187,0.032857,0.15583,0.14927,82.06,0.00016,0.00007
1779372234.2048,plane,3217,18,0.96460,0.15283,0.018553,0.14014,0.07073,152.43,-0.00616,-0.00997
1779372234.2048,plane,3217,19,0.10531,0.04844,0.013316,0.14204,0.07062,63.78,-0.00544,0.01019
1779372234.3004,plane,3218,9,0.49518,0.50189,0.032852,0.15579,0.14929,82.26,0.00001,0.00012
1779372234.3004,plane,3218,18,0.96563,0.15446,0.018221,0.12469,0.05612,155.06,0.01076,0.01712
1779372234.3004,plane,3218,19,0.10661,0.04737,0.013002,0.14767,0.07229,63.89,0.01362,-0.01123
1779372234.3976,plane,3219,9,0.49518,0.50195,0.032844,0.15581,0.14925,81.93,-0.00005,0.00064
1779372234.3976,plane,3219,18,0.96580,0.15469,0.017932,0.13026,0.06433,153.10,0.00184,0.00240
1779372234.3976,plane,3219,19,0.10613,0.04702,0.013009,0.14869,0.06939,64.95,-0.00508,-0.00360
1779372234.5088,plane,3220,9,0.49517,0.50195,0.032849,0.15581,0.14927,81.84,-0.00007,0.00002
1779372234.5088,plane,3220,18,0.96504,0.15375,0.018407,0.13954,0.06842,153.39,-0.00679,-0.00838
1779372234.5088,plane,3220,19,0.10661,0.04697,0.013045,0.15569,0.07482,64.36,0.00434,-0.00047
1779372234.6047,plane,3221,9,0.49517,0.50190,0.032857,0.15582,0.14928,82.07,0.00004,-0.00056
1779372234.6047,plane,3221,18,0.96590,0.15465,0.017939,0.14257,0.06909,153.63,0.00899,0.00940
1779372234.6047,plane,3221,19,0.10592,0.04770,0.013029,0.15693,0.07413,64.80,-0.00726,0.00766
1779372234.7014,plane,3222,9,0.49519,0.50192,0.032837,0.15582,0.14920,81.89,0.00017,0.00023
1779372234.7014,plane,3222,18,0.96683,0.15615,0.017524,0.12969,0.06100,154.10,0.00971,0.01565
1779372234.7014,plane,3222,19,0.10712,0.04563,0.012600,0.12001,0.06550,61.75,0.01256,-0.02167
1779372234.7968,plane,3223,9,0.49517,0.50189,0.032840,0.15581,0.14923,81.98,-0.00015,-0.00026
1779372234.7968,plane,3223,18,0.96539,0.15370,0.018107,0.12133,0.05753,154.15,-0.01501,-0.02548
1779372234.7968,plane,3223,19,0.10639,0.04684,0.013026,0.14746,0.07346,63.80,-0.00763,0.01259
1779372234.9079,plane,3224,9,0.49517,0.50191,0.032861,0.15581,0.14931,81.97,-0.00000,0.00017
1779372234.9079,plane,3224,18,0.96576,0.15478,0.018158,0.14228,0.06918,153.50,0.00333,0.00978
1779372234.9079,plane,3224,19,0.10552,0.04715,0.013012,0.14836,0.07150,64.40,-0.00783,0.00274
1779372235.0050,plane,3225,9,0.49517,0.50189,0.032854,0.15581,0.14927,81.94,-0.00008,-0.00019
1779372235.0050,plane,3225,18,0.96450,0.15269,0.018592,0.13420,0.06444,153.79,-0.01307,-0.02171
1779372235.0050,plane,3225,19,0.10487,0.04797,0.013328,0.15312,0.07297,64.60,-0.00675,0.00856
1779372235.1011,plane,3226,9,0.49518,0.50191,0.032849,0.15580,0.14926,81.98,0.00011,0.00012
1779372235.1011,plane,3226,18,0.96571,0.15435,0.018180,0.12536,0.05796,154.73,0.01257,0.01711
1779372235.1011,plane,3226,19,0.10550,0.04751,0.013023,0.14625,0.07123,64.13,0.00654,-0.00475
1779372235.1961,plane,3227,9,0.49516,0.50190,0.032854,0.15580,0.14929,82.05,-0.00015,-0.00010
1779372235.1961,plane,3227,18,0.96653,0.15572,0.017729,0.13493,0.06495,153.72,0.00864,0.01449
1779372235.1961,plane,3227,19,0.10582,0.04719,0.012907,0.15217,0.06975,65.40,0.00341,-0.00343
1779372235.3084,plane,3228,9,0.49517,0.50189,0.032854,0.15578,0.14930,82.10,0.00006,-0.00004
1779372235.3084,plane,3228,18,0.96671,0.15591,0.017378,0.14475,0.07325,152.78,0.00160,0.00171
1779372235.3084,plane,3228,19,0.10801,0.04512,0.012390,0.16114,0.07577,64.91,0.01944,-0.01835
1779372235.4045,plane,3229,9,0.49517,0.50189,0.032856,0.15579,0.14929,82.13,0.00001,-0.00007
1779372235.4045,plane,3229,18,0.96648,0.15523,0.017692,0.11630,0.05570,153.91,-0.00245,-0.00715
1779372235.4045,plane,3229,19,0.10618,0.04641,0.012777,0.14922,0.07575,63.42,-0.01907,0.01347
1779372235.5003,plane,3230,9,0.49518,0.50191,0.032850,0.15580,0.14928,82.15,0.00011,0.00029
1779372235.5003,plane,3230,18,0.96640,0.15553,0.017790,0.13642,0.06556,153.61,-0.00074,0.00314
1779372235.5003,plane,3230,19,0.10662,0.04677,0.012638,0.15062,0.07206,64.47,0.00455,0.00374
1779372235.5971,plane,3231,9,0.49519,0.50190,0.032856,0.15582,0.14928,82.13,0.00008,-0.00018
1779372235.5971,plane,3231,18,0.96643,0.15510,0.017539,0.12787,0.06114,153.92,0.00029,-0.00444
1779372235.5971,plane,3231,19,0.10654,0.04718,0.012733,0.14297,0.07138,63.58,-0.00076,0.00429
1779372235.7093,plane,3232,9,0.49518,0.50189,0.032861,0.15582,0.14930,81.95,-0.00011,-0.00002
1779372235.7093,plane,3232,18,0.96589,0.15485,0.018029,0.12129,0.05551,154.94,-0.00480,-0.00223
1779372235.7093,plane,3232,19,0.10548,0.04791,0.013055,0.14233,0.06805,64.52,-0.00942,0.00646
1779372235.8045,plane,3233,9,0.49518,0.50189,0.032845,0.15581,0.14925,81.95,0.00001,0.00000
1779372235.8045,plane,3233,18,0.96727,0.15681,0.017278,0.13700,0.06538,153.86,0.01450,0.02056
1779372235.8045,plane,3233,19,0.10950,0.04430,0.012199,0.12211,0.06577,61.86,0.04231,-0.03802
1779372235.9013,plane,3234,9,0.49518,0.50187,0.032852,0.15583,0.14925,81.98,0.00005,-0.00028
1779372235.9013,plane,3234,18,0.96603,0.15467,0.017643,0.13024,0.06313,153.39,-0.01285,-0.02223
1779372235.9013,plane,3234,19,0.10722,0.04623,0.012655,0.14862,0.07331,63.80,-0.02376,0.02015
1779372235.9966,plane,3235,9,0.49519,0.50190,0.032852,0.15583,0.14925,82.00,0.00003,0.00029
1779372235.9966,plane,3235,18,0.96516,0.15342,0.018261,0.13148,0.06181,154.25,-0.00912,-0.01298
1779372235.9966,plane,3235,19,0.10548,0.04784,0.013168,0.14902,0.06940,65.01,-0.01810,0.01670
1779372236.1088,plane,3236,9,0.49519,0.50189,0.032850,0.15582,0.14925,82.03,0.00001,-0.00004
1779372236.1088,plane,3236,18,0.96553,0.15402,0.017929,0.11199,0.05291,154.19,0.00334,0.00534
1779372236.1088,plane,3236,19,0.10701,0.04621,0.012772,0.14970,0.06966,65.07,0.01363,-0.01451
1779372236.2045,plane,3237,9,0.49518,0.50191,0.032844,0.15579,0.14926,82.11,-0.00005,0.00020
1779372236.2045,plane,3237,18,0.96605,0.15496,0.017902,0.11689,0.05342,154.80,0.00552,0.00988
1779372236.2045,plane,3237,19,0.10725,0.04624,0.012973,0.11633,0.05781,63.63,0.00260,0.00026
1779372236.3009,plane,3238,9,0.49517,0.50190,0.032830,0.15578,0.14922,81.86,-0.00009,-0.00013
1779372236.3009,plane,3238,18,0.96757,0.15706,0.017097,0.13526,0.06518,153.80,0.01558,0.02163
1779372236.3009,plane,3238,19,0.10963,0.04454,0.012277,0.12012,0.06092,63.10,0.02446,-0.01750
1779372236.3961,plane,3239,9,0.49516,0.50191,0.032844,0.15578,0.14928,81.79,-0.00010,0.00012
1779372236.3961,plane,3239,18,0.96688,0.15602,0.017370,0.13114,0.06349,153.67,-0.00724,-0.01088
1779372236.3961,plane,3239,19,0.10808,0.04564,0.012370,0.15521,0.07684,63.82,-0.01630,0.01155
1779372236.5100,plane,3240,9,0.49517,0.50189,0.032847,0.15582,0.14926,82.07,0.00010,-0.00016
1779372236.5100,plane,3240,18,0.96564,0.15374,0.017746,0.12544,0.06109,153.59,-0.01095,-0.02024
1779372236.5100,plane,3240,19,0.10684,0.04672,0.012716,0.14330,0.07059,63.90,-0.01099,0.00958
1779372236.6050,plane,3241,9,0.49516,0.50187,0.032847,0.15580,0.14926,82.14,-0.00013,-0.00019
1779372236.6050,plane,3241,18,0.96626,0.15502,0.017721,0.12686,0.06088,153.84,0.00641,0.01334
1779372236.6050,plane,3241,19,0.10683,0.04592,0.012778,0.15331,0.07440,64.35,-0.00007,-0.00826
1779372236.7005,plane,3242,9,0.49516,0.50189,0.032850,0.15581,0.14927,82.13,0.00004,0.00019
1779372236.7005,plane,3242,18,0.96579,0.15452,0.018066,0.13180,0.05902,155.22,-0.00495,-0.00525
1779372236.7005,plane,3242,19,0.10477,0.04817,0.013046,0.15314,0.07370,64.39,-0.02164,0.02351
1779372236.7972,plane,3243,9,0.49516,0.50192,0.032861,0.15582,0.14930,81.99,-0.00000,0.00027
1779372236.7972,plane,3243,18,0.96481,0.15331,0.018482,0.13188,0.06551,153.26,-0.01019,-0.01264
1779372236.7972,plane,3243,19,0.10443,0.04840,0.013255,0.14332,0.06658,65.19,-0.00352,0.00243
1779372236.9089,plane,3244,9,0.49516,0.50191,0.032854,0.15579,0.14930,81.80,-0.00006,-0.00001
1779372236.9089,plane,3244,18,0.96487,0.15312,0.018256,0.12399,0.06083,153.42,0.00052,-0.00163
1779372236.9089,plane,3244,19,0.10607,0.04692,0.013092,0.14522,0.07428,62.98,0.01463,-0.01315
1779372237.0043,plane,3245,9,0.49517,0.50192,0.032866,0.15582,0.14932,82.02,0.00010,0.00007
1779372237.0043,plane,3245,18,0.96336,0.15187,0.019474,0.13863,0.06442,154.59,-0.01588,-0.01318
1779372237.0043,plane,3245,19,0.10381,0.04980,0.013791,0.14633,0.06865,64.73,-0.02372,0.03019
1779372237.1012,plane,3246,9,0.49516,0.50192,0.032857,0.15580,0.14930,81.91,-0.00003,0.00001
1779372237.1012,plane,3246,18,0.96460,0.15320,0.018572,0.13441,0.06784,152.77,0.01296,0.01385
1779372237.1012,plane,3246,19,0.10572,0.04767,0.013334,0.14163,0.06879,64.19,0.01976,-0.02206
1779372237.1969,plane,3247,9,0.49515,0.50187,0.032850,0.15579,0.14928,81.91,-0.00016,-0.00054
1779372237.1969,plane,3247,18,0.96545,0.15411,0.018122,0.14825,0.07550,152.25,0.00884,0.00944
1779372237.1969,plane,3247,19,0.10526,0.04730,0.013121,0.14136,0.06866,64.27,-0.00480,-0.00386
1779372237.3085,plane,3248,9,0.49517,0.50182,0.032852,0.15582,0.14928,81.73,0.00023,-0.00048
1779372237.3085,plane,3248,18,0.96689,0.15579,0.017387,0.13202,0.06284,153.91,0.01280,0.01505
1779372237.3085,plane,3248,19,0.10768,0.04490,0.012527,0.11456,0.05624,63.93,0.02166,-0.02143
1779372237.4049,plane,3249,9,0.49515,0.50185,0.032852,0.15578,0.14931,81.43,-0.00028,0.00039
1779372237.4049,plane,3249,18,0.96568,0.15470,0.018136,0.14018,0.07059,152.82,-0.01263,-0.01144
1779372237.4049,plane,3249,19,0.10591,0.04569,0.012634,0.12137,0.06423,62.31,-0.01850,0.00824
1779372237.4925,plane,3250,9,0.49516,0.50181,0.032866,0.15577,0.14935,81.22,0.00011,-0.00055
1779372237.4925,plane,3250,18,0.96563,0.15432,0.017971,0.13147,0.06386,153.48,-0.00057,-0.00422
1779372237.4925,plane,3250,19,0.10481,0.04692,0.012831,0.15321,0.07018,65.29,-0.01244,0.01386
1779372237.5882,plane,3251,9,0.49516,0.50174,0.032854,0.15577,0.14932,81.65,0.00002,-0.00066
1779372237.5882,plane,3251,18,0.96700,0.15647,0.017453,0.13857,0.07018,152.69,0.01435,0.02237
1779372237.5882,plane,3251,19,0.10844,0.04459,0.012232,0.15533,0.07255,64.85,0.03790,-0.02425
1779372237.7085,plane,3252,9,0.49523,0.50205,0.032854,0.15584,0.14932,82.57,0.00062,0.00260
1779372237.7085,plane,3252,18,0.96598,0.15499,0.017921,0.14561,0.07057,153.57,-0.00851,-0.01231
1779372237.7085,plane,3252,19,0.10717,0.04708,0.013094,0.14818,0.07526,63.26,-0.01056,0.02080
1779372237.8022,plane,3253,9,0.49521,0.50188,0.032878,0.15590,0.14933,81.54,-0.00027,-0.00185
1779372237.8022,plane,3253,18,0.96457,0.15247,0.018600,0.12404,0.05910,154.14,-0.01499,-0.02674
1779372237.8022,plane,3253,19,0.10445,0.04826,0.013111,0.15008,0.06918,65.23,-0.02892,0.01245
1779372237.8952,plane,3254,9,0.47382,0.55792,0.860723,1.46200,0.43225,94.00,-0.22946,0.60117
1779372237.9934,plane,3255,9,0.49816,0.43959,0.880196,2.06694,0.45586,89.00,0.24872,-1.20903
1779372237.9934,plane,3255,20,0.43665,0.92892,0.002804,0.14983,0.10395,1.42,0.00000,0.00000
1779372238.1055,plane,3256,9,0.49815,0.43813,0.864621,1.00000,0.56250,0.00,-0.00011,-0.01305
1779372238.1996,plane,3257,9,0.49813,0.44044,0.865085,1.00000,0.56250,0.00,-0.00024,0.02432
1779372238.2970,plane,3258,9,0.49804,0.43975,0.863408,1.00000,0.56250,0.00,-0.00087,-0.00704
1779372238.3919,plane,3259,9,0.49795,0.44012,0.864173,1.00000,0.56250,0.00,-0.00098,0.00380
1779372238.5041,plane,3260,9,0.49796,0.43989,0.863722,1.00000,0.56250,0.00,0.00007,-0.00202
1779372238.6004,plane,3261,9,0.49806,0.43905,0.862003,1.00000,0.56250,0.00,0.00110,-0.00876
1779372238.6962,plane,3262,9,0.49820,0.43905,0.862005,1.00000,0.56250,0.00,0.00137,0.00002
1779372238.7924,plane,3263,9,0.49786,0.43971,0.863312,1.00000,0.56250,0.00,-0.00351,0.00686
1779372238.9027,plane,3264,9,0.49909,0.43502,0.853767,1.00000,0.56250,0.00,0.01106,-0.04228
1779372238.9941,plane,3265,9,0.49905,0.43507,0.853916,1.00000,0.56250,0.00,-0.00040,0.00050
1779372239.0967,plane,3266,9,0.49905,0.43503,0.853877,1.00000,0.56250,0.00,0.00001,-0.00036
1779372239.1947,plane,3267,9,0.49942,0.43209,0.848282,1.00000,0.56250,0.00,0.00376,-0.02998
1779372239.1947,plane,3267,21,0.43839,0.87695,0.003316,0.14516,0.07245,91.14,0.00000,0.00000
1779372239.3034,plane,3268,9,0.49951,0.49913,1.000000,1.00000,0.56250,0.00,0.00085,0.61605
1779372239.3991,plane,3269,9,0.49951,0.49913,1.000000,1.00000,0.56250,0.00,0.00000,0.00000
1779372239.4991,plane,3270,9,0.49943,0.43303,0.849965,1.00000,0.56250,0.00,-0.00081,-0.66745
1779372239.4991,plane,3270,21,0.43784,0.86499,0.002577,0.11752,0.08942,86.79,-0.00555,-0.12075
1779372239.5935,plane,3271,9,0.49515,0.50170,0.032199,0.15427,0.14771,81.82,-0.04499,0.72233
1779372239.5935,plane,3271,22,0.98999,0.25184,0.005770,0.14202,0.05156,159.31,0.00000,0.00000
1779372239.7057,plane,3272,9,0.49514,0.50172,0.032157,0.15416,0.14763,81.66,-0.00010,0.00025
1779372239.7057,plane,3272,23,0.99705,0.47029,0.002413,0.30029,0.00790,179.66,0.00000,0.00000
1779372239.7991,plane,3273,9,0.49516,0.50183,0.031930,0.15372,0.14720,82.19,0.00015,0.00112
1779372239.8945,plane,3274,9,0.49516,0.50182,0.031940,0.15374,0.14722,82.17,0.00005,-0.00008
1779372239.9904,plane,3275,9,0.49517,0.50183,0.031952,0.15376,0.14725,82.01,0.00006,0.00010
1779372240.1040,plane,3276,9,0.49516,0.50177,0.032028,0.15385,0.14737,82.54,-0.00010,-0.00054
1779372240.1989,plane,3277,9,0.49514,0.50179,0.032023,0.15386,0.14735,82.47,-0.00017,0.00021
1779372240.2941,plane,3278,9,0.49515,0.50179,0.032025,0.15386,0.14736,82.49,0.00010,0.00006
1779372240.3931,plane,3279,9,0.49514,0.50176,0.032147,0.15412,0.14762,81.58,-0.00012,-0.00031
1779372240.3931,plane,3279,24,0.99705,0.46569,0.002384,0.29407,0.00751,179.72,0.00000,0.00000
1779372240.5068,plane,3280,9,0.49513,0.50180,0.032157,0.15409,0.14768,81.67,-0.00009,0.00032
1779372240.5068,plane,3280,24,0.99704,0.46938,0.002433,0.29881,0.00803,179.66,-0.00007,0.03265
1779372240.6019,plane,3281,9,0.49515,0.50172,0.032159,0.15418,0.14763,81.54,0.00027,-0.00086
1779372240.6019,plane,3281,24,0.99704,0.46853,0.002431,0.30438,0.00780,179.57,-0.00001,-0.00887
1779372240.6976,plane,3282,9,0.49513,0.50168,0.032283,0.15443,0.14798,82.31,-0.00020,-0.00043
1779372240.6976,plane,3282,24,0.99688,0.47476,0.002626,0.30624,0.00761,179.88,-0.00161,0.06489
1779372240.7936,plane,3283,9,0.49514,0.50174,0.032267,0.15441,0.14792,82.07,0.00010,0.00062
1779372240.7936,plane,3283,24,0.99687,0.47523,0.002670,0.31171,0.00744,179.90,-0.00019,0.00489
1779372240.9017,plane,3284,9,0.49513,0.50169,0.032271,0.15445,0.14790,82.28,-0.00016,-0.00037
1779372240.9017,plane,3284,24,0.99687,0.47503,0.002645,0.30871,0.00755,179.91,0.00009,-0.00187
1779372241.0019,plane,3285,9,0.49513,0.50176,0.032361,0.15465,0.14816,82.28,-0.00001,0.00061
1779372241.0019,plane,3285,24,0.99699,0.39546,0.003540,0.41675,0.00852,0.02,0.00114,-0.79414
1779372241.0981,plane,3286,9,0.49514,0.50178,0.032362,0.15467,0.14814,82.21,0.00019,0.00021
1779372241.0981,plane,3286,24,0.99700,0.39619,0.003525,0.41746,0.00850,0.02,0.00012,0.00751
1779372241.1937,plane,3287,9,0.49513,0.50174,0.032367,0.15466,0.14818,82.16,-0.00011,-0.00042
1779372241.1937,plane,3287,24,0.99702,0.39739,0.003503,0.42930,0.00729,0.06,0.00017,0.01264
1779372241.3077,plane,3288,9,0.49514,0.50176,0.032440,0.15486,0.14839,81.67,0.00007,0.00023
1779372241.3077,plane,3288,24,0.99688,0.39325,0.003689,0.43712,0.00729,179.95,-0.00120,-0.03638
1779372241.3077,plane,3288,25,0.24544,0.00177,0.002625,0.47622,0.01069,0.00,0.00000,0.00000
1779372241.4037,plane,3289,9,0.49511,0.50181,0.032464,0.15487,0.14848,81.40,-0.00031,0.00051
1779372241.4037,plane,3289,24,0.99687,0.39264,0.003706,0.43294,0.00738,179.96,-0.00007,-0.00632
1779372241.4037,plane,3289,25,0.24180,0.00177,0.002577,0.47562,0.01256,0.00,-0.03793,-0.00001
1779372241.4998,plane,3290,9,0.49514,0.50171,0.032447,0.15487,0.14843,81.66,0.00028,-0.00108
1779372241.4998,plane,3290,24,0.99687,0.39271,0.003704,0.43232,0.00741,179.96,-0.00000,0.00073
1779372241.4998,plane,3290,25,0.24214,0.00177,0.002584,0.47057,0.01042,0.00,0.00352,0.00003
1779372241.5969,plane,3291,9,0.49517,0.50173,0.032533,0.15516,0.14856,81.74,0.00030,0.00026
1779372241.5969,plane,3291,24,0.99678,0.38601,0.003867,0.44311,0.00714,179.90,-0.00096,-0.06902
1779372241.5969,plane,3291,25,0.24825,0.00183,0.002733,0.48384,0.01092,0.00,0.06293,0.00059
1779372241.7099,plane,3292,9,0.49515,0.50181,0.032523,0.15513,0.14856,81.90,-0.00018,0.00067
1779372241.7099,plane,3292,24,0.99675,0.38832,0.003916,0.42401,0.00761,179.99,-0.00031,0.02057
1779372241.7099,plane,3292,25,0.24901,0.00185,0.002765,0.47338,0.00817,0.00,0.00679,0.00016
1779372241.8050,plane,3293,9,0.49514,0.50182,0.032527,0.15513,0.14856,81.97,-0.00009,0.00014
1779372241.8050,plane,3293,24,0.99680,0.39075,0.003832,0.42652,0.00758,179.98,0.00052,0.02539
1779372241.8050,plane,3293,25,0.24775,0.00184,0.002740,0.46673,0.00799,0.00,-0.01327,-0.00010
1779372241.8997,plane,3294,9,0.49514,0.50181,0.032581,0.15525,0.14870,81.78,0.00006,-0.00016
1779372241.8997,plane,3294,24,0.99654,0.37352,0.004137,0.40990,0.02427,178.60,-0.00271,-0.18153
1779372241.8997,plane,3294,25,0.24940,0.00206,0.002979,0.59497,0.01692,88.23,0.01748,0.00229
1779372241.9961,plane,3295,9,0.49518,0.50181,0.032594,0.15525,0.14876,81.96,0.00039,0.00005
1779372241.9961,plane,3295,24,0.99637,0.36694,0.004262,0.48788,0.02657,179.90,-0.00170,-0.06833
1779372241.9961,plane,3295,25,0.24747,0.00205,0.002959,0.66862,0.01125,89.60,-0.02012,-0.00004
1779372242.1093,plane,3296,9,0.49515,0.50179,0.032588,0.15524,0.14877,81.88,-0.00026,-0.00021
1779372242.1093,plane,3296,24,0.99645,0.36992,0.004220,0.41670,0.02015,179.16,0.00069,0.02629
1779372242.1093,plane,3296,25,0.24849,0.00201,0.002931,0.49381,0.01238,89.21,0.00903,-0.00043
1779372242.2060,plane,3297,9,0.49516,0.50184,0.032635,0.15535,0.14885,82.09,0.00005,0.00051
1779372242.2060,plane,3297,24,0.99415,0.31202,0.005285,0.13087,0.09863,0.00,-0.02380,-0.59803
1779372242.2060,plane,3297,25,0.23884,0.00390,0.003559,0.14415,0.04917,0.00,-0.09970,0.01954
1779372242.3030,plane,3298,9,0.49517,0.50172,0.032652,0.15534,0.14892,82.21,0.00015,-0.00121
1779372242.3030,plane,3298,24,0.99332,0.29812,0.005508,0.12945,0.05207,157.94,-0.00856,-0.14357
1779372242.3030,plane,3298,25,0.23143,0.00370,0.003347,0.28318,0.05660,0.00,-0.07646,-0.00204
1779372242.3974,plane,3299,9,0.49516,0.50175,0.032647,0.15535,0.14888,82.26,-0.00015,0.00034
1779372242.3974,plane,3299,24,0.99304,0.29555,0.005624,0.11893,0.05257,155.95,-0.00300,-0.02735
1779372242.3974,plane,3299,25,0.23682,0.00380,0.003560,0.08675,0.07425,0.00,0.05744,0.00109
1779372242.5098,plane,3300,9,0.49515,0.50181,0.032700,0.15548,0.14897,82.20,-0.00004,0.00050
1779372242.5098,plane,3300,24,0.98817,0.23834,0.007563,0.14317,0.04613,161.73,-0.04317,-0.50760
1779372242.5098,plane,3300,25,0.19631,0.00952,0.004608,0.07311,0.05469,53.03,-0.35947,0.05076
1779372242.6042,plane,3301,9,0.49515,0.50170,0.032722,0.15556,0.14900,82.18,-0.00006,-0.00117
1779372242.6042,plane,3301,24,0.98806,0.23671,0.007679,0.16552,0.04396,164.73,-0.00123,-0.01724
1779372242.6042,plane,3301,25,0.19176,0.01022,0.004698,0.07864,0.05193,56.41,-0.04819,0.00740
1779372242.7010,plane,3302,9,0.49516,0.50168,0.032720,0.15556,0.14898,82.13,0.00016,-0.00016
1779372242.7010,plane,3302,24,0.98865,0.24086,0.007429,0.14612,0.04295,163.41,0.00614,0.04312
1779372242.7010,plane,3302,25,0.19713,0.00904,0.004379,0.08616,0.05827,55.72,0.05575,-0.01221
1779372242.7986,plane,3303,9,0.49518,0.50178,0.032745,0.15559,0.14905,82.43,0.00019,0.00103
1779372242.7986,plane,3303,24,0.98195,0.19945,0.009944,0.12253,0.04647,158.85,-0.06823,-0.42207
1779372242.7986,plane,3303,25,0.15893,0.01882,0.006209,0.07416,0.04582,58.08,-0.38937,0.09967
1779372242.9086,plane,3304,9,0.49516,0.50172,0.032766,0.15562,0.14910,82.56,-0.00021,-0.00058
1779372242.9086,plane,3304,24,0.98233,0.20265,0.009593,0.11742,0.05376,155.03,0.00343,0.02903
1779372242.9086,plane,3304,25,0.15836,0.01827,0.006031,0.08782,0.04688,61.63,-0.00513,-0.00500
1779372243.0046,plane,3305,9,0.49518,0.50180,0.032750,0.15562,0.14905,82.30,0.00019,0.00082
1779372243.0046,plane,3305,24,0.98130,0.19750,0.009969,0.12038,0.05037,156.87,-0.01082,-0.05410
1779372243.0046,plane,3305,25,0.16191,0.01804,0.006115,0.08523,0.04499,61.87,0.03719,-0.00246
1779372243.1019,plane,3306,9,0.49518,0.50181,0.032793,0.15565,0.14915,82.46,0.00003,0.00013
1779372243.1019,plane,3306,24,0.97595,0.17566,0.012436,0.12533,0.04927,158.13,-0.05457,-0.22279
1779372243.1019,plane,3306,25,0.13048,0.02971,0.008392,0.09196,0.05166,60.46,-0.32069,0.11912
1779372243.1985,plane,3307,9,0.49517,0.50182,0.032791,0.15566,0.14915,82.01,-0.00012,0.00007
1779372243.1985,plane,3307,24,0.97681,0.17799,0.012231,0.12076,0.04819,157.83,0.00885,0.02408
1779372243.1985,plane,3307,25,0.13412,0.02913,0.008392,0.12303,0.05081,67.17,0.03767,-0.00608
1779372243.3091,plane,3308,9,0.49516,0.50180,0.032800,0.15566,0.14919,82.18,-0.00004,-0.00017
1779372243.3091,plane,3308,24,0.97720,0.18050,0.011765,0.12503,0.04834,158.10,0.00357,0.02283
1779372243.3091,plane,3308,25,0.13505,0.02752,0.007913,0.11764,0.05280,65.46,0.00850,-0.01455
1779372243.4062,plane,3309,9,0.49518,0.50185,0.032823,0.15572,0.14924,82.02,0.00016,0.00049
1779372243.4062,plane,3309,24,0.97253,0.16616,0.014384,0.12138,0.05385,155.57,-0.04801,-0.14736
1779372243.4062,plane,3309,25,0.12058,0.03571,0.009947,0.10431,0.05992,60.14,-0.14870,0.08413
1779372243.5004,plane,3310,9,0.49517,0.50184,0.032820,0.15568,0.14925,81.96,-0.00013,-0.00006
1779372243.5004,plane,3310,24,0.97239,0.16597,0.014506,0.12655,0.05876,154.51,-0.00145,-0.00206
1779372243.5004,plane,3310,25,0.12117,0.03509,0.009886,0.11354,0.05989,62.07,0.00626,-0.00660
1779372243.5957,plane,3311,9,0.49517,0.50182,0.032832,0.15572,0.14926,81.96,0.00001,-0.00026
1779372243.5957,plane,3311,24,0.97266,0.16664,0.014452,0.11637,0.04843,156.71,0.00277,0.00706
1779372243.5957,plane,3311,25,0.12007,0.03531,0.009947,0.10897,0.05634,62.58,-0.01158,0.00232
1779372243.7102,plane,3312,9,0.49517,0.50180,0.032828,0.15571,0.14927,81.85,0.00006,-0.00019
1779372243.7102,plane,3312,24,0.97159,0.16339,0.014984,0.12518,0.05380,156.50,-0.00935,-0.02841
1779372243.7102,plane,3312,25,0.11953,0.03525,0.010032,0.10894,0.05765,62.01,-0.00467,-0.00051
1779372243.8049,plane,3313,9,0.49517,0.50181,0.032827,0.15570,0.14926,82.00,-0.00006,0.00019
1779372243.8049,plane,3313,24,0.97166,0.16412,0.015033,0.11227,0.04501,157.45,0.00074,0.00767
1779372243.8049,plane,3313,25,0.11957,0.03571,0.010161,0.10797,0.06052,60.72,0.00035,0.00480
1779372243.9000,plane,3314,9,0.49517,0.50177,0.032825,0.15571,0.14926,81.83,0.00002,-0.00046
1779372243.9000,plane,3314,24,0.97147,0.16393,0.015094,0.13197,0.06152,154.54,-0.00192,-0.00200
1779372243.9000,plane,3314,25,0.11766,0.03658,0.010356,0.10279,0.05193,63.12,-0.02007,0.00921
1779372243.9955,plane,3315,9,0.49517,0.50177,0.032820,0.15571,0.14923,81.87,-0.00000,-0.00005
1779372243.9955,plane,3315,24,0.97169,0.16434,0.015120,0.13067,0.05963,155.05,0.00229,0.00441
1779372243.9955,plane,3315,25,0.11750,0.03732,0.010366,0.10344,0.05159,63.33,-0.00167,0.00784
1779372244.1109,plane,3316,9,0.49516,0.50185,0.032818,0.15567,0.14925,82.00,-0.00009,0.00070
1779372244.1109,plane,3316,24,0.97135,0.16378,0.014974,0.11809,0.05211,155.58,-0.00293,-0.00486
1779372244.1109,plane,3316,25,0.11980,0.03577,0.010037,0.10229,0.05486,61.70,0.01981,-0.01341
1779372244.2047,plane,3317,9,0.49518,0.50173,0.032827,0.15573,0.14924,81.86,0.00019,-0.00123
1779372244.2047,plane,3317,24,0.97143,0.16373,0.015218,0.11982,0.04938,157.05,0.00084,-0.00050
1779372244.2047,plane,3317,25,0.11599,0.03813,0.010579,0.13282,0.06637,63.31,-0.04046,0.02502
1779372244.3024,plane,3318,9,0.49518,0.50182,0.032825,0.15571,0.14926,81.79,-0.00001,0.00095
1779372244.3024,plane,3318,24,0.97200,0.16513,0.014748,0.11686,0.05196,155.59,0.00588,0.01446
1779372244.3024,plane,3318,25,0.11913,0.03602,0.010220,0.10293,0.05483,61.84,0.03248,-0.02174
1779372244.3983,plane,3319,9,0.49518,0.50183,0.032828,0.15572,0.14927,81.76,0.00004,0.00006
1779372244.3983,plane,3319,24,0.97136,0.16351,0.015116,0.11718,0.04764,157.49,-0.00665,-0.01682
1779372244.3983,plane,3319,25,0.11773,0.03780,0.010529,0.10641,0.05803,61.42,-0.01448,0.01845
1779372244.5099,plane,3320,9,0.49517,0.50184,0.032822,0.15568,0.14925,81.96,-0.00010,0.00011
1779372244.5099,plane,3320,24,0.97222,0.16579,0.014535,0.11275,0.04905,155.88,0.00769,0.02040
1779372244.5099,plane,3320,25,0.11938,0.03624,0.010228,0.10261,0.05265,62.78,0.01478,-0.01403
1779372244.6052,plane,3321,9,0.49516,0.50180,0.032822,0.15571,0.14923,82.04,-0.00012,-0.00047
1779372244.6052,plane,3321,24,0.97288,0.16709,0.014099,0.11475,0.04620,157.36,0.00706,0.01382
1779372244.6052,plane,3321,25,0.12212,0.03449,0.009698,0.11075,0.05903,61.83,0.02886,-0.01844
1779372244.7019,plane,3322,9,0.49517,0.50177,0.032815,0.15571,0.14919,82.21,0.00010,-0.00026
1779372244.7019,plane,3322,24,0.97304,0.16708,0.014279,0.11428,0.04616,157.36,0.00158,-0.00014
1779372244.7019,plane,3322,25,0.12009,0.03545,0.010084,0.10571,0.06173,59.72,-0.02075,0.00983
1779372244.7961,plane,3323,9,0.49517,0.50181,0.032825,0.15570,0.14925,82.11,0.00002,0.00040
1779372244.7961,plane,3323,24,0.97085,0.16256,0.015249,0.13035,0.05818,155.57,-0.02326,-0.04797
1779372244.7961,plane,3323,25,0.11549,0.03835,0.010751,0.12277,0.05968,63.92,-0.04887,0.03074
1779372244.9097,plane,3324,9,0.49517,0.50182,0.032820,0.15570,0.14924,82.09,-0.00002,0.00008
1779372244.9097,plane,3324,24,0.97176,0.16424,0.014718,0.10818,0.04898,155.14,0.00803,0.01482
1779372244.9097,plane,3324,25,0.12144,0.03472,0.009932,0.11012,0.05611,62.83,0.05249,-0.03191
1779372245.0058,plane,3325,9,0.49517,0.50178,0.032818,0.15571,0.14922,82.20,0.00000,-0.00035
1779372245.0058,plane,3325,24,0.97238,0.16587,0.014520,0.11715,0.04887,156.87,0.00652,0.01695
1779372245.0058,plane,3325,25,0.12082,0.03490,0.009944,0.10830,0.05579,62.67,-0.00647,0.00186
1779372245.1008,plane,3326,9,0.49516,0.50181,0.032822,0.15568,0.14924,82.08,-0.00007,0.00025
1779372245.1008,plane,3326,24,0.97236,0.16564,0.014496,0.11751,0.05164,155.65,-0.00021,-0.00243
1779372245.1008,plane,3326,25,0.11987,0.03543,0.010001,0.11156,0.05426,63.83,-0.01005,0.00559
1779372245.1970,plane,3327,9,0.49517,0.50180,0.032825,0.15570,0.14924,82.06,0.00009,-0.00010
1779372245.1970,plane,3327,24,0.97156,0.16387,0.014852,0.11962,0.05232,156.06,-0.00845,-0.01857
1779372245.1970,plane,3327,25,0.11812,0.03626,0.010259,0.10861,0.05993,61.05,-0.01836,0.00872
1779372245.3077,plane,3328,9,0.49517,0.50181,0.032822,0.15570,0.14926,82.01,0.00002,0.00013
1779372245.3077,plane,3328,24,0.97285,0.16655,0.014218,0.11171,0.04504,157.44,0.01156,0.02402
1779372245.3077,plane,3328,25,0.12079,0.03572,0.009849,0.10573,0.05417,62.72,0.02394,-0.00488
1779372245.4035,plane,3329,9,0.49518,0.50182,0.032825,0.15570,0.14925,82.06,0.00004,0.00009
1779372245.4035,plane,3329,24,0.97106,0.16315,0.015094,0.12012,0.05691,154.19,-0.01874,-0.03561
1779372245.4035,plane,3329,25,0.11697,0.03782,0.010564,0.13552,0.06977,63.33,-0.03998,0.02199
1779372245.5002,plane,3330,9,0.49517,0.50182,0.032822,0.15571,0.14924,81.91,-0.00009,0.00001
1779372245.5002,plane,3330,24,0.97178,0.16457,0.014594,0.10929,0.04739,156.13,0.00744,0.01470
1779372245.5002,plane,3330,25,0.11976,0.03604,0.010164,0.09797,0.05194,62.04,0.02873,-0.01837
1779372245.5947,plane,3331,9,0.49517,0.50180,0.032823,0.15570,0.14924,82.09,0.00000,-0.00020
1779372245.5947,plane,3331,24,0.97184,0.16457,0.014954,0.11706,0.05355,154.99,0.00062,-0.00003
1779372245.5947,plane,3331,25,0.11967,0.03609,0.010174,0.10184,0.05308,62.47,-0.00096,0.00051
1779372245.7075,plane,3332,9,0.49517,0.50177,0.032815,0.15571,0.14919,82.21,0.00000,-0.00029
1779372245.7075,plane,3332,24,0.97217,0.16539,0.014406,0.10728,0.04497,156.58,0.00293,0.00720
1779372245.7075,plane,3332,25,0.12112,0.03529,0.009893,0.10385,0.05699,61.13,0.01282,-0.00703
1779372245.8038,plane,3333,9,0.49518,0.50177,0.032827,0.15570,0.14928,81.79,0.00011,-0.00000
1779372245.8038,plane,3333,24,0.97227,0.16578,0.014718,0.11761,0.05082,156.15,0.00103,0.00408
1779372245.8038,plane,3333,25,0.11847,0.03596,0.010362,0.11211,0.05779,62.72,-0.02752,0.00699
1779372245.9000,plane,3334,9,0.49517,0.50176,0.032817,0.15570,0.14922,81.93,-0.00012,-0.00014
1779372245.9000,plane,3334,24,0.97126,0.16324,0.015069,0.11112,0.04761,156.56,-0.01047,-0.02633
1779372245.9000,plane,3334,25,0.11855,0.03646,0.010403,0.10932,0.06289,60.12,0.00084,0.00520
1779372245.9951,plane,3335,9,0.49517,0.50180,0.032813,0.15570,0.14921,82.26,-0.00000,0.00040
1779372245.9951,plane,3335,24,0.97152,0.16395,0.014911,0.11605,0.05116,155.75,0.00268,0.00737
1779372245.9951,plane,3335,25,0.11735,0.03759,0.010517,0.12566,0.06325,63.13,-0.01259,0.01180
1779372246.1085,plane,3336,9,0.49517,0.50178,0.032818,0.15571,0.14922,82.20,0.00001,-0.00011
1779372246.1085,plane,3336,24,0.97225,0.16521,0.014709,0.11913,0.05114,156.18,0.00644,0.01116
1779372246.1085,plane,3336,25,0.12189,0.03432,0.009837,0.09955,0.04868,63.79,0.04000,-0.02884
1779372246.2042,plane,3337,9,0.49517,0.50181,0.032822,0.15571,0.14923,82.19,-0.00004,0.00023
1779372246.2042,plane,3337,24,0.97213,0.16527,0.014672,0.11660,0.04953,156.34,-0.00122,0.00065
1779372246.2042,plane,3337,25,0.11956,0.03615,0.010220,0.10760,0.05521,62.71,-0.02452,0.01927
1779372246.3001,plane,3338,9,0.49516,0.50180,0.032822,0.15570,0.14924,82.16,-0.00003,-0.00006
1779372246.3001,plane,3338,24,0.97258,0.16609,0.014776,0.10560,0.04225,157.78,0.00460,0.00843
1779372246.3001,plane,3338,25,0.11893,0.03690,0.010254,0.10204,0.05297,62.52,-0.00653,0.00778
1779372246.3952,plane,3339,9,0.49517,0.50181,0.032810,0.15566,0.14923,82.27,0.00008,0.00014
1779372246.3952,plane,3339,24,0.97255,0.16607,0.014477,0.11813,0.05447,154.78,-0.00021,-0.00014
1779372246.3952,plane,3339,25,0.12150,0.03491,0.009922,0.10452,0.05719,61.31,0.02687,-0.02079
1779372246.5088,plane,3340,9,0.49516,0.50178,0.032818,0.15571,0.14920,82.15,-0.00006,-0.00032
1779372246.5088,plane,3340,24,0.97315,0.16732,0.014459,0.12061,0.04964,157.23,0.00529,0.01108
1779372246.5088,plane,3340,25,0.11985,0.03516,0.010028,0.10574,0.05768,61.40,-0.01461,0.00222
1779372246.6045,plane,3341,9,0.49516,0.50178,0.032817,0.15570,0.14922,81.99,-0.00002,0.00006
1779372246.6045,plane,3341,24,0.97236,0.16562,0.014715,0.10850,0.04319,157.76,-0.00819,-0.01759
1779372246.6045,plane,3341,25,0.11871,0.03658,0.010283,0.10870,0.05811,61.88,-0.01184,0.01460
1779372246.6997,plane,3342,9,0.49517,0.50181,0.032823,0.15569,0.14926,82.07,0.00004,0.00029
1779372246.6997,plane,3342,24,0.97035,0.16161,0.015569,0.12581,0.05681,155.18,-0.02114,-0.04217
1779372246.6997,plane,3342,25,0.11495,0.03913,0.010817,0.12802,0.06815,61.86,-0.03959,0.02689
1779372246.7967,plane,3343,9,0.49517,0.50178,0.032817,0.15571,0.14921,82.13,0.00002,-0.00034
1779372246.7967,plane,3343,24,0.97203,0.16500,0.014828,0.11351,0.05064,155.42,0.01740,0.03517
1779372246.7967,plane,3343,25,0.11912,0.03616,0.010127,0.10803,0.05319,63.59,0.04335,-0.03082
1779372246.9075,plane,3344,9,0.49516,0.50180,0.032818,0.15569,0.14924,82.07,-0.00003,0.00022
1779372246.9075,plane,3344,24,0.97252,0.16616,0.014508,0.11798,0.05293,155.24,0.00440,0.01035
1779372246.9075,plane,3344,25,0.12045,0.03527,0.010072,0.10584,0.06195,59.74,0.01190,-0.00802
1779372247.0033,plane,3345,9,0.49516,0.50177,0.032813,0.15570,0.14920,82.19,0.00000,-0.00034
1779372247.0033,plane,3345,24,0.97214,0.16546,0.014594,0.11677,0.05322,155.19,-0.00399,-0.00727
1779372247.0033,plane,3345,25,0.11967,0.03551,0.010017,0.11748,0.06009,62.75,-0.00820,0.00254
1779372247.1010,plane,3346,9,0.49517,0.50180,0.032810,0.15570,0.14919,82.12,0.00006,0.00027
1779372247.1010,plane,3346,24,0.97226,0.16577,0.014616,0.12432,0.05594,155.37,0.00126,0.00322
1779372247.1010,plane,3346,25,0.11943,0.03584,0.010220,0.10264,0.05617,61.19,-0.00241,0.00340
1779372247.1960,plane,3347,9,0.49517,0.50178,0.032813,0.15570,0.14921,82.20,-0.00005,-0.00013
1779372247.1960,plane,3347,24,0.97212,0.16516,0.014691,0.12698,0.05723,155.36,-0.00145,-0.00641
1779372247.1960,plane,3347,25,0.11941,0.03607,0.010144,0.10945,0.05601,62.77,-0.00023,0.00244
1779372247.3070,plane,3348,9,0.49517,0.50179,0.032823,0.15569,0.14926,81.86,0.00003,0.00002
1779372247.3070,plane,3348,24,0.97174,0.16450,0.014908,0.10846,0.04551,156.78,-0.00340,-0.00596
1779372247.3070,plane,3348,25,0.11756,0.03698,0.010532,0.10381,0.05317,62.72,-0.01668,0.00818
1779372247.4019,plane,3349,9,0.49517,0.50178,0.032823,0.15570,0.14926,81.94,0.00005,-0.00009
1779372247.4019,plane,3349,24,0.97177,0.16444,0.015025,0.11880,0.05106,156.23,0.00028,-0.00054
1779372247.4019,plane,3349,25,0.11824,0.03677,0.010339,0.10596,0.05650,61.86,0.00716,-0.00224
1779372247.5002,plane,3350,9,0.49516,0.50179,0.032817,0.15568,0.14923,82.26,-0.00010,0.00013
1779372247.5002,plane,3350,24,0.97196,0.16497,0.014626,0.12431,0.04978,157.62,0.00202,0.00533
1779372247.5002,plane,3350,25,0.12134,0.03495,0.009881,0.10513,0.05870,60.73,0.03164,-0.01854
1779372247.5950,plane,3351,9,0.49517,0.50180,0.032820,0.15570,0.14924,82.04,0.00003,0.00007
1779372247.5950,plane,3351,24,0.97217,0.16563,0.014645,0.11229,0.05032,155.35,0.00217,0.00694
1779372247.5950,plane,3351,25,0.11820,0.03607,0.010281,0.10961,0.05574,63.05,-0.03310,0.01179
1779372247.7083,plane,3352,9,0.49517,0.50178,0.032818,0.15570,0.14922,82.13,0.00001,-0.00011
1779372247.7083,plane,3352,24,0.97178,0.16438,0.014864,0.11743,0.05049,156.32,-0.00342,-0.01106
1779372247.7083,plane,3352,25,0.11917,0.03635,0.010130,0.10532,0.05252,63.35,0.00863,0.00248
1779372247.8036,plane,3353,9,0.49517,0.50179,0.032820,0.15570,0.14923,82.03,-0.00002,0.00007
1779372247.8036,plane,3353,24,0.97090,0.16262,0.015213,0.10983,0.04491,157.17,-0.00924,-0.01847
1779372247.8036,plane,3353,25,0.11878,0.03561,0.010340,0.10786,0.05587,62.53,-0.00409,-0.00777
1779372247.9001,plane,3354,9,0.49517,0.50180,0.032823,0.15570,0.14924,82.09,0.00002,0.00013
1779372247.9001,plane,3354,24,0.97265,0.16656,0.014382,0.10949,0.04520,156.90,0.01806,0.04071
1779372247.9001,plane,3354,25,0.11794,0.03644,0.010162,0.10464,0.05694,61.38,-0.00878,0.00860
1779372247.9948,plane,3355,9,0.49517,0.50179,0.032813,0.15569,0.14921,82.13,0.00001,-0.00017
1779372247.9948,plane,3355,24,0.97336,0.16842,0.013958,0.10959,0.04610,156.70,0.00752,0.01963
1779372247.9948,plane,3355,25,0.12064,0.03522,0.009915,0.10664,0.05747,61.57,0.02855,-0.01292
1779372248.1089,plane,3356,9,0.49518,0.50183,0.032813,0.15568,0.14923,82.08,0.00006,0.00035
1779372248.1089,plane,3356,24,0.97251,0.16615,0.014569,0.12010,0.04986,157.14,-0.00758,-0.02001
1779372248.1089,plane,3356,25,0.12073,0.03581,0.009918,0.10304,0.05288,62.66,0.00077,0.00519
1779372248.2037,plane,3357,9,0.49517,0.50180,0.032823,0.15571,0.14927,81.65,-0.00003,-0.00027
1779372248.2037,plane,3357,24,0.97210,0.16491,0.014886,0.11393,0.04636,157.43,-0.00427,-0.01302
1779372248.2037,plane,3357,25,0.12029,0.03599,0.010006,0.10293,0.05222,62.95,-0.00461,0.00195
1779372248.2991,plane,3358,9,0.49518,0.50179,0.032823,0.15571,0.14925,81.90,0.00005,-0.00012
1779372248.2991,plane,3358,24,0.97225,0.16540,0.015050,0.11151,0.04299,158.35,0.00160,0.00516
1779372248.2991,plane,3358,25,0.11755,0.03693,0.010432,0.11278,0.06184,61.26,-0.02868,0.00981
1779372248.3960,plane,3359,9,0.49517,0.50178,0.032815,0.15570,0.14921,82.25,-0.00012,-0.00013
1779372248.3960,plane,3359,24,0.97276,0.16654,0.014421,0.11704,0.04610,157.86,0.00529,0.01190
1779372248.3960,plane,3359,25,0.12054,0.03553,0.009905,0.10586,0.05439,62.66,0.03120,-0.01459
1779372248.5082,plane,3360,9,0.49518,0.50179,0.032815,0.15570,0.14921,82.13,0.00008,0.00011
1779372248.5082,plane,3360,24,0.97295,0.16689,0.014399,0.12103,0.04777,158.06,0.00171,0.00305
1779372248.5082,plane,3360,25,0.12042,0.03505,0.010037,0.10419,0.05648,61.44,-0.00108,-0.00426
1779372248.6024,plane,3361,9,0.49517,0.50180,0.032817,0.15568,0.14922,82.17,-0.00008,0.00011
1779372248.6024,plane,3361,24,0.97234,0.16559,0.014501,0.11659,0.05049,155.94,-0.00654,-0.01379
1779372248.6024,plane,3361,25,0.11902,0.03622,0.010113,0.10507,0.05350,62.87,-0.01489,0.01244
1779372248.7013,plane,3362,9,0.49517,0.50177,0.032822,0.15571,0.14925,81.94,0.00005,-0.00028
1779372248.7013,plane,3362,24,0.97106,0.16335,0.014818,0.12069,0.05301,155.70,-0.01300,-0.02284
1779372248.7013,plane,3362,25,0.11466,0.03805,0.010740,0.13534,0.06394,64.63,-0.04459,0.01874
1779372248.7954,plane,3363,9,0.49517,0.50181,0.032827,0.15572,0.14924,82.23,0.00002,0.00042
1779372248.7954,plane,3363,24,0.97121,0.16330,0.015340,0.12190,0.05339,155.92,0.00156,-0.00059
1779372248.7954,plane,3363,25,0.11568,0.03839,0.010666,0.11088,0.06072,61.24,0.01074,0.00351
1779372248.9077,plane,3364,9,0.49517,0.50180,0.032820,0.15570,0.14922,82.20,-0.00004,-0.00006
1779372248.9077,plane,3364,24,0.97313,0.16737,0.014182,0.10780,0.04544,156.75,0.01708,0.03626
1779372248.9077,plane,3364,25,0.12040,0.03525,0.009978,0.10877,0.05663,62.37,0.04201,-0.02794
1779372249.0031,plane,3365,9,0.49518,0.50180,0.032825,0.15571,0.14926,81.97,0.00006,-0.00007
1779372249.0031,plane,3365,24,0.97213,0.16497,0.014925,0.11700,0.04765,157.24,-0.01046,-0.02516
1779372249.0031,plane,3365,25,0.11658,0.03800,0.010481,0.13563,0.06118,65.51,-0.04003,0.02881
1779372249.1001,plane,3366,9,0.49518,0.50179,0.032823,0.15570,0.14923,82.20,-0.00001,-0.00007
1779372249.1001,plane,3366,24,0.97246,0.16642,0.014281,0.11822,0.05244,155.44,0.00341,0.01495
1779372249.1001,plane,3366,25,0.11805,0.03671,0.010323,0.10294,0.05354,62.42,0.01517,-0.01322
1779372249.1960,plane,3367,9,0.49516,0.50178,0.032815,0.15570,0.14921,82.10,-0.00013,-0.00014
1779372249.1960,plane,3367,24,0.97312,0.16761,0.014169,0.12496,0.05153,157.23,0.00682,0.01246
1779372249.1960,plane,3367,25,0.12077,0.03516,0.009905,0.10129,0.05579,61.08,0.02834,-0.01618
1779372249.3082,plane,3368,9,0.49517,0.50182,0.032827,0.15570,0.14925,82.11,0.00007,0.00035
1779372249.3082,plane,3368,24,0.97138,0.16354,0.014915,0.11143,0.04801,156.18,-0.01547,-0.03631
1779372249.3082,plane,3368,25,0.11740,0.03713,0.010381,0.10105,0.05103,63.09,-0.03002,0.01751
1779372249.4046,plane,3369,9,0.49517,0.50183,0.032823,0.15571,0.14925,82.01,-0.00002,0.00013
1779372249.4046,plane,3369,24,0.97195,0.16493,0.014755,0.12179,0.05541,154.93,0.00597,0.01458
1779372249.4046,plane,3369,25,0.11970,0.03561,0.010103,0.10790,0.05727,61.96,0.02400,-0.01588
1779372249.5003,plane,3370,9,0.49519,0.50204,0.032818,0.15572,0.14924,81.89,0.00023,0.00222
1779372249.5003,plane,3370,24,0.97147,0.16418,0.015003,0.10640,0.04722,155.58,-0.00501,-0.00777
1779372249.5003,plane,3370,25,0.11955,0.03727,0.010486,0.10489,0.05532,62.20,-0.00150,0.01720
1779372249.5954,plane,3371,9,0.49511,0.50173,0.032769,0.15573,0.14904,82.62,-0.00089,-0.00332
1779372249.5954,plane,3371,24,0.97182,0.16524,0.014589,0.11906,0.05866,153.28,0.00367,0.01111
1779372249.5954,plane,3371,25,0.12618,0.03520,0.010213,0.09854,0.05271,61.84,0.06981,-0.02178
1779372249.7080,plane,3372,9,0.49501,0.50212,0.032779,0.15563,0.14916,82.50,-0.00083,0.00347
1779372249.7080,plane,3372,24,0.97468,0.17424,0.013545,0.11641,0.04996,156.31,0.02554,0.08034
1779372249.7080,plane,3372,25,0.12924,0.03239,0.009427,0.09834,0.05038,62.73,0.02732,-0.02511
1779372249.8040,plane,3373,9,0.49522,0.50232,0.032815,0.15578,0.14923,81.29,0.00218,0.00210
1779372249.8040,plane,3373,24,0.97203,0.16484,0.014747,0.11133,0.04756,156.58,-0.02735,-0.09717
1779372249.8040,plane,3373,25,0.12066,0.03709,0.010284,0.10960,0.05948,61.54,-0.08867,0.04864
1779372249.8983,plane,3374,9,0.49502,0.50218,0.032820,0.15587,0.14912,80.72,-0.00219,-0.00152
1779372249.8983,plane,3374,24,0.97195,0.16587,0.014835,0.11570,0.04852,156.95,-0.00089,0.01093
1779372249.8983,plane,3374,25,0.12114,0.03701,0.010508,0.10841,0.06296,59.82,0.00506,-0.00084
1779372249.9960,plane,3375,9,0.49499,0.50171,0.032796,0.15576,0.14912,82.06,-0.00030,-0.00481
1779372249.9960,plane,3375,24,0.97233,0.16678,0.014801,0.11998,0.04939,156.91,0.00389,0.00933
1779372249.9960,plane,3375,25,0.12019,0.03538,0.010042,0.10708,0.05294,63.54,-0.00967,-0.01666
1779372250.1081,plane,3376,9,0.49416,0.50125,0.032701,0.15568,0.14876,85.15,-0.00742,-0.00405
1779372250.1081,plane,3376,24,0.97155,0.17360,0.015903,0.12137,0.05856,153.81,-0.00694,0.06078
1779372250.1081,plane,3376,25,0.13679,0.03263,0.010295,0.14168,0.05571,67.75,0.14800,-0.02457
1779372250.2038,plane,3377,9,0.49437,0.50212,0.032805,0.15574,0.14922,83.33,0.00223,0.00905
1779372250.2038,plane,3377,24,0.97339,0.17879,0.014737,0.14799,0.05711,158.17,0.01931,0.05431
1779372250.2038,plane,3377,25,0.12935,0.03285,0.009889,0.12625,0.05248,66.88,-0.07784,0.00234
1779372250.3003,plane,3378,9,0.49486,0.50199,0.032823,0.15577,0.14927,82.81,0.00512,-0.00136
1779372250.3003,plane,3378,24,0.97321,0.17055,0.014628,0.11638,0.04603,158.08,-0.00192,-0.08610
1779372250.3003,plane,3378,25,0.12206,0.03463,0.009874,0.09971,0.04790,64.22,-0.07614,0.01864
1779372250.3968,plane,3379,9,0.49520,0.50203,0.032822,0.15570,0.14931,82.94,0.00349,0.00046
1779372250.3968,plane,3379,24,0.97164,0.16470,0.015215,0.10782,0.04300,157.87,-0.01615,-0.06005
1779372250.3968,plane,3379,25,0.11877,0.03635,0.010395,0.10832,0.05924,61.30,-0.03378,0.01758
1779372250.5076,plane,3380,9,0.49535,0.50174,0.032845,0.15584,0.14926,81.66,0.00139,-0.00265
1779372250.5076,plane,3380,24,0.97216,0.16433,0.014296,0.10647,0.04664,156.10,0.00475,-0.00332
1779372250.5076,plane,3380,25,0.11257,0.03617,0.009852,0.10323,0.05637,61.29,-0.05599,-0.00164
1779372250.6045,plane,3381,9,0.49520,0.50161,0.032813,0.15578,0.14916,81.70,-0.00161,-0.00133
1779372250.6045,plane,3381,24,0.97119,0.16295,0.014886,0.14117,0.07697,151.44,-0.01021,-0.01441
1779372250.6045,plane,3381,25,0.11666,0.03762,0.010673,0.10263,0.05493,61.81,0.04270,0.01513
1779372250.7009,plane,3382,9,0.49505,0.50181,0.032832,0.15576,0.14922,81.92,-0.00153,0.00206
1779372250.7009,plane,3382,24,0.97246,0.16722,0.014572,0.10677,0.04737,155.51,0.01307,0.04376
1779372250.7009,plane,3382,25,0.12071,0.03542,0.009923,0.10020,0.05118,62.93,0.04158,-0.02255
1779372250.7976,plane,3383,9,0.49516,0.50160,0.032817,0.15571,0.14921,82.04,0.00117,-0.00223
1779372250.7976,plane,3383,24,0.97318,0.16804,0.014079,0.11584,0.04822,157.09,0.00750,0.00851
1779372250.7976,plane,3383,25,0.11668,0.03525,0.009642,0.10433,0.05743,61.07,-0.04183,-0.00174
1779372250.9082,plane,3384,9,0.49518,0.50180,0.032820,0.15571,0.14922,82.28,0.00018,0.00188
1779372250.9082,plane,3384,24,0.97356,0.16866,0.014135,0.11246,0.04538,157.63,0.00341,0.00567
1779372250.9082,plane,3384,25,0.12039,0.03549,0.009950,0.11665,0.05833,63.24,0.03360,0.00218
1779372251.0049,plane,3385,9,0.49519,0.50165,0.032818,0.15574,0.14918,81.94,0.00003,-0.00156
1779372251.0049,plane,3385,24,0.97210,0.16428,0.014854,0.11319,0.04452,158.15,-0.01504,-0.04510
1779372251.0049,plane,3385,25,0.11581,0.03734,0.009981,0.09200,0.05022,61.21,-0.04711,0.01897
1779372251.0991,plane,3386,9,0.49516,0.50183,0.032818,0.15567,0.14926,82.04,-0.00032,0.00195
1779372251.0991,plane,3386,24,0.97218,0.16534,0.014498,0.10817,0.04620,156.28,0.00093,0.01126
1779372251.0991,plane,3386,25,0.12189,0.03459,0.009805,0.11099,0.05731,62.55,0.06452,-0.02910
1779372251.1977,plane,3387,9,0.49516,0.50177,0.032817,0.15568,0.14924,81.88,0.00008,-0.00069
1779372251.1977,plane,3387,24,0.97187,0.16480,0.014713,0.12855,0.06319,153.19,-0.00323,-0.00552
1779372251.1977,plane,3387,25,0.11974,0.03512,0.009915,0.10644,0.05852,61.06,-0.02190,0.00536
1779372251.3090,plane,3388,9,0.49515,0.50170,0.032815,0.15572,0.14920,81.80,-0.00009,-0.00059
1779372251.3090,plane,3388,24,0.97195,0.16496,0.014947,0.11446,0.04863,156.52,0.00070,0.00149
1779372251.3090,plane,3388,25,0.11841,0.03562,0.010298,0.11683,0.05906,63.11,-0.01188,0.00451
1779372251.4024,plane,3389,9,0.49516,0.50196,0.032795,0.15571,0.14915,82.12,0.00006,0.00278
1779372251.4024,plane,3389,24,0.97293,0.16737,0.014416,0.10326,0.04172,157.54,0.01054,0.02572
1779372251.4024,plane,3389,25,0.12313,0.03536,0.010028,0.10364,0.05446,62.32,0.05053,-0.00286
1779372251.5001,plane,3390,9,0.49517,0.50182,0.032822,0.15568,0.14924,82.08,0.00009,-0.00146
1779372251.5001,plane,3390,24,0.97242,0.16612,0.014375,0.12369,0.05455,155.76,-0.00522,-0.01280
1779372251.5001,plane,3390,25,0.11698,0.03518,0.009710,0.10658,0.05710,61.69,-0.06332,-0.00180
1779372251.5970,plane,3391,9,0.49516,0.50185,0.032825,0.15571,0.14925,81.91,-0.00004,0.00035
1779372251.5970,plane,3391,24,0.97296,0.16757,0.014287,0.12096,0.05278,155.96,0.00554,0.01491
1779372251.5970,plane,3391,25,0.11887,0.03566,0.009972,0.10330,0.05323,62.60,0.01950,0.00495
1779372251.7088,plane,3392,9,0.49516,0.50170,0.032830,0.15572,0.14925,81.61,-0.00003,-0.00140
1779372251.7088,plane,3392,24,0.97347,0.16792,0.014080,0.11905,0.04884,157.22,0.00455,0.00313
1779372251.7088,plane,3392,25,0.11468,0.03581,0.009503,0.09582,0.05130,61.62,-0.03745,0.00133
1779372251.8047,plane,3393,9,0.49517,0.50168,0.032825,0.15570,0.14925,81.70,0.00007,-0.00015
1779372251.8047,plane,3393,24,0.97351,0.16823,0.014126,0.11676,0.04980,156.49,0.00037,0.00319
1779372251.8047,plane,3393,25,0.11609,0.03488,0.009727,0.09703,0.04745,63.75,0.01470,-0.00967
1779372251.9013,plane,3394,9,0.49519,0.50157,0.032820,0.15573,0.14922,81.65,0.00022,-0.00112
1779372251.9013,plane,3394,24,0.97351,0.16797,0.013784,0.11151,0.04739,156.48,0.00001,-0.00264
1779372251.9013,plane,3394,25,0.11751,0.03419,0.009137,0.10015,0.04795,64.10,0.01475,-0.00715
1779372251.9962,plane,3395,9,0.49524,0.50146,0.032827,0.15579,0.14922,81.47,0.00051,-0.00122
1779372251.9962,plane,3395,24,0.97215,0.16437,0.014677,0.12886,0.05661,155.99,-0.01426,-0.03798
1779372251.9962,plane,3395,25,0.11320,0.03575,0.009655,0.10290,0.05650,61.16,-0.04536,0.01637
1779372252.1089,plane,3396,9,0.49521,0.50161,0.032818,0.15578,0.14917,81.79,-0.00026,0.00138
1779372252.1089,plane,3396,24,0.97151,0.16309,0.014864,0.11602,0.05197,155.67,-0.00573,-0.01137
1779372252.1089,plane,3396,25,0.11898,0.03607,0.010130,0.09765,0.05183,61.94,0.05136,0.00288
1779372252.2059,plane,3397,9,0.49516,0.50175,0.032806,0.15570,0.14917,82.06,-0.00052,0.00138
1779372252.2059,plane,3397,24,0.97224,0.16539,0.014657,0.11680,0.04847,156.88,0.00747,0.02370
1779372252.2059,plane,3397,25,0.12043,0.03576,0.010106,0.10331,0.05582,61.52,0.01501,-0.00317
1779372252.3015,plane,3398,9,0.49515,0.50181,0.032823,0.15574,0.14922,81.84,-0.00011,0.00062
1779372252.3015,plane,3398,24,0.97151,0.16436,0.014872,0.10921,0.05030,154.85,-0.00761,-0.01077
1779372252.3015,plane,3398,25,0.11828,0.03629,0.010459,0.10673,0.05645,62.14,-0.02250,0.00549
1779372252.3968,plane,3399,9,0.49517,0.50185,0.032818,0.15568,0.14924,81.99,0.00021,0.00047
1779372252.3968,plane,3399,24,0.97268,0.16648,0.014428,0.11442,0.04645,157.40,0.01228,0.02218
1779372252.3968,plane,3399,25,0.12075,0.03515,0.010108,0.10904,0.06000,61.12,0.02581,-0.01197
1779372252.5102,plane,3400,9,0.49513,0.50182,0.032822,0.15569,0.14925,81.87,-0.00030,-0.00024
1779372252.5102,plane,3400,24,0.97300,0.16724,0.014401,0.11514,0.04877,156.43,0.00281,0.00671
1779372252.5102,plane,3400,25,0.11745,0.03540,0.009777,0.10181,0.05572,61.14,-0.02934,0.00224
1779372252.6066,plane,3401,9,0.49517,0.50159,0.032822,0.15572,0.14923,81.66,0.00041,-0.00241
1779372252.6066,plane,3401,24,0.97266,0.16670,0.014160,0.12324,0.05081,157.17,-0.00352,-0.00559
1779372252.6066,plane,3401,25,0.11330,0.03587,0.009633,0.09540,0.05106,61.77,-0.04265,0.00486
1779372252.7012,plane,3402,9,0.49519,0.50161,0.032810,0.15568,0.14921,81.94,0.00016,0.00017
1779372252.7012,plane,3402,24,0.97369,0.16860,0.013840,0.11936,0.04969,157.01,0.01090,0.02009
1779372252.7012,plane,3402,25,0.11900,0.03403,0.009265,0.10087,0.05260,62.24,0.06027,-0.01940
1779372252.7969,plane,3403,9,0.49520,0.50158,0.032815,0.15571,0.14922,81.74,0.00009,-0.00029
1779372252.7969,plane,3403,24,0.97336,0.16747,0.014109,0.11914,0.04991,156.93,-0.00344,-0.01177
1779372252.7969,plane,3403,25,0.11605,0.03499,0.009433,0.09492,0.04702,63.39,-0.03107,0.00999
1779372252.9096,plane,3404,9,0.49520,0.50157,0.032817,0.15572,0.14922,81.69,0.00000,-0.00009
1779372252.9096,plane,3404,24,0.97259,0.16559,0.014233,0.11205,0.04970,155.75,-0.00681,-0.01670
1779372252.9096,plane,3404,25,0.11651,0.03497,0.009520,0.10891,0.05588,62.61,0.00416,-0.00018
1779372253.0039,plane,3405,9,0.49517,0.50163,0.032806,0.15570,0.14917,82.04,-0.00030,0.00067
1779372253.0039,plane,3405,24,0.97234,0.16532,0.014336,0.11456,0.05290,154.82,-0.00269,-0.00283
1779372253.0039,plane,3405,25,0.11912,0.03516,0.009876,0.10580,0.05910,60.71,0.02760,0.00206
1779372253.1013,plane,3406,9,0.49517,0.50174,0.032818,0.15571,0.14921,82.01,-0.00005,0.00114
1779372253.1013,plane,3406,24,0.97179,0.16433,0.014760,0.10957,0.04736,156.14,-0.00560,-0.01023
1779372253.1013,plane,3406,25,0.12058,0.03499,0.009918,0.11954,0.05901,63.54,0.01507,-0.00175
1779372253.1974,plane,3407,9,0.49516,0.50175,0.032818,0.15570,0.14922,81.82,-0.00008,0.00008
1779372253.1974,plane,3407,24,0.97216,0.16510,0.014832,0.10938,0.04385,157.74,0.00378,0.00797
1779372253.1974,plane,3407,25,0.11792,0.03677,0.010325,0.10695,0.05530,62.52,-0.02763,0.01841
1779372253.3081,plane,3408,9,0.49515,0.50174,0.032820,0.15571,0.14923,81.60,-0.00004,-0.00008
1779372253.3081,plane,3408,24,0.97290,0.16706,0.014460,0.11111,0.04522,157.25,0.00667,0.01776
1779372253.3081,plane,3408,25,0.11963,0.03584,0.009962,0.11060,0.05323,64.10,0.01546,-0.00839
1779372253.4057,plane,3409,9,0.49516,0.50175,0.032822,0.15571,0.14923,81.92,0.00011,0.00004
1779372253.4057,plane,3409,24,0.97174,0.16419,0.015099,0.11279,0.04628,157.13,-0.01192,-0.02966
1779372253.4057,plane,3409,25,0.11684,0.03690,0.010427,0.11041,0.05520,63.34,-0.02877,0.01100
1779372253.5011,plane,3410,9,0.49516,0.50180,0.032822,0.15571,0.14923,81.90,-0.00000,0.00053
1779372253.5011,plane,3410,24,0.97243,0.16594,0.014706,0.11614,0.04630,157.92,0.00716,0.01832
1779372253.5011,plane,3410,25,0.12018,0.03536,0.010008,0.11108,0.05715,62.64,0.03484,-0.01615
1779372253.5949,plane,3411,9,0.49516,0.50179,0.032827,0.15573,0.14924,81.92,-0.00007,-0.00007
1779372253.5949,plane,3411,24,0.97209,0.16519,0.014835,0.11172,0.04705,156.70,-0.00360,-0.00803
1779372253.5949,plane,3411,25,0.11671,0.03604,0.010000,0.10380,0.05368,62.52,-0.03702,0.00729
1779372253.7099,plane,3412,9,0.49517,0.50172,0.032837,0.15572,0.14929,81.65,0.00009,-0.00065
1779372253.7099,plane,3412,24,0.97254,0.16650,0.014281,0.12421,0.05495,155.50,0.00394,0.01143
1779372253.7099,plane,3412,25,0.11676,0.03509,0.009642,0.10698,0.05723,61.72,0.00038,-0.00832
1779372253.8048,plane,3413,9,0.49517,0.50169,0.032835,0.15571,0.14927,81.60,0.00006,-0.00029
1779372253.8048,plane,3413,24,0.97128,0.16330,0.015213,0.12834,0.05312,157.09,-0.01317,-0.03352
1779372253.8048,plane,3413,25,0.11285,0.03806,0.010379,0.10190,0.05555,61.32,-0.04089,0.03114
1779372253.9002,plane,3414,9,0.49517,0.50163,0.032820,0.15573,0.14921,81.76,0.00003,-0.00056
1779372253.9002,plane,3414,24,0.97343,0.16835,0.013992,0.11516,0.04720,156.97,0.02243,0.05293
1779372253.9002,plane,3414,25,0.11495,0.03670,0.010005,0.10161,0.05448,61.65,0.02195,-0.01425
1779372253.9966,plane,3415,9,0.49517,0.50173,0.032823,0.15570,0.14924,81.89,-0.00004,0.00102
1779372253.9966,plane,3415,24,0.97198,0.16518,0.014738,0.11749,0.05013,156.44,-0.01497,-0.03298
1779372253.9966,plane,3415,25,0.11508,0.03678,0.010057,0.09540,0.05061,61.92,0.00136,0.00088
1779372254.1069,plane,3416,9,0.49517,0.50164,0.032811,0.15570,0.14920,81.99,0.00002,-0.00084
1779372254.1069,plane,3416,24,0.97241,0.16554,0.014448,0.10951,0.04618,156.64,0.00382,0.00330
1779372254.1069,plane,3416,25,0.11640,0.03645,0.009862,0.09749,0.05087,62.26,0.01200,-0.00306
1779372254.2053,plane,3417,9,0.49517,0.50168,0.032801,0.15568,0.14916,82.32,-0.00005,0.00045
1779372254.2053,plane,3417,24,0.97320,0.16764,0.014052,0.10932,0.04631,156.55,0.00807,0.02135
1779372254.2053,plane,3417,25,0.12088,0.03477,0.009706,0.10022,0.05573,60.79,0.04553,-0.01709
1779372254.3011,plane,3418,9,0.49517,0.50172,0.032817,0.15571,0.14921,81.96,0.00003,0.00040
1779372254.3011,plane,3418,24,0.97251,0.16611,0.014498,0.10961,0.04395,157.42,-0.00717,-0.01594
1779372254.3011,plane,3418,25,0.11833,0.03650,0.009940,0.10330,0.05467,61.95,-0.02659,0.01814
1779372254.3969,plane,3419,9,0.49515,0.50175,0.032813,0.15569,0.14920,82.00,-0.00015,0.00033
1779372254.3969,plane,3419,24,0.97259,0.16633,0.014313,0.10257,0.04300,156.77,0.00081,0.00224
1779372254.3969,plane,3419,25,0.11704,0.03630,0.009874,0.10357,0.05453,62.04,-0.01343,-0.00206
1779372254.5075,plane,3420,9,0.49517,0.50168,0.032827,0.15571,0.14924,81.66,0.00010,-0.00069
1779372254.5075,plane,3420,24,0.97179,0.16411,0.014928,0.11332,0.04845,156.62,-0.00727,-0.02010
1779372254.5075,plane,3420,25,0.11311,0.03901,0.010257,0.10869,0.06066,60.68,-0.03569,0.02453
1779372254.6049,plane,3421,9,0.49517,0.50171,0.032818,0.15571,0.14921,81.91,0.00005,0.00036
1779372254.6049,plane,3421,24,0.97168,0.16430,0.014696,0.10777,0.04572,156.44,-0.00109,0.00190
1779372254.6049,plane,3421,25,0.11547,0.03627,0.009991,0.09420,0.05124,61.33,0.02419,-0.02811
1779372254.7007,plane,3422,9,0.49517,0.50165,0.032817,0.15570,0.14920,82.04,0.00002,-0.00066
1779372254.7007,plane,3422,24,0.97188,0.16440,0.014762,0.11648,0.04871,156.68,0.00206,0.00107
1779372254.7007,plane,3422,25,0.11462,0.03651,0.009952,0.10239,0.05224,62.81,-0.00886,0.00257
1779372254.7968,plane,3423,9,0.49517,0.50165,0.032815,0.15570,0.14920,82.01,-0.00004,-0.00004
1779372254.7968,plane,3423,24,0.97254,0.16557,0.014608,0.10263,0.04203,157.20,0.00688,0.01218
1779372254.7968,plane,3423,25,0.11436,0.03727,0.010050,0.10303,0.05238,62.83,-0.00269,0.00784
1779372254.9103,plane,3424,9,0.49516,0.50168,0.032815,0.15570,0.14923,81.64,-0.00005,0.00034
1779372254.9103,plane,3424,24,0.97315,0.16716,0.014192,0.11439,0.04656,157.52,0.00533,0.01404
1779372254.9103,plane,3424,25,0.11730,0.03553,0.009691,0.10033,0.05349,61.76,0.02596,-0.01528
1779372255.0013,plane,3425,9,0.49517,0.50166,0.032806,0.15570,0.14917,82.15,0.00005,-0.00029
1779372255.0013,plane,3425,24,0.97452,0.17105,0.013428,0.11940,0.05201,156.17,0.01514,0.04280
1779372255.0013,plane,3425,25,0.11616,0.03527,0.009301,0.09823,0.05272,61.53,-0.01260,-0.00289
1779372255.1001,plane,3426,9,0.49516,0.50171,0.032823,0.15571,0.14922,81.96,-0.00002,0.00057
1779372255.1001,plane,3426,24,0.97339,0.16771,0.014096,0.10829,0.04509,156.88,-0.01138,-0.03368
1779372255.1001,plane,3426,25,0.11893,0.03431,0.009437,0.10092,0.04917,63.79,0.02788,-0.00972
1779372255.1980,plane,3427,9,0.49517,0.50167,0.032823,0.15570,0.14925,81.63,0.00009,-0.00045
1779372255.1980,plane,3427,24,0.97288,0.16669,0.014214,0.10660,0.04436,157.12,-0.00522,-0.01039
1779372255.1980,plane,3427,25,0.11673,0.03453,0.009677,0.10177,0.05092,63.28,-0.02240,0.00224
1779372255.3096,plane,3428,9,0.49517,0.50168,0.032818,0.15570,0.14921,81.93,-0.00003,0.00005
1779372255.3096,plane,3428,24,0.97204,0.16470,0.014793,0.12201,0.05509,155.40,-0.00762,-0.01793
1779372255.3096,plane,3428,25,0.11718,0.03593,0.009808,0.09692,0.05125,61.95,0.00399,0.01265
1779372255.4049,plane,3429,9,0.49517,0.50171,0.032815,0.15569,0.14920,82.11,-0.00001,0.00033
1779372255.4049,plane,3429,24,0.97291,0.16697,0.014262,0.11385,0.05000,155.83,0.00915,0.02364
1779372255.4049,plane,3429,25,0.11969,0.03516,0.009828,0.11110,0.05834,62.10,0.02623,-0.00804
1779372255.5017,plane,3430,9,0.49516,0.50173,0.032822,0.15570,0.14923,81.89,-0.00004,0.00021
1779372255.5017,plane,3430,24,0.97276,0.16667,0.014637,0.11246,0.04587,157.28,-0.00158,-0.00303
1779372255.5017,plane,3430,25,0.11468,0.03715,0.010193,0.09825,0.05004,62.87,-0.05166,0.02053
1779372255.5968,plane,3431,9,0.49517,0.50171,0.032827,0.15570,0.14926,81.62,0.00009,-0.00023
1779372255.5968,plane,3431,24,0.97185,0.16471,0.014825,0.11113,0.04854,155.99,-0.00963,-0.02073
1779372255.5968,plane,3431,25,0.11461,0.03720,0.010269,0.10228,0.05275,62.59,-0.00078,0.00058
1779372255.7087,plane,3432,9,0.49517,0.50171,0.032818,0.15570,0.14923,81.92,-0.00004,0.00007
1779372255.7087,plane,3432,24,0.97319,0.16730,0.014265,0.12024,0.04899,157.35,0.01199,0.02305
1779372255.7087,plane,3432,25,0.11961,0.03539,0.009713,0.10265,0.05712,60.81,0.04454,-0.01615
1779372255.8050,plane,3433,9,0.49517,0.50168,0.032810,0.15571,0.14917,82.14,0.00003,-0.00035
1779372255.8050,plane,3433,24,0.97292,0.16695,0.014226,0.11110,0.04640,156.45,-0.00288,-0.00364
1779372255.8050,plane,3433,25,0.11796,0.03541,0.009737,0.10474,0.05340,62.78,-0.01705,0.00018
1779372255.9023,plane,3434,9,0.49517,0.50167,0.032825,0.15571,0.14926,81.60,-0.00004,-0.00012
1779372255.9023,plane,3434,24,0.97085,0.16255,0.015364,0.11125,0.05059,155.04,-0.02137,-0.04557
1779372255.9023,plane,3434,25,0.11264,0.03784,0.010562,0.10348,0.05373,62.45,-0.05512,0.02524
1779372255.9964,plane,3435,9,0.49517,0.50167,0.032813,0.15571,0.14918,82.10,0.00004,-0.00003
1779372255.9964,plane,3435,24,0.97289,0.16688,0.014396,0.10570,0.04291,157.18,0.02143,0.04570
1779372255.9964,plane,3435,25,0.11527,0.03655,0.009950,0.10086,0.05300,62.13,0.02775,-0.01365
1779372256.1092,plane,3436,9,0.49517,0.50163,0.032815,0.15570,0.14920,82.01,-0.00003,-0.00031
1779372256.1092,plane,3436,24,0.97219,0.16503,0.014509,0.10443,0.04358,156.86,-0.00617,-0.01644
1779372256.1092,plane,3436,25,0.11622,0.03615,0.009823,0.10213,0.05436,61.81,0.00841,-0.00351
1779372256.2056,plane,3437,9,0.49517,0.50162,0.032818,0.15572,0.14921,81.79,0.00005,-0.00011
1779372256.2056,plane,3437,24,0.97299,0.16718,0.014399,0.11584,0.05385,154.61,0.00831,0.02240
1779372256.2056,plane,3437,25,0.11219,0.03689,0.009939,0.09908,0.05319,61.58,-0.04182,0.00768
1779372256.3013,plane,3438,9,0.49522,0.50153,0.032825,0.15577,0.14921,81.45,0.00048,-0.00090
1779372256.3013,plane,3438,24,0.97291,0.16703,0.014077,0.11207,0.04894,155.84,-0.00086,-0.00156
1779372256.3013,plane,3438,25,0.11240,0.03678,0.009779,0.10797,0.05469,62.97,0.00217,-0.00120
1779372256.3964,plane,3439,9,0.49518,0.50163,0.032800,0.15568,0.14917,82.21,-0.00037,0.00097
1779372256.3964,plane,3439,24,0.97419,0.17003,0.013509,0.11653,0.04763,157.45,0.01352,0.03163
1779372256.3964,plane,3439,25,0.11984,0.03376,0.009233,0.10459,0.05006,64.15,0.07840,-0.03180
1779372256.5087,plane,3440,9,0.49517,0.50175,0.032818,0.15571,0.14922,81.79,-0.00017,0.00111
1779372256.5087,plane,3440,24,0.97305,0.16767,0.013982,0.10244,0.04490,155.71,-0.01016,-0.02101
1779372256.5087,plane,3440,25,0.12006,0.03522,0.009811,0.10190,0.05129,63.17,0.00194,0.01297
1779372256.6081,plane,3441,9,0.49519,0.50191,0.032813,0.15575,0.14918,81.97,0.00022,0.00156
1779372256.6081,plane,3441,24,0.97224,0.16546,0.014764,0.11259,0.04613,157.27,-0.00817,-0.02216
1779372256.6081,plane,3441,25,0.12009,0.03634,0.010169,0.10548,0.06151,59.78,0.00036,0.01127
1779372256.7007,plane,3442,9,0.49516,0.50191,0.032801,0.15568,0.14920,81.99,-0.00029,0.00002
1779372256.7007,plane,3442,24,0.97237,0.16606,0.014679,0.11670,0.05240,155.36,0.00144,0.00641
1779372256.7007,plane,3442,25,0.12231,0.03538,0.010179,0.11063,0.06176,61.20,0.02400,-0.01041
1779372256.7962,plane,3443,9,0.49518,0.50189,0.032815,0.15571,0.14921,81.93,0.00019,-0.00022
1779372256.7962,plane,3443,24,0.97237,0.16571,0.014531,0.12081,0.05271,155.98,0.00004,-0.00364
1779372256.7962,plane,3443,25,0.12083,0.03544,0.010006,0.09890,0.05347,61.51,-0.01549,0.00062
1779372256.9072,plane,3444,9,0.49518,0.50192,0.032818,0.15575,0.14920,81.89,0.00005,0.00034
1779372256.9072,plane,3444,24,0.97278,0.16680,0.014426,0.13488,0.06116,155.06,0.00373,0.00990
1779372256.9072,plane,3444,25,0.12332,0.03509,0.009845,0.10303,0.05129,63.40,0.02260,-0.00322
1779372257.0056,plane,3445,9,0.49518,0.50186,0.032820,0.15572,0.14923,81.97,-0.00002,-0.00065
1779372257.0056,plane,3445,24,0.97266,0.16600,0.014304,0.10886,0.04740,156.13,-0.00129,-0.00809
1779372257.0056,plane,3445,25,0.12044,0.03543,0.010022,0.11558,0.06276,61.45,-0.02925,0.00347
1779372257.1007,plane,3446,9,0.49518,0.50186,0.032818,0.15571,0.14922,81.85,-0.00005,-0.00002
1779372257.1007,plane,3446,24,0.97314,0.16759,0.014121,0.11121,0.04646,156.70,0.00508,0.01661
1779372257.1007,plane,3446,25,0.12170,0.03445,0.009876,0.11121,0.05907,61.94,0.01322,-0.01024
1779372257.1966,plane,3447,9,0.49518,0.50179,0.032828,0.15571,0.14926,81.95,0.00008,-0.00068
1779372257.1966,plane,3447,24,0.97314,0.16725,0.014145,0.11837,0.04816,157.25,-0.00005,-0.00357
1779372257.1966,plane,3447,25,0.12066,0.03514,0.009752,0.10607,0.05621,61.92,-0.01087,0.00720
1779372257.3095,plane,3448,9,0.49518,0.50183,0.032823,0.15570,0.14923,82.01,-0.00007,0.00028
1779372257.3095,plane,3448,24,0.97277,0.16644,0.014399,0.11940,0.05302,155.80,-0.00326,-0.00713
1779372257.3095,plane,3448,25,0.12204,0.03469,0.009844,0.10302,0.05487,61.84,0.01217,-0.00396
1779372257.4040,plane,3449,9,0.49519,0.50182,0.032815,0.15571,0.14921,82.25,0.00010,-0.00005
1779372257.4040,plane,3449,24,0.97292,0.16665,0.014211,0.10852,0.04427,157.50,0.00163,0.00225
1779372257.4040,plane,3449,25,0.12221,0.03469,0.009805,0.10413,0.05722,61.22,0.00175,0.00001
1779372257.5009,plane,3450,9,0.49518,0.50185,0.032815,0.15570,0.14921,81.81,-0.00003,0.00029
1779372257.5009,plane,3450,24,0.97288,0.16696,0.014323,0.10883,0.04539,156.89,-0.00043,0.00322
1779372257.5009,plane,3450,25,0.12284,0.03516,0.009720,0.10510,0.05630,61.62,0.00659,0.00481
1779372257.5949,plane,3451,9,0.49518,0.50184,0.032808,0.15570,0.14919,82.00,-0.00008,-0.00008
1779372257.5949,plane,3451,24,0.97265,0.16661,0.014355,0.11960,0.05457,154.78,-0.00245,-0.00376
1779372257.5949,plane,3451,25,0.12148,0.03549,0.010115,0.10048,0.05398,61.90,-0.01448,0.00359
1779372257.7087,plane,3452,9,0.49517,0.50187,0.032813,0.15568,0.14922,81.89,-0.00004,0.00026
1779372257.7087,plane,3452,24,0.97193,0.16489,0.014445,0.11653,0.05341,155.00,-0.00633,-0.01508
1779372257.7087,plane,3452,25,0.12145,0.03535,0.009956,0.10396,0.05593,61.65,-0.00023,-0.00126
1779372257.8046,plane,3453,9,0.49520,0.50188,0.032818,0.15576,0.14920,82.03,0.00032,0.00012
1779372257.8046,plane,3453,24,0.97181,0.16463,0.014633,0.11243,0.04903,155.82,-0.00128,-0.00274
1779372257.8046,plane,3453,25,0.12085,0.03565,0.010223,0.11034,0.05946,61.59,-0.00629,0.00309
1779372257.8999,plane,3454,9,0.49521,0.50184,0.032835,0.15578,0.14925,81.84,0.00012,-0.00047
1779372257.8999,plane,3454,24,0.97125,0.16283,0.014994,0.11440,0.05131,155.13,-0.00578,-0.01885
1779372257.8999,plane,3454,25,0.11977,0.03557,0.010281,0.10736,0.06099,60.41,-0.01124,-0.00076
1779372257.9965,plane,3455,9,0.49517,0.50176,0.032818,0.15571,0.14922,81.96,-0.00043,-0.00080
1779372257.9965,plane,3455,24,0.97210,0.16579,0.014318,0.11938,0.05118,156.34,0.00880,0.03064
1779372257.9965,plane,3455,25,0.11994,0.03553,0.009991,0.10535,0.05583,61.96,0.00173,-0.00041
1779372258.1072,plane,3456,9,0.49518,0.50176,0.032822,0.15570,0.14925,81.92,0.00007,0.00005
1779372258.1072,plane,3456,24,0.97304,0.16679,0.014201,0.12016,0.04770,158.01,0.00841,0.00905
1779372258.1072,plane,3456,25,0.11845,0.03520,0.009679,0.09943,0.05387,61.42,-0.01341,-0.00298
1779372258.2003,plane,3457,9,0.49516,0.50163,0.032817,0.15572,0.14919,82.07,-0.00024,-0.00142
1779372258.2003,plane,3457,24,0.97363,0.16869,0.013682,0.12003,0.04985,156.76,0.00637,0.02043
1779372258.2003,plane,3457,25,0.11683,0.03451,0.009328,0.09984,0.05514,60.94,-0.01743,-0.00741
1779372258.2990,plane,3458,9,0.49517,0.50138,0.032823,0.15580,0.14919,81.69,0.00016,-0.00256
1779372258.2990,plane,3458,24,0.97165,0.16413,0.015037,0.13446,0.06143,155.01,-0.02003,-0.04627
1779372258.2990,plane,3458,25,0.11371,0.03635,0.009927,0.09122,0.04469,63.71,-0.03162,0.01858
1779372258.3969,plane,3459,9,0.49517,0.50193,0.032791,0.15567,0.14917,81.96,-0.00006,0.00567
1779372258.3969,plane,3459,24,0.97469,0.17202,0.013460,0.12089,0.04640,158.57,0.03111,0.08072
1779372258.3969,plane,3459,25,0.12878,0.03247,0.009569,0.10750,0.05234,63.92,0.15417,-0.03965
1779372258.5024,plane,3460,9,0.49951,0.49913,1.000000,1.00000,0.56250,0.00,0.04126,-0.02661
1779372258.5983,plane,3461,9,0.49953,0.43470,0.861679,1.00000,0.56250,0.00,0.00016,-0.66758
1779372258.6957,plane,3462,9,0.49867,0.43746,0.859763,1.00000,0.56250,0.00,-0.00881,0.02834
1779372258.7913,plane,3463,9,0.49854,0.43782,0.859429,1.00000,0.56250,0.00,-0.00137,0.00384
1779372258.9000,plane,3464,9,0.49854,0.43782,0.859424,1.00000,0.56250,0.00,-0.00002,0.00001
1779372258.9996,plane,3465,9,0.49826,0.43809,0.859975,1.00000,0.56250,0.00,-0.00284,0.00267
1779372259.0957,plane,3466,9,0.49838,0.43786,0.859529,1.00000,0.56250,0.00,0.00128,-0.00237
1779372259.1925,plane,3467,9,0.49851,0.43800,0.859755,1.00000,0.56250,0.00,0.00140,0.00137
1779372259.3043,plane,3468,9,0.49851,0.43794,0.859692,1.00000,0.56250,0.00,-0.00000,-0.00050
1779372259.4013,plane,3469,9,0.49836,0.43789,0.859563,1.00000,0.56250,0.00,-0.00163,-0.00049
1779372259.4954,plane,3470,9,0.49859,0.43742,0.858627,1.00000,0.56250,0.00,0.00245,-0.00507
1779372259.5914,plane,3471,9,0.49910,0.43486,0.853487,1.00000,0.56250,0.00,0.00537,-0.02662
1779372259.7035,plane,3472,9,0.49912,0.43486,0.853470,1.00000,0.56250,0.00,0.00013,-0.00003
1779372259.8003,plane,3473,9,0.49911,0.43486,0.853480,1.00000,0.56250,0.00,-0.00001,0.00006
1779372259.8997,plane,3474,9,0.49943,0.43212,0.848236,1.00000,0.56250,0.00,0.00318,-0.02769
1779372259.8997,plane,3474,26,0.43645,0.87943,0.003337,0.13859,0.08168,89.91,0.00000,0.00000
1779372259.9949,plane,3475,9,0.49942,0.43211,0.848255,1.00000,0.56250,0.00,-0.00008,-0.00005
1779372259.9949,plane,3475,26,0.43753,0.87841,0.003316,0.18602,0.06305,90.86,0.01137,-0.01074
1779372260.1079,plane,3476,9,0.49942,0.43212,0.848251,1.00000,0.56250,0.00,0.00001,0.00009
1779372260.1079,plane,3476,26,0.43666,0.87965,0.003355,0.14528,0.07840,90.39,-0.00759,0.01095
1779372260.2019,plane,3477,9,0.49945,0.43171,0.847485,1.00000,0.56250,0.00,0.00032,-0.00439
1779372260.2019,plane,3477,26,0.43709,0.86369,0.002521,0.14496,0.10139,1.58,0.00453,-0.16981
1779372260.2984,plane,3478,9,0.49937,0.43164,0.847304,1.00000,0.56250,0.00,-0.00085,-0.00071
1779372260.2984,plane,3478,26,0.43714,0.86372,0.002518,0.24114,0.09737,179.58,0.00056,0.00030
1779372260.3950,plane,3479,9,0.49945,0.43169,0.847438,1.00000,0.56250,0.00,0.00079,0.00046
1779372260.3950,plane,3479,26,0.43712,0.86366,0.002526,0.13957,0.10216,1.62,-0.00023,-0.00055
1779372260.5070,plane,3480,9,0.49948,0.43120,0.846441,1.00000,0.56250,0.00,0.00030,-0.00440
1779372260.5070,plane,3480,26,0.43691,0.86250,0.002460,0.27133,0.09327,0.31,-0.00187,-0.01046
1779372260.6031,plane,3481,9,0.49946,0.43110,0.846105,1.00000,0.56250,0.00,-0.00018,-0.00100
1779372260.6031,plane,3481,26,0.43661,0.86226,0.002445,0.47534,0.09434,0.58,-0.00312,-0.00248
1779372260.6982,plane,3482,9,0.49970,0.43071,0.844611,2.07154,0.92444,88.30,0.00252,-0.00414
1779372260.6982,plane,3482,26,0.43524,0.86144,0.002260,1.38637,0.05623,89.82,-0.01442,-0.00860
1779372260.7942,plane,3483,9,0.49980,0.43057,0.841283,2.62231,0.56113,88.96,0.00102,-0.00143
1779372260.7942,plane,3483,26,0.43508,0.86090,0.002179,0.18566,0.10026,179.97,-0.00162,-0.00564
1779372260.9072,plane,3484,9,0.49931,0.45237,0.906347,5.06405,0.56398,89.49,-0.00435,0.19280
1779372260.9072,plane,3484,26,0.43559,0.95228,0.002131,0.08663,0.06266,0.00,0.00446,0.80805
1779372261.0036,plane,3485,9,0.49958,0.43267,0.849280,1.00000,0.56250,0.00,0.00279,-0.20591
1779372261.0036,plane,3485,26,0.43585,0.86138,0.002391,0.15489,0.10334,1.80,0.00278,-0.95013
1779372261.0990,plane,3486,9,0.49947,0.43209,0.848170,1.00000,0.56250,0.00,-0.00108,-0.00610
1779372261.0990,plane,3486,26,0.43506,0.85982,0.002233,0.14630,0.10134,2.52,-0.00829,-0.01628
1779372261.1907,plane,3487,9,0.49516,0.50177,0.031725,0.15323,0.14658,81.94,-0.04677,0.75658
1779372261.3024,plane,3488,9,0.49520,0.50168,0.031725,0.15323,0.14660,81.80,0.00031,-0.00084
1779372261.3994,plane,3489,9,0.49515,0.50178,0.031592,0.15292,0.14626,82.26,-0.00052,0.00108
1779372261.4947,plane,3490,9,0.49515,0.50164,0.031592,0.15291,0.14626,82.14,-0.00003,-0.00154
1779372261.5917,plane,3491,9,0.49513,0.50175,0.031592,0.15294,0.14623,82.10,-0.00018,0.00119
1779372261.7024,plane,3492,9,0.49516,0.50169,0.031684,0.15315,0.14643,82.42,0.00026,-0.00057
1779372261.7996,plane,3493,9,0.49512,0.50184,0.031679,0.15309,0.14652,82.01,-0.00042,0.00152
1779372261.8943,plane,3494,9,0.49515,0.50168,0.031686,0.15312,0.14648,82.18,0.00032,-0.00166
1779372261.9915,plane,3495,9,0.49516,0.50172,0.031757,0.15335,0.14665,81.79,0.00014,0.00039
1779372262.1041,plane,3496,9,0.49517,0.50168,0.031755,0.15332,0.14668,81.68,0.00007,-0.00034
1779372262.1999,plane,3497,9,0.49516,0.50173,0.031759,0.15335,0.14666,81.68,-0.00010,0.00046
1779372262.2958,plane,3498,9,0.49515,0.50167,0.031840,0.15351,0.14698,81.95,-0.00004,-0.00059
1779372262.3922,plane,3499,9,0.49516,0.50169,0.031847,0.15349,0.14701,81.90,0.00004,0.00019
1779372262.5036,plane,3500,9,0.49515,0.50159,0.031842,0.15352,0.14697,82.06,-0.00006,-0.00084
1779372262.6004,plane,3501,9,0.49513,0.50170,0.031945,0.15377,0.14719,82.32,-0.00020,0.00108
1779372262.6970,plane,3502,9,0.49514,0.50164,0.031942,0.15378,0.14716,82.15,0.00010,-0.00056
1779372262.7925,plane,3503,9,0.49513,0.50166,0.031938,0.15378,0.14715,82.23,-0.00007,0.00018
1779372262.9038,plane,3504,9,0.49511,0.50165,0.032047,0.15389,0.14741,82.38,-0.00019,-0.00007
1779372263.0007,plane,3505,9,0.49511,0.50172,0.032045,0.15389,0.14741,82.26,-0.00000,0.00067
1779372263.0967,plane,3506,9,0.49511,0.50171,0.032047,0.15390,0.14740,82.14,-0.00007,-0.00008
1779372263.1956,plane,3507,9,0.49511,0.50174,0.032147,0.15407,0.14765,81.47,0.00004,0.00026
1779372263.1956,plane,3507,27,0.99705,0.47019,0.002414,0.30047,0.00787,179.67,0.00000,0.00000
1779372263.3072,plane,3508,9,0.49514,0.50172,0.032137,0.15409,0.14760,81.44,0.00031,-0.00013
1779372263.3072,plane,3508,27,0.99707,0.45467,0.002238,0.28104,0.00786,179.63,0.00016,-0.13825
1779372263.4003,plane,3509,9,0.49519,0.50137,0.032171,0.15420,0.14768,82.10,0.00046,-0.00375
1779372263.4990,plane,3510,9,0.49519,0.50184,0.032218,0.15433,0.14777,81.94,-0.00002,0.00482
1779372263.4990,plane,3510,27,0.99693,0.47219,0.002558,0.30100,0.00779,179.77,-0.00141,0.17820
1779372263.5960,plane,3511,9,0.49514,0.50179,0.032238,0.15438,0.14780,81.90,-0.00049,-0.00059
1779372263.5960,plane,3511,27,0.99690,0.47492,0.002599,0.30836,0.00745,179.86,-0.00031,0.02801
1779372263.7071,plane,3512,9,0.49512,0.50176,0.032245,0.15437,0.14785,81.83,-0.00013,-0.00027
1779372263.7071,plane,3512,27,0.99690,0.47472,0.002599,0.30863,0.00741,179.86,-0.00001,-0.00180
1779372263.8032,plane,3513,9,0.49512,0.50168,0.032337,0.15457,0.14813,82.19,-0.00001,-0.00083
1779372263.8032,plane,3513,27,0.99705,0.39937,0.003438,0.44397,0.00674,0.09,0.00151,-0.78548
1779372263.8994,plane,3514,9,0.49513,0.50163,0.032337,0.15460,0.14810,82.33,0.00010,-0.00047
1779372263.8994,plane,3514,27,0.99705,0.39924,0.003433,0.44422,0.00673,0.09,0.00004,-0.00142
1779372263.9968,plane,3515,9,0.49512,0.50162,0.032327,0.15459,0.14805,82.17,-0.00008,-0.00008
1779372263.9968,plane,3515,27,0.99704,0.39757,0.003460,0.43950,0.00687,0.10,-0.00013,-0.01719
1779372264.1114,plane,3516,9,0.49513,0.50164,0.032410,0.15478,0.14830,81.63,0.00005,0.00011
1779372264.1114,plane,3516,27,0.99692,0.39394,0.003637,0.41629,0.00845,0.03,-0.00106,-0.03172
1779372264.1114,plane,3516,28,0.24296,0.00174,0.002543,0.69866,0.00280,89.92,0.00000,0.00000
1779372264.2078,plane,3517,9,0.49512,0.50162,0.032413,0.15478,0.14832,81.71,-0.00011,-0.00016
1779372264.2078,plane,3517,27,0.99690,0.39330,0.003669,0.43455,0.00734,179.95,-0.00016,-0.00665
1779372264.2078,plane,3517,28,0.24287,0.00170,0.002484,0.74916,0.00263,89.95,-0.00093,-0.00040
1779372264.3042,plane,3518,9,0.49514,0.50160,0.032406,0.15479,0.14828,81.66,0.00018,-0.00019
1779372264.3042,plane,3518,27,0.99692,0.39350,0.003633,0.41342,0.00861,0.04,0.00017,0.00211
1779372264.3042,plane,3518,28,0.24280,0.00172,0.002518,0.68452,0.00256,89.95,-0.00066,0.00022
1779372264.3993,plane,3519,9,0.49512,0.50169,0.032498,0.15507,0.14847,81.51,-0.00018,0.00091
1779372264.3993,plane,3519,27,0.99678,0.38722,0.003874,0.41861,0.00728,0.03,-0.00148,-0.06578
1779372264.3993,plane,3519,28,0.24969,0.00183,0.002741,0.47733,0.00802,0.00,0.07214,0.00109
1779372264.5068,plane,3520,9,0.49508,0.50180,0.032491,0.15498,0.14852,81.51,-0.00033,0.00101
1779372264.5068,plane,3520,27,0.99675,0.38662,0.003913,0.41646,0.00767,0.03,-0.00021,-0.00554
1779372264.5068,plane,3520,28,0.24957,0.00186,0.002777,1.22148,0.01177,89.76,-0.00112,0.00031
1779372264.6042,plane,3521,9,0.49508,0.50182,0.032510,0.15502,0.14856,81.34,0.00001,0.00017
1779372264.6042,plane,3521,27,0.99675,0.38756,0.003918,0.44500,0.00713,179.91,-0.00008,0.00963
1779372264.6042,plane,3521,28,0.24910,0.00184,0.002760,0.48368,0.01039,0.00,-0.00480,-0.00013
1779372264.7020,plane,3522,9,0.49510,0.50172,0.032661,0.15540,0.14890,82.17,0.00017,-0.00101
1779372264.7020,plane,3522,27,0.99118,0.27195,0.006222,0.17010,0.05009,162.79,-0.05701,-1.18293
1779372264.7020,plane,3522,28,0.21914,0.00608,0.003886,0.09479,0.06010,57.40,-0.30655,0.04332
1779372264.7983,plane,3523,9,0.49512,0.50179,0.032669,0.15543,0.14891,82.22,0.00018,0.00074
1779372264.7983,plane,3523,27,0.99099,0.27110,0.006304,0.11788,0.04991,156.77,-0.00192,-0.00884
1779372264.7983,plane,3523,28,0.21723,0.00601,0.003925,0.10162,0.05538,61.17,-0.01996,-0.00068
1779372264.9095,plane,3524,9,0.49513,0.50178,0.032674,0.15540,0.14896,82.16,0.00009,-0.00005
1779372264.9095,plane,3524,27,0.99162,0.27584,0.006127,0.12707,0.05560,156.12,0.00559,0.04236
1779372264.9095,plane,3524,28,0.21723,0.00630,0.003893,0.09193,0.06204,55.73,0.00002,0.00258
1779372265.0051,plane,3525,9,0.49516,0.50169,0.032828,0.15572,0.14925,81.58,0.00030,-0.00094
1779372265.0051,plane,3525,27,0.97183,0.16460,0.014906,0.11945,0.04937,156.90,-0.20696,-1.16351
1779372265.0051,plane,3525,28,0.11290,0.03750,0.010471,0.10985,0.05628,62.78,-1.09136,0.32636
1779372265.1002,plane,3526,9,0.49515,0.50159,0.032844,0.15578,0.14929,81.47,-0.00002,-0.00106
1779372265.1002,plane,3526,27,0.97123,0.16274,0.015082,0.11556,0.04943,156.53,-0.00638,-0.01965
1779372265.1002,plane,3526,28,0.11316,0.03800,0.010523,0.13363,0.06212,64.82,0.00284,0.00519
1779372265.1990,plane,3527,9,0.49517,0.50161,0.032805,0.15569,0.14917,82.22,0.00020,0.00018
1779372265.1990,plane,3527,27,0.97049,0.16165,0.015508,0.11715,0.04777,157.46,-0.00740,-0.01106
1779372265.1990,plane,3527,28,0.11685,0.03878,0.010734,0.10643,0.05794,61.44,0.03723,0.00791
1779372265.3070,plane,3528,9,0.49517,0.50182,0.032954,0.15612,0.14948,81.79,-0.00006,0.00194
1779372265.3070,plane,3528,27,0.94441,0.14641,0.032511,0.22422,0.12493,149.80,-0.24113,-0.14087
1779372265.3070,plane,3528,28,0.09165,0.08221,0.025648,0.15601,0.08592,61.33,-0.23293,0.40144
1779372265.4039,plane,3529,9,0.49519,0.50178,0.032961,0.15616,0.14947,81.75,0.00019,-0.00042
1779372265.4039,plane,3529,27,0.94523,0.14706,0.032216,0.18893,0.09476,152.10,0.00850,0.00675
1779372265.4039,plane,3529,28,0.09115,0.08183,0.025274,0.14952,0.08218,61.25,-0.00520,-0.00386
1779372265.5006,plane,3530,9,0.49520,0.50179,0.032957,0.15616,0.14942,81.36,0.00012,0.00016
1779372265.5006,plane,3530,27,0.94170,0.14557,0.034008,0.22988,0.13373,148.67,-0.03643,-0.01534
1779372265.5006,plane,3530,28,0.09158,0.08411,0.026666,0.15044,0.08003,62.15,0.00443,0.02343
1779372265.6009,plane,3531,9,0.49515,0.50182,0.033062,0.15637,0.14977,81.74,-0.00050,0.00024
1779372265.6009,plane,3531,27,0.92461,0.15923,0.051207,0.24659,0.12771,149.12,-0.17037,0.13619
1779372265.6009,plane,3531,28,0.10204,0.10992,0.044230,0.21439,0.11492,62.00,0.10429,0.25739
1779372265.6009,plane,3531,29,0.54383,0.99656,0.002062,0.39030,0.01278,89.90,0.00000,0.00000
1779372265.7066,plane,3532,9,0.49515,0.50186,0.033042,0.15632,0.14973,81.88,0.00002,0.00039
1779372265.7066,plane,3532,27,0.92551,0.15507,0.049037,0.22742,0.11487,149.91,0.00853,-0.03939
1779372265.7066,plane,3532,28,0.10270,0.10328,0.041568,0.22513,0.12172,61.90,0.00629,-0.06289
1779372265.8013,plane,3533,9,0.49514,0.50185,0.033071,0.15636,0.14980,81.67,-0.00008,-0.00013
1779372265.8013,plane,3533,27,0.92554,0.15852,0.050213,0.23785,0.11969,149.71,0.00034,0.03642
1779372265.8013,plane,3533,28,0.10004,0.10980,0.043125,0.21141,0.11517,61.63,-0.02815,0.06886
1779372265.9017,plane,3534,9,0.49519,0.50172,0.033117,0.15656,0.14984,81.41,0.00045,-0.00129
1779372265.9017,plane,3534,29,0.49316,0.99653,0.002602,0.50000,0.03127,90.00,-0.50401,-0.00025
1779372265.9017,plane,3534,30,0.53678,0.14568,0.132339,1.01321,0.71069,86.96,0.00000,0.00000
1779372265.9975,plane,3535,9,0.49518,0.50183,0.033110,0.15650,0.14986,81.54,-0.00010,0.00119
1779372265.9975,plane,3535,29,0.54162,0.99654,0.002097,0.38841,0.01726,0.00,0.50861,0.00007
1779372265.9975,plane,3535,30,0.53972,0.14348,0.126238,1.01488,0.70011,88.18,0.03077,-0.02309
1779372266.1099,plane,3536,9,0.49519,0.50177,0.033118,0.15656,0.14986,81.61,0.00015,-0.00053
1779372266.1099,plane,3536,29,0.49316,0.99653,0.002602,0.50000,0.03127,90.00,-0.42919,-0.00006
1779372266.1099,plane,3536,30,0.53866,0.14519,0.131402,1.00983,0.70429,87.39,-0.00938,0.01520
1779372266.2026,plane,3537,9,0.49517,0.50187,0.033100,0.15648,0.14982,81.57,-0.00028,0.00108
1779372266.2026,plane,3537,29,0.53880,0.99655,0.002116,0.41040,0.01462,89.78,0.49220,0.00016
1779372266.2026,plane,3537,30,0.53813,0.14244,0.121630,1.00517,0.66399,88.78,-0.00563,-0.02968
1779372266.3055,plane,3538,9,0.49517,0.50111,0.033156,0.15661,0.14997,81.35,0.00005,-0.00745
1779372266.3055,plane,3538,27,0.90991,0.16727,0.064699,0.39087,0.25475,138.11,-0.15273,0.08556
1779372266.3055,plane,3538,28,0.11688,0.11828,0.056168,0.26698,0.14269,62.13,0.16459,0.08292
1779372266.3055,plane,3538,29,0.49316,0.99653,0.002602,0.50000,0.03127,90.00,-0.44596,-0.00015
1779372266.3950,plane,3539,9,0.49485,0.49787,0.033337,0.15703,0.15047,81.04,-0.00356,-0.03594
1779372266.3950,plane,3539,27,0.90980,0.16469,0.063429,0.56693,0.53116,130.86,-0.00119,-0.02864
1779372266.3950,plane,3539,28,0.09945,0.12227,0.053158,0.28484,0.13586,59.94,-0.19339,0.04423
1779372266.3950,plane,3539,29,0.49268,0.99566,0.003479,0.50138,0.03432,90.00,-0.00542,-0.00962
1779372266.5111,plane,3540,9,0.49488,0.49773,0.033347,0.15704,0.15047,81.60,0.00023,-0.00122
1779372266.5111,plane,3540,27,0.91107,0.16375,0.062453,0.40079,0.27584,137.59,0.01089,-0.00810
1779372266.5111,plane,3540,28,0.09707,0.12200,0.051617,0.27752,0.13120,60.06,-0.02052,-0.00233
1779372266.5111,plane,3540,29,0.49268,0.99566,0.003479,0.50138,0.03432,90.00,0.00000,0.00000
1779372266.6074,plane,3541,9,0.49518,0.50040,0.033207,0.15667,0.15015,81.41,0.00313,0.02779
1779372266.6074,plane,3541,27,0.90678,0.16731,0.066888,0.38879,0.25702,137.58,-0.04449,0.03693
1779372266.6074,plane,3541,28,0.12354,0.11800,0.059343,0.29899,0.16016,62.52,0.27491,-0.04152
1779372266.6074,plane,3541,29,0.49316,0.99653,0.002602,0.50000,0.03127,90.00,0.00507,0.00901
1779372266.7026,plane,3542,9,0.49519,0.50043,0.033195,0.15666,0.15010,81.44,0.00013,0.00031
1779372266.7026,plane,3542,27,0.90834,0.16713,0.065832,0.38801,0.25312,138.17,0.01636,-0.00182
1779372266.7026,plane,3542,28,0.12086,0.11735,0.057977,0.28673,0.15103,62.65,-0.02810,-0.00685
1779372266.7026,plane,3542,29,0.49316,0.99653,0.002602,0.50000,0.03127,90.00,0.00000,0.00000
1779372266.7975,plane,3543,9,0.49514,0.50042,0.033173,0.15660,0.15003,81.39,-0.00058,-0.00014
1779372266.7975,plane,3543,27,0.90793,0.16790,0.066311,0.39905,0.26805,137.19,-0.00440,0.00815
1779372266.7975,plane,3543,28,0.11987,0.11910,0.058762,0.27398,0.14157,62.73,-0.01054,0.01857
1779372266.7975,plane,3543,29,0.49846,0.99644,0.002674,0.49870,0.00688,90.06,0.05621,-0.00098
1779372266.9105,plane,3544,9,0.49510,0.50039,0.033169,0.15662,0.15001,81.65,-0.00033,-0.00020
1779372266.9105,plane,3544,27,0.90877,0.16650,0.065141,0.39663,0.26904,137.60,0.00740,-0.01234
1779372266.9105,plane,3544,28,0.12067,0.11652,0.056942,0.28304,0.15162,62.27,0.00703,-0.02276
1779372266.9105,plane,3544,29,0.49935,0.99642,0.002689,0.49413,0.00572,90.07,0.00785,-0.00017
1779372267.0038,plane,3545,9,0.49511,0.50046,0.033195,0.15665,0.15010,81.80,0.00015,0.00067
1779372267.0038,plane,3545,27,0.90717,0.17085,0.068348,0.38665,0.24099,138.37,-0.01709,0.04657
1779372267.0038,plane,3545,28,0.12154,0.12219,0.060694,0.30919,0.17097,62.05,0.00938,0.06079
1779372267.0038,plane,3545,29,0.50495,0.99630,0.002786,0.49967,0.00522,90.08,0.06005,-0.00125
1779372267.1039,plane,3546,9,0.49515,0.50052,0.033173,0.15662,0.15001,81.46,0.00038,0.00067
1779372267.1039,plane,3546,27,0.90719,0.16630,0.066162,0.40653,0.27361,137.06,0.00022,-0.04529
1779372267.1039,plane,3546,28,0.12332,0.11780,0.059177,0.29348,0.15669,62.47,0.01769,-0.04378
1779372267.1039,plane,3546,29,0.50037,0.99640,0.002709,0.49779,0.00493,90.01,-0.04567,0.00091
1779372267.1957,plane,3547,9,0.49514,0.50050,0.033176,0.15661,0.15005,81.66,-0.00011,-0.00024
1779372267.1957,plane,3547,27,0.90865,0.16521,0.064590,0.42376,0.30064,136.86,0.01583,-0.01190
1779372267.1957,plane,3547,28,0.12001,0.11769,0.057512,0.28401,0.15054,62.54,-0.03597,-0.00110
1779372267.1957,plane,3547,29,0.50074,0.99639,0.002711,0.49900,0.00527,90.03,0.00401,-0.00002
1779372267.3084,plane,3548,9,0.49513,0.50059,0.033174,0.15669,0.14997,81.46,-0.00008,0.00077
1779372267.3084,plane,3548,29,0.49512,0.99650,0.002626,0.70945,0.02618,90.36,-0.04998,0.00096
1779372267.3084,plane,3548,31,0.53895,0.14412,0.127908,1.00807,0.69067,87.76,0.00000,0.00000
1779372267.4048,plane,3549,9,0.49514,0.50053,0.033176,0.15659,0.15006,81.86,0.00006,-0.00063
1779372267.4048,plane,3549,27,0.90886,0.16628,0.064962,0.42458,0.29746,137.14,0.00219,0.01103
1779372267.4048,plane,3549,28,0.11901,0.11832,0.057475,0.28322,0.15152,62.36,-0.01039,0.00643
1779372267.4048,plane,3549,29,0.49359,0.99653,0.002608,0.53341,0.02008,90.48,-0.01591,0.00025
1779372267.5031,plane,3550,9,0.49510,0.50055,0.033173,0.15659,0.15004,81.57,-0.00035,0.00020
1779372267.5031,plane,3550,27,0.91113,0.16443,0.062512,0.41333,0.29392,137.80,0.02313,-0.01881
1779372267.5031,plane,3550,28,0.11446,0.11797,0.055405,0.27486,0.14699,62.03,-0.04633,-0.00354
1779372267.5031,plane,3550,29,0.49399,0.99652,0.002613,0.53126,0.01946,90.46,0.00417,-0.00007
1779372267.5998,plane,3551,9,0.49508,0.50052,0.033184,0.15669,0.15001,81.56,-0.00026,-0.00027
1779372267.5998,plane,3551,27,0.90760,0.16645,0.066059,0.39586,0.26748,138.35,-0.03689,0.02110
1779372267.5998,plane,3551,28,0.12263,0.11769,0.058648,0.29847,0.16096,62.41,0.08529,-0.00293
1779372267.5998,plane,3551,29,0.49492,0.99650,0.002626,0.50330,0.00720,90.07,0.00972,-0.00019
1779372267.7092,plane,3552,9,0.49507,0.50056,0.033190,0.15668,0.15006,81.71,-0.00012,0.00038
1779372267.7092,plane,3552,29,0.49316,0.99653,0.002602,0.50000,0.03127,90.00,-0.01593,0.00028
1779372267.7092,plane,3552,31,0.53558,0.14435,0.127725,1.00595,0.69420,88.00,-0.03047,0.00212
1779372267.8088,plane,3553,9,0.49513,0.50049,0.033181,0.15659,0.15009,81.66,0.00061,-0.00076
1779372267.8088,plane,3553,27,0.90963,0.16594,0.064307,0.39491,0.27242,137.72,0.02049,-0.00518
1779372267.8088,plane,3553,28,0.12111,0.11783,0.057882,0.29819,0.16596,61.42,-0.01534,0.00148
1779372267.8088,plane,3553,29,0.49346,0.99653,0.002606,0.50763,0.01697,90.24,0.00295,-0.00005
1779372267.9041,plane,3554,9,0.49515,0.50055,0.033173,0.15659,0.15004,81.68,0.00029,0.00064
1779372267.9041,plane,3554,27,0.91005,0.16704,0.064502,0.39336,0.26559,137.73,0.00449,0.01151
1779372267.9041,plane,3554,28,0.11414,0.11915,0.056529,0.27764,0.14715,61.80,-0.07274,0.01373
1779372267.9041,plane,3554,29,0.49316,0.99653,0.002602,0.50000,0.03127,90.00,-0.00305,0.00005
1779372267.9995,plane,3555,9,0.49516,0.50042,0.033188,0.15663,0.15008,81.54,0.00002,-0.00138
1779372267.9995,plane,3555,27,0.90747,0.16725,0.066488,0.37154,0.23788,139.22,-0.02711,0.00223
1779372267.9995,plane,3555,28,0.11813,0.12070,0.058772,0.27249,0.14189,62.51,0.04184,0.01633
1779372267.9995,plane,3555,29,0.49687,0.99647,0.002652,0.50088,0.00729,90.05,0.03888,-0.00068
1779372268.1124,plane,3556,9,0.49513,0.50037,0.033179,0.15661,0.15005,81.60,-0.00021,-0.00042
1779372268.1124,plane,3556,27,0.90952,0.16726,0.065038,0.38667,0.25336,138.81,0.01808,0.00007
1779372268.1124,plane,3556,28,0.11864,0.11848,0.057844,0.28225,0.14643,62.64,0.00451,-0.01966
1779372268.1124,plane,3556,29,0.49864,0.99644,0.002677,0.49925,0.00772,90.14,0.01574,-0.00029
1779372268.2062,plane,3557,9,0.49512,0.50047,0.033166,0.15659,0.15000,81.47,-0.00011,0.00101
1779372268.2062,plane,3557,27,0.90945,0.16690,0.064887,0.41437,0.28057,137.49,-0.00070,-0.00385
1779372268.2062,plane,3557,28,0.11781,0.11804,0.056591,0.27466,0.14776,61.82,-0.00883,-0.00472
1779372268.2062,plane,3557,29,0.49791,0.99645,0.002667,0.49853,0.00691,90.06,-0.00783,0.00014
1779372268.3018,plane,3558,9,0.49516,0.50037,0.033186,0.15665,0.15006,81.50,0.00036,-0.00100
1779372268.3018,plane,3558,27,0.90734,0.16678,0.066328,0.39795,0.26728,137.28,-0.02216,-0.00121
1779372268.3018,plane,3558,28,0.11565,0.12072,0.057865,0.27421,0.14235,62.73,-0.02259,0.02816
1779372268.3018,plane,3558,29,0.50163,0.99637,0.002726,0.49432,0.00554,90.06,0.03903,-0.00077
1779372268.3983,plane,3559,9,0.49515,0.50053,0.033162,0.15657,0.15002,81.91,-0.00013,0.00165
1779372268.3983,plane,3559,27,0.91093,0.16581,0.063533,0.36773,0.23399,140.39,0.03714,-0.01006
1779372268.3983,plane,3559,28,0.11112,0.11953,0.054793,0.26572,0.14062,62.24,-0.04696,-0.01238
1779372268.3983,plane,3559,29,0.49503,0.99650,0.002628,0.50669,0.00902,90.10,-0.06832,0.00129
1779372268.5100,plane,3560,9,0.49514,0.50051,0.033149,0.15656,0.14993,81.24,-0.00009,-0.00022
1779372268.5100,plane,3560,27,0.91853,0.16485,0.057839,0.33519,0.19536,143.98,0.06807,-0.00865
1779372268.5100,plane,3560,28,0.10373,0.11726,0.050573,0.25878,0.14033,61.36,-0.06615,-0.02024
1779372268.5100,plane,3560,29,0.49316,0.99653,0.002602,0.50000,0.03127,90.00,-0.01671,0.00030
1779372268.6067,plane,3561,9,0.49513,0.50050,0.033168,0.15656,0.15004,81.61,-0.00008,-0.00003
1779372268.6067,plane,3561,27,0.91151,0.16621,0.063112,0.40652,0.27466,137.75,-0.07333,0.01422
1779372268.6067,plane,3561,28,0.11678,0.11756,0.055739,0.27376,0.14563,62.57,0.13619,0.00311
1779372268.6067,plane,3561,29,0.49474,0.99651,0.002621,0.40879,0.05324,0.00,0.01644,-0.00026
1779372268.7028,plane,3562,9,0.49513,0.50047,0.033181,0.15662,0.15007,81.49,0.00002,-0.00036
1779372268.7028,plane,3562,27,0.91156,0.16753,0.063744,0.38942,0.25058,139.12,0.00055,0.01367
1779372268.7028,plane,3562,28,0.11231,0.12079,0.055832,0.28201,0.15647,61.61,-0.04637,0.03350
1779372268.7028,plane,3562,29,0.49433,0.99651,0.002618,0.50707,0.00862,90.05,-0.00424,0.00005
1779372268.7987,plane,3563,9,0.49514,0.50058,0.033171,0.15663,0.14999,81.50,0.00016,0.00114
1779372268.7987,plane,3563,27,0.90941,0.16515,0.063975,0.41984,0.29655,137.08,-0.02230,-0.02471
1779372268.7987,plane,3563,28,0.11667,0.11854,0.056547,0.27306,0.14433,62.49,0.04527,-0.02340
1779372268.7987,plane,3563,29,0.49388,0.99652,0.002611,0.59016,0.03023,90.92,-0.00473,0.00009
1779372268.9096,plane,3564,9,0.49514,0.50039,0.033176,0.15659,0.15005,81.50,-0.00001,-0.00169
1779372268.9096,plane,3564,27,0.91003,0.16607,0.063946,0.41352,0.28863,137.07,0.00560,0.00826
1779372268.9096,plane,3564,28,0.11636,0.11809,0.056037,0.28055,0.14959,62.64,-0.00273,-0.00403
1779372268.9096,plane,3564,29,0.49773,0.99645,0.002665,0.49947,0.00565,90.03,0.03474,-0.00064
1779372269.0044,plane,3565,9,0.49516,0.50050,0.033171,0.15661,0.15002,81.48,0.00018,0.00120
1779372269.0044,plane,3565,29,0.50309,0.99635,0.002750,0.50024,0.00547,90.07,0.05655,-0.00110
1779372269.0044,plane,3565,32,0.53787,0.14344,0.126478,1.00799,0.68320,87.87,0.00000,0.00000
1779372269.1041,plane,3566,9,0.49516,0.50055,0.033171,0.15659,0.15002,81.37,0.00004,0.00051
1779372269.1041,plane,3566,27,0.90676,0.16614,0.066567,0.37859,0.24226,139.07,-0.03288,0.00077
1779372269.1041,plane,3566,28,0.12132,0.11869,0.058916,0.28919,0.15351,62.29,0.04973,0.00601
1779372269.1041,plane,3566,29,0.50090,0.99638,0.002719,0.49425,0.00531,90.03,-0.02196,0.00037
1779372269.1994,plane,3567,9,0.49515,0.50048,0.033179,0.15659,0.15008,81.44,-0.00019,-0.00074
1779372269.1994,plane,3567,27,0.90787,0.16630,0.065738,0.41274,0.27864,137.29,0.01174,0.00167
1779372269.1994,plane,3567,28,0.12111,0.11752,0.058033,0.29582,0.15850,62.34,-0.00223,-0.01234
1779372269.1994,plane,3567,29,0.50063,0.99639,0.002714,0.49258,0.00540,90.07,-0.00286,0.00007
1779372269.3107,plane,3568,9,0.49515,0.50050,0.033179,0.15659,0.15008,81.72,0.00006,0.00016
1779372269.3107,plane,3568,27,0.90736,0.16598,0.065821,0.39010,0.26397,137.61,-0.00459,-0.00289
1779372269.3107,plane,3568,28,0.12351,0.11698,0.058606,0.28607,0.15288,62.07,0.02155,-0.00480
1779372269.3107,plane,3568,29,0.49781,0.99645,0.002665,0.49734,0.00548,90.04,-0.02538,0.00055
1779372269.4085,plane,3569,9,0.49513,0.50049,0.033178,0.15662,0.15005,81.56,-0.00025,-0.00009
1779372269.4085,plane,3569,27,0.90613,0.16527,0.066552,0.36997,0.23861,139.25,-0.01271,-0.00733
1779372269.4085,plane,3569,28,0.12141,0.11788,0.058419,0.28169,0.14874,62.40,-0.02168,0.00918
1779372269.4085,plane,3569,29,0.49933,0.99642,0.002687,0.49865,0.00687,90.06,0.01573,-0.00029
1779372269.5043,plane,3570,9,0.49513,0.50052,0.033178,0.15662,0.15006,81.50,0.00007,0.00028
1779372269.5043,plane,3570,27,0.90788,0.16772,0.066360,0.38411,0.25113,137.56,0.01809,0.02530
1779372269.5043,plane,3570,28,0.11991,0.11892,0.058462,0.29863,0.15859,62.95,-0.01548,0.01074
1779372269.5043,plane,3570,29,0.49430,0.99651,0.002618,0.51060,0.00963,90.09,-0.05194,0.00092
1779372269.5994,plane,3571,9,0.49514,0.50044,0.033186,0.15660,0.15012,81.63,0.00004,-0.00081
1779372269.5994,plane,3571,27,0.90684,0.16616,0.066406,0.37892,0.24579,137.99,-0.01107,-0.01656
1779372269.5994,plane,3571,28,0.12231,0.11780,0.058814,0.30362,0.16920,61.42,0.02546,-0.01184
1779372269.5994,plane,3571,29,0.49693,0.99646,0.002655,0.49965,0.00732,90.09,0.02785,-0.00052
1779372269.7121,plane,3572,9,0.49514,0.50048,0.033176,0.15656,0.15009,81.63,0.00000,0.00035
1779372269.7121,plane,3572,27,0.90818,0.16605,0.065353,0.39818,0.27042,137.93,0.01189,-0.00099
1779372269.7121,plane,3572,28,0.12167,0.11781,0.058353,0.28741,0.15107,62.76,-0.00562,0.00005
1779372269.7121,plane,3572,29,0.49580,0.99649,0.002636,0.50204,0.00802,90.04,-0.00997,0.00021
1779372269.8072,plane,3573,9,0.49514,0.50045,0.033183,0.15661,0.15007,81.51,0.00003,-0.00031
1779372269.8072,plane,3573,27,0.90805,0.16671,0.065801,0.41158,0.27594,137.46,-0.00144,0.00701
1779372269.8072,plane,3573,28,0.12204,0.11823,0.058450,0.30300,0.16945,61.74,0.00394,0.00450
1779372269.8072,plane,3573,29,0.49780,0.99645,0.002665,0.49935,0.00686,90.11,0.02106,-0.00039
1779372269.9034,plane,3574,9,0.49516,0.50044,0.033190,0.15662,0.15010,81.77,0.00019,-0.00014
1779372269.9034,plane,3574,27,0.90615,0.16844,0.067942,0.39942,0.26290,137.10,-0.01970,0.01801
1779372269.9034,plane,3574,28,0.12813,0.11844,0.061423,0.30789,0.16900,61.79,0.06322,0.00219
1779372269.9034,plane,3574,29,0.50399,0.99633,0.002765,0.49569,0.00516,90.07,0.06426,-0.00126
1779372269.9988,plane,3575,9,0.49514,0.50047,0.033176,0.15658,0.15007,81.59,-0.00023,0.00029
1779372269.9988,plane,3575,27,0.90845,0.16771,0.065898,0.39513,0.26794,137.31,0.02405,-0.00765
1779372269.9988,plane,3575,28,0.12097,0.11859,0.058695,0.30665,0.16658,62.34,-0.07484,0.00150
1779372269.9988,plane,3575,29,0.50203,0.99636,0.002735,0.49494,0.00545,90.06,-0.02048,0.00037
1779372270.1123,plane,3576,9,0.49516,0.50051,0.033178,0.15664,0.15004,81.79,0.00020,0.00036
1779372270.1123,plane,3576,27,0.90737,0.16780,0.066805,0.41072,0.27193,137.13,-0.00955,0.00082
1779372270.1123,plane,3576,28,0.12538,0.11753,0.059845,0.29678,0.15945,62.21,0.03915,-0.00937
1779372270.1123,plane,3576,29,0.49725,0.99646,0.002657,0.49701,0.00724,90.09,-0.04248,0.00086
1779372270.2078,plane,3577,9,0.49514,0.50045,0.033168,0.15660,0.15001,81.47,-0.00020,-0.00059
1779372270.2078,plane,3577,27,0.91048,0.16513,0.063368,0.42195,0.29728,138.19,0.03224,-0.02783
1779372270.2078,plane,3577,28,0.11599,0.11795,0.055364,0.27342,0.15017,61.60,-0.09754,0.00438
1779372270.2078,plane,3577,29,0.49831,0.99644,0.002672,0.49790,0.00631,90.07,0.01106,-0.00020
1779372270.3031,plane,3578,9,0.49512,0.50048,0.033174,0.15659,0.15006,81.51,-0.00020,0.00032
1779372270.3031,plane,3578,27,0.90912,0.16846,0.065921,0.40027,0.25601,138.34,-0.01420,0.03492
1779372270.3031,plane,3578,28,0.11666,0.12112,0.058621,0.27594,0.14075,63.33,0.00700,0.03323
1779372270.3031,plane,3578,29,0.49952,0.99642,0.002691,0.49614,0.00585,90.05,0.01272,-0.00025
1779372270.3983,plane,3579,9,0.49515,0.50047,0.033181,0.15663,0.15006,81.78,0.00028,-0.00008
1779372270.3983,plane,3579,27,0.90824,0.16635,0.065308,0.42813,0.30322,136.32,-0.00932,-0.02208
1779372270.3983,plane,3579,28,0.12336,0.11804,0.058517,0.27523,0.14735,62.13,0.07041,-0.03235
1779372270.3983,plane,3579,29,0.49633,0.99647,0.002647,0.49943,0.00709,90.10,-0.03352,0.00059
1779372270.5094,plane,3580,9,0.49512,0.50047,0.033183,0.15660,0.15010,81.82,-0.00024,-0.00006
1779372270.5094,plane,3580,29,0.50267,0.99636,0.002738,0.49982,0.00603,90.14,0.05700,-0.00103
1779372270.5094,plane,3580,33,0.53762,0.14512,0.128818,1.01447,0.71199,86.74,0.00000,0.00000
1779372270.6082,plane,3581,9,0.49512,0.50044,0.033174,0.15658,0.15006,81.37,0.00002,-0.00024
1779372270.6082,plane,3581,27,0.90974,0.16767,0.065040,0.38161,0.24783,138.61,0.01539,0.01354
1779372270.6082,plane,3581,28,0.12005,0.11872,0.057941,0.29188,0.15844,62.19,-0.03395,0.00691
1779372270.6082,plane,3581,29,0.49934,0.99641,0.002697,0.49988,0.00558,90.06,-0.03413,0.00051
1779372270.7036,plane,3582,9,0.49512,0.50044,0.033176,0.15656,0.15010,81.70,0.00001,-0.00001
1779372270.7036,plane,3582,27,0.90701,0.16728,0.066703,0.41508,0.28250,136.47,-0.02834,-0.00410
1779372270.7036,plane,3582,28,0.12391,0.11799,0.059250,0.29303,0.15736,62.23,0.03999,-0.00756
1779372270.7036,plane,3582,29,0.50279,0.99635,0.002748,0.49421,0.00568,90.05,0.03583,-0.00064
1779372270.7990,plane,3583,9,0.49513,0.50043,0.033181,0.15660,0.15007,81.51,0.00007,-0.00014
1779372270.7990,plane,3583,27,0.90892,0.16927,0.066399,0.40380,0.26088,137.87,0.01998,0.02087
1779372270.7990,plane,3583,28,0.11085,0.12516,0.057926,0.30195,0.17499,59.72,-0.13662,0.07505
1779372270.7990,plane,3583,29,0.50666,0.99627,0.002813,0.51059,0.00490,90.03,0.04049,-0.00078
1779372270.9115,plane,3584,9,0.49512,0.50044,0.033162,0.15657,0.15003,81.37,-0.00010,0.00011
1779372270.9115,plane,3584,27,0.90777,0.16525,0.065355,0.39129,0.26049,138.65,-0.01027,-0.03607
1779372270.9115,plane,3584,28,0.12133,0.11800,0.057917,0.27704,0.14496,62.90,0.09392,-0.06417
1779372270.9115,plane,3584,29,0.50625,0.99629,0.002803,0.51055,0.00490,90.03,-0.00373,0.00010
1779372271.0074,plane,3585,9,0.49512,0.50049,0.033179,0.15660,0.15008,81.57,0.00006,0.00047
1779372271.0074,plane,3585,27,0.90702,0.16837,0.067164,0.39462,0.26112,137.07,-0.00776,0.03225
1779372271.0074,plane,3585,28,0.12555,0.11812,0.060216,0.30196,0.16157,62.69,0.04358,0.00126
1779372271.0074,plane,3585,29,0.50577,0.99629,0.002796,0.50706,0.00499,90.00,-0.00489,0.00007
1779372271.1021,plane,3586,9,0.49511,0.50049,0.033184,0.15661,0.15008,81.58,-0.00016,0.00002
1779372271.1021,plane,3586,29,0.50529,0.99630,0.002787,0.50165,0.00515,90.06,-0.00513,0.00010
1779372271.1021,plane,3586,33,0.53726,0.14346,0.127584,1.00364,0.68318,88.64,-0.00375,-0.01761
1779372271.2005,plane,3587,9,0.49512,0.50045,0.033173,0.15658,0.15006,81.33,0.00011,-0.00042
1779372271.2005,plane,3587,27,0.90741,0.16597,0.065779,0.40369,0.27758,136.85,0.00397,-0.02421
1779372271.2005,plane,3587,28,0.12223,0.11741,0.058563,0.30924,0.16908,62.06,-0.03335,-0.00714
1779372271.2005,plane,3587,29,0.50434,0.99632,0.002770,0.49511,0.00593,90.08,-0.00957,0.00020
1779372271.3092,plane,3588,9,0.49510,0.50042,0.033188,0.15665,0.15006,81.43,-0.00022,-0.00026
1779372271.3092,plane,3588,29,0.50687,0.99627,0.002818,0.52282,0.00413,89.98,0.02324,-0.00050
1779372271.3092,plane,3588,33,0.53821,0.14425,0.128832,1.01428,0.70380,86.96,0.00872,0.00718
1779372271.4083,plane,3589,9,0.49510,0.50046,0.033191,0.15662,0.15012,81.68,0.00001,0.00048
1779372271.4083,plane,3589,27,0.90754,0.16727,0.066320,0.43438,0.30451,136.56,0.00129,0.01332
1779372271.4083,plane,3589,28,0.12304,0.11833,0.059001,0.27730,0.14751,61.90,0.00823,0.00935
1779372271.4083,plane,3589,29,0.50299,0.99634,0.002752,0.49748,0.00545,90.03,-0.03964,0.00078
1779372271.5041,plane,3590,9,0.49513,0.50042,0.033190,0.15664,0.15007,81.40,0.00038,-0.00050
1779372271.5041,plane,3590,27,0.90743,0.16653,0.066108,0.39961,0.26456,138.09,-0.00111,-0.00768
1779372271.5041,plane,3590,28,0.12193,0.11845,0.058850,0.28965,0.15521,62.16,-0.01146,0.00124
1779372271.5041,plane,3590,29,0.50273,0.99635,0.002743,0.49541,0.00595,90.06,-0.00267,0.00010
1779372271.5994,plane,3591,9,0.49512,0.50042,0.033176,0.15656,0.15008,81.45,-0.00017,0.00003
1779372271.5994,plane,3591,27,0.90815,0.16509,0.064870,0.39563,0.26163,136.56,0.00757,-0.01516
1779372271.5994,plane,3591,28,0.11876,0.11794,0.056839,0.29086,0.16118,61.75,-0.03325,-0.00534
1779372271.5994,plane,3591,29,0.50016,0.99640,0.002704,0.48676,0.00530,90.07,-0.02697,0.00050
1779372271.7105,plane,3592,9,0.49511,0.50041,0.033171,0.15656,0.15006,81.44,-0.00003,-0.00007
1779372271.7105,plane,3592,27,0.90610,0.16562,0.066564,0.41325,0.28734,137.04,-0.01848,0.00478
1779372271.7105,plane,3592,28,0.12331,0.11757,0.059026,0.29737,0.16007,61.99,0.04097,-0.00337
1779372271.7105,plane,3592,29,0.50017,0.99640,0.002704,0.49787,0.00516,90.04,0.00008,0.00000
1779372271.8067,plane,3593,9,0.49512,0.50038,0.033174,0.15656,0.15006,81.31,0.00009,-0.00028
1779372271.8067,plane,3593,27,0.90861,0.16718,0.065604,0.40301,0.26468,137.21,0.02606,0.01625
1779372271.8067,plane,3593,28,0.11577,0.12033,0.057821,0.27040,0.13936,62.39,-0.07834,0.02867
1779372271.8067,plane,3593,29,0.50292,0.99635,0.002750,0.50037,0.00494,90.03,0.02852,-0.00058
1779372271.9031,plane,3594,9,0.49513,0.50040,0.033171,0.15658,0.15005,81.52,0.00005,0.00021
1779372271.9031,plane,3594,27,0.90745,0.16630,0.066142,0.40847,0.26926,137.95,-0.01211,-0.00918
1779372271.9031,plane,3594,28,0.12141,0.11838,0.058890,0.29150,0.15389,62.65,0.05898,-0.02037
1779372271.9031,plane,3594,29,0.50423,0.99632,0.002769,0.49797,0.00545,90.04,0.01373,-0.00022
1779372272.0000,plane,3595,9,0.49513,0.50042,0.033169,0.15654,0.15007,81.34,-0.00002,0.00016
1779372272.0000,plane,3595,27,0.90736,0.16624,0.066015,0.40226,0.26827,137.63,-0.00088,-0.00066
1779372272.0000,plane,3595,28,0.12457,0.11712,0.058809,0.28411,0.14986,62.72,0.03249,-0.01288
1779372272.0000,plane,3595,29,0.50419,0.99632,0.002770,0.49988,0.00482,90.04,-0.00043,-0.00003
1779372272.1123,plane,3596,9,0.49512,0.50038,0.033171,0.15654,0.15007,81.38,-0.00007,-0.00036
1779372272.1123,plane,3596,27,0.91010,0.16676,0.064426,0.41357,0.27400,137.98,0.02447,0.00464
1779372272.1123,plane,3596,28,0.11860,0.11852,0.056915,0.29634,0.16893,61.28,-0.05341,0.01250
1779372272.1123,plane,3596,29,0.50623,0.99629,0.002803,0.51100,0.00491,90.02,0.01830,-0.00033
1779372272.2079,plane,3597,9,0.49512,0.50043,0.033166,0.15655,0.15006,81.47,0.00006,0.00050
1779372272.2079,plane,3597,27,0.90891,0.16578,0.064635,0.39745,0.26997,138.16,-0.01237,-0.01015
1779372272.2079,plane,3597,28,0.11805,0.11805,0.056586,0.27829,0.14918,62.15,-0.00576,-0.00495
1779372272.2079,plane,3597,29,0.50386,0.99633,0.002760,0.49822,0.00572,90.06,-0.02460,0.00051
1779372272.3035,plane,3598,9,0.49512,0.50044,0.033173,0.15655,0.15007,81.45,-0.00001,0.00016
1779372272.3035,plane,3598,27,0.90602,0.16720,0.067403,0.39342,0.25796,137.22,-0.03022,0.01482
1779372272.3035,plane,3598,28,0.12535,0.11803,0.059977,0.29857,0.15861,62.80,0.07647,-0.00020
1779372272.3035,plane,3598,29,0.50527,0.99631,0.002784,0.50177,0.00568,90.07,0.01475,-0.00030
1779372272.3965,plane,3599,9,0.49511,0.50043,0.033173,0.15660,0.15003,81.58,-0.00008,-0.00010
1779372272.3965,plane,3599,29,0.50478,0.99632,0.002774,0.50033,0.00566,90.08,-0.00530,0.00014
1779372272.3965,plane,3599,34,0.53889,0.14357,0.123983,1.01419,0.70310,87.65,0.00000,0.00000
1779372272.5090,plane,3600,9,0.49511,0.50046,0.033201,0.15671,0.15009,81.88,-0.00006,0.00020
1779372272.5090,plane,3600,29,0.50455,0.99632,0.002772,0.50023,0.00579,90.09,-0.00200,0.00001
1779372272.5090,plane,3600,34,0.53558,0.14450,0.131460,1.00540,0.69712,87.86,-0.02951,0.00827
1779372272.6070,plane,3601,9,0.49510,0.50041,0.033181,0.15662,0.15004,81.52,-0.00004,-0.00045
1779372272.6070,plane,3601,27,0.90691,0.16657,0.066484,0.38998,0.26001,137.97,0.00903,-0.00636
1779372272.6070,plane,3601,28,0.12227,0.11844,0.058953,0.30172,0.16119,62.77,-0.03129,0.00421
1779372272.6070,plane,3601,29,0.50403,0.99633,0.002764,0.50815,0.00522,90.02,-0.00533,0.00011
1779372272.7036,plane,3602,9,0.49511,0.50040,0.033184,0.15663,0.15007,81.50,0.00006,-0.00007
1779372272.7036,plane,3602,27,0.90683,0.16815,0.067191,0.38264,0.25354,137.15,-0.00083,0.01644
1779372272.7036,plane,3602,28,0.12404,0.11814,0.059594,0.31091,0.17121,61.97,0.01836,-0.00309
1779372272.7036,plane,3602,29,0.50626,0.99629,0.002803,0.50710,0.00502,90.05,0.02324,-0.00047
1779372272.7961,plane,3603,9,0.49513,0.50047,0.033179,0.15660,0.15006,81.42,0.00027,0.00069
1779372272.7961,plane,3603,29,0.50804,0.99625,0.002836,0.52634,0.00457,90.02,0.01909,-0.00042
1779372272.7961,plane,3603,34,0.53854,0.14520,0.131790,1.01051,0.71267,87.40,0.03195,0.00761
1779372272.9111,plane,3604,9,0.49512,0.50041,0.033168,0.15654,0.15007,81.33,-0.00009,-0.00048
1779372272.9111,plane,3604,27,0.90879,0.16645,0.065165,0.38667,0.25128,138.91,0.01720,-0.01491
1779372272.9111,plane,3604,28,0.12015,0.11802,0.057819,0.27892,0.14773,62.38,-0.03413,-0.00107
1779372272.9111,plane,3604,29,0.50566,0.99629,0.002799,0.51128,0.00465,90.00,-0.02087,0.00036
1779372273.0079,plane,3605,9,0.49509,0.50040,0.033178,0.15660,0.15005,81.72,-0.00029,-0.00017
1779372273.0079,plane,3605,27,0.90991,0.16334,0.062822,0.41183,0.29508,137.05,0.01153,-0.03190
1779372273.0079,plane,3605,28,0.11948,0.11416,0.055171,0.28575,0.15522,62.02,-0.00690,-0.03957
1779372273.0079,plane,3605,29,0.50511,0.99631,0.002782,0.50489,0.00482,90.03,-0.00562,0.00020
1779372273.1037,plane,3606,9,0.49511,0.50040,0.033184,0.15663,0.15006,81.44,0.00013,-0.00000
1779372273.1037,plane,3606,27,0.91035,0.16731,0.064512,0.41574,0.27583,137.72,0.00458,0.04158
1779372273.1037,plane,3606,28,0.11508,0.11885,0.056725,0.27249,0.14160,62.14,-0.04593,0.04909
1779372273.1037,plane,3606,29,0.50227,0.99636,0.002740,0.49839,0.00486,90.02,-0.02972,0.00053
1779372273.1994,plane,3607,9,0.49510,0.50042,0.033173,0.15655,0.15008,81.31,-0.00003,0.00019
1779372273.1994,plane,3607,27,0.90628,0.16592,0.066669,0.38536,0.25563,138.59,-0.04267,-0.01466
1779372273.1994,plane,3607,28,0.12176,0.11786,0.058195,0.28586,0.14984,62.84,0.07003,-0.01037
1779372273.1994,plane,3607,29,0.50169,0.99638,0.002721,0.49511,0.00586,90.11,-0.00608,0.00024
1779372273.3120,plane,3608,9,0.49511,0.50042,0.033174,0.15659,0.15004,81.34,0.00005,0.00002
1779372273.3120,plane,3608,27,0.90708,0.16491,0.065498,0.40156,0.28582,136.92,0.00705,-0.00886
1779372273.3120,plane,3608,28,0.12060,0.11848,0.058353,0.28835,0.15432,62.06,-0.01028,0.00545
1779372273.3120,plane,3608,29,0.50293,0.99634,0.002753,0.49668,0.00483,90.03,0.01099,-0.00034
1779372273.4082,plane,3609,9,0.49512,0.50040,0.033168,0.15653,0.15008,81.21,0.00009,-0.00013
1779372273.4082,plane,3609,27,0.90898,0.16581,0.064753,0.38889,0.25687,139.24,0.01995,0.00940
1779372273.4082,plane,3609,28,0.11696,0.11888,0.057085,0.28479,0.15346,62.15,-0.03817,0.00423
1779372273.4082,plane,3609,29,0.50239,0.99636,0.002741,0.50013,0.00553,90.04,-0.00571,0.00015
1779372273.5044,plane,3610,9,0.49512,0.50037,0.033168,0.15653,0.15006,81.34,0.00006,-0.00040
1779372273.5044,plane,3610,27,0.91074,0.16272,0.061981,0.41797,0.29768,135.29,0.01816,-0.03189
1779372273.5044,plane,3610,28,0.11797,0.11363,0.054825,0.26862,0.13827,62.63,0.01039,-0.05425
1779372273.5044,plane,3610,29,0.50179,0.99636,0.002735,0.49287,0.00528,90.05,-0.00619,0.00008
1779372273.5990,plane,3611,9,0.49512,0.50038,0.033169,0.15655,0.15005,81.30,-0.00004,0.00019
1779372273.5990,plane,3611,27,0.90949,0.16437,0.063690,0.39341,0.25565,137.49,-0.01314,0.01742
1779372273.5990,plane,3611,28,0.11554,0.11781,0.055286,0.27818,0.15309,61.80,-0.02561,0.04402
1779372273.5990,plane,3611,29,0.50170,0.99637,0.002731,0.50015,0.00488,90.03,-0.00095,0.00004
1779372273.7117,plane,3612,9,0.49512,0.50038,0.033171,0.15655,0.15007,81.35,-0.00004,0.00001
1779372273.7117,plane,3612,27,0.90601,0.16587,0.066830,0.39080,0.25832,137.49,-0.03109,0.01341
1779372273.7117,plane,3612,28,0.12520,0.11691,0.059535,0.29122,0.15252,62.78,0.08641,-0.00806
1779372273.7117,plane,3612,29,0.50184,0.99636,0.002738,0.49988,0.00520,90.01,0.00125,-0.00007
1779372273.8079,plane,3613,9,0.49513,0.50038,0.033188,0.15663,0.15008,81.45,0.00011,-0.00008
1779372273.8079,plane,3613,27,0.90947,0.16890,0.065804,0.41321,0.26492,137.64,0.03567,0.03119
1779372273.8079,plane,3613,28,0.12303,0.11865,0.059564,0.30151,0.16274,62.15,-0.02240,0.01798
1779372273.8079,plane,3613,29,0.50605,0.99629,0.002799,0.50551,0.00549,90.05,0.04345,-0.00074
1779372273.9039,plane,3614,9,0.49512,0.50037,0.033183,0.15660,0.15006,81.64,-0.00012,-0.00006
1779372273.9039,plane,3614,27,0.90712,0.16656,0.066422,0.39202,0.25600,138.05,-0.02474,-0.02464
1779372273.9039,plane,3614,28,0.12297,0.11751,0.058845,0.28783,0.15122,62.61,-0.00067,-0.01207
1779372273.9039,plane,3614,29,0.50532,0.99630,0.002791,0.50469,0.00477,90.01,-0.00775,0.00011
1779372273.9992,plane,3615,9,0.49512,0.50038,0.033174,0.15658,0.15005,81.63,0.00006,0.00011
1779372273.9992,plane,3615,27,0.90985,0.16620,0.064173,0.41582,0.29189,136.51,0.02828,-0.00371
1779372273.9992,plane,3615,28,0.11900,0.11805,0.057665,0.28086,0.14836,62.46,-0.04120,0.00568
1779372273.9992,plane,3615,29,0.50176,0.99637,0.002728,0.49679,0.00568,90.08,-0.03692,0.00076
1779372274.1112,plane,3616,9,0.49512,0.50038,0.033159,0.15652,0.15004,81.41,-0.00004,0.00002
1779372274.1112,plane,3616,27,0.91268,0.16419,0.061457,0.39219,0.26655,139.19,0.02531,-0.01797
1779372274.1112,plane,3616,28,0.11292,0.11783,0.054637,0.27980,0.15228,61.76,-0.05428,-0.00198
1779372274.1112,plane,3616,29,0.49907,0.99642,0.002686,0.49425,0.00628,90.11,-0.02401,0.00047
1779372274.2073,plane,3617,9,0.49512,0.50035,0.033168,0.15655,0.15005,81.31,0.00005,-0.00039
1779372274.2073,plane,3617,27,0.90920,0.16442,0.063938,0.39840,0.26112,137.28,-0.03624,0.00241
1779372274.2073,plane,3617,28,0.11477,0.11705,0.055008,0.28456,0.15512,61.96,0.01929,-0.00807
1779372274.2073,plane,3617,29,0.50284,0.99635,0.002748,0.50019,0.00545,90.02,0.03924,-0.00080
1779372274.3031,plane,3618,9,0.49511,0.50035,0.033169,0.15656,0.15005,81.40,-0.00014,0.00003
1779372274.3031,plane,3618,27,0.91135,0.16703,0.063590,0.39453,0.25191,137.87,0.02247,0.02734
1779372274.3031,plane,3618,28,0.11706,0.11763,0.056508,0.28264,0.15072,62.26,0.02401,0.00599
1779372274.3031,plane,3618,29,0.50762,0.99626,0.002828,0.51889,0.00478,90.03,0.05011,-0.00096
1779372274.3982,plane,3619,9,0.49511,0.50037,0.033169,0.15655,0.15005,81.39,0.00003,0.00025
1779372274.3982,plane,3619,27,0.90908,0.16634,0.064945,0.39660,0.25696,137.25,-0.02395,-0.00732
1779372274.3982,plane,3619,28,0.12015,0.11828,0.057716,0.28574,0.15434,62.29,0.03265,0.00691
1779372274.3982,plane,3619,29,0.50595,0.99629,0.002797,0.50185,0.00514,90.05,-0.01768,0.00037
1779372274.5102,plane,3620,9,0.49511,0.50038,0.033166,0.15654,0.15005,81.39,0.00004,0.00005
1779372274.5102,plane,3620,27,0.90841,0.16667,0.065591,0.41215,0.26730,136.48,-0.00599,0.00292
1779372274.5102,plane,3620,28,0.12021,0.11841,0.057795,0.28744,0.15364,62.71,0.00050,0.00117
1779372274.5102,plane,3620,29,0.50750,0.99625,0.002830,0.51677,0.00484,89.99,0.01374,-0.00033
1779372274.6059,plane,3621,9,0.49511,0.50039,0.033164,0.15656,0.15004,81.43,-0.00004,0.00015
1779372274.6059,plane,3621,27,0.90840,0.16805,0.066094,0.40639,0.27371,136.97,-0.00006,0.01446
1779372274.6059,plane,3621,28,0.12154,0.11897,0.058707,0.28789,0.15355,62.61,0.01396,0.00588
1779372274.6059,plane,3621,29,0.50659,0.99628,0.002811,0.50554,0.00504,90.04,-0.00949,0.00022
1779372274.7010,plane,3622,9,0.49510,0.50042,0.033176,0.15661,0.15005,81.26,-0.00013,0.00030
1779372274.7010,plane,3622,29,0.50799,0.99625,0.002836,0.52338,0.00472,90.01,0.01464,-0.00030
1779372274.7010,plane,3622,35,0.53789,0.14507,0.131161,1.01949,0.72383,86.30,0.00000,0.00000
1779372274.7992,plane,3623,9,0.49512,0.50042,0.033164,0.15655,0.15002,81.20,0.00019,0.00003
1779372274.7992,plane,3623,27,0.90915,0.16600,0.064570,0.40653,0.27737,137.84,0.00763,-0.02083
1779372274.7992,plane,3623,28,0.12175,0.11706,0.057748,0.29639,0.16176,62.02,0.00210,-0.01945
1779372274.7992,plane,3623,29,0.50720,0.99627,0.002816,0.51893,0.00477,90.03,-0.00807,0.00023
1779372274.9115,plane,3624,9,0.49512,0.50041,0.033169,0.15654,0.15007,81.21,-0.00001,-0.00017
1779372274.9115,plane,3624,27,0.91102,0.16515,0.062926,0.42253,0.28898,137.62,0.01668,-0.00757
1779372274.9115,plane,3624,28,0.11298,0.11798,0.054769,0.27109,0.14491,62.11,-0.07825,0.00814
1779372274.9115,plane,3624,29,0.50122,0.99638,0.002721,0.49353,0.00541,90.07,-0.05336,0.00099
1779372275.0079,plane,3625,9,0.49512,0.50037,0.033164,0.15653,0.15005,81.32,0.00006,-0.00039
1779372275.0079,plane,3625,27,0.91010,0.16715,0.064585,0.39704,0.26074,139.04,-0.00950,0.02068
1779372275.0079,plane,3625,28,0.12085,0.11638,0.056629,0.28128,0.15123,62.38,0.08172,-0.01656
1779372275.0079,plane,3625,29,0.50515,0.99631,0.002777,0.50077,0.00542,90.07,0.04079,-0.00068
1779372275.1030,plane,3626,9,0.49512,0.50037,0.033178,0.15657,0.15009,81.16,-0.00000,-0.00001
1779372275.1030,plane,3626,27,0.90850,0.16609,0.065286,0.39712,0.25969,138.92,-0.01686,-0.01102
1779372275.1030,plane,3626,28,0.12053,0.11783,0.057632,0.27688,0.14580,62.60,-0.00342,0.01520
1779372275.1030,plane,3626,29,0.50334,0.99634,0.002752,0.49880,0.00545,90.06,-0.01896,0.00030
1779372275.1982,plane,3627,9,0.49510,0.50034,0.033179,0.15660,0.15006,81.44,-0.00021,-0.00026
1779372275.1982,plane,3627,27,0.91046,0.16657,0.064070,0.39753,0.25536,137.39,0.02063,0.00499
1779372275.1982,plane,3627,28,0.11763,0.11864,0.057010,0.27902,0.14924,62.24,-0.03042,0.00851
1779372275.1982,plane,3627,29,0.50350,0.99634,0.002758,0.49957,0.00510,90.04,0.00171,-0.00008
1779372275.3116,plane,3628,9,0.49510,0.50033,0.033186,0.15661,0.15008,81.34,-0.00001,-0.00013
1779372275.3116,plane,3628,27,0.90782,0.16926,0.067115,0.40773,0.26903,137.24,-0.02342,0.02383
1779372275.3116,plane,3628,28,0.12610,0.11730,0.060310,0.30953,0.16517,62.57,0.07499,-0.01190
1779372275.3116,plane,3628,29,0.50504,0.99631,0.002784,0.50056,0.00544,90.08,0.01362,-0.00027
1779372275.4079,plane,3629,9,0.49512,0.50040,0.033164,0.15656,0.15002,81.55,0.00024,0.00077
1779372275.4079,plane,3629,27,0.90693,0.16770,0.067008,0.38753,0.25517,138.34,-0.00924,-0.01633
1779372275.4079,plane,3629,28,0.12720,0.11639,0.059864,0.30347,0.16567,61.93,0.01150,-0.00951
1779372275.4079,plane,3629,29,0.50897,0.99621,0.002869,0.55449,0.00392,89.96,0.04107,-0.00099
1779372275.5028,plane,3630,9,0.49509,0.50047,0.033196,0.15667,0.15009,81.66,-0.00040,0.00073
1779372275.5028,plane,3630,27,0.90754,0.16922,0.067293,0.42073,0.28463,136.34,0.00634,0.01580
1779372275.5028,plane,3630,28,0.12614,0.11856,0.060781,0.31036,0.17072,61.85,-0.01106,0.02269
1779372275.5028,plane,3630,29,0.49817,0.99644,0.002674,0.49367,0.00608,90.08,-0.11256,0.00239
1779372275.6018,plane,3631,9,0.49511,0.50024,0.033178,0.15660,0.15007,81.45,0.00029,-0.00241
1779372275.6018,plane,3631,27,0.90827,0.16599,0.065140,0.40539,0.27073,135.92,0.00746,-0.03296
1779372275.6018,plane,3631,28,0.11718,0.11836,0.057777,0.28668,0.14955,62.22,-0.09143,-0.00213
1779372275.6018,plane,3631,29,0.50841,0.99624,0.002847,0.53151,0.00443,90.00,0.10451,-0.00209
1779372275.7115,plane,3632,9,0.49514,0.50048,0.033171,0.15660,0.15004,81.81,0.00024,0.00219
1779372275.7115,plane,3632,27,0.90949,0.16644,0.064718,0.39982,0.26909,138.24,0.01098,0.00412
1779372275.7115,plane,3632,28,0.11906,0.11756,0.057148,0.27027,0.14160,62.29,0.01700,-0.00716
1779372275.7115,plane,3632,29,0.50524,0.99631,0.002784,0.50377,0.00529,90.03,-0.02866,0.00064
1779372275.8071,plane,3633,9,0.49513,0.50040,0.033171,0.15657,0.15005,81.44,-0.00008,-0.00082
1779372275.8071,plane,3633,27,0.90876,0.16618,0.065031,0.38448,0.25265,138.39,-0.00762,-0.00270
1779372275.8071,plane,3633,28,0.11932,0.11790,0.057012,0.28693,0.15638,62.03,0.00266,0.00346
1779372275.8071,plane,3633,29,0.50304,0.99635,0.002748,0.49111,0.00575,90.08,-0.02300,0.00045
1779372275.9045,plane,3634,9,0.49512,0.50044,0.033157,0.15658,0.14998,81.42,-0.00008,0.00038
1779372275.9045,plane,3634,27,0.90982,0.16641,0.064401,0.40031,0.26793,138.67,0.01101,0.00238
1779372275.9045,plane,3634,28,0.12034,0.11790,0.057573,0.27781,0.14770,62.39,0.01058,0.00008
1779372275.9045,plane,3634,29,0.50784,0.99625,0.002836,0.52727,0.00418,89.99,0.04967,-0.00106
1779372275.9999,plane,3635,9,0.49511,0.50049,0.033174,0.15662,0.15003,81.43,-0.00011,0.00054
1779372275.9999,plane,3635,27,0.90995,0.16583,0.063997,0.39926,0.27474,138.44,0.00130,-0.00606
1779372275.9999,plane,3635,28,0.11820,0.11850,0.057070,0.28161,0.15126,62.27,-0.02218,0.00621
1779372275.9999,plane,3635,29,0.49469,0.99651,0.002621,0.65180,0.03847,91.11,-0.13632,0.00271
1779372276.1118,plane,3636,9,0.49513,0.50042,0.033174,0.15653,0.15011,81.67,0.00014,-0.00063
1779372276.1118,plane,3636,27,0.91026,0.16453,0.063248,0.41332,0.28291,138.10,0.00279,-0.01165
1779372276.1118,plane,3636,28,0.11490,0.11742,0.055298,0.26513,0.14035,62.03,-0.02972,-0.00978
1779372276.1118,plane,3636,29,0.49575,0.99649,0.002635,0.50313,0.00669,90.01,0.00953,-0.00016
1779372276.2050,plane,3637,9,0.49513,0.50040,0.033169,0.15655,0.15006,81.53,-0.00004,-0.00020
1779372276.2050,plane,3637,29,0.50077,0.99639,0.002713,0.49569,0.00557,90.06,0.05328,-0.00105
1779372276.2050,plane,3637,36,0.53994,0.14380,0.120624,1.00677,0.67495,88.29,0.00000,0.00000
1779372276.3028,plane,3638,9,0.49510,0.50033,0.033188,0.15661,0.15009,81.31,-0.00028,-0.00070
1779372276.3028,plane,3638,27,0.90907,0.16783,0.065533,0.39871,0.26956,137.24,-0.01216,0.03379
1779372276.3028,plane,3638,28,0.11729,0.11872,0.057604,0.28219,0.14950,62.03,0.02450,0.01336
1779372276.3028,plane,3638,29,0.50478,0.99631,0.002777,0.50017,0.00579,90.09,0.04109,-0.00079
1779372276.3990,plane,3639,9,0.49509,0.50037,0.033184,0.15664,0.15003,81.50,-0.00006,0.00041
1779372276.3990,plane,3639,27,0.90811,0.16838,0.066461,0.39370,0.25680,138.62,-0.01008,0.00570
1779372276.3990,plane,3639,28,0.12082,0.11885,0.058816,0.30016,0.16169,62.54,0.03698,0.00138
1779372276.3990,plane,3639,29,0.50791,0.99625,0.002833,0.52635,0.00457,90.02,0.03282,-0.00066
1779372276.5115,plane,3640,9,0.49513,0.50038,0.033169,0.15657,0.15005,81.56,0.00030,0.00009
1779372276.5115,plane,3640,27,0.90821,0.16684,0.065869,0.39856,0.25710,138.42,0.00090,-0.01357
1779372276.5115,plane,3640,28,0.12136,0.11745,0.057995,0.28699,0.15207,62.72,0.00478,-0.01237
1779372276.5115,plane,3640,29,0.50755,0.99626,0.002828,0.51731,0.00471,90.02,-0.00326,0.00005
1779372276.6094,plane,3641,9,0.49510,0.50039,0.033184,0.15663,0.15004,81.59,-0.00022,0.00011
1779372276.6094,plane,3641,27,0.90770,0.16688,0.065962,0.38237,0.25660,137.79,-0.00522,0.00043
1779372276.6094,plane,3641,28,0.12416,0.11768,0.059135,0.29436,0.16019,61.71,0.02860,0.00236
1779372276.6094,plane,3641,29,0.50682,0.99627,0.002818,0.51521,0.00461,89.99,-0.00741,0.00012
1779372276.7030,plane,3642,9,0.49512,0.50037,0.033169,0.15656,0.15005,81.58,0.00018,-0.00020
1779372276.7030,plane,3642,27,0.90965,0.16808,0.065338,0.40777,0.26977,137.84,0.02092,0.01279
1779372276.7030,plane,3642,28,0.12181,0.11760,0.058328,0.29189,0.15664,62.06,-0.02513,-0.00088
1779372276.7030,plane,3642,29,0.50840,0.99622,0.002857,0.55968,0.00373,89.93,0.01687,-0.00047
1779372276.7992,plane,3643,9,0.49510,0.50051,0.033179,0.15663,0.15002,81.54,-0.00022,0.00147
1779372276.7992,plane,3643,27,0.90709,0.16728,0.066506,0.40509,0.28380,135.47,-0.02665,-0.00833
1779372276.7992,plane,3643,28,0.12157,0.11787,0.058212,0.28101,0.14930,62.21,-0.00251,0.00278
1779372276.7992,plane,3643,29,0.50349,0.99634,0.002758,0.49752,0.00520,90.04,-0.05103,0.00116
1779372276.9112,plane,3644,9,0.49511,0.50043,0.033183,0.15667,0.15003,81.33,0.00009,-0.00075
1779372276.9112,plane,3644,27,0.90617,0.16870,0.067981,0.38627,0.24810,137.68,-0.00824,0.01280
1779372276.9112,plane,3644,28,0.12805,0.11725,0.060708,0.30326,0.16121,62.54,0.05828,-0.00558
1779372276.9112,plane,3644,29,0.50624,0.99628,0.002803,0.50931,0.00497,90.04,0.02471,-0.00046
1779372277.0087,plane,3645,9,0.49515,0.50050,0.033174,0.15660,0.15005,81.65,0.00038,0.00072
1779372277.0087,plane,3645,27,0.91057,0.16638,0.063790,0.41303,0.28463,136.97,0.04472,-0.02360
1779372277.0087,plane,3645,28,0.11646,0.11765,0.056296,0.27817,0.14609,62.66,-0.11792,0.00413
1779372277.0087,plane,3645,29,0.50066,0.99640,0.002708,0.49457,0.00550,90.06,-0.05671,0.00115
1779372277.1020,plane,3646,9,0.49514,0.50045,0.033168,0.15658,0.15002,81.35,-0.00011,-0.00049
1779372277.1020,plane,3646,27,0.90916,0.16587,0.064489,0.42057,0.29059,136.48,-0.01516,-0.00551
1779372277.1020,plane,3646,28,0.11710,0.11785,0.056705,0.27975,0.14819,62.39,0.00688,0.00217
1779372277.1020,plane,3646,29,0.50124,0.99638,0.002723,0.49437,0.00567,90.07,0.00624,-0.00020
1779372277.2014,plane,3647,9,0.49512,0.50045,0.033161,0.15656,0.15001,81.24,-0.00018,-0.00010
1779372277.2014,plane,3647,27,0.91439,0.16657,0.061222,0.40647,0.27478,138.54,0.05270,0.00709
1779372277.2014,plane,3647,28,0.10905,0.11990,0.054070,0.24548,0.12624,62.52,-0.08107,0.02057
1779372277.2014,plane,3647,29,0.50036,0.99640,0.002708,0.49283,0.00581,90.09,-0.00887,0.00019
1779372277.3110,plane,3648,9,0.49513,0.50032,0.033173,0.15657,0.15006,81.10,0.00012,-0.00113
1779372277.3110,plane,3648,27,0.90912,0.16481,0.064240,0.38389,0.25342,139.07,-0.04813,-0.01609
1779372277.3110,plane,3648,28,0.11912,0.11715,0.056808,0.28550,0.15337,62.43,0.09202,-0.02505
1779372277.3110,plane,3648,29,0.50837,0.99624,0.002847,0.53765,0.00455,89.95,0.07315,-0.00148
1779372277.4051,plane,3649,9,0.49507,0.50034,0.033154,0.15657,0.14998,81.70,-0.00065,0.00024
1779372277.4051,plane,3649,27,0.91078,0.16817,0.064562,0.39993,0.26285,138.45,0.01767,0.03577
1779372277.4051,plane,3649,28,0.12093,0.11814,0.058002,0.28028,0.14877,62.43,0.01924,0.01046
1779372277.4051,plane,3649,29,0.51044,0.99607,0.002999,0.57032,0.00345,89.97,0.02204,-0.00172
1779372277.5003,plane,3650,9,0.49507,0.50048,0.033152,0.15656,0.14997,81.72,0.00004,0.00140
1779372277.5003,plane,3650,27,0.90910,0.16736,0.065194,0.41872,0.29152,136.40,-0.01757,-0.00849
1779372277.5003,plane,3650,28,0.12122,0.11718,0.057588,0.28360,0.15187,62.31,0.00301,-0.00994
1779372277.5003,plane,3650,29,0.50867,0.99623,0.002855,0.55926,0.00408,89.93,-0.01850,0.00159
1779372277.5964,plane,3651,9,0.49514,0.50048,0.033161,0.15656,0.15001,81.62,0.00068,0.00003
1779372277.5964,plane,3651,27,0.90867,0.16436,0.064185,0.41408,0.29048,137.51,-0.00446,-0.03116
1779372277.5964,plane,3651,28,0.11636,0.11724,0.055612,0.26397,0.14027,62.14,-0.05051,0.00062
1779372277.5964,plane,3651,29,0.50165,0.99637,0.002726,0.49521,0.00541,90.05,-0.07296,0.00155
1779372277.7086,plane,3652,9,0.49516,0.50054,0.033178,0.15666,0.15001,81.60,0.00017,0.00051
1779372277.7086,plane,3652,27,0.90840,0.16716,0.065845,0.40711,0.26609,137.60,-0.00235,0.02499
1779372277.7086,plane,3652,28,0.12120,0.11804,0.058256,0.27958,0.14589,62.88,0.04325,0.00713
1779372277.7086,plane,3652,29,0.49708,0.99646,0.002655,0.49966,0.00735,90.09,-0.04083,0.00080
1779372277.8068,plane,3653,9,0.49512,0.50037,0.033178,0.15657,0.15006,81.41,-0.00037,-0.00167
1779372277.8068,plane,3653,27,0.90895,0.16724,0.065335,0.41387,0.27906,137.56,0.00559,0.00090
1779372277.8068,plane,3653,28,0.11987,0.11830,0.057758,0.27492,0.14438,62.56,-0.01350,0.00267
1779372277.8068,plane,3653,29,0.50490,0.99631,0.002777,0.50392,0.00556,90.04,0.07944,-0.00151
1779372277.9030,plane,3654,9,0.49510,0.50050,0.033171,0.15658,0.15001,81.50,-0.00022,0.00131
1779372277.9030,plane,3654,27,0.90883,0.16816,0.065987,0.39506,0.25499,137.57,-0.00134,0.00963
1779372277.9030,plane,3654,28,0.12211,0.11843,0.058609,0.28584,0.15599,61.70,0.02350,0.00130
1779372277.9030,plane,3654,29,0.50227,0.99636,0.002736,0.49720,0.00554,90.04,-0.02752,0.00050
1779372277.9999,plane,3655,9,0.49515,0.50032,0.033190,0.15662,0.15009,81.12,0.00048,-0.00185
1779372277.9999,plane,3655,27,0.90516,0.16551,0.067307,0.39570,0.26266,137.80,-0.03747,-0.02709
1779372277.9999,plane,3655,28,0.12669,0.11686,0.060030,0.30435,0.16483,62.22,0.04673,-0.01602
1779372277.9999,plane,3655,29,0.49892,0.99642,0.002687,0.49852,0.00507,90.04,-0.03427,0.00062
1779372278.1116,plane,3656,9,0.49523,0.50069,0.033181,0.15662,0.15007,81.52,0.00072,0.00338
1779372278.1116,plane,3656,27,0.90941,0.17065,0.066632,0.40257,0.25862,136.54,0.03821,0.04615
1779372278.1116,plane,3656,28,0.12305,0.11915,0.060306,0.29909,0.15788,62.63,-0.03266,0.02061
1779372278.1116,plane,3656,29,0.49316,0.99653,0.002602,0.50000,0.03127,90.00,-0.05172,0.00099
1779372278.2053,plane,3657,9,0.49515,0.50035,0.033200,0.15671,0.15006,81.27,-0.00087,-0.00371
1779372278.2053,plane,3657,27,0.91057,0.16750,0.064548,0.39521,0.23637,138.54,0.01243,-0.03378
1779372278.2053,plane,3657,28,0.12076,0.11745,0.057665,0.29505,0.16074,61.99,-0.02457,-0.01823
1779372278.2053,plane,3657,29,0.49713,0.99646,0.002660,0.50146,0.00631,90.12,0.04247,-0.00081
1779372278.3038,plane,3658,9,0.49510,0.50066,0.033169,0.15670,0.14993,81.54,-0.00047,0.00315
1779372278.3038,plane,3658,27,0.90831,0.16723,0.065659,0.40951,0.27993,137.00,-0.02277,-0.00265
1779372278.3038,plane,3658,28,0.12029,0.11802,0.057802,0.28949,0.15461,62.65,-0.00475,0.00568
1779372278.3038,plane,3658,29,0.49316,0.99653,0.002602,0.50000,0.03127,90.00,-0.03994,0.00076
1779372278.3988,plane,3659,9,0.49517,0.50055,0.033171,0.15661,0.15000,81.45,0.00070,-0.00116
1779372278.3988,plane,3659,27,0.91080,0.16692,0.063909,0.40853,0.27364,138.13,0.02618,-0.00328
1779372278.3988,plane,3659,28,0.11905,0.11828,0.057258,0.27596,0.14491,62.72,-0.01299,0.00277
1779372278.3988,plane,3659,29,0.49316,0.99653,0.002602,0.50000,0.03127,90.00,0.00000,0.00000
1779372278.5100,plane,3660,9,0.49517,0.50081,0.033151,0.15658,0.14996,82.36,0.00004,0.00232
1779372278.5100,plane,3660,27,0.90945,0.16623,0.064509,0.46452,0.34452,133.92,-0.01215,-0.00621
1779372278.5100,plane,3660,28,0.11831,0.11790,0.056859,0.27630,0.14644,62.29,-0.00665,-0.00337
1779372278.5100,plane,3660,29,0.49316,0.99653,0.002602,0.50000,0.03127,90.00,0.00000,0.00000
1779372278.6066,plane,3661,9,0.49518,0.50060,0.033154,0.15660,0.14995,81.52,0.00005,-0.00215
1779372278.6066,plane,3661,27,0.90974,0.16292,0.063000,0.43207,0.31100,137.59,0.00297,-0.03427
1779372278.6066,plane,3661,28,0.12077,0.11408,0.056023,0.28218,0.14642,62.90,0.02543,-0.03963
1779372278.6066,plane,3661,29,0.49316,0.99653,0.002602,0.50000,0.03127,90.00,0.00000,0.00000
1779372278.7027,plane,3662,9,0.49516,0.50072,0.033151,0.15656,0.14995,82.39,-0.00017,0.00129
1779372278.7027,plane,3662,27,0.91117,0.16432,0.062273,0.41017,0.29499,136.99,0.01502,0.01469
1779372278.7027,plane,3662,28,0.11403,0.11771,0.054708,0.26545,0.14384,61.83,-0.07084,0.03810
1779372278.7027,plane,3662,29,0.49316,0.99653,0.002602,0.50000,0.03127,90.00,0.00000,0.00000
1779372278.7990,plane,3663,9,0.49517,0.50073,0.033161,0.15657,0.15001,82.29,0.00006,0.00004
1779372278.7990,plane,3663,27,0.90988,0.16560,0.064004,0.39585,0.26310,139.12,-0.01323,0.01315
1779372278.7990,plane,3663,28,0.11939,0.11778,0.056746,0.27443,0.14905,61.93,0.05511,0.00073
1779372278.7990,plane,3663,29,0.49316,0.99653,0.002602,0.50000,0.03127,90.00,0.00000,0.00000
1779372278.9116,plane,3664,9,0.49516,0.50070,0.033162,0.15656,0.15001,82.02,-0.00003,-0.00027
1779372278.9116,plane,3664,27,0.91057,0.16733,0.064379,0.40310,0.26197,137.97,0.00615,0.01538
1779372278.9116,plane,3664,28,0.12003,0.11747,0.057512,0.28197,0.14811,62.78,0.00573,-0.00275
1779372278.9116,plane,3664,29,0.49316,0.99653,0.002602,0.50000,0.03127,90.00,0.00000,0.00000
1779372279.0078,plane,3665,9,0.49516,0.50051,0.033188,0.15665,0.15008,81.73,-0.00007,-0.00193
1779372279.0078,plane,3665,27,0.91177,0.16818,0.064031,0.40102,0.25107,139.76,0.01243,0.00885
1779372279.0078,plane,3665,28,0.11195,0.12091,0.056781,0.26888,0.13613,62.83,-0.08395,0.03581
1779372279.0078,plane,3665,29,0.49316,0.99653,0.002602,0.50000,0.03127,90.00,0.00000,0.00000
1779372279.0989,plane,3666,9,0.49511,0.50064,0.033154,0.15663,0.14990,81.90,-0.00049,0.00144
1779372279.0989,plane,3666,29,0.49843,0.99643,0.002680,0.49144,0.00599,90.17,0.05768,-0.00111
1779372279.0989,plane,3666,37,0.53864,0.14454,0.126599,1.00719,0.68281,87.76,0.00000,0.00000
1779372279.1994,plane,3667,9,0.49491,0.50010,0.033196,0.15674,0.15000,81.25,-0.00199,-0.00546
1779372279.1994,plane,3667,27,0.90561,0.16534,0.066405,0.46321,0.36773,133.97,-0.06181,-0.02856
1779372279.1994,plane,3667,28,0.11843,0.11825,0.058219,0.28045,0.14422,62.54,0.06509,-0.02672
1779372279.1994,plane,3667,29,0.50867,0.99623,0.002853,0.53437,0.00497,89.95,0.10284,-0.00204
1779372279.3130,plane,3668,9,0.49501,0.50035,0.033173,0.15662,0.15004,81.74,0.00081,0.00217
1779372279.3130,plane,3668,27,0.90880,0.16799,0.065913,0.38811,0.25111,138.77,0.02783,0.02318
1779372279.3130,plane,3668,28,0.12020,0.11793,0.057804,0.28996,0.15726,61.95,0.01544,-0.00283
1779372279.3130,plane,3668,29,0.50726,0.99626,0.002825,0.51451,0.00490,90.00,-0.01231,0.00028
1779372279.4075,plane,3669,9,0.49518,0.50026,0.033195,0.15672,0.15004,81.89,0.00182,-0.00092
1779372279.4075,plane,3669,27,0.90639,0.16739,0.067301,0.37817,0.23917,137.38,-0.02559,-0.00634
1779372279.4075,plane,3669,28,0.12482,0.11775,0.060116,0.29102,0.15203,62.49,0.04906,-0.00190
1779372279.4075,plane,3669,29,0.50842,0.99624,0.002847,0.53522,0.00460,89.97,0.01232,-0.00026
1779372279.5051,plane,3670,9,0.49519,0.50061,0.033162,0.15662,0.14995,81.59,0.00013,0.00359
1779372279.5051,plane,3670,27,0.90835,0.16679,0.065420,0.41350,0.28353,137.33,0.02007,-0.00616
1779372279.5051,plane,3670,28,0.12155,0.12079,0.059574,0.30585,0.17312,61.22,-0.03356,0.03121
1779372279.5051,plane,3670,29,0.50859,0.99622,0.002858,0.55517,0.00384,89.96,0.00180,-0.00014
1779372279.5981,plane,3671,9,0.49513,0.50028,0.033173,0.15666,0.14999,81.30,-0.00062,-0.00356
1779372279.5981,plane,3671,27,0.90878,0.16879,0.066159,0.40350,0.25883,136.16,0.00466,0.02144
1779372279.5981,plane,3671,28,0.12322,0.11808,0.059275,0.28989,0.15293,62.48,0.01797,-0.02906
1779372279.5981,plane,3671,29,0.51041,0.99605,0.003018,0.56843,0.00345,89.97,0.01952,-0.00179
1779372279.7106,plane,3672,9,0.49511,0.50053,0.033181,0.15660,0.15006,81.39,-0.00018,0.00229
1779372279.7106,plane,3672,27,0.90957,0.16597,0.064311,0.38820,0.25908,138.35,0.00709,-0.02533
1779372279.7106,plane,3672,28,0.11730,0.11803,0.056549,0.27626,0.14640,62.11,-0.05310,-0.00048
1779372279.7106,plane,3672,29,0.49360,0.99653,0.002608,0.50755,0.01718,90.24,-0.15069,0.00422
1779372279.8080,plane,3673,9,0.49513,0.50038,0.033184,0.15658,0.15011,81.13,0.00020,-0.00154
1779372279.8080,plane,3673,27,0.90600,0.16835,0.067819,0.40520,0.27690,135.93,-0.03635,0.02427
1779372279.8080,plane,3673,28,0.12517,0.11927,0.060693,0.31272,0.17392,61.55,0.08000,0.01260
1779372279.8080,plane,3673,29,0.50641,0.99628,0.002806,0.50946,0.00457,90.01,0.13016,-0.00248
1779372279.9025,plane,3674,9,0.49513,0.50038,0.033178,0.15655,0.15009,81.22,-0.00000,-0.00004
1779372279.9025,plane,3674,27,0.90767,0.16549,0.065496,0.42175,0.29794,136.39,0.01771,-0.03025
1779372279.9025,plane,3674,28,0.12333,0.11687,0.058306,0.29169,0.15764,62.02,-0.01944,-0.02537
1779372279.9025,plane,3674,29,0.49447,0.99651,0.002618,0.41833,0.04687,0.00,-0.12620,0.00244
1779372279.9974,plane,3675,9,0.49513,0.50032,0.033181,0.15662,0.15006,81.36,-0.00005,-0.00062
1779372279.9974,plane,3675,27,0.91074,0.16661,0.063878,0.38895,0.25835,138.94,0.03237,0.01182
1779372279.9974,plane,3675,28,0.11574,0.11803,0.056044,0.27913,0.15196,61.43,-0.08004,0.01221
1779372279.9974,plane,3675,29,0.50792,0.99625,0.002833,0.52600,0.00459,90.02,0.14177,-0.00276
1779372280.1124,plane,3676,9,0.49510,0.50034,0.033173,0.15656,0.15006,81.51,-0.00025,0.00021
1779372280.1124,plane,3676,27,0.91308,0.16591,0.061842,0.40027,0.27035,138.88,0.02038,-0.00616
1779372280.1124,plane,3676,28,0.11091,0.11837,0.054198,0.24575,0.12806,62.17,-0.04199,0.00294
1779372280.1124,plane,3676,29,0.49991,0.99641,0.002694,0.49705,0.00712,90.14,-0.06973,0.00142
1779372280.2075,plane,3677,9,0.49511,0.50034,0.033168,0.15654,0.15006,81.30,0.00013,-0.00007
1779372280.2075,plane,3677,27,0.91412,0.16523,0.060847,0.41246,0.27771,137.00,0.01094,-0.00716
1779372280.2075,plane,3677,28,0.11089,0.11756,0.053452,0.25750,0.13763,62.02,-0.00017,-0.00859
1779372280.2075,plane,3677,29,0.50358,0.99634,0.002757,0.49492,0.00544,90.06,0.03896,-0.00081
1779372280.3063,plane,3678,9,0.49512,0.50026,0.033178,0.15664,0.15002,81.52,0.00006,-0.00083
1779372280.3063,plane,3678,27,0.90862,0.16611,0.065057,0.38975,0.25260,137.36,-0.05540,0.00883
1779372280.3063,plane,3678,28,0.12133,0.11772,0.058021,0.29357,0.15889,62.33,0.10518,0.00166
1779372280.3063,plane,3678,29,0.50858,0.99623,0.002855,0.54882,0.00404,89.96,0.05034,-0.00113
1779372280.3981,plane,3679,9,0.49510,0.50035,0.033166,0.15656,0.15004,81.64,-0.00020,0.00102
1779372280.3981,plane,3679,27,0.90935,0.16780,0.065470,0.40880,0.26772,137.96,0.00799,0.01835
1779372280.3981,plane,3679,28,0.11456,0.12096,0.057977,0.26519,0.13383,62.89,-0.07346,0.03512
1779372280.3981,plane,3679,29,0.50839,0.99623,0.002848,0.54197,0.00404,89.98,-0.00208,0.00008
1779372280.5102,plane,3680,9,0.49514,0.50050,0.033159,0.15661,0.14993,81.17,0.00039,0.00137
1779372280.5102,plane,3680,27,0.90861,0.16650,0.065135,0.42427,0.29579,137.32,-0.00661,-0.01154
1779372280.5102,plane,3680,28,0.12143,0.11783,0.058195,0.29621,0.16026,62.10,0.06122,-0.02790
1779372280.5102,plane,3680,29,0.50670,0.99627,0.002813,0.50949,0.00490,90.04,-0.01502,0.00036
1779372280.6045,plane,3681,9,0.49511,0.50048,0.033168,0.15661,0.14999,81.10,-0.00028,-0.00021
1779372280.6045,plane,3681,27,0.90801,0.16677,0.065906,0.38024,0.24452,138.74,-0.00640,0.00279
1779372280.6045,plane,3681,28,0.12061,0.11813,0.058246,0.28621,0.15001,62.83,-0.00866,0.00316
1779372280.6045,plane,3681,29,0.50192,0.99636,0.002735,0.49881,0.00525,90.04,-0.05078,0.00096
1779372280.7015,plane,3682,9,0.49510,0.50045,0.033184,0.15663,0.15005,81.07,-0.00017,-0.00039
1779372280.7015,plane,3682,29,0.50535,0.99630,0.002787,0.50080,0.00523,90.06,0.03563,-0.00064
1779372280.7015,plane,3682,38,0.53741,0.14475,0.128257,1.00687,0.69243,87.85,0.00000,0.00000
1779372280.7991,plane,3683,9,0.49509,0.50039,0.033184,0.15661,0.15007,81.39,-0.00007,-0.00053
1779372280.7991,plane,3683,27,0.90660,0.16713,0.066966,0.39877,0.26796,137.66,-0.01436,0.00374
1779372280.7991,plane,3683,28,0.12521,0.11711,0.059202,0.30501,0.16719,62.09,0.04689,-0.01038
1779372280.7991,plane,3683,29,0.50184,0.99637,0.002730,0.49519,0.00539,90.05,-0.03582,0.00069
1779372280.9096,plane,3684,9,0.49513,0.50036,0.033176,0.15657,0.15008,81.38,0.00035,-0.00030
1779372280.9096,plane,3684,27,0.90811,0.16510,0.064791,0.41104,0.29048,137.53,0.01362,-0.01832
1779372280.9096,plane,3684,28,0.12035,0.11769,0.057173,0.29218,0.15988,62.05,-0.04381,0.00524
1779372280.9096,plane,3684,29,0.50508,0.99631,0.002782,0.49812,0.00549,90.06,0.02916,-0.00055
1779372281.0050,plane,3685,9,0.49511,0.50034,0.033171,0.15654,0.15008,81.31,-0.00018,-0.00020
1779372281.0050,plane,3685,27,0.90676,0.16508,0.065879,0.41764,0.29208,136.74,-0.01425,-0.00021
1779372281.0050,plane,3685,28,0.12399,0.11680,0.058538,0.29568,0.16142,61.73,0.03828,-0.00931
1779372281.0050,plane,3685,29,0.50681,0.99627,0.002813,0.51163,0.00487,90.03,0.01827,-0.00037
1779372281.1021,plane,3686,9,0.49512,0.50032,0.033178,0.15658,0.15008,81.23,0.00012,-0.00023
1779372281.1021,plane,3686,27,0.90912,0.16594,0.064709,0.39905,0.26741,138.70,0.02431,0.00883
1779372281.1021,plane,3686,28,0.12004,0.11757,0.057056,0.27524,0.14880,61.65,-0.04063,0.00794
1779372281.1021,plane,3686,29,0.50841,0.99624,0.002847,0.53495,0.00443,89.99,0.01645,-0.00039
1779372281.1993,plane,3687,9,0.49513,0.50028,0.033169,0.15659,0.15002,81.35,0.00008,-0.00039
1779372281.1993,plane,3687,27,0.91389,0.16406,0.060566,0.39995,0.26222,138.54,0.04967,-0.01952
1779372281.1993,plane,3687,28,0.10728,0.11885,0.053065,0.25541,0.13544,61.74,-0.13288,0.01326
1779372281.1993,plane,3687,29,0.50829,0.99624,0.002843,0.53049,0.00447,90.00,-0.00130,0.00004
1779372281.3114,plane,3688,9,0.49513,0.50027,0.033164,0.15656,0.15003,81.26,-0.00004,-0.00011
1779372281.3114,plane,3688,27,0.91184,0.16452,0.062173,0.40862,0.27225,137.38,-0.01816,0.00409
1779372281.3114,plane,3688,28,0.11503,0.11669,0.054504,0.27102,0.14623,62.04,0.06846,-0.01910
1779372281.3114,plane,3688,29,0.50841,0.99624,0.002847,0.53124,0.00454,89.99,0.00106,-0.00003
1779372281.4059,plane,3689,9,0.49511,0.50042,0.033159,0.15655,0.15001,81.31,-0.00019,0.00157
1779372281.4059,plane,3689,27,0.91245,0.16737,0.062971,0.39192,0.25693,139.28,0.00650,0.03010
1779372281.4059,plane,3689,28,0.11527,0.11843,0.055766,0.26532,0.13942,62.31,0.00252,0.01844
1779372281.4059,plane,3689,29,0.50818,0.99624,0.002840,0.53323,0.00447,89.99,-0.00236,0.00008
1779372281.5043,plane,3690,9,0.49514,0.50048,0.033178,0.15659,0.15008,81.56,0.00029,0.00063
1779372281.5043,plane,3690,27,0.91020,0.16633,0.064043,0.38099,0.25133,138.33,-0.02310,-0.01067
1779372281.5043,plane,3690,28,0.11631,0.11783,0.055868,0.28098,0.15321,61.71,0.01075,-0.00619
1779372281.5043,plane,3690,29,0.50018,0.99641,0.002699,0.49854,0.00693,90.07,-0.08217,0.00169
1779372281.5989,plane,3691,9,0.49516,0.50063,0.033166,0.15666,0.14995,81.20,0.00020,0.00160
1779372281.5989,plane,3691,27,0.90919,0.16845,0.065818,0.40302,0.26319,138.43,-0.01057,0.02213
1779372281.5989,plane,3691,28,0.12274,0.11827,0.059131,0.30971,0.17177,61.96,0.06701,0.00463
1779372281.5989,plane,3691,29,0.49316,0.99653,0.002602,0.50000,0.03127,90.00,-0.07321,0.00130
1779372281.7126,plane,3692,9,0.49507,0.50048,0.033162,0.15661,0.14996,81.16,-0.00076,-0.00135
1779372281.7126,plane,3692,27,0.90906,0.16647,0.064902,0.41333,0.28251,137.07,-0.00111,-0.01767
1779372281.7126,plane,3692,28,0.12208,0.11717,0.058022,0.29661,0.16112,62.12,-0.00585,-0.00982
1779372281.7126,plane,3692,29,0.50728,0.99627,0.002819,0.51957,0.00474,90.03,0.12577,-0.00238
1779372281.8074,plane,3693,9,0.49506,0.50044,0.033178,0.15659,0.15007,81.42,-0.00017,-0.00044
1779372281.8074,plane,3693,27,0.90792,0.16746,0.066045,0.40219,0.27969,136.07,-0.01191,0.01036
1779372281.8074,plane,3693,28,0.12038,0.11882,0.058463,0.27667,0.14444,62.69,-0.01772,0.01726
1779372281.8074,plane,3693,29,0.50470,0.99631,0.002782,0.50705,0.00452,90.01,-0.02686,0.00044
1779372281.9038,plane,3694,9,0.49513,0.50036,0.033176,0.15656,0.15008,81.23,0.00080,-0.00081
1779372281.9038,plane,3694,27,0.90786,0.16622,0.065723,0.39370,0.26400,138.13,-0.00058,-0.01283
1779372281.9038,plane,3694,28,0.12182,0.11778,0.058214,0.30136,0.16523,62.22,0.01488,-0.01083
1779372281.9038,plane,3694,29,0.50824,0.99624,0.002842,0.53311,0.00447,89.99,0.03668,-0.00069
1779372281.9981,plane,3695,9,0.49516,0.50047,0.033190,0.15664,0.15008,81.61,0.00034,0.00116
1779372281.9981,plane,3695,29,0.50405,0.99633,0.002762,0.49776,0.00552,90.07,-0.04473,0.00097
1779372281.9981,plane,3695,39,0.53729,0.14405,0.129094,0.99927,0.67481,88.36,0.00000,0.00000
1779372282.1094,plane,3696,9,0.49512,0.50043,0.033188,0.15662,0.15010,81.33,-0.00042,-0.00029
1779372282.1094,plane,3696,29,0.50172,0.99637,0.002726,0.49867,0.00525,90.03,-0.02078,0.00038
1779372282.1094,plane,3696,39,0.53700,0.14437,0.127513,1.01329,0.70435,87.16,-0.00257,0.00281
1779372282.2072,plane,3697,9,0.49511,0.50039,0.033171,0.15652,0.15008,81.15,-0.00004,-0.00044
1779372282.2072,plane,3697,27,0.90924,0.16832,0.065774,0.39866,0.25898,138.43,0.01403,0.02155
1779372282.2072,plane,3697,28,0.12104,0.11828,0.058504,0.29671,0.16047,61.95,-0.00793,0.00520
1779372282.2072,plane,3697,29,0.49711,0.99646,0.002658,0.49798,0.00661,90.10,-0.04724,0.00087
1779372282.3006,plane,3698,9,0.49508,0.50038,0.033188,0.15661,0.15008,81.40,-0.00038,-0.00008
1779372282.3006,plane,3698,29,0.50210,0.99637,0.002730,0.50002,0.00545,90.05,0.05336,-0.00095
1779372282.3006,plane,3698,39,0.53751,0.14492,0.132818,1.01505,0.71631,86.52,0.00545,0.00597
1779372282.3988,plane,3699,9,0.49512,0.50036,0.033168,0.15654,0.15007,81.38,0.00048,-0.00022
1779372282.3988,plane,3699,27,0.90928,0.16573,0.064533,0.40992,0.28055,137.79,0.00047,-0.02639
1779372282.3988,plane,3699,28,0.12179,0.11777,0.058202,0.28847,0.15605,61.82,0.00758,-0.00524
1779372282.3988,plane,3699,29,0.50371,0.99633,0.002762,0.50033,0.00525,90.02,0.01643,-0.00039
1779372282.5123,plane,3700,9,0.49511,0.50038,0.033168,0.15652,0.15008,81.19,-0.00011,0.00018
1779372282.5123,plane,3700,27,0.90641,0.16644,0.066869,0.39958,0.25872,136.64,-0.02543,0.00627
1779372282.5123,plane,3700,28,0.12473,0.11643,0.058965,0.31439,0.17643,61.45,0.02605,-0.01185
1779372282.5123,plane,3700,29,0.49909,0.99642,0.002687,0.49968,0.00562,90.03,-0.04096,0.00081
1779372282.6060,plane,3701,9,0.49514,0.50032,0.033176,0.15661,0.15004,81.23,0.00035,-0.00070
1779372282.6060,plane,3701,27,0.90998,0.16714,0.064596,0.40650,0.26506,135.79,0.03792,0.00743
1779372282.6060,plane,3701,28,0.11961,0.11795,0.057331,0.28351,0.15137,62.48,-0.05433,0.01613
1779372282.6060,plane,3701,29,0.50867,0.99622,0.002857,0.55201,0.00391,89.96,0.10173,-0.00211
1779372282.7028,plane,3702,9,0.49513,0.50043,0.033162,0.15656,0.15002,81.44,-0.00016,0.00113
1779372282.7028,plane,3702,27,0.90939,0.16580,0.064545,0.39537,0.25946,138.89,-0.00609,-0.01380
1779372282.7028,plane,3702,28,0.11966,0.11777,0.057019,0.28483,0.15630,61.81,0.00049,-0.00189
1779372282.7028,plane,3702,29,0.50535,0.99629,0.002794,0.50615,0.00483,90.01,-0.03422,0.00073
1779372282.7990,plane,3703,9,0.49513,0.50038,0.033176,0.15658,0.15008,81.13,0.00002,-0.00044
1779372282.7990,plane,3703,27,0.90820,0.16528,0.064996,0.38228,0.25822,138.10,-0.01243,-0.00535
1779372282.7990,plane,3703,28,0.11820,0.11839,0.056893,0.25310,0.13018,62.60,-0.01517,0.00647
1779372282.7990,plane,3703,29,0.50653,0.99628,0.002804,0.51288,0.00524,90.02,0.01226,-0.00012
1779372282.9110,plane,3704,9,0.49512,0.50040,0.033159,0.15654,0.15003,81.27,-0.00009,0.00014
1779372282.9110,plane,3704,27,0.90733,0.16675,0.066294,0.40573,0.27307,137.27,-0.00770,0.01310
1779372282.9110,plane,3704,28,0.12289,0.11732,0.058611,0.29286,0.15658,62.45,0.04191,-0.00958
1779372282.9110,plane,3704,29,0.50456,0.99632,0.002774,0.50027,0.00580,90.07,-0.01759,0.00032
1779372283.0078,plane,3705,9,0.49510,0.50041,0.033174,0.15659,0.15004,81.63,-0.00018,0.00007
1779372283.0078,plane,3705,27,0.91055,0.16701,0.064126,0.43269,0.29309,137.76,0.03343,0.00269
1779372283.0078,plane,3705,28,0.11834,0.11815,0.056871,0.27903,0.15129,61.79,-0.04725,0.00860
1779372283.0078,plane,3705,29,0.50324,0.99634,0.002753,0.49516,0.00543,90.03,-0.01370,0.00024
1779372283.1035,plane,3706,9,0.49509,0.50041,0.033157,0.15652,0.15004,81.43,-0.00009,0.00002
1779372283.1035,plane,3706,27,0.91054,0.16591,0.063790,0.41323,0.27536,138.59,-0.00010,-0.01143
1779372283.1035,plane,3706,28,0.11700,0.11811,0.056859,0.27562,0.14586,61.80,-0.01393,-0.00038
1779372283.1035,plane,3706,29,0.49908,0.99643,0.002682,0.49767,0.00667,90.09,-0.04332,0.00091
1779372283.1976,plane,3707,9,0.49512,0.50039,0.033161,0.15655,0.15003,81.34,0.00031,-0.00025
1779372283.1976,plane,3707,27,0.90933,0.16590,0.064473,0.39845,0.27146,137.68,-0.01286,-0.00011
1779372283.1976,plane,3707,28,0.11935,0.11783,0.057236,0.27852,0.14717,62.53,0.02498,-0.00298
1779372283.1976,plane,3707,29,0.50310,0.99635,0.002745,0.49619,0.00603,90.07,0.04274,-0.00082
1779372283.3115,plane,3708,9,0.49513,0.50030,0.033171,0.15659,0.15003,81.27,0.00003,-0.00071
1779372283.3115,plane,3708,27,0.91041,0.16661,0.064050,0.41080,0.26669,136.01,0.00949,0.00621
1779372283.3115,plane,3708,28,0.11588,0.11826,0.056149,0.27792,0.15114,61.51,-0.03059,0.00381
1779372283.3115,plane,3708,29,0.50810,0.99624,0.002838,0.52837,0.00460,89.99,0.04397,-0.00094
1779372283.4075,plane,3709,9,0.49513,0.50041,0.033164,0.15658,0.15001,81.45,0.00009,0.00111
1779372283.4075,plane,3709,27,0.91023,0.16658,0.064201,0.40368,0.26875,138.47,-0.00186,-0.00024
1779372283.4075,plane,3709,28,0.11867,0.11798,0.057031,0.30560,0.16936,61.94,0.02909,-0.00294
1779372283.4075,plane,3709,29,0.50604,0.99629,0.002799,0.50233,0.00551,90.03,-0.02152,0.00046
1779372283.5030,plane,3710,9,0.49512,0.50036,0.033169,0.15657,0.15005,81.49,-0.00014,-0.00050
1779372283.5030,plane,3710,27,0.90836,0.16718,0.065830,0.40392,0.27186,137.74,-0.01971,0.00624
1779372283.5030,plane,3710,28,0.12093,0.11889,0.058587,0.30785,0.16989,61.99,0.02388,0.00957
1779372283.5030,plane,3710,29,0.50836,0.99623,0.002848,0.52975,0.00485,89.96,0.02452,-0.00059
1779372283.5998,plane,3711,9,0.49510,0.50044,0.033176,0.15658,0.15006,81.09,-0.00028,0.00077
1779372283.5998,plane,3711,27,0.90823,0.16838,0.066437,0.40595,0.26720,138.18,-0.00136,0.01233
1779372283.5998,plane,3711,28,0.12359,0.11734,0.059126,0.29144,0.15383,62.45,0.02722,-0.01583
1779372283.5998,plane,3711,29,0.50764,0.99625,0.002830,0.51905,0.00466,90.02,-0.00740,0.00021
1779372283.7110,plane,3712,9,0.49513,0.50047,0.033176,0.15657,0.15009,81.65,0.00030,0.00024
1779372283.7110,plane,3712,27,0.90891,0.16661,0.065035,0.39000,0.26249,138.64,0.00610,-0.01593
1779372283.7110,plane,3712,28,0.12157,0.11781,0.058289,0.30342,0.16640,62.33,-0.01817,0.00419
1779372283.7110,plane,3712,29,0.50626,0.99629,0.002803,0.51026,0.00493,90.03,-0.01243,0.00028
1779372283.8080,plane,3713,9,0.49515,0.50052,0.033178,0.15661,0.15005,81.73,0.00021,0.00052
1779372283.8080,plane,3713,27,0.90815,0.16676,0.065769,0.39775,0.26272,137.73,-0.00788,0.00158
1779372283.8080,plane,3713,28,0.12150,0.11818,0.058523,0.28841,0.15409,62.33,-0.00071,0.00387
1779372283.8080,plane,3713,29,0.50484,0.99631,0.002779,0.49557,0.00486,90.04,-0.01468,0.00029
1779372283.9028,plane,3714,9,0.49511,0.50050,0.033181,0.15659,0.15007,81.43,-0.00039,-0.00018
1779372283.9028,plane,3714,27,0.90693,0.16797,0.067035,0.39189,0.25959,137.04,-0.01287,0.01271
1779372283.9028,plane,3714,28,0.12683,0.11747,0.060377,0.29014,0.15439,62.23,0.05615,-0.00753
1779372283.9028,plane,3714,29,0.49822,0.99644,0.002670,0.49870,0.00686,90.06,-0.06973,0.00138
1779372283.9993,plane,3715,9,0.49512,0.50041,0.033171,0.15654,0.15007,81.41,0.00006,-0.00098
1779372283.9993,plane,3715,27,0.90984,0.16731,0.064718,0.39152,0.26595,137.50,0.03030,-0.00684
1779372283.9993,plane,3715,28,0.11751,0.11847,0.056875,0.27866,0.14718,62.54,-0.09671,0.01042
1779372283.9993,plane,3715,29,0.50371,0.99633,0.002760,0.49502,0.00542,90.05,0.05702,-0.00114
1779372284.1133,plane,3716,9,0.49512,0.50036,0.033166,0.15654,0.15005,81.30,0.00004,-0.00037
1779372284.1133,plane,3716,27,0.90949,0.16557,0.064109,0.40909,0.28855,137.24,-0.00309,-0.01524
1779372284.1133,plane,3716,28,0.11925,0.11760,0.056910,0.27704,0.14711,62.50,0.01526,-0.00765
1779372284.1133,plane,3716,29,0.50320,0.99635,0.002747,0.49563,0.00525,90.08,-0.00447,0.00015
1779372284.2054,plane,3717,9,0.49513,0.50043,0.033171,0.15657,0.15006,81.35,0.00003,0.00076
1779372284.2054,plane,3717,27,0.91064,0.16730,0.064180,0.39047,0.25445,138.90,0.01247,0.01875
1779372284.2054,plane,3717,28,0.11997,0.11821,0.058034,0.27731,0.14583,62.39,0.00778,0.00660
1779372284.2054,plane,3717,29,0.50573,0.99630,0.002792,0.50378,0.00559,90.04,0.02739,-0.00058
1779372284.3038,plane,3718,9,0.49513,0.50039,0.033183,0.15656,0.15010,81.21,0.00003,-0.00044
1779372284.3038,plane,3718,27,0.90572,0.16893,0.068539,0.40242,0.26853,136.92,-0.05020,0.01656
1779372284.3038,plane,3718,28,0.12804,0.11913,0.062041,0.31857,0.17711,61.50,0.08233,0.00942
1779372284.3038,plane,3718,29,0.50731,0.99626,0.002821,0.51905,0.00466,90.02,0.01610,-0.00034
1779372284.4017,plane,3719,9,0.49513,0.50037,0.033178,0.15654,0.15010,80.91,0.00000,-0.00021
1779372284.4017,plane,3719,27,0.90864,0.16545,0.064648,0.38863,0.26795,136.94,0.02976,-0.03539
1779372284.4017,plane,3719,28,0.12378,0.11713,0.058658,0.28838,0.15514,62.18,-0.04345,-0.02035
1779372284.4017,plane,3719,29,0.50354,0.99634,0.002753,0.49361,0.00588,90.10,-0.03835,0.00081
1779372284.5132,plane,3720,9,0.49510,0.50037,0.033178,0.15658,0.15006,81.44,-0.00021,-0.00002
1779372284.5132,plane,3720,27,0.90851,0.16646,0.065323,0.40272,0.26538,136.13,-0.00116,0.00907
1779372284.5132,plane,3720,28,0.12035,0.11815,0.057804,0.29588,0.16376,61.48,-0.03096,0.00919
1779372284.5132,plane,3720,29,0.50410,0.99633,0.002760,0.49911,0.00600,90.11,0.00504,-0.00007
1779372284.6082,plane,3721,9,0.49511,0.50034,0.033184,0.15660,0.15009,81.61,0.00011,-0.00027
1779372284.6082,plane,3721,27,0.90807,0.16878,0.066710,0.41069,0.27124,137.09,-0.00461,0.02416
1779372284.6082,plane,3721,28,0.12544,0.11819,0.060187,0.28745,0.15139,62.47,0.05307,0.00041
1779372284.6082,plane,3721,29,0.50686,0.99627,0.002813,0.51111,0.00552,90.01,0.02874,-0.00064
1779372284.7007,plane,3722,9,0.49514,0.50045,0.033174,0.15657,0.15010,81.89,0.00030,0.00122
1779372284.7007,plane,3722,29,0.50769,0.99625,0.002830,0.51831,0.00481,90.04,0.00900,-0.00021
1779372284.7007,plane,3722,40,0.53566,0.14376,0.126538,1.01550,0.70762,86.86,0.00000,0.00000
1779372284.7984,plane,3723,9,0.49513,0.50044,0.033169,0.15657,0.15005,81.45,-0.00009,-0.00015
1779372284.7984,plane,3723,27,0.90956,0.16593,0.064329,0.42147,0.29330,137.03,0.01529,-0.02914
1779372284.7984,plane,3723,28,0.11706,0.11811,0.056966,0.26571,0.13558,62.46,-0.08574,-0.00081
1779372284.7984,plane,3723,29,0.50415,0.99633,0.002765,0.49950,0.00576,90.09,-0.03629,0.00076
1779372284.9115,plane,3724,9,0.49513,0.50037,0.033174,0.15658,0.15005,81.44,-0.00002,-0.00064
1779372284.9115,plane,3724,27,0.90719,0.16746,0.066703,0.40107,0.27134,137.10,-0.02103,0.01352
1779372284.9115,plane,3724,28,0.12266,0.11951,0.059714,0.29478,0.15720,62.63,0.04950,0.01235
1779372284.9115,plane,3724,29,0.50842,0.99624,0.002847,0.53369,0.00445,89.99,0.03782,-0.00083
1779372285.0080,plane,3725,9,0.49512,0.50036,0.033169,0.15653,0.15007,81.20,-0.00010,-0.00006
1779372285.0080,plane,3725,27,0.90920,0.16767,0.065336,0.39395,0.26364,137.84,0.02099,0.00222
1779372285.0080,plane,3725,28,0.11388,0.12041,0.057198,0.28718,0.15296,61.94,-0.09162,0.00943
1779372285.0080,plane,3725,29,0.50485,0.99631,0.002777,0.49829,0.00569,90.06,-0.03730,0.00083
1779372285.1009,plane,3726,9,0.49512,0.50035,0.033173,0.15654,0.15007,81.47,-0.00002,-0.00010
1779372285.1009,plane,3726,29,0.50689,0.99627,0.002814,0.51686,0.00463,90.01,0.02189,-0.00046
1779372285.1009,plane,3726,40,0.53762,0.14356,0.124978,1.00592,0.68470,88.17,0.02104,-0.00209
1779372285.1987,plane,3727,9,0.49513,0.50033,0.033174,0.15657,0.15006,81.06,0.00015,-0.00018
1779372285.1987,plane,3727,27,0.90514,0.16755,0.068280,0.39629,0.26459,137.10,-0.04143,-0.00117
1779372285.1987,plane,3727,28,0.12631,0.11781,0.060645,0.28753,0.14957,62.66,0.12677,-0.02651
1779372285.1987,plane,3727,29,0.50853,0.99623,0.002850,0.53524,0.00460,89.97,0.01675,-0.00041
1779372285.3119,plane,3728,9,0.49512,0.50059,0.033168,0.15663,0.14999,81.86,-0.00014,0.00229
1779372285.3119,plane,3728,27,0.90748,0.16763,0.066591,0.38935,0.25354,137.84,0.02079,0.00065
1779372285.3119,plane,3728,28,0.12309,0.11917,0.059791,0.28594,0.15121,62.51,-0.02862,0.01209
1779372285.3119,plane,3728,29,0.50232,0.99636,0.002740,0.49443,0.00552,90.06,-0.05508,0.00112
1779372285.4078,plane,3729,9,0.49513,0.50038,0.033178,0.15656,0.15008,81.35,0.00009,-0.00222
1779372285.4078,plane,3729,27,0.90718,0.16800,0.066822,0.39902,0.27010,137.56,-0.00308,0.00383
1779372285.4078,plane,3729,28,0.12398,0.11869,0.059887,0.32716,0.18622,61.56,0.00923,-0.00501
1779372285.4078,plane,3729,29,0.50419,0.99632,0.002775,0.50015,0.00481,90.02,0.01936,-0.00044
1779372285.5041,plane,3730,9,0.49512,0.50048,0.033168,0.15660,0.14999,81.33,-0.00005,0.00111
1779372285.5041,plane,3730,27,0.90890,0.16723,0.065426,0.38418,0.24933,139.34,0.01796,-0.00804
1779372285.5041,plane,3730,28,0.11730,0.11806,0.057073,0.28315,0.15019,62.16,-0.06976,-0.00660
1779372285.5041,plane,3730,29,0.50358,0.99634,0.002758,0.50543,0.00492,90.01,-0.00636,0.00022
1779372285.5998,plane,3731,9,0.49510,0.50038,0.033179,0.15659,0.15006,81.42,-0.00025,-0.00104
1779372285.5998,plane,3731,27,0.90938,0.16565,0.064412,0.38369,0.25217,139.07,0.00501,-0.01635
1779372285.5998,plane,3731,28,0.12000,0.11756,0.057326,0.27208,0.14335,62.33,0.02797,-0.00523
1779372285.5998,plane,3731,29,0.49540,0.99649,0.002633,0.50213,0.00698,90.05,-0.08486,0.00161
1779372285.7100,plane,3732,9,0.49514,0.50027,0.033181,0.15665,0.15003,81.20,0.00036,-0.00102
1779372285.7100,plane,3732,27,0.91036,0.16623,0.063751,0.41974,0.28663,135.56,0.00890,0.00523
1779372285.7100,plane,3732,28,0.11658,0.11819,0.056185,0.27612,0.14837,62.00,-0.03106,0.00579
1779372285.7100,plane,3732,29,0.50914,0.99618,0.002894,0.56475,0.00357,89.96,0.12486,-0.00281
1779372285.8078,plane,3733,9,0.49514,0.50041,0.033173,0.15657,0.15005,81.72,0.00000,0.00140
1779372285.8078,plane,3733,27,0.91182,0.16609,0.062809,0.40176,0.27008,138.33,0.01499,-0.00141
1779372285.8078,plane,3733,28,0.11469,0.11779,0.055559,0.27043,0.14320,61.99,-0.01940,-0.00409
1779372285.8078,plane,3733,29,0.50052,0.99640,0.002703,0.49579,0.00671,90.11,-0.08843,0.00226
1779372285.9044,plane,3734,9,0.49514,0.50036,0.033176,0.15658,0.15007,81.31,-0.00002,-0.00051
1779372285.9044,plane,3734,27,0.90904,0.16586,0.064572,0.40624,0.28103,137.00,-0.02886,-0.00233
1779372285.9044,plane,3734,28,0.12110,0.11740,0.057641,0.27996,0.14955,62.22,0.06640,-0.00405
1779372285.9044,plane,3734,29,0.50632,0.99628,0.002804,0.50839,0.00505,90.04,0.06005,-0.00125
1779372285.9997,plane,3735,9,0.49510,0.50037,0.033178,0.15661,0.15004,81.46,-0.00034,0.00015
1779372285.9997,plane,3735,27,0.90907,0.16865,0.065964,0.40911,0.26914,137.54,0.00031,0.02929
1779372285.9997,plane,3735,28,0.11772,0.11993,0.058178,0.27168,0.13965,62.74,-0.03553,0.02656
1779372285.9997,plane,3735,29,0.50607,0.99629,0.002803,0.51524,0.00456,90.01,-0.00261,0.00002
1779372286.1118,plane,3736,9,0.49511,0.50042,0.033173,0.15657,0.15007,81.43,0.00007,0.00037
1779372286.1118,plane,3736,27,0.90669,0.16762,0.067139,0.42124,0.28546,136.29,-0.02111,-0.00915
1779372286.1118,plane,3736,28,0.12712,0.11726,0.060579,0.31981,0.17477,62.20,0.08350,-0.02374
1779372286.1118,plane,3736,29,0.50703,0.99627,0.002819,0.50873,0.00489,90.04,0.00853,-0.00017
1779372286.2053,plane,3737,9,0.49513,0.50042,0.033178,0.15657,0.15009,81.47,0.00016,0.00004
1779372286.2053,plane,3737,29,0.50603,0.99629,0.002799,0.50555,0.00503,90.04,-0.01075,0.00025
1779372286.2053,plane,3737,41,0.53838,0.14368,0.125295,1.01035,0.69094,87.27,0.00000,0.00000
1779372286.3048,plane,3738,9,0.49513,0.50042,0.033188,0.15658,0.15013,81.22,0.00007,-0.00004
1779372286.3048,plane,3738,27,0.90669,0.16775,0.067135,0.40061,0.26742,137.14,0.00004,0.00127
1779372286.3048,plane,3738,28,0.12514,0.11844,0.060627,0.29880,0.15765,62.79,-0.02010,0.01204
1779372286.3048,plane,3738,29,0.50596,0.99629,0.002799,0.50422,0.00494,90.04,-0.00071,-0.00001
1779372286.3997,plane,3739,9,0.49514,0.50041,0.033174,0.15658,0.15005,81.66,0.00004,-0.00006
1779372286.3997,plane,3739,27,0.91047,0.16646,0.064075,0.40673,0.26320,137.23,0.03941,-0.01338
1779372286.3997,plane,3739,28,0.11692,0.11890,0.057002,0.29239,0.15783,62.18,-0.08586,0.00474
1779372286.3997,plane,3739,29,0.50640,0.99628,0.002806,0.50528,0.00506,90.04,0.00461,-0.00007
1779372286.5123,plane,3740,9,0.49512,0.50040,0.033171,0.15654,0.15008,81.41,-0.00019,-0.00008
1779372286.5123,plane,3740,27,0.90988,0.16661,0.064323,0.41667,0.28901,137.28,-0.00522,0.00132
1779372286.5123,plane,3740,28,0.11627,0.11876,0.056527,0.27851,0.14980,61.89,-0.00578,-0.00127
1779372286.5123,plane,3740,29,0.49700,0.99647,0.002653,0.49872,0.00685,90.06,-0.08392,0.00165
1779372286.6073,plane,3741,9,0.49513,0.50033,0.033176,0.15659,0.15006,81.13,0.00013,-0.00077
1779372286.6073,plane,3741,27,0.90888,0.16547,0.064577,0.39693,0.27247,138.15,-0.01055,-0.01190
1779372286.6073,plane,3741,28,0.11816,0.11892,0.057102,0.26869,0.14039,62.88,0.01975,0.00175
1779372286.6073,plane,3741,29,0.50788,0.99625,0.002831,0.52882,0.00450,90.01,0.11382,-0.00223
1779372286.7030,plane,3742,9,0.49511,0.50042,0.033168,0.15655,0.15006,81.49,-0.00017,0.00099
1779372286.7030,plane,3742,27,0.90844,0.16734,0.065860,0.40100,0.26463,138.49,-0.00451,0.01950
1779372286.7030,plane,3742,28,0.12402,0.11671,0.058594,0.29265,0.15568,62.63,0.06122,-0.02318
1779372286.7030,plane,3742,29,0.50434,0.99632,0.002772,0.49844,0.00486,90.02,-0.03699,0.00070
1779372286.7995,plane,3743,9,0.49510,0.50041,0.033176,0.15658,0.15006,81.02,-0.00014,-0.00013
1779372286.7995,plane,3743,27,0.90809,0.16837,0.066420,0.41107,0.27729,137.77,-0.00370,0.01071
1779372286.7995,plane,3743,28,0.12285,0.11868,0.059599,0.29072,0.15373,62.58,-0.01216,0.02063
1779372286.7995,plane,3743,29,0.50041,0.99640,0.002704,0.49534,0.00546,90.05,-0.04094,0.00085
1779372286.9118,plane,3744,9,0.49511,0.50033,0.033166,0.15655,0.15004,81.17,0.00014,-0.00069
1779372286.9118,plane,3744,27,0.90942,0.16541,0.064262,0.40339,0.26136,137.40,0.01181,-0.02616
1779372286.9118,plane,3744,28,0.11900,0.11778,0.056793,0.28620,0.15380,62.29,-0.03409,-0.00795
1779372286.9118,plane,3744,29,0.50707,0.99627,0.002813,0.51834,0.00489,90.03,0.05894,-0.00113
1779372287.0079,plane,3745,9,0.49512,0.50039,0.033161,0.15652,0.15005,81.39,0.00002,0.00062
1779372287.0079,plane,3745,27,0.91005,0.16729,0.064680,0.38868,0.25371,138.50,0.00659,0.01966
1779372287.0079,plane,3745,28,0.11872,0.11803,0.057142,0.27178,0.14262,62.40,-0.00295,0.00253
1779372287.0079,plane,3745,29,0.50585,0.99630,0.002792,0.50706,0.00502,90.05,-0.01278,0.00025
1779372287.1046,plane,3746,9,0.49512,0.50037,0.033166,0.15656,0.15004,81.39,0.00003,-0.00022
1779372287.1046,plane,3746,27,0.90850,0.16640,0.065414,0.37509,0.23894,139.34,-0.01594,-0.00915
1779372287.1046,plane,3746,28,0.12313,0.11773,0.059023,0.31222,0.16891,62.56,0.04543,-0.00301
1779372287.1046,plane,3746,29,0.50812,0.99624,0.002840,0.53655,0.00410,89.98,0.02339,-0.00056
1779372287.1989,plane,3747,9,0.49512,0.50041,0.033171,0.15660,0.15003,81.44,0.00001,0.00047
1779372287.1989,plane,3747,27,0.90777,0.16797,0.066442,0.40085,0.27254,134.68,-0.00779,0.01656
1779372287.1989,plane,3747,28,0.12203,0.11946,0.059667,0.30808,0.16623,62.58,-0.01164,0.01828
1779372287.1989,plane,3747,29,0.50819,0.99624,0.002842,0.53450,0.00443,89.97,0.00070,-0.00002
1779372287.3122,plane,3748,9,0.49512,0.50039,0.033164,0.15654,0.15004,81.34,-0.00004,-0.00023
1779372287.3122,plane,3748,27,0.90867,0.16560,0.064657,0.44567,0.33614,135.27,0.00805,-0.02101
1779372287.3122,plane,3748,28,0.11721,0.11780,0.056559,0.28445,0.15158,62.33,-0.04287,-0.01477
1779372287.3122,plane,3748,29,0.50843,0.99624,0.002847,0.53597,0.00440,89.98,0.00213,-0.00005
1779372287.4081,plane,3749,9,0.49511,0.50040,0.033164,0.15657,0.15004,81.48,-0.00004,0.00017
1779372287.4081,plane,3749,27,0.90943,0.16760,0.065170,0.39422,0.26147,138.24,0.00786,0.02064
1779372287.4081,plane,3749,28,0.12206,0.11703,0.057855,0.30467,0.16982,61.87,0.05021,-0.00795
1779372287.4081,plane,3749,29,0.50647,0.99628,0.002804,0.51305,0.00481,90.03,-0.02029,0.00050
1779372287.5040,plane,3750,9,0.49513,0.50041,0.033169,0.15657,0.15005,81.44,0.00021,0.00002
1779372287.5040,plane,3750,27,0.90587,0.16583,0.066805,0.42143,0.30173,136.43,-0.03740,-0.01855
1779372287.5040,plane,3750,28,0.12280,0.11715,0.058738,0.29443,0.15765,62.21,0.00784,0.00124
1779372287.5040,plane,3750,29,0.50650,0.99628,0.002806,0.51036,0.00492,90.03,0.00033,-0.00002
1779372287.5994,plane,3751,9,0.49512,0.50041,0.033171,0.15655,0.15007,81.33,-0.00013,0.00002
1779372287.5994,plane,3751,27,0.90882,0.16616,0.064882,0.42033,0.28520,135.45,0.03076,0.00347
1779372287.5994,plane,3751,28,0.12071,0.11658,0.057024,0.28691,0.15429,62.23,-0.02182,-0.00600
1779372287.5994,plane,3751,29,0.50621,0.99629,0.002797,0.50853,0.00538,90.03,-0.00297,0.00010
1779372287.7122,plane,3752,9,0.49513,0.50041,0.033169,0.15655,0.15006,81.45,0.00008,-0.00001
1779372287.7122,plane,3752,27,0.90775,0.16747,0.066208,0.40108,0.27136,137.15,-0.00948,0.01155
1779372287.7122,plane,3752,28,0.12312,0.11904,0.059241,0.30061,0.16808,61.38,0.02137,0.02186
1779372287.7122,plane,3752,29,0.50739,0.99626,0.002826,0.51744,0.00471,90.01,0.01043,-0.00029
1779372287.8075,plane,3753,9,0.49512,0.50043,0.033159,0.15655,0.15002,81.43,-0.00005,0.00025
1779372287.8075,plane,3753,27,0.91316,0.16588,0.061859,0.40653,0.27386,139.48,0.05702,-0.01677
1779372287.8075,plane,3753,28,0.11009,0.11887,0.054389,0.26003,0.13607,62.06,-0.13748,-0.00183
1779372287.8075,plane,3753,29,0.50190,0.99637,0.002726,0.49206,0.00567,90.09,-0.05795,0.00123
1779372287.9042,plane,3754,9,0.49512,0.50041,0.033168,0.15655,0.15005,81.43,-0.00003,-0.00023
1779372287.9042,plane,3754,27,0.90849,0.16667,0.065355,0.43162,0.30466,135.99,-0.04798,0.00817
1779372287.9042,plane,3754,28,0.11883,0.11912,0.057846,0.27476,0.14510,62.21,0.08985,0.00259
1779372287.9042,plane,3754,29,0.50311,0.99635,0.002750,0.49484,0.00547,90.06,0.01246,-0.00029
1779372288.0008,plane,3755,9,0.49513,0.50037,0.033173,0.15656,0.15007,81.29,0.00013,-0.00038
1779372288.0008,plane,3755,27,0.90839,0.16539,0.064996,0.40102,0.26319,136.79,-0.00105,-0.01343
1779372288.0008,plane,3755,28,0.11758,0.11850,0.057051,0.27981,0.14964,61.90,-0.01307,-0.00647
1779372288.0008,plane,3755,29,0.50396,0.99633,0.002764,0.49737,0.00548,90.04,0.00889,-0.00017
1779372288.1129,plane,3756,9,0.49512,0.50040,0.033162,0.15655,0.15003,81.40,-0.00007,0.00021
1779372288.1129,plane,3756,27,0.90776,0.16595,0.065616,0.37687,0.24925,138.24,-0.00556,0.00494
1779372288.1129,plane,3756,28,0.12246,0.11724,0.058033,0.27750,0.14787,62.21,0.04313,-0.01114
1779372288.1129,plane,3756,29,0.50462,0.99632,0.002774,0.49644,0.00528,90.07,0.00586,-0.00010
1779372288.2074,plane,3757,9,0.49513,0.50040,0.033168,0.15656,0.15005,81.47,0.00008,0.00000
1779372288.2074,plane,3757,27,0.90916,0.16655,0.064901,0.40565,0.27612,138.10,0.01486,0.00641
1779372288.2074,plane,3757,28,0.12124,0.11893,0.058423,0.29710,0.16230,62.18,-0.01297,0.01786
1779372288.2074,plane,3757,29,0.50621,0.99628,0.002804,0.50549,0.00504,90.04,0.01679,-0.00038
1779372288.3042,plane,3758,9,0.49512,0.50042,0.033169,0.15655,0.15006,81.41,-0.00008,0.00022
1779372288.3042,plane,3758,27,0.90861,0.16583,0.064916,0.41766,0.27806,135.45,-0.00575,-0.00752
1779372288.3042,plane,3758,28,0.12175,0.11750,0.058056,0.29804,0.16080,62.56,0.00532,-0.01495
1779372288.3042,plane,3758,29,0.50362,0.99634,0.002758,0.49529,0.00508,90.05,-0.02693,0.00056
1779372288.4007,plane,3759,9,0.49512,0.50040,0.033166,0.15656,0.15004,81.48,-0.00003,-0.00016
1779372288.4007,plane,3759,27,0.90928,0.16642,0.064713,0.40820,0.27926,137.77,0.00681,0.00602
1779372288.4007,plane,3759,28,0.11724,0.11883,0.056552,0.26837,0.14284,62.32,-0.04629,0.01366
1779372288.4007,plane,3759,29,0.50346,0.99635,0.002750,0.50855,0.00493,90.02,-0.00165,0.00009
1779372288.5121,plane,3760,9,0.49512,0.50037,0.033176,0.15662,0.15003,81.68,-0.00001,-0.00025
1779372288.5121,plane,3760,27,0.90821,0.16717,0.065906,0.39898,0.26223,138.20,-0.00966,0.00685
1779372288.5121,plane,3760,28,0.12280,0.11761,0.058862,0.29423,0.15740,62.41,0.05032,-0.01104
1779372288.5121,plane,3760,29,0.50382,0.99633,0.002762,0.49859,0.00536,90.09,0.00324,-0.00013
1779372288.6084,plane,3761,9,0.49512,0.50043,0.033176,0.15662,0.15004,81.59,-0.00005,0.00053
1779372288.6084,plane,3761,27,0.90972,0.16634,0.064460,0.42681,0.29166,137.43,0.01564,-0.00855
1779372288.6084,plane,3761,28,0.11959,0.11773,0.057075,0.29849,0.16312,62.24,-0.03315,0.00126
1779372288.6084,plane,3761,29,0.50368,0.99634,0.002757,0.50138,0.00572,90.07,-0.00141,0.00006
1779372288.7033,plane,3762,9,0.49512,0.50041,0.033176,0.15660,0.15004,81.37,0.00004,-0.00019
1779372288.7033,plane,3762,27,0.90880,0.16795,0.065828,0.39432,0.25276,138.84,-0.00969,0.01692
1779372288.7033,plane,3762,28,0.12301,0.11864,0.058916,0.28841,0.15334,62.78,0.03603,0.00964
1779372288.7033,plane,3762,29,0.50724,0.99626,0.002821,0.51907,0.00467,90.01,0.03748,-0.00078
1779372288.7979,plane,3763,9,0.49513,0.50040,0.033171,0.15658,0.15005,81.52,0.00009,-0.00005
1779372288.7979,plane,3763,29,0.50761,0.99626,0.002826,0.52157,0.00468,90.03,0.00392,-0.00006
1779372288.7979,plane,3763,42,0.53699,0.14458,0.127135,1.00967,0.69456,87.50,0.00000,0.00000
1779372288.9089,plane,3764,9,0.49512,0.50039,0.033173,0.15657,0.15006,81.42,-0.00008,-0.00009
1779372288.9089,plane,3764,29,0.50822,0.99624,0.002842,0.52591,0.00459,90.02,0.00548,-0.00015
1779372288.9089,plane,3764,42,0.53819,0.14447,0.128255,1.00919,0.68988,87.54,0.01070,-0.00100
1779372289.0072,plane,3765,9,0.49511,0.50038,0.033164,0.15655,0.15004,81.41,-0.00009,-0.00012
1779372289.0072,plane,3765,27,0.90599,0.16712,0.067466,0.38523,0.25228,138.10,-0.02869,-0.00849
1779372289.0072,plane,3765,28,0.12670,0.11652,0.059889,0.29693,0.15696,62.62,0.03757,-0.02159
1779372289.0072,plane,3765,29,0.50803,0.99624,0.002840,0.52452,0.00463,89.99,-0.00198,0.00002
1779372289.1042,plane,3766,9,0.49510,0.50044,0.033169,0.15656,0.15005,81.17,-0.00008,0.00055
1779372289.1042,plane,3766,27,0.90882,0.16662,0.064969,0.41193,0.28905,136.26,0.02930,-0.00519
1779372289.1042,plane,3766,28,0.12197,0.11816,0.058694,0.28431,0.15004,62.68,-0.04892,0.01699
1779372289.1042,plane,3766,29,0.50688,0.99627,0.002816,0.51176,0.00484,90.02,-0.01186,0.00028
1779372289.2016,plane,3767,9,0.49510,0.50038,0.033176,0.15664,0.15002,81.65,-0.00006,-0.00056
1779372289.2016,plane,3767,27,0.90697,0.16739,0.066944,0.38724,0.25033,138.57,-0.01888,0.00791
1779372289.2016,plane,3767,28,0.12501,0.11832,0.059933,0.29916,0.16003,62.56,0.03113,0.00163
1779372289.2016,plane,3767,29,0.50885,0.99622,0.002862,0.55439,0.00392,89.96,0.02010,-0.00053
1779372289.3102,plane,3768,9,0.49511,0.50052,0.033178,0.15661,0.15005,81.37,0.00013,0.00126
1779372289.3102,plane,3768,29,0.50601,0.99629,0.002796,0.50532,0.00510,90.06,-0.02608,0.00069
1779372289.3102,plane,3768,42,0.53955,0.14476,0.127431,1.00863,0.69854,87.62,0.01253,0.00266
1779372289.4078,plane,3769,9,0.49510,0.50045,0.033184,0.15664,0.15005,81.20,-0.00015,-0.00068
1779372289.4078,plane,3769,27,0.90942,0.16646,0.064741,0.39571,0.26284,138.25,0.02504,-0.00954
1779372289.4078,plane,3769,28,0.12027,0.11729,0.057280,0.28827,0.15583,62.13,-0.04855,-0.01054
1779372289.4078,plane,3769,29,0.50427,0.99632,0.002769,0.50091,0.00581,90.08,-0.01778,0.00031
1779372289.5031,plane,3770,9,0.49509,0.50047,0.033190,0.15666,0.15006,81.31,-0.00003,0.00021
1779372289.5031,plane,3770,27,0.90930,0.16709,0.065102,0.42448,0.29109,136.92,-0.00123,0.00661
1779372289.5031,plane,3770,28,0.12292,0.11708,0.057892,0.30236,0.16815,62.03,0.02779,-0.00230
1779372289.5031,plane,3770,29,0.50475,0.99632,0.002775,0.49803,0.00579,90.05,0.00504,-0.00007
1779372289.5973,plane,3771,9,0.49514,0.50038,0.033191,0.15659,0.15010,80.81,0.00047,-0.00100
1779372289.5973,plane,3771,29,0.50774,0.99625,0.002830,0.52861,0.00444,90.00,0.03185,-0.00067
1779372289.5973,plane,3771,42,0.53686,0.14403,0.128143,1.00822,0.69161,87.59,-0.02871,-0.00773
1779372289.7118,plane,3772,9,0.49513,0.50040,0.033184,0.15659,0.15009,81.27,-0.00005,0.00018
1779372289.7118,plane,3772,27,0.90793,0.16678,0.065889,0.39391,0.26434,137.87,-0.01189,-0.00264
1779372289.7118,plane,3772,28,0.12330,0.11773,0.058816,0.30554,0.16867,62.08,0.00329,0.00566
1779372289.7118,plane,3772,29,0.50212,0.99637,0.002731,0.49291,0.00512,90.04,-0.04886,0.00099
1779372289.8077,plane,3773,9,0.49514,0.50031,0.033191,0.15668,0.15005,81.19,0.00008,-0.00090
1779372289.8077,plane,3773,27,0.90857,0.16647,0.065365,0.40804,0.26646,136.67,0.00667,-0.00325
1779372289.8077,plane,3773,28,0.11946,0.11814,0.057638,0.27726,0.14635,62.48,-0.04007,0.00435
1779372289.8077,plane,3773,29,0.50825,0.99624,0.002842,0.53312,0.00447,89.99,0.06394,-0.00133
1779372289.9015,plane,3774,9,0.49514,0.50039,0.033190,0.15661,0.15009,81.27,0.00003,0.00083
1779372289.9015,plane,3774,29,0.50631,0.99629,0.002801,0.50256,0.00559,90.13,-0.02062,0.00049
1779372289.9015,plane,3774,42,0.53965,0.14372,0.130234,1.01120,0.70781,87.89,0.02968,-0.00334
1779372289.9969,plane,3775,9,0.49512,0.50033,0.033174,0.15658,0.15006,81.36,-0.00020,-0.00061
1779372289.9969,plane,3775,29,0.50730,0.99626,0.002821,0.51446,0.00476,90.02,0.01035,-0.00024
1779372289.9969,plane,3775,42,0.53817,0.14378,0.123962,0.99825,0.66302,87.95,-0.01551,0.00066
1779372290.1121,plane,3776,9,0.49514,0.50040,0.033176,0.15660,0.15005,81.53,0.00013,0.00054
1779372290.1121,plane,3776,27,0.90718,0.16676,0.066520,0.39434,0.25434,138.67,-0.01212,0.00252
1779372290.1121,plane,3776,28,0.12301,0.11831,0.058946,0.30837,0.17144,61.89,0.03093,0.00141
1779372290.1121,plane,3776,29,0.50676,0.99627,0.002813,0.51061,0.00490,90.03,-0.00468,0.00008
1779372290.2046,plane,3777,9,0.49512,0.50038,0.033179,0.15661,0.15005,81.69,-0.00022,-0.00015
1779372290.2046,plane,3777,29,0.50758,0.99626,0.002826,0.51825,0.00482,90.04,0.00884,-0.00017
1779372290.2046,plane,3777,42,0.53744,0.14467,0.125414,1.01109,0.69893,87.38,-0.00790,0.00959
1779372290.3041,plane,3778,9,0.49512,0.50036,0.033173,0.15656,0.15005,81.47,0.00005,-0.00020
1779372290.3041,plane,3778,27,0.90889,0.16550,0.064707,0.39695,0.25429,137.27,0.01717,-0.01271
1779372290.3041,plane,3778,28,0.11977,0.11763,0.057236,0.29005,0.15676,62.35,-0.03250,-0.00678
1779372290.3041,plane,3778,29,0.50787,0.99625,0.002833,0.53464,0.00442,89.97,0.00292,-0.00008
1779372290.3998,plane,3779,9,0.49513,0.50044,0.033161,0.15657,0.15000,81.48,0.00009,0.00087
1779372290.3998,plane,3779,27,0.90944,0.16595,0.064385,0.41988,0.28863,137.83,0.00575,0.00472
1779372290.3998,plane,3779,28,0.12018,0.11758,0.057502,0.29613,0.16114,62.13,0.00427,-0.00055
1779372290.3998,plane,3779,29,0.50136,0.99638,0.002721,0.49391,0.00597,90.05,-0.06841,0.00137
1779372290.5115,plane,3780,9,0.49511,0.50037,0.033174,0.15660,0.15003,81.71,-0.00016,-0.00070
1779372290.5115,plane,3780,27,0.90708,0.16743,0.066866,0.38419,0.24618,138.48,-0.02103,0.01324
1779372290.5115,plane,3780,28,0.12225,0.11826,0.059055,0.28421,0.14961,62.45,0.01841,0.00607
1779372290.5115,plane,3780,29,0.50828,0.99624,0.002845,0.53209,0.00456,89.97,0.06164,-0.00128
1779372290.6071,plane,3781,9,0.49512,0.50051,0.033154,0.15658,0.14993,81.10,0.00003,0.00147
1779372290.6071,plane,3781,29,0.50517,0.99631,0.002782,0.50037,0.00574,90.09,-0.03263,0.00074
1779372290.6071,plane,3781,42,0.54094,0.14306,0.122406,1.00525,0.67188,88.91,0.03673,-0.01686
1779372290.7049,plane,3782,9,0.49516,0.50042,0.033193,0.15662,0.15013,81.36,0.00047,-0.00091
1779372290.7049,plane,3782,27,0.90627,0.16771,0.067564,0.39532,0.25682,137.58,-0.00825,0.00285
1779372290.7049,plane,3782,28,0.12575,0.11792,0.060199,0.28400,0.14637,63.11,0.03596,-0.00351
1779372290.7049,plane,3782,29,0.50499,0.99631,0.002777,0.50006,0.00541,90.07,-0.00181,0.00007
1779372290.7991,plane,3783,9,0.49512,0.50044,0.033178,0.15658,0.15006,81.33,-0.00043,0.00019
1779372290.7991,plane,3783,27,0.90836,0.16595,0.065123,0.40352,0.27562,137.39,0.02209,-0.01858
1779372290.7991,plane,3783,28,0.12218,0.11710,0.057856,0.28051,0.14650,62.90,-0.03773,-0.00864
1779372290.7991,plane,3783,29,0.50440,0.99632,0.002769,0.49871,0.00563,90.10,-0.00624,0.00009
1779372290.9121,plane,3784,9,0.49511,0.50038,0.033161,0.15653,0.15005,81.33,-0.00009,-0.00049
1779372290.9121,plane,3784,27,0.90927,0.16552,0.064370,0.40702,0.28074,137.26,0.00803,-0.00384
1779372290.9121,plane,3784,28,0.11987,0.11781,0.057560,0.30038,0.16488,61.97,-0.02059,0.00630
1779372290.9121,plane,3784,29,0.50542,0.99630,0.002787,0.50397,0.00557,90.04,0.00908,-0.00018
1779372291.0078,plane,3785,9,0.49509,0.50043,0.033171,0.15658,0.15005,81.11,-0.00026,0.00056
1779372291.0078,plane,3785,27,0.90612,0.16429,0.065950,0.38171,0.25519,138.44,-0.03267,-0.01276
1779372291.0078,plane,3785,28,0.12299,0.11764,0.058404,0.28017,0.14853,62.31,0.03247,-0.00178
1779372291.0078,plane,3785,29,0.50468,0.99632,0.002774,0.50138,0.00563,90.07,-0.00779,0.00017
1779372291.1025,plane,3786,9,0.49509,0.50040,0.033179,0.15663,0.15005,81.48,0.00001,-0.00041
1779372291.1025,plane,3786,27,0.91095,0.16694,0.063750,0.39940,0.26704,138.71,0.05109,0.02806
1779372291.1025,plane,3786,28,0.11636,0.11828,0.056463,0.28142,0.15066,62.27,-0.07020,0.00679
1779372291.1025,plane,3786,29,0.50537,0.99630,0.002791,0.50603,0.00485,90.02,0.00736,-0.00021
1779372291.1977,plane,3787,9,0.49511,0.50039,0.033174,0.15659,0.15005,81.61,0.00024,-0.00009
1779372291.1977,plane,3787,27,0.90969,0.16617,0.064536,0.40916,0.26890,139.60,-0.01322,-0.00814
1779372291.1977,plane,3787,28,0.11819,0.11869,0.057070,0.28159,0.15139,62.28,0.01925,0.00435
1779372291.1977,plane,3787,29,0.50380,0.99633,0.002764,0.49717,0.00550,90.04,-0.01660,0.00032
1779372291.3118,plane,3788,9,0.49511,0.50044,0.033178,0.15660,0.15005,81.69,0.00002,0.00050
1779372291.3118,plane,3788,27,0.90803,0.16454,0.064782,0.40142,0.27447,137.71,-0.01450,-0.01420
1779372291.3118,plane,3788,28,0.11995,0.11778,0.057894,0.29025,0.15912,61.56,0.01534,-0.00800
1779372291.3118,plane,3788,29,0.50740,0.99626,0.002825,0.52068,0.00460,90.01,0.03141,-0.00061
1779372291.4058,plane,3789,9,0.49510,0.50056,0.033178,0.15665,0.15003,81.91,-0.00010,0.00119
1779372291.4058,plane,3789,29,0.50513,0.99631,0.002780,0.50374,0.00559,90.04,-0.02400,0.00054
1779372291.4058,plane,3789,43,0.53791,0.14431,0.127128,1.01231,0.70258,87.04,0.00000,0.00000
1779372291.5038,plane,3790,9,0.49509,0.50044,0.033181,0.15662,0.15005,81.47,-0.00015,-0.00120
1779372291.5038,plane,3790,27,0.90936,0.16596,0.064382,0.42445,0.29948,136.82,0.01357,0.01441
1779372291.5038,plane,3790,28,0.11833,0.11795,0.056649,0.26454,0.13848,62.49,-0.01645,0.00174
1779372291.5038,plane,3790,29,0.50188,0.99637,0.002728,0.49474,0.00550,90.06,-0.03321,0.00063
1779372291.5991,plane,3791,9,0.49508,0.50039,0.033184,0.15661,0.15007,81.38,-0.00012,-0.00048
1779372291.5991,plane,3791,27,0.90953,0.16666,0.064412,0.39950,0.28107,135.98,0.00178,0.00744
1779372291.5991,plane,3791,28,0.12377,0.11705,0.058338,0.28395,0.15177,62.26,0.05711,-0.00942
1779372291.5991,plane,3791,29,0.50018,0.99640,0.002704,0.49327,0.00531,90.04,-0.01785,0.00031
1779372291.7129,plane,3792,9,0.49510,0.50036,0.033195,0.15662,0.15011,81.40,0.00025,-0.00028
1779372291.7129,plane,3792,27,0.90812,0.16687,0.065762,0.41194,0.28336,137.85,-0.01245,0.00182
1779372291.7129,plane,3792,28,0.12090,0.11857,0.058818,0.27982,0.14672,62.24,-0.02529,0.01343
1779372291.7129,plane,3792,29,0.50292,0.99635,0.002747,0.49676,0.00569,90.08,0.02411,-0.00046
1779372291.8065,plane,3793,9,0.49512,0.50033,0.033193,0.15665,0.15008,81.52,0.00019,-0.00038
1779372291.8065,plane,3793,29,0.50678,0.99628,0.002811,0.51058,0.00491,90.03,0.04107,-0.00079
1779372291.8065,plane,3793,43,0.53848,0.14511,0.128640,1.00181,0.68604,87.95,0.00607,0.00843
1779372291.9041,plane,3794,9,0.49511,0.50033,0.033181,0.15661,0.15006,81.34,-0.00016,-0.00001
1779372291.9041,plane,3794,27,0.90903,0.16689,0.065233,0.39813,0.25180,137.34,0.00936,0.00022
1779372291.9041,plane,3794,28,0.12146,0.11727,0.057580,0.29606,0.16169,61.96,0.00578,-0.01335
1779372291.9041,plane,3794,29,0.50676,0.99627,0.002813,0.50889,0.00488,90.04,-0.00025,-0.00002
1779372291.9991,plane,3795,9,0.49512,0.50034,0.033173,0.15656,0.15006,81.39,0.00013,0.00020
1779372291.9991,plane,3795,27,0.90930,0.16737,0.065067,0.38561,0.25718,137.42,0.00279,0.00499
1779372291.9991,plane,3795,28,0.12012,0.11804,0.057097,0.28289,0.15497,61.79,-0.01408,0.00809
1779372291.9991,plane,3795,29,0.50736,0.99626,0.002826,0.52142,0.00471,89.99,0.00636,-0.00016
1779372292.1127,plane,3796,9,0.49512,0.50038,0.033162,0.15653,0.15004,81.32,0.00004,0.00027
1779372292.1127,plane,3796,27,0.90904,0.16731,0.065459,0.39033,0.25088,136.98,-0.00229,-0.00051
1779372292.1127,plane,3796,28,0.11968,0.11795,0.057339,0.28731,0.15473,62.35,-0.00387,-0.00076
1779372292.1127,plane,3796,29,0.50635,0.99628,0.002806,0.50653,0.00484,90.02,-0.00897,0.00021
1779372292.2034,plane,3797,9,0.49511,0.50037,0.033171,0.15657,0.15004,81.31,-0.00008,-0.00004
1779372292.2034,plane,3797,29,0.50709,0.99626,0.002821,0.51275,0.00483,90.03,0.00814,-0.00019
1779372292.2034,plane,3797,43,0.53948,0.14521,0.128450,1.01610,0.71203,87.06,0.01103,0.00118
1779372292.3041,plane,3798,9,0.49512,0.50041,0.033159,0.15654,0.15003,81.26,0.00004,0.00042
1779372292.3041,plane,3798,27,0.90826,0.16794,0.066213,0.40323,0.26803,137.52,-0.00769,0.00624
1779372292.3041,plane,3798,28,0.12037,0.11861,0.058348,0.29099,0.15416,62.66,0.00679,0.00651
1779372292.3041,plane,3798,29,0.50820,0.99623,0.002848,0.53253,0.00416,89.99,0.01099,-0.00030
1779372292.3964,plane,3799,9,0.49512,0.50038,0.033164,0.15653,0.15006,81.34,-0.00000,-0.00036
1779372292.3964,plane,3799,29,0.50202,0.99637,0.002733,0.49518,0.00541,90.05,-0.06680,0.00144
1779372292.3964,plane,3799,43,0.54070,0.14349,0.121791,0.99725,0.64872,89.03,0.01315,-0.01869
1779372292.5079,plane,3800,9,0.49514,0.50040,0.033168,0.15658,0.15004,81.70,0.00017,0.00018
1779372292.5079,plane,3800,27,0.90618,0.16482,0.066430,0.40098,0.26439,138.41,-0.01877,-0.02808
1779372292.5079,plane,3800,28,0.13021,0.11389,0.060294,0.29638,0.15242,63.04,0.08865,-0.04248
1779372292.5079,plane,3800,29,0.50744,0.99626,0.002826,0.51925,0.00464,90.00,0.04878,-0.00097
1779372292.6076,plane,3801,9,0.49510,0.50041,0.033173,0.15658,0.15006,81.27,-0.00034,0.00014
1779372292.6076,plane,3801,27,0.90945,0.16576,0.064258,0.39832,0.26999,137.81,0.03272,0.00942
1779372292.6076,plane,3801,28,0.11802,0.11827,0.057046,0.29176,0.15846,61.95,-0.12190,0.04377
1779372292.6076,plane,3801,29,0.49957,0.99642,0.002692,0.49242,0.00605,90.11,-0.07866,0.00158
1779372292.7041,plane,3802,9,0.49512,0.50040,0.033161,0.15655,0.15003,81.51,0.00012,-0.00018
1779372292.7041,plane,3802,27,0.91094,0.16526,0.063054,0.42122,0.29863,137.65,0.01558,-0.00525
1779372292.7041,plane,3802,28,0.11769,0.11669,0.055511,0.26722,0.14327,62.10,-0.00351,-0.01656
1779372292.7041,plane,3802,29,0.50709,0.99627,0.002818,0.51261,0.00475,90.02,0.07845,-0.00155
1779372292.8015,plane,3803,9,0.49513,0.50041,0.033174,0.15659,0.15006,81.33,0.00014,0.00014
1779372292.8015,plane,3803,27,0.90709,0.16823,0.067074,0.39277,0.26054,138.10,-0.03922,0.03027
1779372292.8015,plane,3803,28,0.12701,0.11802,0.060720,0.31519,0.17693,61.47,0.09501,0.01363
1779372292.8015,plane,3803,29,0.50687,0.99627,0.002813,0.51723,0.00472,90.02,-0.00221,0.00006
1779372292.9110,plane,3804,9,0.49514,0.50044,0.033171,0.15662,0.15001,81.65,0.00008,0.00023
1779372292.9110,plane,3804,27,0.90760,0.16663,0.066323,0.40485,0.26468,138.77,0.00467,-0.01458
1779372292.9110,plane,3804,28,0.12151,0.11804,0.058523,0.30836,0.17055,61.95,-0.05029,0.00017
1779372292.9110,plane,3804,29,0.50761,0.99626,0.002828,0.52523,0.00461,89.98,0.00674,-0.00016
1779372293.0079,plane,3805,9,0.49514,0.50045,0.033174,0.15656,0.15010,81.58,-0.00001,0.00010
1779372293.0079,plane,3805,27,0.90754,0.16868,0.067003,0.40561,0.27464,135.74,-0.00062,0.02125
1779372293.0079,plane,3805,28,0.12614,0.11755,0.060152,0.29732,0.15992,62.06,0.04802,-0.00511
1779372293.0079,plane,3805,29,0.50663,0.99628,0.002809,0.51496,0.00475,90.02,-0.01010,0.00021
1779372293.1014,plane,3806,9,0.49512,0.50040,0.033181,0.15659,0.15006,81.39,-0.00015,-0.00051
1779372293.1014,plane,3806,29,0.50526,0.99630,0.002787,0.50311,0.00495,90.02,-0.01460,0.00027
1779372293.1014,plane,3806,44,0.53593,0.14548,0.131432,1.00818,0.70696,87.55,0.00000,0.00000
1779372293.1987,plane,3807,9,0.49512,0.50043,0.033176,0.15657,0.15006,81.20,-0.00001,0.00030
1779372293.1987,plane,3807,27,0.90839,0.16648,0.065464,0.37466,0.24302,138.80,0.00868,-0.02271
1779372293.1987,plane,3807,28,0.11991,0.11872,0.058226,0.28513,0.15210,62.11,-0.06419,0.01203
1779372293.1987,plane,3807,29,0.50568,0.99630,0.002791,0.50025,0.00578,90.07,0.00438,-0.00003
1779372293.3117,plane,3808,9,0.49511,0.50040,0.033169,0.15654,0.15007,81.32,-0.00015,-0.00027
1779372293.3117,plane,3808,27,0.90891,0.16705,0.065241,0.39779,0.26988,137.19,0.00464,0.00502
1779372293.3117,plane,3808,28,0.12306,0.11674,0.058258,0.30996,0.17009,62.33,0.02781,-0.01744
1779372293.3117,plane,3808,29,0.50442,0.99632,0.002770,0.49764,0.00561,90.07,-0.01120,0.00020
1779372293.4085,plane,3809,9,0.49509,0.50041,0.033176,0.15658,0.15006,81.19,-0.00013,0.00018
1779372293.4085,plane,3809,27,0.90869,0.16737,0.065667,0.40002,0.26613,138.10,-0.00227,0.00328
1779372293.4085,plane,3809,28,0.12305,0.11859,0.059289,0.29134,0.15366,62.95,-0.00014,0.01905
1779372293.4085,plane,3809,29,0.50278,0.99636,0.002740,0.49568,0.00553,90.09,-0.01686,0.00039
1779372293.5058,plane,3810,9,0.49511,0.50041,0.033176,0.15653,0.15009,81.14,0.00015,-0.00006
1779372293.5058,plane,3810,27,0.91027,0.16610,0.063899,0.40463,0.27884,138.03,0.01631,-0.01315
1779372293.5058,plane,3810,28,0.11531,0.11960,0.056802,0.27017,0.14393,61.60,-0.08025,0.01048
1779372293.5058,plane,3810,29,0.50429,0.99632,0.002770,0.49856,0.00569,90.06,0.01566,-0.00039
1779372293.6007,plane,3811,9,0.49511,0.50040,0.033207,0.15671,0.15008,81.35,0.00006,-0.00011
1779372293.6007,plane,3811,27,0.90610,0.16836,0.067944,0.40650,0.26504,137.10,-0.04351,0.02359
1779372293.6007,plane,3811,28,0.12794,0.11822,0.061467,0.31426,0.17183,62.11,0.13189,-0.01434
1779372293.6007,plane,3811,29,0.50585,0.99629,0.002794,0.50632,0.00511,90.05,0.01625,-0.00028
1779372293.7142,plane,3812,9,0.49509,0.50040,0.033186,0.15662,0.15007,81.47,-0.00020,0.00005
1779372293.7142,plane,3812,27,0.90643,0.16584,0.066739,0.38651,0.25229,139.01,0.00292,-0.02237
1779372293.7142,plane,3812,28,0.12973,0.11505,0.060065,0.30771,0.16765,62.17,0.01594,-0.02819
1779372293.7142,plane,3812,29,0.50355,0.99633,0.002762,0.49878,0.00540,90.03,-0.02039,0.00033
1779372293.8089,plane,3813,9,0.49511,0.50041,0.033179,0.15660,0.15006,81.52,0.00019,0.00012
1779372293.8089,plane,3813,27,0.90683,0.16744,0.066976,0.41290,0.27370,137.64,0.00424,0.01677
1779372293.8089,plane,3813,28,0.12264,0.11931,0.059514,0.30143,0.16854,61.33,-0.07421,0.04458
1779372293.8089,plane,3813,29,0.50439,0.99632,0.002774,0.50268,0.00498,90.02,0.00877,-0.00015
1779372293.9031,plane,3814,9,0.49512,0.50036,0.033178,0.15661,0.15004,81.60,0.00009,-0.00058
1779372293.9031,plane,3814,27,0.90714,0.16630,0.066164,0.38801,0.26083,137.69,0.00324,-0.01213
1779372293.9031,plane,3814,28,0.12173,0.11806,0.058501,0.30318,0.16499,62.10,-0.00969,-0.01319
1779372293.9031,plane,3814,29,0.50445,0.99632,0.002772,0.49843,0.00567,90.06,0.00060,0.00003
1779372293.9994,plane,3815,9,0.49513,0.50038,0.033169,0.15656,0.15004,81.38,0.00010,0.00017
1779372293.9994,plane,3815,27,0.90680,0.16529,0.065899,0.38154,0.25530,138.15,-0.00355,-0.01046
1779372293.9994,plane,3815,28,0.12192,0.11770,0.058216,0.27520,0.14561,62.39,0.00203,-0.00381
1779372293.9994,plane,3815,29,0.50370,0.99634,0.002757,0.49524,0.00535,90.08,-0.00783,0.00018
1779372294.1131,plane,3816,9,0.49512,0.50039,0.033164,0.15654,0.15004,81.35,-0.00010,0.00011
1779372294.1131,plane,3816,27,0.90770,0.16603,0.065742,0.38463,0.25872,138.40,0.00791,0.00648
1779372294.1131,plane,3816,28,0.12239,0.11723,0.058112,0.29400,0.16084,61.63,0.00410,-0.00411
1779372294.1131,plane,3816,29,0.50638,0.99629,0.002801,0.50903,0.00511,90.04,0.02360,-0.00044
1779372294.2060,plane,3817,9,0.49511,0.50041,0.033176,0.15657,0.15007,81.36,-0.00003,0.00021
1779372294.2060,plane,3817,29,0.50622,0.99629,0.002799,0.51477,0.00502,90.00,-0.00180,0.00002
1779372294.2060,plane,3817,45,0.53620,0.14427,0.130698,1.01544,0.71355,86.93,0.00000,0.00000
1779372294.3040,plane,3818,9,0.49513,0.50043,0.033171,0.15655,0.15009,81.60,0.00013,0.00020
1779372294.3040,plane,3818,27,0.90945,0.16659,0.064587,0.40015,0.27430,137.57,0.01785,0.00566
1779372294.3040,plane,3818,28,0.12000,0.11762,0.057324,0.28894,0.15460,62.49,-0.02439,0.00400
1779372294.3040,plane,3818,29,0.50377,0.99633,0.002762,0.49836,0.00534,90.03,-0.02497,0.00044
1779372294.4000,plane,3819,9,0.49512,0.50038,0.033168,0.15652,0.15007,81.28,-0.00008,-0.00049
1779372294.4000,plane,3819,27,0.91042,0.16705,0.064134,0.40686,0.27631,137.04,0.01014,0.00487
1779372294.4000,plane,3819,28,0.11814,0.11871,0.056890,0.28468,0.15551,61.91,-0.01940,0.01132
1779372294.4000,plane,3819,29,0.50477,0.99631,0.002779,0.49565,0.00516,90.07,0.01034,-0.00021
1779372294.5116,plane,3820,9,0.49511,0.50040,0.033178,0.15658,0.15006,81.48,-0.00008,0.00016
1779372294.5116,plane,3820,27,0.90745,0.16745,0.066511,0.40578,0.26946,137.15,-0.02666,0.00359
1779372294.5116,plane,3820,28,0.12560,0.11826,0.060138,0.29460,0.15670,62.83,0.06700,-0.00399
1779372294.5116,plane,3820,29,0.50690,0.99628,0.002811,0.51115,0.00537,90.04,0.01916,-0.00033
1779372294.6065,plane,3821,9,0.49511,0.50041,0.033168,0.15655,0.15005,81.47,-0.00003,0.00010
1779372294.6065,plane,3821,29,0.50607,0.99629,0.002801,0.50558,0.00503,90.04,-0.00871,0.00012
1779372294.6065,plane,3821,45,0.53614,0.14400,0.126090,1.01331,0.70009,87.03,-0.00062,-0.00281
1779372294.7013,plane,3822,9,0.49510,0.50038,0.033178,0.15659,0.15005,81.46,-0.00001,-0.00026
1779372294.7013,plane,3822,29,0.50743,0.99626,0.002823,0.51750,0.00477,90.03,0.01441,-0.00027
1779372294.7013,plane,3822,45,0.54008,0.14351,0.131109,1.01737,0.71007,87.01,0.04167,-0.00514
1779372294.8007,plane,3823,9,0.49512,0.50042,0.033191,0.15667,0.15006,81.66,0.00019,0.00036
1779372294.8007,plane,3823,27,0.90361,0.16710,0.068853,0.39844,0.27393,136.06,-0.03883,-0.00356
1779372294.8007,plane,3823,28,0.12833,0.11799,0.061286,0.29038,0.15587,61.67,0.02757,-0.00277
1779372294.8007,plane,3823,29,0.50813,0.99624,0.002838,0.53335,0.00446,89.99,0.00700,-0.00017
1779372294.9124,plane,3824,9,0.49513,0.50046,0.033174,0.15658,0.15006,81.61,0.00010,0.00036
1779372294.9124,plane,3824,27,0.91022,0.16708,0.064338,0.38796,0.25669,138.38,0.05894,-0.00022
1779372294.9124,plane,3824,28,0.11948,0.11751,0.057166,0.27413,0.14607,62.22,-0.07891,-0.00427
1779372294.9124,plane,3824,29,0.50736,0.99626,0.002821,0.51406,0.00496,90.06,-0.00684,0.00017
1779372295.0077,plane,3825,9,0.49513,0.50047,0.033181,0.15660,0.15008,81.52,-0.00002,0.00015
1779372295.0077,plane,3825,27,0.90973,0.16646,0.064414,0.44182,0.31155,136.35,-0.00516,-0.00654
1779372295.0077,plane,3825,28,0.11803,0.11837,0.056649,0.27723,0.14784,62.49,-0.01529,0.00903
1779372295.0077,plane,3825,29,0.50511,0.99631,0.002782,0.50641,0.00482,90.01,-0.02379,0.00047
1779372295.1044,plane,3826,9,0.49513,0.50039,0.033178,0.15659,0.15007,81.26,-0.00003,-0.00081
1779372295.1044,plane,3826,27,0.90838,0.16709,0.065757,0.39038,0.25209,138.79,-0.01390,0.00649
1779372295.1044,plane,3826,28,0.12131,0.11850,0.058599,0.29242,0.15383,63.00,0.03375,0.00138
1779372295.1044,plane,3826,29,0.50507,0.99631,0.002780,0.50339,0.00542,90.05,-0.00035,0.00002
1779372295.1986,plane,3827,9,0.49513,0.50041,0.033162,0.15655,0.15003,81.43,-0.00003,0.00014
1779372295.1986,plane,3827,27,0.90817,0.16640,0.065457,0.40573,0.27349,136.98,-0.00214,-0.00727
1779372295.1986,plane,3827,28,0.12437,0.11644,0.058489,0.29278,0.15632,62.60,0.03248,-0.02194
1779372295.1986,plane,3827,29,0.50625,0.99628,0.002804,0.51044,0.00477,90.01,0.01251,-0.00029
1779372295.3130,plane,3828,9,0.49513,0.50036,0.033174,0.15657,0.15007,81.35,-0.00001,-0.00043
1779372295.3130,plane,3828,27,0.90923,0.16645,0.064924,0.39161,0.24646,137.84,0.00933,0.00041
1779372295.3130,plane,3828,28,0.12305,0.11666,0.057700,0.28482,0.15504,61.85,-0.01161,0.00199
1779372295.3130,plane,3828,29,0.50627,0.99629,0.002799,0.51127,0.00536,90.04,0.00017,0.00005
1779372295.4080,plane,3829,9,0.49514,0.50037,0.033179,0.15659,0.15005,81.16,0.00015,0.00009
1779372295.4080,plane,3829,27,0.90516,0.16734,0.068098,0.40580,0.27273,136.55,-0.04246,0.00930
1779372295.4080,plane,3829,28,0.12346,0.11963,0.060252,0.29403,0.15834,61.95,0.00429,0.03093
1779372295.4080,plane,3829,29,0.50745,0.99626,0.002825,0.51481,0.00487,90.04,0.01230,-0.00030
1779372295.5039,plane,3830,9,0.49513,0.50040,0.033164,0.15658,0.15001,81.40,-0.00008,0.00036
1779372295.5039,plane,3830,27,0.91074,0.16622,0.063711,0.40603,0.27356,138.38,0.05867,-0.01175
1779372295.5039,plane,3830,28,0.11628,0.11831,0.056405,0.27813,0.14865,62.04,-0.07551,-0.01386
1779372295.5039,plane,3830,29,0.50292,0.99635,0.002747,0.49494,0.00544,90.06,-0.04758,0.00095
1779372295.5984,plane,3831,9,0.49511,0.50043,0.033164,0.15653,0.15006,81.28,-0.00019,0.00031
1779372295.5984,plane,3831,27,0.91158,0.16859,0.064185,0.41563,0.27635,138.44,0.00884,0.02482
1779372295.5984,plane,3831,28,0.11926,0.11798,0.057219,0.28873,0.15643,62.13,0.03120,-0.00347
1779372295.5984,plane,3831,29,0.50221,0.99637,0.002733,0.49679,0.00538,90.07,-0.00744,0.00017
1779372295.7099,plane,3832,9,0.49512,0.50043,0.033169,0.15655,0.15005,81.29,0.00007,-0.00005
1779372295.7099,plane,3832,27,0.90833,0.16621,0.065353,0.40556,0.27449,138.29,-0.02912,-0.02128
1779372295.7099,plane,3832,28,0.12275,0.11719,0.058350,0.29099,0.15787,61.91,0.03132,-0.00707
1779372295.7099,plane,3832,29,0.50378,0.99634,0.002758,0.49738,0.00550,90.04,0.01405,-0.00026
1779372295.8075,plane,3833,9,0.49512,0.50040,0.033166,0.15653,0.15006,81.31,-0.00002,-0.00029
1779372295.8075,plane,3833,27,0.90866,0.16783,0.065808,0.41081,0.27820,138.00,0.00335,0.01669
1779372295.8075,plane,3833,28,0.12156,0.11790,0.058160,0.29632,0.16130,62.08,-0.01229,0.00733
1779372295.8075,plane,3833,29,0.50576,0.99630,0.002792,0.50534,0.00505,90.04,0.02033,-0.00041
1779372295.9032,plane,3834,9,0.49512,0.50042,0.033166,0.15656,0.15005,81.37,-0.00003,0.00026
1779372295.9032,plane,3834,27,0.90605,0.16561,0.066639,0.41770,0.28853,137.29,-0.02719,-0.02317
1779372295.9032,plane,3834,28,0.12629,0.11736,0.060377,0.30080,0.16145,62.14,0.04921,-0.00563
1779372295.9032,plane,3834,29,0.50611,0.99629,0.002796,0.50850,0.00538,90.03,0.00364,-0.00004
1779372296.0003,plane,3835,9,0.49512,0.50045,0.033166,0.15653,0.15005,81.42,0.00001,0.00031
1779372296.0003,plane,3835,27,0.90810,0.16650,0.065525,0.41395,0.28518,136.96,0.02130,0.00923
1779372296.0003,plane,3835,28,0.12232,0.11795,0.058709,0.28575,0.15149,62.30,-0.04110,0.00613
1779372296.0003,plane,3835,29,0.50189,0.99637,0.002728,0.49376,0.00640,90.09,-0.04378,0.00082
1779372296.1123,plane,3836,9,0.49512,0.50040,0.033168,0.15656,0.15004,81.44,-0.00001,-0.00044
1779372296.1123,plane,3836,27,0.90760,0.16690,0.066243,0.39688,0.26404,137.79,-0.00443,0.00354
1779372296.1123,plane,3836,28,0.12550,0.11692,0.059308,0.30055,0.16096,62.52,0.02815,-0.00918
1779372296.1123,plane,3836,29,0.50507,0.99630,0.002786,0.50807,0.00469,90.02,0.02823,-0.00061
1779372296.2078,plane,3837,9,0.49512,0.50045,0.033162,0.15654,0.15003,81.16,0.00003,0.00054
1779372296.2078,plane,3837,27,0.90805,0.16690,0.065864,0.38943,0.25560,138.34,0.00474,-0.00001
1779372296.2078,plane,3837,28,0.12231,0.11766,0.058609,0.28654,0.14993,62.88,-0.03357,0.00781
1779372296.2078,plane,3837,29,0.50373,0.99633,0.002764,0.49757,0.00492,90.02,-0.01413,0.00027
1779372296.3015,plane,3838,9,0.49514,0.50041,0.033174,0.15659,0.15006,81.56,0.00018,-0.00051
1779372296.3015,plane,3838,29,0.50869,0.99623,0.002855,0.54114,0.00425,89.98,0.05298,-0.00111
1779372296.3015,plane,3838,46,0.53616,0.14654,0.128689,1.00588,0.70042,87.28,0.00000,0.00000
1779372296.3993,plane,3839,9,0.49513,0.50049,0.033173,0.15658,0.15006,81.70,-0.00006,0.00089
1779372296.3993,plane,3839,27,0.91083,0.16792,0.064397,0.42923,0.28555,137.23,0.02835,0.01041
1779372296.3993,plane,3839,28,0.11871,0.11837,0.057007,0.28741,0.15797,61.76,-0.03673,0.00724
1779372296.3993,plane,3839,29,0.50239,0.99636,0.002740,0.49495,0.00543,90.06,-0.06422,0.00135
1779372296.5110,plane,3840,9,0.49512,0.50039,0.033168,0.15653,0.15007,81.21,-0.00009,-0.00091
1779372296.5110,plane,3840,27,0.90978,0.16411,0.063465,0.41105,0.28482,138.06,-0.00938,-0.03403
1779372296.5110,plane,3840,28,0.12011,0.11493,0.056001,0.29326,0.15976,62.08,0.01250,-0.03076
1779372296.5110,plane,3840,29,0.50196,0.99637,0.002728,0.49415,0.00531,90.06,-0.00382,0.00014
1779372296.6060,plane,3841,9,0.49513,0.50040,0.033173,0.15655,0.15008,81.27,0.00003,0.00005
1779372296.6060,plane,3841,27,0.90985,0.16595,0.064158,0.41666,0.28891,137.46,0.00070,0.01941
1779372296.6060,plane,3841,28,0.11735,0.11769,0.056703,0.27505,0.14305,62.66,-0.02904,0.02908
1779372296.6060,plane,3841,29,0.50209,0.99637,0.002730,0.49935,0.00533,90.07,0.00134,-0.00003
1779372296.6966,plane,3842,9,0.49512,0.50037,0.033174,0.15656,0.15007,81.19,-0.00011,-0.00032
1779372296.6966,plane,3842,27,0.90846,0.16495,0.064526,0.40943,0.28484,137.32,-0.01538,-0.01117
1779372296.6966,plane,3842,28,0.11825,0.11761,0.056429,0.28261,0.15431,61.80,0.01000,-0.00088
1779372296.6966,plane,3842,29,0.50394,0.99633,0.002764,0.49905,0.00539,90.05,0.02046,-0.00045
1779372296.7998,plane,3843,9,0.49512,0.50034,0.033174,0.15656,0.15007,81.29,0.00004,-0.00029
1779372296.7998,plane,3843,27,0.90826,0.16586,0.065192,0.41080,0.28083,138.06,-0.00191,0.00893
1779372296.7998,plane,3843,28,0.11860,0.11793,0.057371,0.27373,0.14298,62.41,0.00336,0.00308
1779372296.7998,plane,3843,29,0.50658,0.99628,0.002809,0.51043,0.00492,90.03,0.02569,-0.00051
1779372296.9111,plane,3844,9,0.49513,0.50033,0.033173,0.15658,0.15005,81.10,0.00012,-0.00005
1779372296.9111,plane,3844,27,0.91053,0.16703,0.064194,0.40849,0.26419,136.93,0.02026,0.01045
1779372296.9111,plane,3844,28,0.11845,0.11842,0.057064,0.28030,0.14938,62.45,-0.00127,0.00439
1779372296.9111,plane,3844,29,0.50784,0.99625,0.002831,0.52610,0.00458,90.02,0.01122,-0.00022
1779372297.0074,plane,3845,9,0.49512,0.50038,0.033162,0.15654,0.15004,81.31,-0.00011,0.00045
1779372297.0074,plane,3845,27,0.91304,0.16557,0.061571,0.41140,0.27834,137.14,0.02626,-0.01527
1779372297.0074,plane,3845,28,0.11744,0.11704,0.055978,0.25928,0.13416,62.54,-0.01061,-0.01449
1779372297.0074,plane,3845,29,0.50462,0.99632,0.002774,0.50095,0.00539,90.02,-0.03366,0.00068
1779372297.1035,plane,3846,9,0.49511,0.50036,0.033152,0.15653,0.15001,81.36,-0.00012,-0.00020
1779372297.1035,plane,3846,27,0.91404,0.16272,0.059835,0.40636,0.27647,138.00,0.01029,-0.02952
1779372297.1035,plane,3846,28,0.10674,0.11675,0.051790,0.25330,0.13414,61.63,-0.11065,-0.00296
1779372297.1035,plane,3846,29,0.50734,0.99626,0.002825,0.51738,0.00471,90.02,0.02809,-0.00060
1779372297.1996,plane,3847,9,0.49512,0.50038,0.033162,0.15655,0.15004,81.48,0.00012,0.00027
1779372297.1996,plane,3847,27,0.90852,0.16564,0.064928,0.40798,0.27824,137.54,-0.05733,0.03038
1779372297.1996,plane,3847,28,0.12110,0.11730,0.057753,0.27174,0.14237,62.26,0.14929,0.00575
1779372297.1996,plane,3847,29,0.50786,0.99625,0.002833,0.52873,0.00443,90.00,0.00547,-0.00010
1779372297.3091,plane,3848,9,0.49512,0.50041,0.033164,0.15653,0.15006,81.31,-0.00002,0.00020
1779372297.3091,plane,3848,29,0.50594,0.99629,0.002799,0.50572,0.00477,90.02,-0.01753,0.00035
1779372297.3091,plane,3848,47,0.53918,0.14276,0.122906,1.00516,0.67020,88.85,0.00000,0.00000
1779372297.4072,plane,3849,9,0.49511,0.50042,0.033166,0.15656,0.15003,81.30,-0.00014,0.00020
1779372297.4072,plane,3849,27,0.90813,0.16576,0.065235,0.39178,0.26911,137.19,-0.00405,0.00123
1779372297.4072,plane,3849,28,0.12133,0.11797,0.058253,0.29278,0.15574,62.70,0.00240,0.00680
1779372297.4072,plane,3849,29,0.50568,0.99630,0.002792,0.51069,0.00487,90.04,-0.00267,0.00007
1779372297.5015,plane,3850,9,0.49514,0.50039,0.033179,0.15660,0.15006,81.43,0.00029,-0.00042
1779372297.5015,plane,3850,29,0.50767,0.99625,0.002831,0.51282,0.00499,90.04,0.02103,-0.00046
1779372297.5015,plane,3850,47,0.53824,0.14408,0.131166,1.01550,0.71095,87.07,-0.01002,0.01396
1779372297.5972,plane,3851,9,0.49513,0.50039,0.033179,0.15660,0.15006,81.48,-0.00004,0.00007
1779372297.5972,plane,3851,29,0.50689,0.99627,0.002816,0.51285,0.00482,90.03,-0.00819,0.00018
1779372297.5972,plane,3851,47,0.53723,0.14398,0.127962,1.01418,0.70352,87.24,-0.01061,-0.00101
1779372297.7099,plane,3852,9,0.49513,0.50040,0.033164,0.15657,0.15004,81.72,0.00000,0.00007
1779372297.7099,plane,3852,29,0.50871,0.99622,0.002864,0.55307,0.00372,89.98,0.01614,-0.00047
1779372297.7099,plane,3852,47,0.53646,0.14033,0.126209,1.01894,0.69106,87.10,-0.00672,-0.03223
1779372297.8071,plane,3853,9,0.49511,0.50038,0.033168,0.15656,0.15005,81.36,-0.00017,-0.00023
1779372297.8071,plane,3853,27,0.91036,0.16644,0.064073,0.41560,0.27850,138.49,0.02308,0.00698
1779372297.8071,plane,3853,28,0.11785,0.11777,0.056768,0.27285,0.14309,62.41,-0.03601,-0.00207
1779372297.8071,plane,3853,29,0.50678,0.99627,0.002814,0.51407,0.00475,90.01,-0.01999,0.00057
1779372297.9035,plane,3854,9,0.49512,0.50043,0.033169,0.15655,0.15005,81.25,0.00010,0.00055
1779372297.9035,plane,3854,27,0.90790,0.16683,0.065950,0.39575,0.26069,138.28,-0.02558,0.00402
1779372297.9035,plane,3854,28,0.12199,0.11811,0.058417,0.29715,0.16288,62.08,0.04294,0.00353
1779372297.9035,plane,3854,29,0.50756,0.99626,0.002826,0.51909,0.00476,90.03,0.00810,-0.00014
1779372297.9991,plane,3855,9,0.49513,0.50034,0.033171,0.15654,0.15007,81.16,0.00002,-0.00090
1779372297.9991,plane,3855,27,0.90854,0.16765,0.065745,0.40343,0.26947,137.30,0.00674,0.00862
1779372297.9991,plane,3855,28,0.12175,0.11853,0.058967,0.29511,0.15838,62.02,-0.00247,0.00438
1779372297.9991,plane,3855,29,0.50746,0.99626,0.002821,0.52716,0.00471,89.98,-0.00106,0.00006
1779372298.1114,plane,3856,9,0.49513,0.50037,0.033169,0.15656,0.15005,81.50,0.00002,0.00019
1779372298.1114,plane,3856,27,0.91022,0.16692,0.064268,0.40871,0.27883,137.69,0.01499,-0.00650
1779372298.1114,plane,3856,28,0.11942,0.11840,0.057600,0.29098,0.15790,62.09,-0.02087,-0.00112
1779372298.1114,plane,3856,29,0.50835,0.99624,0.002845,0.53059,0.00446,90.00,0.00802,-0.00024
1779372298.2085,plane,3857,9,0.49512,0.50036,0.033171,0.15657,0.15006,81.56,-0.00011,-0.00008
1779372298.2085,plane,3857,27,0.90777,0.16318,0.064289,0.40462,0.27301,136.08,-0.02515,-0.03845
1779372298.2085,plane,3857,28,0.12478,0.11457,0.057855,0.29687,0.15971,62.31,0.05510,-0.03933
1779372298.2085,plane,3857,29,0.50893,0.99621,0.002867,0.55428,0.00392,89.96,0.00588,-0.00025
1779372298.3038,plane,3858,9,0.49512,0.50039,0.033173,0.15655,0.15006,81.29,0.00005,0.00038
1779372298.3038,plane,3858,27,0.90784,0.16728,0.066152,0.43249,0.30140,136.10,0.00071,0.04282
1779372298.3038,plane,3858,28,0.12490,0.11762,0.059321,0.33225,0.19674,60.58,0.00126,0.03185
1779372298.3038,plane,3858,29,0.50849,0.99623,0.002848,0.53924,0.00446,89.97,-0.00455,0.00022
1779372298.3978,plane,3859,9,0.49513,0.50038,0.033171,0.15656,0.15006,81.35,0.00008,-0.00017
1779372298.3978,plane,3859,27,0.90955,0.16715,0.064974,0.40789,0.27093,138.61,0.01826,-0.00134
1779372298.3978,plane,3859,28,0.11940,0.11839,0.057719,0.28103,0.14893,62.22,-0.05857,0.00821
1779372298.3978,plane,3859,29,0.50693,0.99627,0.002818,0.51037,0.00486,90.03,-0.01665,0.00036
1779372298.5116,plane,3860,9,0.49510,0.50038,0.033183,0.15662,0.15004,81.55,-0.00028,0.00005
1779372298.5116,plane,3860,27,0.90936,0.16698,0.064828,0.41960,0.29643,136.29,-0.00175,-0.00152
1779372298.5116,plane,3860,28,0.12213,0.11742,0.058019,0.28879,0.15746,61.73,0.02407,-0.00851
1779372298.5116,plane,3860,29,0.50660,0.99628,0.002809,0.50993,0.00480,90.02,-0.00286,0.00009
1779372298.6071,plane,3861,9,0.49513,0.50033,0.033181,0.15663,0.15005,81.22,0.00035,-0.00056
1779372298.6071,plane,3861,27,0.90683,0.16666,0.066506,0.41025,0.28154,137.14,-0.02652,-0.00331
1779372298.6071,plane,3861,28,0.12178,0.11925,0.059389,0.28219,0.14785,62.75,-0.00369,0.01916
1779372298.6071,plane,3861,29,0.50952,0.99614,0.002930,0.58190,0.00316,90.02,0.03062,-0.00139
1779372298.7023,plane,3862,9,0.49512,0.50045,0.033161,0.15654,0.15002,81.21,-0.00014,0.00126
1779372298.7023,plane,3862,27,0.91246,0.16562,0.062108,0.42035,0.29289,138.29,0.05886,-0.01085
1779372298.7023,plane,3862,28,0.11427,0.11738,0.054840,0.27190,0.14595,62.02,-0.07847,-0.01950
1779372298.7023,plane,3862,29,0.50202,0.99636,0.002736,0.49679,0.00542,90.03,-0.07830,0.00227
1779372298.7988,plane,3863,9,0.49513,0.50044,0.033162,0.15656,0.15001,81.45,0.00013,-0.00014
1779372298.7988,plane,3863,27,0.91258,0.16569,0.062197,0.42422,0.29602,137.60,0.00116,0.00064
1779372298.7988,plane,3863,28,0.11278,0.11851,0.054581,0.26680,0.14545,61.62,-0.01542,0.01166
1779372298.7988,plane,3863,29,0.50424,0.99632,0.002772,0.49816,0.00488,90.02,0.02293,-0.00044
1779372298.9100,plane,3864,9,0.49514,0.50037,0.033183,0.15659,0.15008,81.28,0.00011,-0.00065
1779372298.9100,plane,3864,27,0.91028,0.16640,0.063977,0.41140,0.27922,137.77,-0.02069,0.00641
1779372298.9100,plane,3864,28,0.11610,0.11958,0.057398,0.26982,0.13937,62.14,0.02986,0.00963
1779372298.9100,plane,3864,29,0.50395,0.99633,0.002765,0.49856,0.00568,90.06,-0.00261,0.00007
1779372299.0061,plane,3865,9,0.49514,0.50039,0.033178,0.15658,0.15008,81.13,-0.00005,0.00026
1779372299.0061,plane,3865,27,0.91020,0.16931,0.065453,0.39267,0.25230,138.39,-0.00077,0.03036
1779372299.0061,plane,3865,28,0.11186,0.12211,0.057246,0.27201,0.14114,62.36,-0.04424,0.02638
1779372299.0061,plane,3865,29,0.50591,0.99629,0.002796,0.50654,0.00499,90.03,0.02050,-0.00036
1779372299.1019,plane,3866,9,0.49514,0.50038,0.033181,0.15662,0.15005,81.49,0.00003,-0.00016
1779372299.1019,plane,3866,27,0.90796,0.16688,0.065825,0.39597,0.27071,137.41,-0.02359,-0.02554
1779372299.1019,plane,3866,28,0.12330,0.11810,0.059518,0.28338,0.14740,62.34,0.12039,-0.04212
1779372299.1019,plane,3866,29,0.50459,0.99632,0.002775,0.49758,0.00548,90.04,-0.01392,0.00025
1779372299.1981,plane,3867,9,0.49511,0.50037,0.033176,0.15657,0.15005,81.36,-0.00033,-0.00003
1779372299.1981,plane,3867,27,0.90903,0.16766,0.065591,0.39839,0.26628,137.92,0.01099,0.00795
1779372299.1981,plane,3867,28,0.12235,0.11798,0.058975,0.32321,0.18202,61.68,-0.00984,-0.00122
1779372299.1981,plane,3867,29,0.50434,0.99632,0.002770,0.49788,0.00537,90.09,-0.00254,0.00006
1779372299.3100,plane,3868,9,0.49512,0.50033,0.033169,0.15657,0.15005,81.43,0.00008,-0.00042
1779372299.3100,plane,3868,27,0.91023,0.16608,0.063919,0.40658,0.27922,138.04,0.01077,-0.01412
1779372299.3100,plane,3868,28,0.11812,0.11818,0.056647,0.27300,0.14639,61.90,-0.03774,0.00172
1779372299.3100,plane,3868,29,0.50738,0.99626,0.002825,0.51739,0.00471,90.02,0.02718,-0.00056
1779372299.4061,plane,3869,9,0.49512,0.50035,0.033171,0.15655,0.15007,81.35,-0.00003,0.00024
1779372299.4061,plane,3869,27,0.90947,0.16671,0.064752,0.40039,0.27127,138.52,-0.00790,0.00655
1779372299.4061,plane,3869,28,0.12030,0.11713,0.057270,0.29140,0.15788,62.13,0.02261,-0.01094
1779372299.4061,plane,3869,29,0.50771,0.99625,0.002833,0.51754,0.00470,90.01,0.00344,-0.00010
1779372299.5000,plane,3870,9,0.49512,0.50035,0.033171,0.15657,0.15005,81.31,-0.00001,-0.00004
1779372299.5000,plane,3870,27,0.90952,0.16559,0.064231,0.38951,0.25827,138.67,0.00044,-0.01194
1779372299.5000,plane,3870,28,0.11925,0.11834,0.057098,0.26876,0.14140,62.77,-0.01114,0.01296
1779372299.5000,plane,3870,29,0.50696,0.99627,0.002818,0.50708,0.00497,90.03,-0.00808,0.00018
1779372299.5992,plane,3871,9,0.49511,0.50037,0.033164,0.15654,0.15005,81.50,-0.00004,0.00028
1779372299.5992,plane,3871,27,0.90911,0.16587,0.064572,0.39083,0.25675,136.69,-0.00407,0.00291
1779372299.5992,plane,3871,28,0.11775,0.11835,0.057188,0.28900,0.15511,62.13,-0.01527,0.00014
1779372299.5992,plane,3871,29,0.50775,0.99625,0.002833,0.51680,0.00476,90.02,0.00807,-0.00018
1779372299.7109,plane,3872,9,0.49513,0.50036,0.033171,0.15657,0.15005,81.34,0.00012,-0.00013
1779372299.7109,plane,3872,27,0.90746,0.16649,0.065899,0.40142,0.27625,137.11,-0.01467,0.00548
1779372299.7109,plane,3872,28,0.12101,0.11879,0.058807,0.28506,0.14973,62.89,0.02892,0.00388
1779372299.7109,plane,3872,29,0.50881,0.99622,0.002862,0.54804,0.00391,89.98,0.00937,-0.00029
1779372299.8066,plane,3873,9,0.49512,0.50042,0.033166,0.15653,0.15006,81.52,-0.00002,0.00062
1779372299.8066,plane,3873,27,0.91029,0.16669,0.064129,0.41951,0.29320,137.14,0.02955,0.00212
1779372299.8066,plane,3873,28,0.11721,0.11775,0.056383,0.27165,0.14297,62.46,-0.03974,-0.01085
1779372299.8066,plane,3873,29,0.50529,0.99630,0.002787,0.50314,0.00539,90.02,-0.03677,0.00087
1779372299.9021,plane,3874,9,0.49511,0.50036,0.033168,0.15653,0.15007,81.30,-0.00011,-0.00061
1779372299.9021,plane,3874,27,0.91108,0.16568,0.063151,0.40461,0.27651,137.91,0.00831,-0.01063
1779372299.9021,plane,3874,28,0.11509,0.11775,0.055183,0.27119,0.14406,62.42,-0.02213,-0.00008
1779372299.9021,plane,3874,29,0.50658,0.99628,0.002806,0.50863,0.00537,90.03,0.01348,-0.00021
1779372299.9976,plane,3875,9,0.49513,0.50038,0.033179,0.15657,0.15009,81.10,0.00012,0.00023
1779372299.9976,plane,3875,27,0.90953,0.16713,0.064857,0.38825,0.25388,138.50,-0.01630,0.01520
1779372299.9976,plane,3875,28,0.11976,0.11884,0.057536,0.28032,0.15124,62.26,0.04892,0.01147
1779372299.9976,plane,3875,29,0.50803,0.99625,0.002836,0.52616,0.00458,90.02,0.01516,-0.00036
1779372300.1105,plane,3876,9,0.49512,0.50037,0.033162,0.15653,0.15005,81.36,-0.00005,-0.00007
1779372300.1105,plane,3876,27,0.90879,0.16510,0.064477,0.43919,0.31533,136.81,-0.00657,-0.01812
1779372300.1105,plane,3876,28,0.11808,0.11787,0.056559,0.28145,0.15349,61.86,-0.01494,-0.00865
1779372300.1105,plane,3876,29,0.50804,0.99624,0.002840,0.52234,0.00485,89.99,0.00008,-0.00003
1779372300.2065,plane,3877,9,0.49513,0.50036,0.033174,0.15658,0.15005,81.41,0.00014,-0.00016
1779372300.2065,plane,3877,27,0.90982,0.16688,0.064499,0.41037,0.28257,137.23,0.01068,0.01840
1779372300.2065,plane,3877,28,0.11741,0.11885,0.057109,0.27126,0.14427,62.30,-0.00692,0.01016
1779372300.2065,plane,3877,29,0.50867,0.99623,0.002853,0.53437,0.00497,89.95,0.00651,-0.00016
1779372300.3018,plane,3878,9,0.49512,0.50041,0.033171,0.15659,0.15004,81.70,-0.00016,0.00054
1779372300.3018,plane,3878,27,0.91121,0.16493,0.062627,0.40762,0.27002,137.08,0.01458,-0.02049
1779372300.3018,plane,3878,28,0.11351,0.11777,0.054628,0.25844,0.13689,62.04,-0.04108,-0.01137
1779372300.3018,plane,3878,29,0.50741,0.99626,0.002825,0.51228,0.00500,90.05,-0.01325,0.00034
1779372300.3986,plane,3879,9,0.49513,0.50034,0.033181,0.15660,0.15007,81.26,0.00011,-0.00067
1779372300.3986,plane,3879,27,0.90894,0.16466,0.064095,0.40272,0.27973,137.55,-0.02330,-0.00275
1779372300.3986,plane,3879,28,0.12050,0.11705,0.057012,0.28842,0.15745,61.99,0.07173,-0.00745
1779372300.3986,plane,3879,29,0.50847,0.99623,0.002848,0.53358,0.00445,89.99,0.01095,-0.00027
1779372300.5092,plane,3880,9,0.49512,0.50041,0.033178,0.15658,0.15007,81.45,-0.00006,0.00057
1779372300.5092,plane,3880,27,0.90760,0.16606,0.065691,0.38907,0.26119,137.60,-0.01213,0.01262
1779372300.5092,plane,3880,28,0.12137,0.11806,0.058475,0.29311,0.15730,62.37,0.00790,0.00916
1779372300.5092,plane,3880,29,0.50699,0.99627,0.002816,0.51035,0.00492,90.03,-0.01336,0.00033
1779372300.6071,plane,3881,9,0.49512,0.50040,0.033174,0.15657,0.15006,81.44,-0.00002,-0.00007
1779372300.6071,plane,3881,27,0.90956,0.16591,0.064309,0.38236,0.25334,138.96,0.02026,-0.00154
1779372300.6071,plane,3881,28,0.11880,0.11766,0.056620,0.25647,0.13380,62.50,-0.02653,-0.00415
1779372300.6071,plane,3881,29,0.50374,0.99633,0.002760,0.49748,0.00544,90.03,-0.03358,0.00066
1779372300.7017,plane,3882,9,0.49513,0.50043,0.033176,0.15658,0.15007,81.39,0.00007,0.00035
1779372300.7017,plane,3882,29,0.50625,0.99628,0.002806,0.50917,0.00493,90.03,0.02624,-0.00056
1779372300.7017,plane,3882,48,0.53844,0.14420,0.127664,1.01554,0.71182,86.54,0.00000,0.00000
1779372300.7988,plane,3883,9,0.49513,0.50048,0.033191,0.15663,0.15011,81.75,0.00007,0.00046
1779372300.7988,plane,3883,27,0.90836,0.16548,0.064957,0.38712,0.25844,138.38,-0.01240,-0.00442
1779372300.7988,plane,3883,28,0.11906,0.11891,0.058031,0.26937,0.14066,62.31,0.00267,0.01289
1779372300.7988,plane,3883,29,0.49991,0.99641,0.002696,0.49772,0.00550,90.05,-0.06535,0.00136
1779372300.9112,plane,3884,9,0.49513,0.50032,0.033184,0.15659,0.15009,81.10,-0.00001,-0.00139
1779372300.9112,plane,3884,27,0.90771,0.16566,0.065397,0.42257,0.29766,137.05,-0.00582,0.00167
1779372300.9112,plane,3884,28,0.12084,0.11840,0.057905,0.27857,0.14855,62.58,0.01596,-0.00454
1779372300.9112,plane,3884,29,0.50796,0.99625,0.002835,0.52592,0.00459,90.02,0.07224,-0.00147
1779372301.0072,plane,3885,9,0.49513,0.50031,0.033171,0.15657,0.15006,81.15,0.00001,-0.00009
1779372301.0072,plane,3885,27,0.91113,0.16699,0.063804,0.42956,0.28983,138.16,0.03526,0.01371
1779372301.0072,plane,3885,28,0.11436,0.11846,0.056081,0.26696,0.14023,61.64,-0.06673,0.00061
1779372301.0072,plane,3885,29,0.50770,0.99626,0.002828,0.52612,0.00458,90.02,-0.00268,0.00008
1779372301.1034,plane,3886,9,0.49514,0.50034,0.033179,0.15661,0.15005,81.17,0.00006,0.00022
1779372301.1034,plane,3886,27,0.90723,0.16676,0.066203,0.39557,0.27302,137.23,-0.04096,-0.00248
1779372301.1034,plane,3886,28,0.12436,0.11767,0.059474,0.30024,0.15990,62.55,0.10495,-0.00833
1779372301.1034,plane,3886,29,0.50804,0.99624,0.002840,0.52112,0.00477,90.00,0.00357,-0.00014
1779372301.1992,plane,3887,9,0.49514,0.50037,0.033179,0.15660,0.15006,81.39,-0.00001,0.00038
1779372301.1992,plane,3887,27,0.91006,0.16810,0.064972,0.40427,0.27237,137.42,0.02928,0.01388
1779372301.1992,plane,3887,28,0.11723,0.12079,0.058163,0.28414,0.15046,62.40,-0.07381,0.03234
1779372301.1992,plane,3887,29,0.50661,0.99627,0.002813,0.51050,0.00491,90.03,-0.01482,0.00032
1779372301.3098,plane,3888,9,0.49513,0.50046,0.033168,0.15655,0.15003,81.49,-0.00006,0.00079
1779372301.3098,plane,3888,27,0.90876,0.16479,0.064353,0.38502,0.26085,138.20,-0.01171,-0.02990
1779372301.3098,plane,3888,28,0.12198,0.11639,0.057149,0.29550,0.16248,61.77,0.04289,-0.03979
1779372301.3098,plane,3888,29,0.50325,0.99634,0.002752,0.49663,0.00532,90.04,-0.03037,0.00063
1779372301.4069,plane,3889,9,0.49514,0.50047,0.033176,0.15660,0.15006,81.71,0.00015,0.00011
1779372301.4069,plane,3889,27,0.90988,0.16728,0.064733,0.39435,0.25923,138.39,0.01169,0.02598
1779372301.4069,plane,3889,28,0.11928,0.11803,0.057192,0.28414,0.15234,62.41,-0.02805,0.01713
1779372301.4069,plane,3889,29,0.49736,0.99646,0.002658,0.50043,0.00690,90.03,-0.06123,0.00120
1779372301.5006,plane,3890,9,0.49514,0.50046,0.033176,0.15657,0.15008,81.53,-0.00007,-0.00010
1779372301.5006,plane,3890,29,0.50232,0.99636,0.002735,0.49164,0.00511,90.07,0.05227,-0.00100
1779372301.5006,plane,3890,49,0.53831,0.14398,0.129922,1.01611,0.71538,86.98,0.00000,0.00000
1779372301.5998,plane,3891,9,0.49514,0.50034,0.033179,0.15658,0.15008,81.31,-0.00002,-0.00119
1779372301.5998,plane,3891,27,0.90853,0.16664,0.065442,0.39696,0.26877,137.64,-0.01376,-0.00662
1779372301.5998,plane,3891,28,0.12168,0.11766,0.058197,0.27480,0.14373,62.24,0.02441,-0.00385
1779372301.5998,plane,3891,29,0.50465,0.99631,0.002777,0.50098,0.00494,90.03,0.02375,-0.00051
1779372301.7084,plane,3892,9,0.49512,0.50034,0.033174,0.15659,0.15005,81.31,-0.00016,-0.00008
1779372301.7084,plane,3892,29,0.50802,0.99625,0.002836,0.52617,0.00458,90.02,0.03077,-0.00061
1779372301.7084,plane,3892,49,0.53819,0.14474,0.126088,1.01724,0.70917,86.35,-0.00109,0.00694
1779372301.8069,plane,3893,9,0.49512,0.50039,0.033159,0.15653,0.15004,81.37,0.00001,0.00053
1779372301.8069,plane,3893,27,0.90815,0.16437,0.064655,0.38463,0.25892,138.59,-0.00394,-0.02302
1779372301.8069,plane,3893,28,0.12021,0.11686,0.057042,0.28161,0.15168,62.03,-0.01487,-0.00810
1779372301.8069,plane,3893,29,0.50739,0.99626,0.002823,0.51567,0.00496,90.03,-0.00646,0.00016
1779372301.9023,plane,3894,9,0.49512,0.50041,0.033161,0.15655,0.15001,81.30,0.00001,0.00027
1779372301.9023,plane,3894,27,0.90946,0.16656,0.064607,0.43384,0.30927,136.24,0.01388,0.02318
1779372301.9023,plane,3894,28,0.11812,0.11840,0.056866,0.28723,0.15655,62.06,-0.02209,0.01628
1779372301.9023,plane,3894,29,0.50681,0.99627,0.002814,0.51772,0.00470,90.02,-0.00611,0.00010
1779372301.9921,plane,3895,9,0.49512,0.50048,0.033156,0.15654,0.14999,81.31,0.00003,0.00071
1779372301.9921,plane,3895,27,0.90739,0.16538,0.065499,0.41158,0.28876,136.79,-0.02282,-0.01309
1779372301.9921,plane,3895,28,0.12234,0.11680,0.057709,0.28248,0.15106,62.21,0.04655,-0.01764
1779372301.9921,plane,3895,29,0.50602,0.99629,0.002799,0.50552,0.00504,90.04,-0.00866,0.00019
1779372302.1073,plane,3896,9,0.49512,0.50046,0.033183,0.15659,0.15009,81.35,-0.00007,-0.00012
1779372302.1073,plane,3896,29,0.50566,0.99630,0.002792,0.50396,0.00506,90.06,-0.00312,0.00007
1779372302.1073,plane,3896,49,0.53781,0.14379,0.129057,1.01503,0.70706,87.27,-0.00327,-0.00827
1779372302.2038,plane,3897,9,0.49512,0.50042,0.033174,0.15658,0.15006,81.44,0.00007,-0.00042
1779372302.2038,plane,3897,29,0.50635,0.99629,0.002803,0.50962,0.00530,90.02,0.00713,-0.00012
1779372302.2038,plane,3897,49,0.53592,0.14423,0.127467,1.01572,0.70947,86.24,-0.01963,0.00452
1779372302.3013,plane,3898,9,0.49511,0.50043,0.033164,0.15653,0.15005,81.19,-0.00008,0.00004
1779372302.3013,plane,3898,27,0.91087,0.16618,0.063675,0.39037,0.25152,140.50,0.03578,0.00825
1779372302.3013,plane,3898,28,0.11785,0.11776,0.056586,0.27233,0.14550,61.90,-0.04622,0.00982
1779372302.3013,plane,3898,29,0.50358,0.99634,0.002755,0.49990,0.00589,90.11,-0.02848,0.00056
1779372302.3986,plane,3899,9,0.49512,0.50036,0.033173,0.15656,0.15005,81.36,0.00004,-0.00073
1779372302.3986,plane,3899,27,0.90936,0.16549,0.064404,0.37959,0.24644,139.59,-0.01568,-0.00714
1779372302.3986,plane,3899,28,0.11896,0.11778,0.057244,0.28126,0.15043,61.98,0.01156,0.00024
1779372302.3986,plane,3899,29,0.50745,0.99626,0.002828,0.51777,0.00460,90.00,0.04015,-0.00087
1779372302.5111,plane,3900,9,0.49513,0.50045,0.033168,0.15657,0.15003,81.34,0.00009,0.00079
1779372302.5111,plane,3900,27,0.91207,0.16780,0.063492,0.40589,0.26622,139.10,0.02388,0.02032
1779372302.5111,plane,3900,28,0.11663,0.11881,0.056995,0.27560,0.14415,62.38,-0.02051,0.00905
1779372302.5111,plane,3900,29,0.50246,0.99636,0.002738,0.49493,0.00544,90.06,-0.04405,0.00092
1779372302.6066,plane,3901,9,0.49512,0.50044,0.033159,0.15655,0.15001,81.13,-0.00006,-0.00009
1779372302.6066,plane,3901,27,0.91355,0.16383,0.060667,0.38750,0.25942,139.20,0.01548,-0.04151
1779372302.6066,plane,3901,28,0.10995,0.11710,0.053138,0.26528,0.14405,61.24,-0.07000,-0.01782
1779372302.6066,plane,3901,29,0.49983,0.99642,0.002692,0.49850,0.00597,90.05,-0.02752,0.00059
1779372302.7024,plane,3902,9,0.49512,0.50038,0.033179,0.15657,0.15008,81.20,0.00002,-0.00062
1779372302.7024,plane,3902,27,0.90992,0.16829,0.065179,0.39953,0.26160,138.29,-0.03786,0.04652
1779372302.7024,plane,3902,28,0.11991,0.11812,0.057465,0.28938,0.15739,62.08,0.10397,0.01057
1779372302.7024,plane,3902,29,0.50373,0.99634,0.002758,0.49846,0.00570,90.06,0.04075,-0.00084
1779372302.7968,plane,3903,9,0.49511,0.50039,0.033166,0.15652,0.15007,81.33,-0.00015,0.00015
1779372302.7968,plane,3903,27,0.91040,0.16638,0.063863,0.40413,0.27596,138.18,0.00512,-0.02018
1779372302.7968,plane,3903,28,0.11645,0.11818,0.056344,0.25740,0.13221,62.44,-0.03669,0.00063
1779372302.7968,plane,3903,29,0.50188,0.99636,0.002736,0.49616,0.00540,90.05,-0.01967,0.00028
1779372302.9099,plane,3904,9,0.49512,0.50036,0.033161,0.15654,0.15003,81.36,0.00006,-0.00025
1779372302.9099,plane,3904,27,0.91204,0.16484,0.062096,0.40272,0.26764,137.54,0.01461,-0.01374
1779372302.9099,plane,3904,28,0.11436,0.11749,0.054689,0.26676,0.14473,61.64,-0.01859,-0.00614
1779372302.9099,plane,3904,29,0.50673,0.99628,0.002809,0.51741,0.00471,90.02,0.04328,-0.00076
1779372303.0083,plane,3905,9,0.49512,0.50037,0.033168,0.15655,0.15007,81.43,0.00004,0.00002
1779372303.0083,plane,3905,27,0.90912,0.16536,0.064382,0.40791,0.28249,137.90,-0.02949,0.00522
1779372303.0083,plane,3905,28,0.11470,0.11886,0.055930,0.25875,0.13165,62.96,0.00342,0.01380
1779372303.0083,plane,3905,29,0.50536,0.99630,0.002791,0.50560,0.00503,90.03,-0.01386,0.00022
1779372303.1011,plane,3906,9,0.49513,0.50042,0.033171,0.15660,0.15003,81.38,0.00005,0.00053
1779372303.1011,plane,3906,27,0.90913,0.16673,0.064960,0.41464,0.28192,137.95,0.00013,0.01480
1779372303.1011,plane,3906,28,0.12135,0.11835,0.058360,0.29679,0.16220,61.96,0.07163,-0.00547
1779372303.1011,plane,3906,29,0.50756,0.99626,0.002828,0.52096,0.00459,90.01,0.02374,-0.00046
1779372303.1988,plane,3907,9,0.49513,0.50040,0.033174,0.15661,0.15003,81.42,0.00004,-0.00020
1779372303.1988,plane,3907,27,0.90955,0.16734,0.065063,0.39662,0.26265,138.16,0.00433,0.00622
1779372303.1988,plane,3907,28,0.11814,0.11765,0.057020,0.27830,0.14674,62.34,-0.03317,-0.00721
1779372303.1988,plane,3907,29,0.50494,0.99631,0.002782,0.49900,0.00496,90.02,-0.02707,0.00053
1779372303.3108,plane,3908,9,0.49513,0.50040,0.033161,0.15654,0.15003,81.39,-0.00003,0.00007
1779372303.3108,plane,3908,27,0.91002,0.16590,0.063953,0.41762,0.28925,137.63,0.00418,-0.01272
1779372303.3108,plane,3908,28,0.11643,0.11887,0.057046,0.28265,0.15069,62.12,-0.01514,0.01083
1779372303.3108,plane,3908,29,0.50614,0.99629,0.002799,0.51165,0.00484,90.01,0.01065,-0.00017
1779372303.4073,plane,3909,9,0.49511,0.50041,0.033162,0.15652,0.15006,81.43,-0.00017,0.00006
1779372303.4073,plane,3909,27,0.91028,0.16692,0.064268,0.41387,0.28531,137.58,0.00272,0.01068
1779372303.4073,plane,3909,28,0.11809,0.11864,0.057566,0.27801,0.14624,62.43,0.01736,-0.00244
1779372303.4073,plane,3909,29,0.50603,0.99629,0.002794,0.51308,0.00522,90.02,-0.00115,0.00006
1779372303.5009,plane,3910,9,0.49511,0.50035,0.033166,0.15654,0.15004,81.40,0.00005,-0.00060
1779372303.5009,plane,3910,29,0.50837,0.99624,0.002845,0.53333,0.00446,89.99,0.02469,-0.00061
1779372303.5009,plane,3910,50,0.53905,0.14329,0.125388,1.00115,0.66603,88.19,0.00000,0.00000
1779372303.5984,plane,3911,9,0.49512,0.50048,0.033161,0.15651,0.15006,81.62,0.00007,0.00132
1779372303.5984,plane,3911,27,0.90831,0.16572,0.065167,0.39985,0.27217,138.34,-0.02027,-0.01238
1779372303.5984,plane,3911,28,0.12085,0.11724,0.057541,0.29526,0.16169,62.09,0.02835,-0.01436
1779372303.5984,plane,3911,29,0.50764,0.99626,0.002826,0.52144,0.00469,90.03,-0.00745,0.00022
1779372303.7115,plane,3912,9,0.49513,0.50047,0.033179,0.15657,0.15011,81.69,0.00008,-0.00012
1779372303.7115,plane,3912,27,0.90679,0.16747,0.067122,0.39347,0.25332,138.71,-0.01352,0.01561
1779372303.7115,plane,3912,28,0.12364,0.11873,0.060074,0.30050,0.16230,62.10,0.02483,0.01333
1779372303.7115,plane,3912,29,0.50523,0.99631,0.002784,0.50356,0.00561,90.04,-0.02151,0.00042
1779372303.8057,plane,3913,9,0.49511,0.50046,0.033166,0.15655,0.15004,81.28,-0.00017,-0.00010
1779372303.8057,plane,3913,27,0.90948,0.16609,0.064404,0.41751,0.28777,136.91,0.02834,-0.01447
1779372303.8057,plane,3913,28,0.11933,0.11775,0.056992,0.28389,0.15244,62.40,-0.04534,-0.01041
1779372303.8057,plane,3913,29,0.50029,0.99640,0.002703,0.49461,0.00591,90.08,-0.05196,0.00103
1779372303.9005,plane,3914,9,0.49511,0.50044,0.033166,0.15652,0.15005,81.28,-0.00005,-0.00023
1779372303.9005,plane,3914,27,0.91038,0.16603,0.063938,0.41587,0.27803,138.56,0.00960,-0.00064
1779372303.9005,plane,3914,28,0.11774,0.11796,0.056580,0.27231,0.14396,62.33,-0.01689,0.00233
1779372303.9005,plane,3914,29,0.50052,0.99640,0.002706,0.49583,0.00540,90.06,0.00243,-0.00004
1779372303.9987,plane,3915,9,0.49511,0.50043,0.033159,0.15653,0.15004,81.15,-0.00002,-0.00006
1779372303.9987,plane,3915,27,0.91323,0.16427,0.061115,0.39087,0.25405,138.76,0.02880,-0.01788
1779372303.9987,plane,3915,28,0.10791,0.11825,0.053021,0.25122,0.13252,61.75,-0.09952,0.00288
1779372303.9987,plane,3915,29,0.49662,0.99647,0.002648,0.49987,0.00792,90.11,-0.03942,0.00074
1779372304.1105,plane,3916,9,0.49510,0.50040,0.033178,0.15657,0.15007,81.07,-0.00009,-0.00026
1779372304.1105,plane,3916,27,0.91004,0.16579,0.063951,0.42127,0.28812,137.60,-0.02851,0.01361
1779372304.1105,plane,3916,28,0.11613,0.11874,0.056566,0.27789,0.14723,62.51,0.07343,0.00441
1779372304.1105,plane,3916,29,0.50223,0.99636,0.002736,0.49475,0.00547,90.06,0.05010,-0.00098
1779372304.2053,plane,3917,9,0.49510,0.50037,0.033174,0.15657,0.15005,81.48,0.00002,-0.00035
1779372304.2053,plane,3917,27,0.91025,0.16809,0.064799,0.42254,0.28680,137.02,0.00226,0.02447
1779372304.2053,plane,3917,28,0.12280,0.11732,0.058545,0.29470,0.15791,62.38,0.07105,-0.01516
1779372304.2053,plane,3917,29,0.50566,0.99629,0.002794,0.50863,0.00478,90.01,0.03658,-0.00073
1779372304.3031,plane,3918,9,0.49511,0.50043,0.033162,0.15653,0.15005,81.45,0.00011,0.00059
1779372304.3031,plane,3918,27,0.90926,0.16532,0.064185,0.39256,0.26908,137.53,-0.01002,-0.02807
1779372304.3031,plane,3918,28,0.11990,0.11656,0.056971,0.28202,0.15078,62.09,-0.02942,-0.00774
1779372304.3031,plane,3918,29,0.50341,0.99635,0.002750,0.49492,0.00583,90.11,-0.02292,0.00054
1779372304.3978,plane,3919,9,0.49512,0.50040,0.033168,0.15653,0.15007,81.21,0.00010,-0.00023
1779372304.3978,plane,3919,27,0.91043,0.16599,0.063748,0.41617,0.29406,137.20,0.01242,0.00712
1779372304.3978,plane,3919,28,0.11657,0.11781,0.056130,0.27011,0.14179,62.17,-0.03530,0.01335
1779372304.3978,plane,3919,29,0.50263,0.99635,0.002747,0.49487,0.00546,90.06,-0.00819,0.00003
1779372304.5124,plane,3920,9,0.49511,0.50041,0.033176,0.15657,0.15008,81.32,-0.00006,0.00003
1779372304.5124,plane,3920,27,0.90609,0.16752,0.067479,0.40160,0.26374,137.29,-0.03782,0.01328
1779372304.5124,plane,3920,28,0.12480,0.11835,0.060194,0.30668,0.16580,62.22,0.07161,0.00470
1779372304.5124,plane,3920,29,0.50605,0.99629,0.002799,0.51015,0.00479,90.02,0.02971,-0.00053
1779372304.6057,plane,3921,9,0.49512,0.50040,0.033169,0.15655,0.15005,81.37,0.00009,-0.00006
1779372304.6057,plane,3921,27,0.90885,0.16575,0.064670,0.40864,0.27356,136.18,0.02949,-0.01886
1779372304.6057,plane,3921,28,0.11967,0.11801,0.057534,0.30300,0.16669,61.96,-0.05470,-0.00362
1779372304.6057,plane,3921,29,0.50202,0.99637,0.002733,0.49262,0.00542,90.07,-0.04297,0.00082
1779372304.7034,plane,3922,9,0.49512,0.50040,0.033173,0.15656,0.15006,81.42,-0.00005,-0.00005
1779372304.7034,plane,3922,27,0.90752,0.16736,0.066289,0.41451,0.27976,137.01,-0.01372,0.01670
1779372304.7034,plane,3922,28,0.11862,0.12004,0.058616,0.28152,0.14622,62.61,-0.01088,0.02101
1779372304.7034,plane,3922,29,0.50652,0.99628,0.002806,0.50800,0.00496,90.05,0.04662,-0.00088
1779372304.7973,plane,3923,9,0.49512,0.50044,0.033183,0.15662,0.15006,81.53,0.00004,0.00040
1779372304.7973,plane,3923,29,0.50286,0.99635,0.002745,0.49495,0.00546,90.06,-0.03848,0.00075
1779372304.7973,plane,3923,51,0.53808,0.14413,0.127287,1.01428,0.70809,87.18,0.00000,0.00000
1779372304.9105,plane,3924,9,0.49512,0.50038,0.033173,0.15658,0.15005,81.56,0.00001,-0.00050
1779372304.9105,plane,3924,27,0.90980,0.16716,0.064690,0.42631,0.29797,136.64,0.02029,-0.00176
1779372304.9105,plane,3924,28,0.12087,0.11837,0.057702,0.30180,0.17387,60.68,0.02004,-0.01494
1779372304.9105,plane,3924,29,0.50485,0.99631,0.002779,0.50062,0.00544,90.08,0.01773,-0.00037
1779372305.0070,plane,3925,9,0.49509,0.50040,0.033184,0.15666,0.15004,81.44,-0.00034,0.00018
1779372305.0070,plane,3925,27,0.91006,0.16656,0.064284,0.38479,0.25397,138.65,0.00268,-0.00615
1779372305.0070,plane,3925,28,0.11973,0.11859,0.057999,0.29248,0.15746,62.40,-0.01175,0.00234
1779372305.0070,plane,3925,29,0.50468,0.99632,0.002772,0.50091,0.00545,90.04,-0.00176,0.00009
1779372305.1027,plane,3926,9,0.49510,0.50037,0.033168,0.15656,0.15004,81.55,0.00018,-0.00025
1779372305.1027,plane,3926,27,0.90999,0.16681,0.064499,0.39888,0.26727,138.17,-0.00079,0.00253
1779372305.1027,plane,3926,28,0.11894,0.11796,0.056761,0.27278,0.14651,62.19,-0.00826,-0.00659
1779372305.1027,plane,3926,29,0.50518,0.99630,0.002786,0.49827,0.00509,90.09,0.00529,-0.00017
1779372305.1979,plane,3927,9,0.49512,0.50036,0.033173,0.15658,0.15005,81.72,0.00011,-0.00009
1779372305.1979,plane,3927,27,0.90884,0.16735,0.065414,0.41959,0.29048,136.76,-0.01218,0.00579
1779372305.1979,plane,3927,28,0.12262,0.11807,0.058873,0.29921,0.16294,61.94,0.03901,0.00110
1779372305.1979,plane,3927,29,0.50808,0.99624,0.002838,0.52612,0.00458,90.02,0.03065,-0.00064
1779372305.3094,plane,3928,9,0.49511,0.50046,0.033176,0.15659,0.15004,81.22,-0.00004,0.00088
1779372305.3094,plane,3928,27,0.90846,0.16687,0.065486,0.42929,0.29515,136.25,-0.00331,-0.00435
1779372305.3094,plane,3928,28,0.11998,0.11898,0.058043,0.27559,0.14706,62.15,-0.02352,0.00815
1779372305.3094,plane,3928,29,0.50661,0.99628,0.002809,0.51201,0.00482,90.02,-0.01309,0.00029
1779372305.4071,plane,3929,9,0.49513,0.50039,0.033171,0.15656,0.15006,81.44,0.00021,-0.00075
1779372305.4071,plane,3929,27,0.90931,0.16601,0.064557,0.39933,0.27058,138.37,0.00873,-0.00881
1779372305.4071,plane,3929,28,0.11871,0.11869,0.057527,0.27915,0.14959,61.67,-0.01311,-0.00299
1779372305.4071,plane,3929,29,0.50755,0.99625,0.002830,0.52096,0.00474,89.99,0.00971,-0.00024
1779372305.5030,plane,3930,9,0.49513,0.50043,0.033168,0.15657,0.15003,81.47,-0.00001,0.00047
1779372305.5030,plane,3930,27,0.91044,0.16587,0.063860,0.40858,0.27022,139.06,0.01165,-0.00148
1779372305.5030,plane,3930,28,0.11870,0.11736,0.056532,0.28122,0.15049,62.22,-0.00009,-0.01379
1779372305.5030,plane,3930,29,0.50353,0.99633,0.002760,0.49736,0.00548,90.04,-0.04164,0.00082
1779372305.6002,plane,3931,9,0.49513,0.50047,0.033162,0.15655,0.15003,81.65,0.00000,0.00033
1779372305.6002,plane,3931,27,0.91005,0.16661,0.064360,0.40852,0.27102,137.98,-0.00393,0.00764
1779372305.6002,plane,3931,28,0.11926,0.11764,0.056949,0.28569,0.15458,62.10,0.00575,0.00293
1779372305.6002,plane,3931,29,0.50660,0.99628,0.002808,0.51085,0.00467,90.02,0.03172,-0.00056
1779372305.7083,plane,3932,9,0.49511,0.50042,0.033186,0.15659,0.15009,81.40,-0.00019,-0.00045
1779372305.7083,plane,3932,27,0.91026,0.16623,0.063985,0.41483,0.28612,137.65,0.00188,-0.00347
1779372305.7083,plane,3932,28,0.11613,0.11786,0.055873,0.26989,0.14277,62.48,-0.02901,0.00200
1779372305.7083,plane,3932,29,0.49763,0.99645,0.002664,0.50239,0.00560,90.01,-0.08321,0.00161
1779372305.8055,plane,3933,9,0.49511,0.50034,0.033173,0.15654,0.15009,81.42,0.00002,-0.00077
1779372305.8055,plane,3933,27,0.91200,0.16501,0.062208,0.38490,0.25453,139.94,0.01776,-0.01249
1779372305.8055,plane,3933,28,0.11396,0.11789,0.054872,0.26436,0.13984,62.30,-0.02222,0.00029
1779372305.8055,plane,3933,29,0.50517,0.99630,0.002786,0.50515,0.00486,90.03,0.07708,-0.00152
1779372305.9029,plane,3934,9,0.49512,0.50036,0.033174,0.15657,0.15005,81.35,0.00006,0.00017
1779372305.9029,plane,3934,27,0.91161,0.16620,0.063036,0.38578,0.25823,138.70,-0.00401,0.01235
1779372305.9029,plane,3934,28,0.11483,0.11792,0.055323,0.27422,0.14663,62.26,0.00906,0.00037
1779372305.9029,plane,3934,29,0.50680,0.99627,0.002814,0.51026,0.00493,90.03,0.01692,-0.00033
1779372306.0002,plane,3935,9,0.49512,0.50039,0.033173,0.15655,0.15007,81.41,0.00003,0.00031
1779372306.0002,plane,3935,27,0.90990,0.16677,0.064362,0.41251,0.28515,137.40,-0.01735,0.00571
1779372306.0002,plane,3935,28,0.11746,0.11878,0.057297,0.27880,0.14602,62.70,0.02679,0.00871
1779372306.0002,plane,3935,29,0.50477,0.99632,0.002774,0.49861,0.00591,90.11,-0.02069,0.00048
1779372306.1082,plane,3936,9,0.49510,0.50034,0.033181,0.15659,0.15007,81.38,-0.00016,-0.00043
1779372306.1082,plane,3936,29,0.50856,0.99623,0.002853,0.54017,0.00426,89.97,0.03507,-0.00084
1779372306.1082,plane,3936,52,0.53896,0.14294,0.124195,1.01063,0.68329,88.26,0.00000,0.00000
1779372306.2080,plane,3937,9,0.49510,0.50036,0.033173,0.15657,0.15006,81.42,0.00003,0.00015
1779372306.2080,plane,3937,27,0.90689,0.16646,0.066488,0.40996,0.27791,136.97,-0.03053,-0.00314
1779372306.2080,plane,3937,28,0.12436,0.11684,0.059163,0.28007,0.14524,62.44,0.06989,-0.01965
1779372306.2080,plane,3937,29,0.50805,0.99624,0.002840,0.53167,0.00452,89.97,-0.00511,0.00015
1779372306.3019,plane,3938,9,0.49513,0.50034,0.033171,0.15658,0.15005,81.11,0.00030,-0.00018
1779372306.3019,plane,3938,29,0.50957,0.99616,0.002918,0.56789,0.00339,89.99,0.01597,-0.00090
1779372306.3019,plane,3938,52,0.53813,0.14439,0.128532,1.01814,0.71710,86.70,-0.00871,0.01521
1779372306.3983,plane,3939,9,0.49518,0.50034,0.033195,0.15671,0.15004,81.41,0.00048,-0.00005
1779372306.3983,plane,3939,27,0.90735,0.16725,0.066554,0.38831,0.25096,138.40,0.00478,0.00823
1779372306.3983,plane,3939,28,0.12664,0.11739,0.060404,0.30600,0.16417,62.29,0.02369,0.00576
1779372306.3983,plane,3939,29,0.50855,0.99623,0.002850,0.53940,0.00445,89.97,-0.01062,0.00077
1779372306.5086,plane,3940,9,0.49516,0.50057,0.033169,0.15662,0.14999,81.19,-0.00018,0.00213
1779372306.5086,plane,3940,29,0.50006,0.99640,0.002706,0.49831,0.00493,90.03,-0.07682,0.00152
1779372306.5086,plane,3940,52,0.53681,0.14431,0.128471,1.01456,0.70710,86.76,-0.01200,-0.00074
1779372306.6064,plane,3941,9,0.49515,0.50040,0.033191,0.15661,0.15012,81.42,-0.00012,-0.00178
1779372306.6064,plane,3941,27,0.90672,0.16824,0.067290,0.39354,0.26224,136.83,-0.00647,0.01022
1779372306.6064,plane,3941,28,0.12548,0.11926,0.060811,0.30041,0.16019,62.55,-0.01183,0.01912
1779372306.6064,plane,3941,29,0.50353,0.99633,0.002760,0.49787,0.00496,90.05,0.03562,-0.00066
1779372306.7031,plane,3942,9,0.49514,0.50041,0.033178,0.15655,0.15010,81.66,-0.00010,0.00018
1779372306.7031,plane,3942,27,0.90711,0.16742,0.066496,0.40655,0.28566,135.73,0.00407,-0.00859
1779372306.7031,plane,3942,28,0.12215,0.11799,0.058429,0.27993,0.15065,61.81,-0.03467,-0.01320
1779372306.7031,plane,3942,29,0.50336,0.99633,0.002760,0.50031,0.00543,90.02,-0.00174,-0.00001
1779372306.7999,plane,3943,9,0.49513,0.50039,0.033168,0.15656,0.15005,81.43,-0.00009,-0.00024
1779372306.7999,plane,3943,27,0.91028,0.16622,0.063990,0.41269,0.27730,137.70,0.03240,-0.01231
1779372306.7999,plane,3943,28,0.11480,0.11869,0.056293,0.26667,0.13806,62.23,-0.07531,0.00719
1779372306.7999,plane,3943,29,0.50666,0.99627,0.002813,0.51193,0.00483,90.02,0.03378,-0.00062
1779372306.9119,plane,3944,9,0.49513,0.50051,0.033176,0.15659,0.15006,81.55,0.00003,0.00110
1779372306.9119,plane,3944,27,0.91034,0.16670,0.064111,0.39676,0.26465,138.41,0.00061,0.00430
1779372306.9119,plane,3944,28,0.11942,0.11791,0.056931,0.28522,0.15371,62.57,0.04126,-0.00694
1779372306.9119,plane,3944,29,0.49763,0.99646,0.002660,0.49866,0.00687,90.06,-0.08071,0.00164
1779372307.0094,plane,3945,9,0.49513,0.50035,0.033181,0.15661,0.15007,81.33,0.00000,-0.00170
1779372307.0094,plane,3945,27,0.90858,0.16814,0.065916,0.42506,0.29926,135.82,-0.01824,0.01493
1779372307.0094,plane,3945,28,0.11831,0.12025,0.058551,0.28426,0.15074,62.36,-0.01142,0.02416
1779372307.0094,plane,3945,29,0.50818,0.99624,0.002842,0.53459,0.00433,89.98,0.10920,-0.00224
1779372307.0997,plane,3946,9,0.49508,0.50038,0.033186,0.15662,0.15007,81.30,-0.00052,0.00034
1779372307.0997,plane,3946,29,0.50631,0.99629,0.002801,0.50576,0.00548,90.05,-0.02051,0.00051
1779372307.0997,plane,3946,52,0.53697,0.14595,0.130539,1.00375,0.69827,87.53,0.00175,0.01794
1779372307.2009,plane,3947,9,0.49510,0.50032,0.033179,0.15661,0.15005,81.27,0.00017,-0.00061
1779372307.2009,plane,3947,27,0.90934,0.16608,0.064736,0.37958,0.24144,138.16,0.00747,-0.02040
1779372307.2009,plane,3947,28,0.12102,0.11792,0.057653,0.27576,0.14576,62.78,0.02682,-0.02306
1779372307.2009,plane,3947,29,0.50731,0.99627,0.002819,0.52337,0.00453,90.00,0.00991,-0.00021
1779372307.3092,plane,3948,9,0.49511,0.50041,0.033168,0.15657,0.15003,81.57,0.00010,0.00080
1779372307.3092,plane,3948,27,0.90880,0.16701,0.065467,0.39471,0.26098,138.44,-0.00494,0.00857
1779372307.3092,plane,3948,28,0.12088,0.11756,0.057770,0.28869,0.15499,62.39,-0.00132,-0.00328
1779372307.3092,plane,3948,29,0.50705,0.99627,0.002816,0.51715,0.00472,90.02,-0.00236,0.00004
1779372307.4081,plane,3949,9,0.49510,0.50038,0.033168,0.15656,0.15005,81.36,-0.00011,-0.00023
1779372307.4081,plane,3949,27,0.91149,0.16480,0.062471,0.41176,0.28574,138.19,0.02714,-0.02226
1779372307.4081,plane,3949,28,0.11272,0.11705,0.054001,0.26722,0.14305,62.13,-0.08243,-0.00519
1779372307.4081,plane,3949,29,0.49977,0.99642,0.002692,0.49722,0.00715,90.10,-0.07358,0.00148
1779372307.5018,plane,3950,9,0.49511,0.50039,0.033154,0.15652,0.15002,81.35,0.00013,0.00003
1779372307.5018,plane,3950,27,0.90906,0.16582,0.064616,0.38611,0.25807,138.51,-0.02604,0.01092
1779372307.5018,plane,3950,28,0.11833,0.11834,0.056873,0.29364,0.16225,61.91,0.06022,0.01382
1779372307.5018,plane,3950,29,0.50890,0.99620,0.002877,0.57296,0.00336,89.98,0.09802,-0.00231
1779372307.5996,plane,3951,9,0.49511,0.50046,0.033161,0.15654,0.15002,81.37,-0.00002,0.00074
1779372307.5996,plane,3951,27,0.91031,0.16760,0.064475,0.42149,0.29895,136.06,0.01268,0.01813
1779372307.5996,plane,3951,28,0.12151,0.11765,0.057575,0.28365,0.15199,62.46,0.03230,-0.00697
1779372307.5996,plane,3951,29,0.50758,0.99625,0.002831,0.51752,0.00471,90.01,-0.01342,0.00052
1779372307.7114,plane,3952,9,0.49511,0.50045,0.033157,0.15654,0.15001,81.32,-0.00005,-0.00005
1779372307.7114,plane,3952,27,0.90947,0.16683,0.064923,0.38400,0.24714,139.09,-0.00759,-0.00697
1779372307.7114,plane,3952,28,0.11952,0.11798,0.057402,0.30010,0.16540,61.91,-0.01790,0.00298
1779372307.7114,plane,3952,29,0.50578,0.99629,0.002794,0.50222,0.00552,90.03,-0.01624,0.00038
1779372307.8076,plane,3953,9,0.49512,0.50039,0.033164,0.15653,0.15006,81.28,0.00012,-0.00061
1779372307.8076,plane,3953,27,0.90963,0.16723,0.064979,0.39161,0.25559,139.07,0.00169,0.00412
1779372307.8076,plane,3953,28,0.12088,0.11813,0.058287,0.28559,0.15170,62.34,0.01404,0.00153
1779372307.8076,plane,3953,29,0.50509,0.99630,0.002789,0.50421,0.00488,90.01,-0.00719,0.00005
1779372307.9029,plane,3954,9,0.49511,0.50043,0.033183,0.15663,0.15006,81.21,-0.00013,0.00034
1779372307.9029,plane,3954,27,0.90656,0.16811,0.067522,0.39880,0.25939,137.20,-0.03207,0.00922
1779372307.9029,plane,3954,28,0.12626,0.11886,0.060616,0.29814,0.16266,61.57,0.05626,0.00767
1779372307.9029,plane,3954,29,0.50726,0.99626,0.002823,0.51459,0.00475,90.02,0.02275,-0.00040
1779372307.9978,plane,3955,9,0.49512,0.50041,0.033168,0.15654,0.15007,81.33,0.00019,-0.00012
1779372307.9978,plane,3955,27,0.90585,0.16423,0.065709,0.48410,0.39536,133.39,-0.00764,-0.04122
1779372307.9978,plane,3955,28,0.11786,0.11868,0.057904,0.27102,0.14055,62.15,-0.08923,-0.00190
1779372307.9978,plane,3955,29,0.50549,0.99630,0.002789,0.49911,0.00526,90.07,-0.01877,0.00041
1779372308.1119,plane,3956,9,0.49513,0.50039,0.033171,0.15655,0.15006,81.46,0.00006,-0.00023
1779372308.1119,plane,3956,27,0.90936,0.16866,0.065733,0.37910,0.24984,137.83,0.03061,0.03862
1779372308.1119,plane,3956,28,0.12064,0.11885,0.058148,0.28483,0.15218,62.59,0.02419,0.00140
1779372308.1119,plane,3956,29,0.50556,0.99630,0.002789,0.50393,0.00542,90.02,0.00061,0.00000
1779372308.2070,plane,3957,9,0.49514,0.50037,0.033181,0.15657,0.15009,81.26,0.00009,-0.00015
1779372308.2070,plane,3957,27,0.90793,0.16853,0.066779,0.41778,0.27474,137.07,-0.01510,-0.00141
1779372308.2070,plane,3957,28,0.12670,0.11715,0.060109,0.29881,0.15902,62.58,0.06418,-0.01794
1779372308.2070,plane,3957,29,0.50654,0.99628,0.002806,0.51023,0.00493,90.03,0.01031,-0.00021
1779372308.3027,plane,3958,9,0.49513,0.50036,0.033174,0.15656,0.15007,81.35,-0.00013,-0.00016
1779372308.3027,plane,3958,27,0.90933,0.16640,0.064845,0.39871,0.25137,137.45,0.01446,-0.02211
1779372308.3027,plane,3958,28,0.11785,0.11877,0.057103,0.27788,0.14744,62.65,-0.09174,0.01676
1779372308.3027,plane,3958,29,0.50615,0.99628,0.002803,0.51687,0.00454,89.99,-0.00406,0.00003
1779372308.3978,plane,3959,9,0.49512,0.50034,0.033169,0.15655,0.15005,81.30,-0.00005,-0.00018
1779372308.3978,plane,3959,27,0.91084,0.16657,0.063802,0.41852,0.28592,138.34,0.01588,0.00178
1779372308.3978,plane,3959,28,0.11898,0.11867,0.057317,0.27949,0.14932,62.42,0.01186,-0.00103
1779372308.3978,plane,3959,29,0.50702,0.99627,0.002816,0.51707,0.00473,90.02,0.00917,-0.00015
1779372308.5117,plane,3960,9,0.49512,0.50034,0.033178,0.15658,0.15006,81.30,-0.00001,-0.00005
1779372308.5117,plane,3960,27,0.90386,0.16772,0.069149,0.41563,0.28730,135.95,-0.06183,0.01022
1779372308.5117,plane,3960,28,0.12739,0.11946,0.062152,0.32685,0.18279,61.45,0.07451,0.00704
1779372308.5117,plane,3960,29,0.50790,0.99625,0.002833,0.52602,0.00459,90.02,0.00784,-0.00017
1779372308.6073,plane,3961,9,0.49511,0.50035,0.033176,0.15660,0.15005,81.51,-0.00014,0.00015
1779372308.6073,plane,3961,27,0.90769,0.16931,0.067201,0.40548,0.26490,137.04,0.03967,0.01653
1779372308.6073,plane,3961,28,0.12369,0.12014,0.060774,0.29946,0.16094,61.87,-0.03835,0.00698
1779372308.6073,plane,3961,29,0.50760,0.99626,0.002828,0.51932,0.00465,90.01,-0.00318,0.00006
1779372308.7021,plane,3962,9,0.49511,0.50040,0.033169,0.15659,0.15003,81.67,0.00001,0.00056
1779372308.7021,plane,3962,27,0.91085,0.16646,0.063656,0.40250,0.27077,138.06,0.03359,-0.03035
1779372308.7021,plane,3962,28,0.11607,0.11837,0.055976,0.27169,0.14619,61.81,-0.08101,-0.01873
1779372308.7021,plane,3962,29,0.50659,0.99628,0.002811,0.51093,0.00491,90.04,-0.01075,0.00021
1779372308.7981,plane,3963,9,0.49512,0.50039,0.033166,0.15656,0.15004,81.50,0.00015,-0.00014
1779372308.7981,plane,3963,27,0.91100,0.16698,0.063800,0.42718,0.29578,136.86,0.00160,0.00539
1779372308.7981,plane,3963,28,0.11840,0.11802,0.056903,0.28780,0.15686,62.01,0.02397,-0.00368
1779372308.7981,plane,3963,29,0.50786,0.99625,0.002835,0.52552,0.00452,90.00,0.01311,-0.00028
1779372308.9105,plane,3964,9,0.49512,0.50042,0.033164,0.15654,0.15006,81.32,-0.00002,0.00030
1779372308.9105,plane,3964,27,0.91092,0.16699,0.063841,0.41113,0.27860,137.80,-0.00068,0.00009
1779372308.9105,plane,3964,28,0.11621,0.11768,0.055810,0.27721,0.14942,62.14,-0.01952,-0.00300
1779372308.9105,plane,3964,29,0.50711,0.99627,0.002818,0.51269,0.00483,90.03,-0.00667,0.00017
1779372309.0063,plane,3965,9,0.49512,0.50043,0.033151,0.15654,0.14998,81.36,-0.00002,0.00009
1779372309.0063,plane,3965,27,0.91241,0.16292,0.061017,0.39619,0.26822,137.15,0.01555,-0.04278
1779372309.0063,plane,3965,28,0.11082,0.11721,0.053374,0.26432,0.14274,61.78,-0.05659,-0.00498
1779372309.0063,plane,3965,29,0.50743,0.99626,0.002825,0.52094,0.00459,90.01,0.00341,-0.00008
1779372309.1030,plane,3966,9,0.49512,0.50048,0.033174,0.15663,0.15000,81.44,0.00001,0.00053
1779372309.1030,plane,3966,27,0.90759,0.16667,0.066081,0.40339,0.27098,137.77,-0.04945,0.03849
1779372309.1030,plane,3966,28,0.12439,0.11797,0.059628,0.30388,0.16788,61.65,0.13946,0.00780
1779372309.1030,plane,3966,29,0.50713,0.99627,0.002819,0.51696,0.00473,90.02,-0.00314,0.00006
1779372309.1980,plane,3967,9,0.49512,0.50047,0.033178,0.15661,0.15005,81.43,0.00003,-0.00018
1779372309.1980,plane,3967,27,0.90816,0.16628,0.065606,0.39689,0.26188,138.04,0.00598,-0.00407
1779372309.1980,plane,3967,28,0.12037,0.11799,0.057756,0.29491,0.16119,62.17,-0.04235,0.00022
1779372309.1980,plane,3967,29,0.50297,0.99635,0.002745,0.49695,0.00569,90.08,-0.04375,0.00091
1779372309.3112,plane,3968,9,0.49511,0.50041,0.033174,0.15655,0.15007,81.29,-0.00007,-0.00050
1779372309.3112,plane,3968,27,0.90689,0.16577,0.066177,0.37964,0.24889,138.83,-0.01120,-0.00451
1779372309.3112,plane,3968,28,0.12477,0.11686,0.058738,0.28023,0.14840,62.34,0.03888,-0.00993
1779372309.3112,plane,3968,29,0.50410,0.99633,0.002764,0.49989,0.00592,90.11,0.01004,-0.00020
1779372309.4065,plane,3969,9,0.49512,0.50041,0.033176,0.15659,0.15006,81.37,0.00010,0.00006
1779372309.4065,plane,3969,27,0.90700,0.16886,0.067349,0.39146,0.25358,137.38,0.00109,0.03244
1779372309.4065,plane,3969,28,0.12592,0.11833,0.060715,0.30200,0.15931,62.85,0.01206,0.01540
1779372309.4065,plane,3969,29,0.50283,0.99635,0.002743,0.49976,0.00596,90.11,-0.01334,0.00025
1779372309.5035,plane,3970,9,0.49512,0.50038,0.033176,0.15655,0.15009,81.25,-0.00005,-0.00037
1779372309.5035,plane,3970,27,0.90855,0.16636,0.065347,0.38102,0.24598,139.50,0.01611,-0.02602
1779372309.5035,plane,3970,28,0.12163,0.11779,0.057900,0.28648,0.15428,62.36,-0.04455,-0.00557
1779372309.5035,plane,3970,29,0.50522,0.99631,0.002784,0.49760,0.00558,90.07,0.02485,-0.00049
1779372309.5990,plane,3971,9,0.49513,0.50036,0.033174,0.15657,0.15007,81.20,0.00015,-0.00020
1779372309.5990,plane,3971,27,0.90957,0.16614,0.064385,0.41097,0.28542,137.14,0.01072,-0.00219
1779372309.5990,plane,3971,28,0.11995,0.11899,0.058363,0.27456,0.14232,62.62,-0.01750,0.01249
1779372309.5990,plane,3971,29,0.50738,0.99626,0.002825,0.51913,0.00466,90.02,0.02251,-0.00049
1779372309.7111,plane,3972,9,0.49513,0.50036,0.033178,0.15660,0.15006,81.31,-0.00006,0.00001
1779372309.7111,plane,3972,27,0.90869,0.16783,0.065859,0.38925,0.25446,138.36,-0.00792,0.01498
1779372309.7111,plane,3972,28,0.12197,0.11883,0.059033,0.28104,0.14715,62.81,0.01802,-0.00143
1779372309.7111,plane,3972,29,0.50716,0.99626,0.002821,0.51088,0.00509,90.02,-0.00196,0.00003
1779372309.8044,plane,3973,9,0.49512,0.50037,0.033174,0.15656,0.15007,81.43,-0.00007,0.00011
1779372309.8044,plane,3973,29,0.50693,0.99627,0.002816,0.51094,0.00480,90.04,-0.00247,0.00006
1779372309.8044,plane,3973,53,0.53649,0.14506,0.129086,1.00832,0.69887,87.34,0.00000,0.00000
1779372309.9027,plane,3974,9,0.49512,0.50038,0.033166,0.15654,0.15005,81.41,0.00003,0.00012
1779372309.9027,plane,3974,27,0.90899,0.16684,0.064980,0.40732,0.27179,135.49,0.00316,-0.01003
1779372309.9027,plane,3974,28,0.12451,0.11667,0.058626,0.28292,0.14716,62.82,0.02589,-0.02205
1779372309.9027,plane,3974,29,0.50503,0.99631,0.002780,0.49790,0.00533,90.06,-0.01945,0.00042
1779372309.9990,plane,3975,9,0.49512,0.50040,0.033159,0.15652,0.15004,81.44,-0.00003,0.00014
1779372309.9990,plane,3975,27,0.90689,0.16459,0.065547,0.38099,0.24942,137.10,-0.02193,-0.02352
1779372309.9990,plane,3975,28,0.12312,0.11654,0.057999,0.29181,0.15741,62.10,-0.01447,-0.00140
1779372309.9990,plane,3975,29,0.50556,0.99630,0.002789,0.50363,0.00561,90.04,0.00558,-0.00011
1779372310.1120,plane,3976,9,0.49512,0.50041,0.033154,0.15654,0.15000,81.35,0.00002,0.00010
1779372310.1120,plane,3976,27,0.91152,0.16325,0.061605,0.42674,0.31083,137.27,0.04063,-0.01177
1779372310.1120,plane,3976,28,0.11350,0.11657,0.054114,0.27477,0.14970,61.92,-0.08449,0.00030
1779372310.1120,plane,3976,29,0.50649,0.99628,0.002809,0.50935,0.00492,90.03,0.00811,-0.00021
1779372310.2066,plane,3977,9,0.49512,0.50042,0.033154,0.15653,0.15001,81.35,-0.00004,0.00011
1779372310.2066,plane,3977,27,0.91338,0.16481,0.061181,0.38189,0.24616,138.81,0.01966,0.01651
1779372310.2066,plane,3977,28,0.11090,0.11774,0.053696,0.26831,0.14399,62.15,-0.02750,0.01234
1779372310.2066,plane,3977,29,0.50482,0.99631,0.002779,0.49739,0.00509,90.04,-0.01766,0.00038
1779372310.3033,plane,3978,9,0.49512,0.50038,0.033161,0.15652,0.15005,81.41,-0.00002,-0.00042
1779372310.3033,plane,3978,27,0.91014,0.16458,0.063310,0.40112,0.26067,136.98,-0.03362,-0.00241
1779372310.3033,plane,3978,28,0.11758,0.11629,0.055430,0.29614,0.16343,61.85,0.06926,-0.01505
1779372310.3033,plane,3978,29,0.50565,0.99630,0.002791,0.50158,0.00568,90.06,0.00862,-0.00014
1779372310.3964,plane,3979,9,0.49512,0.50038,0.033164,0.15653,0.15006,81.34,0.00003,0.00003
1779372310.3964,plane,3979,29,0.50796,0.99625,0.002835,0.52592,0.00459,90.02,0.02480,-0.00054
1779372310.3964,plane,3979,53,0.53823,0.14367,0.126263,1.01334,0.69970,87.34,0.01869,-0.01489
1779372310.5120,plane,3980,9,0.49512,0.50040,0.033157,0.15653,0.15003,81.39,-0.00002,0.00021
1779372310.5120,plane,3980,27,0.91054,0.16682,0.064145,0.41097,0.27793,137.81,0.00350,0.01949
1779372310.5120,plane,3980,28,0.11917,0.11814,0.057710,0.29207,0.15592,62.17,0.01385,0.01613
1779372310.5120,plane,3980,29,0.50749,0.99626,0.002821,0.52683,0.00475,90.00,-0.00413,0.00013
1779372310.6081,plane,3981,9,0.49513,0.50042,0.033159,0.15656,0.15000,81.34,0.00013,0.00016
1779372310.6081,plane,3981,27,0.90933,0.16576,0.064441,0.40855,0.27498,138.47,-0.01255,-0.01100
1779372310.6081,plane,3981,28,0.11953,0.11772,0.056981,0.28994,0.15759,62.19,0.00371,-0.00437
1779372310.6081,plane,3981,29,0.50752,0.99626,0.002828,0.51732,0.00471,90.02,0.00034,-0.00008
1779372310.7028,plane,3982,9,0.49513,0.50042,0.033168,0.15656,0.15003,81.24,0.00001,0.00000
1779372310.7028,plane,3982,27,0.90971,0.16705,0.064692,0.39080,0.26031,138.69,0.00406,0.01358
1779372310.7028,plane,3982,28,0.11890,0.11893,0.057390,0.28994,0.16068,61.49,-0.00656,0.01278
1779372310.7028,plane,3982,29,0.50753,0.99626,0.002825,0.51630,0.00487,90.05,0.00007,0.00004
1779372310.7986,plane,3983,9,0.49511,0.50040,0.033161,0.15652,0.15006,81.34,-0.00017,-0.00017
1779372310.7986,plane,3983,27,0.90992,0.16696,0.064640,0.40087,0.26526,138.87,0.00214,-0.00093
1779372310.7986,plane,3983,28,0.11255,0.11962,0.056224,0.26510,0.13719,61.97,-0.06684,0.00725
1779372310.7986,plane,3983,29,0.50760,0.99626,0.002828,0.51837,0.00481,90.04,0.00083,-0.00004
1779372310.9112,plane,3984,9,0.49509,0.50042,0.033188,0.15661,0.15007,81.29,-0.00024,0.00012
1779372310.9112,plane,3984,27,0.90725,0.16742,0.066608,0.41633,0.28481,136.27,-0.02357,0.00408
1779372310.9112,plane,3984,28,0.12315,0.11845,0.059330,0.29408,0.15812,62.06,0.09358,-0.01034
1779372310.9112,plane,3984,29,0.50727,0.99627,0.002816,0.52583,0.00460,90.02,-0.00294,0.00012
1779372311.0080,plane,3985,9,0.49511,0.50039,0.033174,0.15658,0.15006,81.54,0.00019,-0.00033
1779372311.0080,plane,3985,27,0.90918,0.16589,0.064723,0.41103,0.27597,138.59,0.02012,-0.01591
1779372311.0080,plane,3985,28,0.12034,0.11727,0.057120,0.28793,0.15827,61.69,-0.02933,-0.01236
1779372311.0080,plane,3985,29,0.50707,0.99627,0.002816,0.52046,0.00461,90.01,-0.00212,0.00000
1779372311.1036,plane,3986,9,0.49510,0.50043,0.033179,0.15655,0.15011,81.51,-0.00002,0.00045
1779372311.1036,plane,3986,27,0.90792,0.16754,0.066379,0.39862,0.26208,137.92,-0.01306,0.01708
1779372311.1036,plane,3986,28,0.12099,0.11883,0.058550,0.28879,0.15612,62.07,0.00680,0.01624
1779372311.1036,plane,3986,29,0.50573,0.99629,0.002794,0.50068,0.00525,90.07,-0.01388,0.00026
1779372311.1988,plane,3987,9,0.49510,0.50039,0.033193,0.15664,0.15007,81.28,-0.00003,-0.00040
1779372311.1988,plane,3987,27,0.90785,0.16831,0.066691,0.39533,0.25943,137.16,-0.00076,0.00807
1779372311.1988,plane,3987,28,0.12251,0.11921,0.059418,0.29297,0.15755,62.41,0.01591,0.00391
1779372311.1988,plane,3987,29,0.50580,0.99630,0.002792,0.50436,0.00496,90.08,0.00069,0.00001
1779372311.3115,plane,3988,9,0.49510,0.50040,0.033173,0.15657,0.15006,81.17,0.00003,0.00007
1779372311.3115,plane,3988,27,0.90847,0.16804,0.066010,0.42823,0.29261,136.54,0.00561,-0.00243
1779372311.3115,plane,3988,28,0.12161,0.11898,0.058836,0.28842,0.15328,62.75,-0.00805,-0.00200
1779372311.3115,plane,3988,29,0.50468,0.99631,0.002777,0.50138,0.00519,90.03,-0.01000,0.00016
1779372311.4076,plane,3989,9,0.49513,0.50039,0.033164,0.15655,0.15003,81.36,0.00024,-0.00009
1779372311.4076,plane,3989,27,0.90886,0.16555,0.064653,0.41257,0.27325,136.40,0.00403,-0.02564
1779372311.4076,plane,3989,28,0.11798,0.11776,0.056917,0.26490,0.13851,62.27,-0.03740,-0.01253
1779372311.4076,plane,3989,29,0.49983,0.99642,0.002692,0.49874,0.00687,90.06,-0.04995,0.00106
1779372311.5037,plane,3990,9,0.49512,0.50037,0.033162,0.15653,0.15005,81.36,-0.00008,-0.00018
1779372311.5037,plane,3990,27,0.90990,0.16613,0.064289,0.38648,0.25433,138.54,0.01087,0.00605
1779372311.5037,plane,3990,28,0.11751,0.11704,0.056352,0.27241,0.14304,62.35,-0.00487,-0.00762
1779372311.5037,plane,3990,29,0.50328,0.99634,0.002753,0.49826,0.00494,90.05,0.03623,-0.00078
1779372311.5984,plane,3991,9,0.49512,0.50041,0.033164,0.15655,0.15004,81.54,-0.00001,0.00034
1779372311.5984,plane,3991,27,0.91198,0.16710,0.063173,0.41312,0.27619,135.34,0.02177,0.01025
1779372311.5984,plane,3991,28,0.11460,0.11860,0.055625,0.26877,0.14389,61.92,-0.03052,0.01640
1779372311.5984,plane,3991,29,0.50328,0.99635,0.002750,0.49982,0.00592,90.11,-0.00001,0.00004
1779372311.7111,plane,3992,9,0.49513,0.50042,0.033154,0.15656,0.14999,81.47,0.00007,0.00016
1779372311.7111,plane,3992,27,0.91420,0.16438,0.060447,0.38045,0.24451,139.16,0.01974,-0.02422
1779372311.7111,plane,3992,28,0.11162,0.11694,0.053170,0.27465,0.15031,61.83,-0.02649,-0.01480
1779372311.7111,plane,3992,29,0.50455,0.99633,0.002767,0.50160,0.00602,90.12,0.01128,-0.00017
1779372311.8065,plane,3993,9,0.49511,0.50040,0.033159,0.15652,0.15004,81.44,-0.00015,-0.00027
1779372311.8065,plane,3993,27,0.91049,0.16686,0.064134,0.40140,0.26569,138.37,-0.03880,0.02603
1779372311.8065,plane,3993,28,0.11819,0.11767,0.056608,0.27890,0.14966,61.90,0.06877,0.00767
1779372311.8065,plane,3993,29,0.50669,0.99628,0.002806,0.51113,0.00538,90.04,0.02240,-0.00048
1779372311.9034,plane,3994,9,0.49511,0.50042,0.033173,0.15656,0.15006,81.48,0.00002,0.00023
1779372311.9034,plane,3994,27,0.90975,0.16793,0.065177,0.40859,0.27146,138.06,-0.00768,0.01098
1779372311.9034,plane,3994,28,0.11960,0.11960,0.058139,0.28414,0.15448,61.93,0.01456,0.01995
1779372311.9034,plane,3994,29,0.50762,0.99626,0.002826,0.52893,0.00443,90.00,0.00962,-0.00024
1779372311.9998,plane,3995,9,0.49511,0.50041,0.033166,0.15656,0.15003,81.33,-0.00001,-0.00008
1779372311.9998,plane,3995,27,0.90863,0.16653,0.065264,0.39796,0.26784,137.95,-0.01169,-0.01462
1779372311.9998,plane,3995,28,0.12195,0.11725,0.057941,0.28010,0.14791,62.80,0.02454,-0.02455
1779372311.9998,plane,3995,29,0.50728,0.99626,0.002821,0.52544,0.00453,90.00,-0.00351,0.00006
1779372312.1108,plane,3996,9,0.49508,0.50037,0.033176,0.15662,0.15002,81.48,-0.00027,-0.00040
1779372312.1108,plane,3996,27,0.91084,0.16496,0.062937,0.41906,0.29069,136.15,0.01975,-0.01403
1779372312.1108,plane,3996,28,0.11358,0.11783,0.054828,0.26774,0.14137,62.15,-0.07491,0.00521
1779372312.1108,plane,3996,29,0.50824,0.99624,0.002842,0.53334,0.00446,89.99,0.00860,-0.00021
1779372312.2067,plane,3997,9,0.49511,0.50039,0.033156,0.15649,0.15005,81.53,0.00028,0.00023
1779372312.2067,plane,3997,27,0.91361,0.16453,0.060689,0.44097,0.32542,136.62,0.02888,-0.00453
1779372312.2067,plane,3997,28,0.11198,0.11621,0.053146,0.26993,0.14646,61.83,-0.01666,-0.01691
1779372312.2067,plane,3997,29,0.50300,0.99635,0.002743,0.49583,0.00562,90.09,-0.05469,0.00118
1779372312.3025,plane,3998,9,0.49510,0.50041,0.033151,0.15651,0.15002,81.56,-0.00010,0.00016
1779372312.3025,plane,3998,27,0.91265,0.16438,0.061476,0.38271,0.24722,138.80,-0.00997,-0.00155
1779372312.3025,plane,3998,28,0.11168,0.11790,0.053819,0.27107,0.15017,61.45,-0.00314,0.01769
1779372312.3025,plane,3998,29,0.50255,0.99635,0.002748,0.49331,0.00483,90.05,-0.00468,-0.00006
1779372312.3996,plane,3999,9,0.49511,0.50039,0.033162,0.15654,0.15004,81.37,0.00011,-0.00015
1779372312.3996,plane,3999,27,0.91086,0.16747,0.063999,0.40312,0.27686,137.72,-0.01842,0.03186
1779372312.3996,plane,3999,28,0.11713,0.11822,0.056364,0.27911,0.14971,62.32,0.05613,0.00328
1779372312.3996,plane,3999,29,0.50413,0.99633,0.002767,0.49858,0.00568,90.06,0.01632,-0.00023
1779372312.5121,plane,4000,9,0.49511,0.50039,0.033161,0.15651,0.15006,81.40,0.00001,-0.00005
1779372312.5121,plane,4000,27,0.90893,0.16534,0.064379,0.41552,0.28242,136.05,-0.01728,-0.01908
1779372312.5121,plane,4000,28,0.11709,0.11771,0.056210,0.28816,0.15833,61.80,-0.00036,-0.00457
1779372312.5121,plane,4000,29,0.50375,0.99633,0.002760,0.49656,0.00574,90.09,-0.00339,0.00007
1779372312.6079,plane,4001,9,0.49511,0.50040,0.033166,0.15656,0.15004,81.31,0.00003,0.00018
1779372312.6079,plane,4001,27,0.91035,0.16758,0.064668,0.39838,0.26792,138.20,0.01465,0.02326
1779372312.6079,plane,4001,28,0.11810,0.11843,0.057395,0.27262,0.14255,62.34,0.01047,0.00749
1779372312.6079,plane,4001,29,0.50478,0.99631,0.002777,0.49185,0.00587,90.10,0.01061,-0.00020
1779372312.7013,plane,4002,9,0.49511,0.50039,0.033168,0.15653,0.15007,81.19,-0.00007,-0.00013
1779372312.7013,plane,4002,29,0.50378,0.99633,0.002760,0.49674,0.00537,90.05,-0.01069,0.00021
1779372312.7013,plane,4002,54,0.53770,0.14278,0.124368,1.00659,0.67184,88.33,0.00000,0.00000
1779372312.7997,plane,4003,9,0.49511,0.50037,0.033162,0.15651,0.15006,81.37,0.00004,-0.00019
1779372312.7997,plane,4003,27,0.90989,0.16817,0.065197,0.40314,0.26060,138.08,-0.00464,0.00605
1779372312.7997,plane,4003,28,0.12016,0.11810,0.058256,0.28916,0.15331,62.29,0.02105,-0.00345
1779372312.7997,plane,4003,29,0.50602,0.99630,0.002792,0.50535,0.00504,90.08,0.02288,-0.00039
1779372312.9114,plane,4004,9,0.49513,0.50036,0.033178,0.15661,0.15006,81.18,0.00019,-0.00012
1779372312.9114,plane,4004,27,0.90369,0.16674,0.068821,0.39453,0.26441,137.27,-0.05520,-0.01279
1779372312.9114,plane,4004,28,0.12916,0.11793,0.061868,0.32157,0.17730,61.86,0.08021,-0.00151
1779372312.9114,plane,4004,29,0.50713,0.99627,0.002814,0.51794,0.00507,90.02,0.00988,-0.00023
1779372313.0074,plane,4005,9,0.49511,0.50040,0.033168,0.15654,0.15007,81.16,-0.00022,0.00046
1779372313.0074,plane,4005,27,0.90940,0.16690,0.064758,0.43167,0.30760,136.27,0.05980,0.00174
1779372313.0074,plane,4005,28,0.12185,0.11751,0.057978,0.28254,0.15011,62.40,-0.07667,-0.00432
1779372313.0074,plane,4005,29,0.50529,0.99631,0.002784,0.50287,0.00529,90.04,-0.01924,0.00036
1779372313.1039,plane,4006,9,0.49511,0.50041,0.033176,0.15660,0.15005,81.36,-0.00008,0.00004
1779372313.1039,plane,4006,27,0.91008,0.16927,0.065367,0.42566,0.29414,136.65,0.00702,0.02436
1779372313.1039,plane,4006,28,0.12012,0.11882,0.058239,0.27849,0.14806,62.31,-0.01777,0.01340
1779372313.1039,plane,4006,29,0.50496,0.99631,0.002777,0.50336,0.00541,90.03,-0.00341,0.00009
1779372313.1991,plane,4007,9,0.49511,0.50038,0.033176,0.15656,0.15006,81.25,0.00007,-0.00025
1779372313.1991,plane,4007,27,0.90874,0.16571,0.064818,0.39157,0.26640,138.18,-0.01400,-0.03740
1779372313.1991,plane,4007,28,0.12044,0.11762,0.056871,0.27620,0.15008,62.02,0.00334,-0.01259
1779372313.1991,plane,4007,29,0.50454,0.99631,0.002777,0.50037,0.00494,90.03,-0.00445,-0.00001
1779372313.3113,plane,4008,9,0.49510,0.50037,0.033174,0.15658,0.15005,81.49,-0.00011,-0.00012
1779372313.3113,plane,4008,27,0.91108,0.16730,0.063821,0.42184,0.28897,137.27,0.02082,0.01417
1779372313.3113,plane,4008,28,0.11916,0.11748,0.056617,0.28829,0.15935,61.77,-0.01147,-0.00122
1779372313.3113,plane,4008,29,0.50462,0.99632,0.002774,0.50048,0.00529,90.05,0.00073,0.00005
1779372313.4040,plane,4009,9,0.49512,0.50038,0.033193,0.15669,0.15004,81.45,0.00021,0.00013
1779372313.4040,plane,4009,29,0.50691,0.99627,0.002813,0.51222,0.00501,90.05,0.02464,-0.00049
1779372313.4040,plane,4009,55,0.53696,0.14476,0.128830,1.01206,0.70877,86.74,0.00000,0.00000
1779372313.5033,plane,4010,9,0.49511,0.50039,0.033179,0.15661,0.15005,81.50,-0.00010,0.00009
1779372313.5033,plane,4010,27,0.90885,0.16822,0.065904,0.38195,0.24724,138.42,-0.02241,0.00928
1779372313.5033,plane,4010,28,0.12296,0.11882,0.059104,0.29687,0.16559,60.99,0.03833,0.01347
1779372313.5033,plane,4010,29,0.50585,0.99629,0.002794,0.50383,0.00557,90.04,-0.01068,0.00022
1779372313.6002,plane,4011,9,0.49509,0.50038,0.033171,0.15658,0.15004,81.37,-0.00016,-0.00010
1779372313.6002,plane,4011,27,0.90656,0.16776,0.067369,0.37792,0.24275,138.75,-0.02365,-0.00474
1779372313.6002,plane,4011,28,0.12534,0.11799,0.060201,0.30053,0.16200,62.25,0.02459,-0.00862
1779372313.6002,plane,4011,29,0.50423,0.99632,0.002770,0.49854,0.00534,90.09,-0.01670,0.00028
1779372313.7092,plane,4012,9,0.49511,0.50035,0.033176,0.15657,0.15007,81.28,0.00020,-0.00025
1779372313.7092,plane,4012,29,0.50765,0.99625,0.002830,0.51922,0.00465,90.02,0.03130,-0.00062
1779372313.7092,plane,4012,55,0.53593,0.14339,0.125792,1.01024,0.69473,87.83,-0.00942,-0.01254
1779372313.8073,plane,4013,9,0.49513,0.50041,0.033169,0.15655,0.15006,81.46,0.00011,0.00054
1779372313.8073,plane,4013,27,0.90830,0.16753,0.065913,0.39043,0.26419,137.98,0.01788,-0.00232
1779372313.8073,plane,4013,28,0.12269,0.11923,0.059455,0.30952,0.17207,61.76,-0.02729,0.01279
1779372313.8073,plane,4013,29,0.50817,0.99624,0.002840,0.53353,0.00429,90.01,0.00535,-0.00012
1779372313.9041,plane,4014,9,0.49511,0.50042,0.033152,0.15651,0.15002,81.30,-0.00018,0.00020
1779372313.9041,plane,4014,27,0.91184,0.16580,0.062597,0.41473,0.27826,136.36,0.03619,-0.01772
1779372313.9041,plane,4014,28,0.11308,0.11809,0.054637,0.26581,0.14401,61.57,-0.09833,-0.01166
1779372313.9041,plane,4014,29,0.50621,0.99629,0.002801,0.50549,0.00504,90.04,-0.01998,0.00045
1779372313.9994,plane,4015,9,0.49510,0.50042,0.033166,0.15657,0.15001,81.30,-0.00009,0.00000
1779372313.9994,plane,4015,27,0.91016,0.16655,0.064170,0.41382,0.28332,137.14,-0.01779,0.00790
1779372313.9994,plane,4015,28,0.11944,0.11744,0.056839,0.27475,0.14570,62.41,0.06740,-0.00689
1779372313.9994,plane,4015,29,0.50766,0.99625,0.002830,0.51887,0.00467,90.02,0.01527,-0.00035
1779372314.1120,plane,4016,9,0.49509,0.50043,0.033179,0.15662,0.15004,81.32,-0.00005,0.00003
1779372314.1120,plane,4016,27,0.90767,0.16881,0.067054,0.40317,0.26619,137.49,-0.02193,0.01991
1779372314.1120,plane,4016,28,0.12460,0.11789,0.059487,0.28871,0.15506,62.02,0.04544,0.00400
1779372314.1120,plane,4016,29,0.50711,0.99627,0.002818,0.51238,0.00499,90.05,-0.00476,0.00012
1779372314.2068,plane,4017,9,0.49510,0.50043,0.033173,0.15655,0.15007,81.07,0.00009,0.00000
1779372314.2068,plane,4017,27,0.90988,0.16628,0.064192,0.39915,0.27433,137.79,0.02334,-0.02668
1779372314.2068,plane,4017,28,0.11769,0.11807,0.056515,0.27621,0.14975,61.91,-0.07292,0.00182
1779372314.2068,plane,4017,29,0.50550,0.99630,0.002789,0.50720,0.00478,90.03,-0.01700,0.00035
1779372314.3040,plane,4018,9,0.49511,0.50040,0.033171,0.15655,0.15007,81.29,0.00003,-0.00027
1779372314.3040,plane,4018,27,0.90926,0.16370,0.063638,0.40272,0.27102,137.16,-0.00648,-0.02677
1779372314.3040,plane,4018,28,0.12001,0.11536,0.056373,0.29524,0.15701,62.69,0.02412,-0.02810
1779372314.3040,plane,4018,29,0.50496,0.99631,0.002780,0.50807,0.00537,90.03,-0.00565,0.00009
1779372314.3997,plane,4019,9,0.49511,0.50036,0.033159,0.15652,0.15005,81.32,0.00005,-0.00044
1779372314.3997,plane,4019,27,0.91201,0.16537,0.062239,0.41232,0.28334,136.34,0.02852,0.01727
1779372314.3997,plane,4019,28,0.11143,0.11778,0.054069,0.26236,0.14142,61.39,-0.08873,0.02498
1779372314.3997,plane,4019,29,0.50247,0.99635,0.002745,0.49637,0.00538,90.04,-0.02570,0.00044
1779372314.5120,plane,4020,9,0.49511,0.50037,0.033174,0.15655,0.15008,81.11,0.00000,0.00006
1779372314.5120,plane,4020,27,0.90851,0.16647,0.065274,0.39301,0.26702,137.92,-0.03147,0.00984
1779372314.5120,plane,4020,28,0.12050,0.11804,0.057885,0.28208,0.15144,62.23,0.08137,0.00237
1779372314.5120,plane,4020,29,0.50729,0.99626,0.002821,0.51473,0.00475,90.02,0.04318,-0.00079
1779372314.6082,plane,4021,9,0.49511,0.50043,0.033176,0.15658,0.15007,81.21,-0.00001,0.00070
1779372314.6082,plane,4021,27,0.90757,0.16706,0.066264,0.39143,0.25733,138.42,-0.00960,0.00606
1779372314.6082,plane,4021,28,0.12203,0.11846,0.059099,0.30111,0.16056,62.66,0.01569,0.00432
1779372314.6082,plane,4021,29,0.50457,0.99632,0.002774,0.50251,0.00513,90.07,-0.02797,0.00057
1779372314.7037,plane,4022,9,0.49513,0.50035,0.033176,0.15660,0.15006,81.27,0.00026,-0.00093
1779372314.7037,plane,4022,27,0.90792,0.16760,0.066220,0.42461,0.28965,137.01,0.00363,0.00571
1779372314.7037,plane,4022,28,0.12438,0.11682,0.058631,0.29193,0.15979,61.66,0.02473,-0.01719
1779372314.7037,plane,4022,29,0.50645,0.99629,0.002803,0.51105,0.00538,90.04,0.01967,-0.00035
1779372314.7991,plane,4023,9,0.49510,0.50043,0.033178,0.15660,0.15006,81.27,-0.00035,0.00085
1779372314.7991,plane,4023,27,0.90611,0.16705,0.067245,0.40067,0.27180,136.72,-0.01890,-0.00568
1779372314.7991,plane,4023,28,0.12571,0.11719,0.059745,0.31667,0.17428,62.25,0.01385,0.00381
1779372314.7991,plane,4023,29,0.50523,0.99631,0.002779,0.50151,0.00583,90.13,-0.01270,0.00029
1779372314.9103,plane,4024,9,0.49511,0.50033,0.033176,0.15659,0.15005,81.30,0.00008,-0.00085
1779372314.9103,plane,4024,27,0.90977,0.16583,0.064246,0.39745,0.25217,138.04,0.03297,-0.01102
1779372314.9103,plane,4024,28,0.11804,0.11810,0.057009,0.28351,0.14942,62.79,-0.06894,0.00824
1779372314.9103,plane,4024,29,0.50590,0.99629,0.002794,0.50440,0.00539,90.02,0.00600,-0.00016
1779372315.0070,plane,4025,9,0.49510,0.50038,0.033171,0.15657,0.15004,81.57,-0.00012,0.00050
1779372315.0070,plane,4025,27,0.91685,0.16417,0.058221,0.40838,0.29345,136.62,0.07357,-0.01727
1779372315.0070,plane,4025,28,0.11020,0.11727,0.052901,0.24988,0.13141,62.22,-0.08154,-0.00863
1779372315.0070,plane,4025,29,0.50474,0.99631,0.002780,0.50103,0.00522,90.07,-0.01206,0.00015
1779372315.1038,plane,4026,9,0.49509,0.50036,0.033161,0.15652,0.15005,81.55,-0.00007,-0.00024
1779372315.1038,plane,4026,27,0.91220,0.16566,0.062503,0.38654,0.24593,138.52,-0.04771,0.01530
1779372315.1038,plane,4026,28,0.11347,0.11715,0.054447,0.26750,0.14271,62.24,0.03352,-0.00131
1779372315.1038,plane,4026,29,0.50507,0.99631,0.002780,0.49779,0.00597,90.09,0.00343,0.00001
1779372315.1990,plane,4027,9,0.49511,0.50032,0.033178,0.15658,0.15007,81.35,0.00024,-0.00037
1779372315.1990,plane,4027,27,0.90828,0.16602,0.065167,0.41784,0.29288,136.67,-0.04121,0.00378
1779372315.1990,plane,4027,28,0.12270,0.11737,0.058336,0.27975,0.14818,62.33,0.09701,0.00233
1779372315.1990,plane,4027,29,0.50737,0.99626,0.002823,0.52091,0.00459,90.01,0.02415,-0.00051
1779372315.3118,plane,4028,9,0.49511,0.50041,0.033168,0.15656,0.15005,81.40,-0.00001,0.00075
1779372315.3118,plane,4028,27,0.90698,0.16521,0.065745,0.41389,0.29621,137.02,-0.01152,-0.00712
1779372315.3118,plane,4028,28,0.12066,0.11763,0.057995,0.28722,0.15438,61.90,-0.01812,0.00233
1779372315.3118,plane,4028,29,0.50493,0.99631,0.002777,0.50093,0.00581,90.08,-0.02162,0.00046
1779372315.4072,plane,4029,9,0.49513,0.50039,0.033166,0.15656,0.15004,81.57,0.00018,-0.00017
1779372315.4072,plane,4029,27,0.90853,0.16637,0.065475,0.39658,0.25487,136.80,0.01627,0.01213
1779372315.4072,plane,4029,28,0.12300,0.11701,0.058348,0.29800,0.15827,62.92,0.02465,-0.00657
1779372315.4072,plane,4029,29,0.50638,0.99628,0.002804,0.50195,0.00511,90.04,0.01517,-0.00032
1779372315.5034,plane,4030,9,0.49512,0.50040,0.033157,0.15654,0.15004,81.51,-0.00012,0.00009
1779372315.5034,plane,4030,27,0.91017,0.16678,0.064214,0.41047,0.28093,137.40,0.01722,0.00432
1779372315.5034,plane,4030,28,0.11621,0.11936,0.056600,0.27043,0.14532,62.07,-0.07123,0.02465
1779372315.5034,plane,4030,29,0.50559,0.99630,0.002791,0.50770,0.00492,90.01,-0.00825,0.00015
1779372315.6001,plane,4031,9,0.49513,0.50040,0.033173,0.15657,0.15006,81.45,0.00017,0.00006
1779372315.6001,plane,4031,27,0.91124,0.16599,0.062915,0.39632,0.27716,137.13,0.01100,-0.00812
1779372315.6001,plane,4031,28,0.12215,0.11720,0.057570,0.28305,0.15224,62.08,0.06098,-0.02212
1779372315.6001,plane,4031,29,0.50724,0.99626,0.002823,0.51701,0.00481,89.99,0.01696,-0.00037
1779372315.7086,plane,4032,9,0.49513,0.50038,0.033173,0.15655,0.15006,81.28,-0.00004,-0.00018
1779372315.7086,plane,4032,29,0.50738,0.99626,0.002825,0.51210,0.00502,90.05,0.00123,-0.00002
1779372315.7086,plane,4032,56,0.53720,0.14398,0.129968,1.00425,0.68233,87.07,0.00000,0.00000
1779372315.8061,plane,4033,9,0.49512,0.50040,0.033171,0.15658,0.15004,81.67,-0.00009,0.00012
1779372315.8061,plane,4033,29,0.50760,0.99626,0.002828,0.51825,0.00482,90.04,0.00231,-0.00004
1779372315.8061,plane,4033,56,0.54017,0.14227,0.126253,1.00784,0.67788,88.20,0.03046,-0.01756
1779372315.9034,plane,4034,9,0.49512,0.50039,0.033166,0.15655,0.15006,81.40,0.00003,-0.00002
1779372315.9034,plane,4034,27,0.90813,0.16720,0.065950,0.40163,0.26461,138.21,-0.03216,0.01254
1779372315.9034,plane,4034,28,0.12100,0.11792,0.058572,0.27818,0.14228,62.93,-0.01190,0.00741
1779372315.9034,plane,4034,29,0.50867,0.99623,0.002853,0.53437,0.00497,89.95,0.01100,-0.00029
1779372315.9973,plane,4035,9,0.49512,0.50041,0.033169,0.15656,0.15006,81.39,-0.00007,0.00022
1779372315.9973,plane,4035,29,0.50805,0.99624,0.002838,0.53167,0.00438,89.99,-0.00660,0.00018
1779372315.9973,plane,4035,56,0.53910,0.14396,0.124798,1.00485,0.67966,88.31,-0.01145,0.01810
1779372316.1119,plane,4036,9,0.49513,0.50038,0.033174,0.15656,0.15007,81.28,0.00010,-0.00028
1779372316.1119,plane,4036,27,0.90935,0.16351,0.063346,0.41805,0.29578,137.64,0.01061,-0.03211
1779372316.1119,plane,4036,28,0.12573,0.11607,0.058785,0.31142,0.17560,61.22,0.04101,-0.01600
1779372316.1119,plane,4036,29,0.50741,0.99626,0.002825,0.52583,0.00451,90.00,-0.00555,0.00013
1779372316.2068,plane,4037,9,0.49511,0.50039,0.033164,0.15655,0.15004,81.38,-0.00021,0.00011
1779372316.2068,plane,4037,27,0.91073,0.16652,0.063961,0.40281,0.26209,138.81,0.01452,0.03168
1779372316.2068,plane,4037,28,0.11784,0.11832,0.057042,0.28281,0.15281,61.60,-0.08289,0.02360
1779372316.2068,plane,4037,29,0.50537,0.99630,0.002787,0.50365,0.00504,90.05,-0.02145,0.00045
1779372316.3016,plane,4038,9,0.49512,0.50041,0.033179,0.15658,0.15007,81.33,0.00012,0.00023
1779372316.3016,plane,4038,29,0.50838,0.99624,0.002845,0.53924,0.00446,89.97,0.03202,-0.00070
1779372316.3016,plane,4038,56,0.53730,0.14375,0.127582,1.01458,0.70670,87.41,-0.01922,-0.00220
1779372316.3978,plane,4039,9,0.49512,0.50041,0.033178,0.15660,0.15006,81.46,0.00000,-0.00008
1779372316.3978,plane,4039,29,0.50746,0.99626,0.002826,0.51743,0.00471,90.01,-0.00947,0.00022
1779372316.3978,plane,4039,56,0.53643,0.14355,0.126102,1.00691,0.68298,87.91,-0.00891,-0.00213
1779372316.5108,plane,4040,9,0.49513,0.50036,0.033173,0.15656,0.15007,81.26,0.00008,-0.00039
1779372316.5108,plane,4040,27,0.90735,0.16582,0.065862,0.39086,0.25173,136.88,-0.02995,-0.00620
1779372316.5108,plane,4040,28,0.12439,0.11652,0.058584,0.28985,0.15487,62.40,0.05798,-0.01594
1779372316.5108,plane,4040,29,0.50663,0.99628,0.002808,0.50675,0.00503,90.06,-0.00732,0.00019
1779372316.6070,plane,4041,9,0.49513,0.50042,0.033166,0.15656,0.15003,81.44,0.00000,0.00058
1779372316.6070,plane,4041,27,0.90983,0.16745,0.064726,0.40310,0.27151,137.39,0.02599,0.01712
1779372316.6070,plane,4041,28,0.11915,0.11801,0.057278,0.28338,0.15074,62.42,-0.05488,0.01559
1779372316.6070,plane,4041,29,0.50645,0.99628,0.002806,0.51435,0.00486,90.02,-0.00194,0.00001
1779372316.7041,plane,4042,9,0.49511,0.50045,0.033174,0.15658,0.15005,81.21,-0.00020,0.00033
1779372316.7041,plane,4042,27,0.90875,0.16839,0.066157,0.40718,0.26526,137.92,-0.01114,0.00966
1779372316.7041,plane,4042,28,0.12019,0.11914,0.058743,0.27537,0.14054,63.12,0.01070,0.01161
1779372316.7041,plane,4042,29,0.50238,0.99636,0.002740,0.50029,0.00521,90.03,-0.04181,0.00080
1779372316.7999,plane,4043,9,0.49512,0.50040,0.033168,0.15654,0.15006,81.38,0.00014,-0.00050
1779372316.7999,plane,4043,27,0.90876,0.16678,0.065214,0.40919,0.28122,137.48,0.00016,-0.01695
1779372316.7999,plane,4043,28,0.11972,0.11745,0.056786,0.27857,0.15123,61.97,-0.00496,-0.01768
1779372316.7999,plane,4043,29,0.50435,0.99633,0.002767,0.50057,0.00540,90.08,0.02067,-0.00034
1779372316.9093,plane,4044,9,0.49513,0.50040,0.033198,0.15667,0.15008,81.51,0.00008,0.00000
1779372316.9093,plane,4044,29,0.50415,0.99633,0.002765,0.50094,0.00579,90.07,-0.00180,0.00002
1779372316.9093,plane,4044,56,0.53724,0.14443,0.128016,1.01330,0.70386,87.04,0.00732,0.00808
1779372317.0067,plane,4045,9,0.49512,0.50038,0.033166,0.15656,0.15004,81.47,-0.00014,-0.00024
1779372317.0067,plane,4045,27,0.90981,0.16592,0.064192,0.39589,0.26518,138.34,0.01078,-0.00878
1779372317.0067,plane,4045,28,0.11646,0.11871,0.056729,0.26987,0.14134,62.13,-0.03347,0.01298
1779372317.0067,plane,4045,29,0.50514,0.99630,0.002786,0.50180,0.00552,90.03,0.01020,-0.00025
1779372317.1027,plane,4046,9,0.49512,0.50039,0.033162,0.15653,0.15004,81.33,-0.00003,0.00008
1779372317.1027,plane,4046,27,0.91042,0.16667,0.064136,0.41755,0.28069,137.97,0.00636,0.00785
1779372317.1027,plane,4046,28,0.11719,0.11811,0.056325,0.27466,0.14643,62.26,0.00767,-0.00625
1779372317.1027,plane,4046,29,0.50478,0.99632,0.002775,0.50384,0.00537,90.03,-0.00375,0.00012
1779372317.1997,plane,4047,9,0.49513,0.50039,0.033176,0.15657,0.15008,81.58,0.00009,0.00007
1779372317.1997,plane,4047,27,0.90655,0.16714,0.067095,0.38150,0.24989,138.17,-0.04000,0.00481
1779372317.1997,plane,4047,28,0.12674,0.11729,0.060362,0.29030,0.15155,62.97,0.09866,-0.00854
1779372317.1997,plane,4047,29,0.50556,0.99630,0.002792,0.50345,0.00504,90.05,0.00801,-0.00020
1779372317.3118,plane,4048,9,0.49511,0.50038,0.033174,0.15661,0.15004,81.52,-0.00016,-0.00007
1779372317.3118,plane,4048,27,0.90927,0.16770,0.065299,0.40707,0.28073,137.00,0.02443,0.00505
1779372317.3118,plane,4048,28,0.12128,0.11846,0.058687,0.30339,0.16218,62.89,-0.04912,0.01054
1779372317.3118,plane,4048,29,0.50482,0.99632,0.002775,0.50369,0.00560,90.04,-0.00660,0.00019
1779372317.4075,plane,4049,9,0.49511,0.50034,0.033178,0.15658,0.15005,81.45,-0.00002,-0.00042
1779372317.4075,plane,4049,27,0.90882,0.16838,0.065967,0.40210,0.26841,137.36,-0.00458,0.00700
1779372317.4075,plane,4049,28,0.12066,0.11848,0.058519,0.30224,0.16581,61.87,-0.00637,0.00019
1779372317.4075,plane,4049,29,0.50841,0.99624,0.002847,0.53161,0.00443,90.00,0.03713,-0.00084
1779372317.5032,plane,4050,9,0.49511,0.50037,0.033166,0.15655,0.15004,81.44,0.00005,0.00030
1779372317.5032,plane,4050,27,0.90973,0.16495,0.063775,0.39076,0.25708,137.56,0.00950,-0.03583
1779372317.5032,plane,4050,28,0.11647,0.11859,0.056758,0.27067,0.14163,62.13,-0.04373,0.00116
1779372317.5032,plane,4050,29,0.50855,0.99623,0.002850,0.53940,0.00445,89.97,0.00142,-0.00004
1779372317.5985,plane,4051,9,0.49510,0.50036,0.033178,0.15661,0.15004,81.59,-0.00016,-0.00011
1779372317.5985,plane,4051,27,0.90840,0.16713,0.065608,0.39302,0.26395,138.74,-0.01407,0.02311
1779372317.5985,plane,4051,28,0.12205,0.11792,0.058317,0.30162,0.16628,62.03,0.05899,-0.00708
1779372317.5985,plane,4051,29,0.50880,0.99622,0.002862,0.56126,0.00379,89.95,0.00262,-0.00014
1779372317.7117,plane,4052,9,0.49512,0.50046,0.033173,0.15660,0.15003,81.51,0.00022,0.00084
1779372317.7117,plane,4052,27,0.90736,0.16693,0.066249,0.41175,0.28174,136.99,-0.00914,-0.00174
1779372317.7117,plane,4052,28,0.12504,0.11670,0.059079,0.30202,0.16297,62.51,0.02619,-0.01072
1779372317.7117,plane,4052,29,0.50831,0.99624,0.002847,0.54356,0.00401,89.97,-0.00426,0.00015
1779372317.8080,plane,4053,9,0.49513,0.50045,0.033186,0.15659,0.15011,81.54,0.00004,-0.00014
1779372317.8080,plane,4053,27,0.90748,0.16929,0.067407,0.41551,0.27480,137.05,0.00125,0.02471
1779372317.8080,plane,4053,28,0.12228,0.11972,0.059960,0.28983,0.14944,63.00,-0.02886,0.03170
1779372317.8080,plane,4053,29,0.50676,0.99627,0.002813,0.51243,0.00477,90.02,-0.01630,0.00039
1779372317.9039,plane,4054,9,0.49512,0.50043,0.033169,0.15654,0.15006,81.23,-0.00010,-0.00017
1779372317.9039,plane,4054,27,0.90824,0.16519,0.064835,0.40700,0.28205,137.34,0.00783,-0.04236
1779372317.9039,plane,4054,28,0.12275,0.11712,0.058253,0.28853,0.15627,61.83,0.00483,-0.02691
1779372317.9039,plane,4054,29,0.50693,0.99627,0.002814,0.51748,0.00471,90.02,0.00177,-0.00001
1779372317.9985,plane,4055,9,0.49511,0.50041,0.033174,0.15656,0.15006,81.45,-0.00002,-0.00018
1779372317.9985,plane,4055,27,0.90907,0.16693,0.065262,0.40322,0.26332,138.40,0.00873,0.01834
1779372317.9985,plane,4055,28,0.12210,0.11820,0.058762,0.30902,0.16755,62.54,-0.00688,0.01143
1779372317.9985,plane,4055,29,0.50430,0.99632,0.002774,0.50254,0.00482,90.01,-0.02781,0.00049
1779372318.1119,plane,4056,9,0.49512,0.50038,0.033166,0.15653,0.15006,81.37,0.00006,-0.00024
1779372318.1119,plane,4056,27,0.91037,0.16416,0.062902,0.39092,0.26548,138.39,0.01163,-0.02465
1779372318.1119,plane,4056,28,0.11721,0.11674,0.055579,0.27982,0.15447,61.21,-0.04361,-0.01305
1779372318.1119,plane,4056,29,0.50463,0.99632,0.002775,0.49947,0.00526,90.08,0.00294,-0.00002
1779372318.2079,plane,4057,9,0.49512,0.50040,0.033174,0.15652,0.15010,81.07,-0.00003,0.00019
1779372318.2079,plane,4057,27,0.90772,0.16494,0.065296,0.39772,0.26488,139.13,-0.02729,0.00796
1779372318.2079,plane,4057,28,0.12169,0.11741,0.058253,0.27914,0.14708,62.27,0.04611,0.00694
1779372318.2079,plane,4057,29,0.50650,0.99628,0.002809,0.50538,0.00505,90.04,0.01926,-0.00039
1779372318.3054,plane,4058,9,0.49511,0.50039,0.033169,0.15654,0.15006,81.28,-0.00009,-0.00014
1779372318.3054,plane,4058,27,0.90941,0.16670,0.064830,0.38523,0.24903,139.38,0.01757,0.01829
1779372318.3054,plane,4058,28,0.11496,0.11920,0.056424,0.27881,0.14928,62.19,-0.06990,0.01860
1779372318.3054,plane,4058,29,0.50628,0.99628,0.002806,0.50545,0.00504,90.04,-0.00231,0.00004
1779372318.4024,plane,4059,9,0.49511,0.50039,0.033179,0.15659,0.15007,81.27,-0.00002,0.00001
1779372318.4024,plane,4059,27,0.90985,0.16643,0.064450,0.41447,0.28025,137.35,0.00446,-0.00275
1779372318.4024,plane,4059,28,0.11832,0.11873,0.057565,0.28982,0.15514,62.39,0.03436,-0.00483
1779372318.4024,plane,4059,29,0.50546,0.99630,0.002787,0.50254,0.00525,90.06,-0.00837,0.00022
1779372318.5105,plane,4060,9,0.49512,0.50039,0.033184,0.15658,0.15008,81.34,0.00009,0.00002
1779372318.5105,plane,4060,27,0.91025,0.16879,0.065096,0.39972,0.26612,137.62,0.00373,0.02175
1779372318.5105,plane,4060,28,0.12045,0.11876,0.058212,0.28608,0.15396,62.18,0.01961,0.00028
1779372318.5105,plane,4060,29,0.50672,0.99628,0.002808,0.51522,0.00510,90.01,0.01168,-0.00022
1779372318.6058,plane,4061,9,0.49513,0.50041,0.033174,0.15657,0.15007,81.30,0.00012,0.00019
1779372318.6058,plane,4061,27,0.90855,0.16648,0.065294,0.42714,0.30215,136.57,-0.01807,-0.02449
1779372318.6058,plane,4061,28,0.12009,0.11836,0.057905,0.27428,0.14368,62.73,-0.00379,-0.00423
1779372318.6058,plane,4061,29,0.50463,0.99632,0.002774,0.49495,0.00594,90.11,-0.02215,0.00041
1779372318.7050,plane,4062,9,0.49513,0.50039,0.033179,0.15658,0.15008,81.35,0.00002,-0.00017
1779372318.7050,plane,4062,27,0.91035,0.16821,0.064840,0.42185,0.28423,137.16,0.01811,0.01736
1779372318.7050,plane,4062,28,0.11985,0.11831,0.057805,0.29129,0.15588,62.69,-0.00244,-0.00049
1779372318.7050,plane,4062,29,0.50426,0.99632,0.002769,0.49824,0.00546,90.06,-0.00375,0.00006
1779372318.7991,plane,4063,9,0.49514,0.50035,0.033178,0.15661,0.15005,81.28,0.00014,-0.00052
1779372318.7991,plane,4063,27,0.90778,0.16678,0.065933,0.40777,0.27888,137.46,-0.02742,-0.01522
1779372318.7991,plane,4063,28,0.11946,0.11856,0.058295,0.32991,0.19524,60.00,-0.00417,0.00268
1779372318.7991,plane,4063,29,0.50812,0.99624,0.002838,0.52874,0.00450,90.01,0.04121,-0.00084
1779372318.9003,plane,4064,9,0.49511,0.50036,0.033178,0.15660,0.15005,81.39,-0.00033,0.00013
1779372318.9003,plane,4064,27,0.90790,0.16956,0.067273,0.38317,0.24034,138.82,0.00120,0.02723
1779372318.9003,plane,4064,28,0.12700,0.11843,0.060842,0.29112,0.15525,62.58,0.07387,-0.00129
1779372318.9003,plane,4064,29,0.50797,0.99625,0.002835,0.52747,0.00459,90.00,-0.00142,0.00004
1779372319.0069,plane,4065,9,0.49513,0.50040,0.033166,0.15657,0.15004,81.58,0.00016,0.00036
1779372319.0069,plane,4065,27,0.90836,0.16788,0.066104,0.39743,0.26469,137.41,0.00428,-0.01576
1779372319.0069,plane,4065,28,0.12053,0.11857,0.058721,0.30999,0.17376,61.20,-0.06083,0.00128
1779372319.0069,plane,4065,29,0.50662,0.99628,0.002809,0.50715,0.00496,90.03,-0.01273,0.00027
1779372319.1033,plane,4066,9,0.49513,0.50036,0.033171,0.15655,0.15005,81.40,0.00004,-0.00042
1779372319.1033,plane,4066,27,0.90758,0.16698,0.066289,0.42263,0.28881,137.18,-0.00817,-0.00948
1779372319.1033,plane,4066,28,0.12291,0.11790,0.058689,0.28599,0.15139,62.96,0.02491,-0.00702
1779372319.1033,plane,4066,29,0.50673,0.99627,0.002813,0.51503,0.00474,90.02,0.00113,-0.00005
1779372319.1996,plane,4067,9,0.49513,0.50044,0.033159,0.15658,0.14999,81.39,0.00001,0.00087
1779372319.1996,plane,4067,27,0.90953,0.16726,0.064953,0.40259,0.27533,137.11,0.02007,0.00296
1779372319.1996,plane,4067,28,0.12310,0.11729,0.058606,0.28244,0.15051,62.13,0.00190,-0.00617
1779372319.1996,plane,4067,29,0.50736,0.99626,0.002825,0.51736,0.00471,90.01,0.00654,-0.00013
1779372319.3110,plane,4068,9,0.49512,0.50044,0.033188,0.15663,0.15007,81.24,-0.00007,-0.00002
1779372319.3110,plane,4068,27,0.90685,0.16904,0.067737,0.38803,0.24792,138.06,-0.02426,0.01610
1779372319.3110,plane,4068,28,0.12677,0.11940,0.061629,0.32549,0.18205,61.65,0.03321,0.01901
1779372319.3110,plane,4068,29,0.50633,0.99629,0.002803,0.51049,0.00491,90.03,-0.00938,0.00023
1779372319.4057,plane,4069,9,0.49512,0.50042,0.033176,0.15659,0.15005,81.45,0.00001,-0.00021
1779372319.4057,plane,4069,29,0.50752,0.99626,0.002826,0.51467,0.00489,90.04,0.01252,-0.00028
1779372319.4057,plane,4069,57,0.53928,0.14448,0.126780,1.00909,0.69531,87.63,0.00000,0.00000
1779372319.5000,plane,4070,9,0.49508,0.50045,0.033179,0.15661,0.15005,81.25,-0.00049,0.00028
1779372319.5000,plane,4070,29,0.50416,0.99633,0.002767,0.49870,0.00532,90.09,-0.03564,0.00072
1779372319.5000,plane,4070,57,0.53754,0.14352,0.125990,1.01002,0.68640,87.70,-0.01839,-0.01020
1779372319.5931,plane,4071,9,0.49510,0.50043,0.033176,0.15660,0.15006,81.22,0.00029,-0.00021
1779372319.5931,plane,4071,27,0.90867,0.16642,0.064794,0.41059,0.29628,136.36,0.01972,-0.02841
1779372319.5931,plane,4071,28,0.12665,0.11761,0.059999,0.28627,0.15262,62.04,-0.00129,-0.01935
1779372319.5931,plane,4071,29,0.50617,0.99629,0.002803,0.50825,0.00476,90.01,0.02177,-0.00044
1779372319.7099,plane,4072,9,0.49512,0.50044,0.033193,0.15661,0.15012,81.44,0.00010,0.00013
1779372319.7099,plane,4072,29,0.50613,0.99629,0.002801,0.50858,0.00502,90.04,-0.00033,0.00002
1779372319.7099,plane,4072,57,0.53512,0.14550,0.132317,1.00908,0.71278,87.04,-0.02066,0.01688
1779372319.8074,plane,4073,9,0.49511,0.50039,0.033173,0.15655,0.15007,81.12,-0.00003,-0.00056
1779372319.8074,plane,4073,27,0.90696,0.16832,0.067379,0.39716,0.26113,137.68,-0.01754,0.01946
1779372319.8074,plane,4073,28,0.13001,0.11674,0.061084,0.32913,0.18718,61.33,0.03450,-0.00889
1779372319.8074,plane,4073,29,0.50736,0.99626,0.002823,0.51946,0.00464,90.01,0.01256,-0.00026
1779372319.9050,plane,4074,9,0.49510,0.50037,0.033176,0.15656,0.15007,81.38,-0.00010,-0.00017
1779372319.9050,plane,4074,27,0.91025,0.16719,0.064475,0.39691,0.26201,137.95,0.03409,-0.01173
1779372319.9050,plane,4074,28,0.11893,0.11752,0.056981,0.28848,0.15706,61.85,-0.11469,0.00806
1779372319.9050,plane,4074,29,0.50690,0.99627,0.002813,0.51464,0.00484,90.03,-0.00477,0.00012
1779372319.9991,plane,4075,9,0.49509,0.50038,0.033176,0.15658,0.15005,81.55,-0.00017,0.00006
1779372319.9991,plane,4075,27,0.90889,0.16513,0.064382,0.43077,0.30527,137.66,-0.01434,-0.02169
1779372319.9991,plane,4075,28,0.11857,0.11835,0.057454,0.28837,0.15555,62.02,-0.00371,0.00864
1779372319.9991,plane,4075,29,0.50607,0.99629,0.002803,0.50548,0.00504,90.04,-0.00867,0.00012
1779372320.1115,plane,4076,9,0.49512,0.50038,0.033168,0.15652,0.15007,81.28,0.00025,0.00004
1779372320.1115,plane,4076,27,0.90978,0.16583,0.064145,0.38760,0.24677,138.16,0.00799,0.00633
1779372320.1115,plane,4076,28,0.11632,0.11841,0.056018,0.28455,0.15658,61.94,-0.02025,0.00055
1779372320.1115,plane,4076,29,0.50651,0.99628,0.002806,0.50871,0.00536,90.03,0.00389,-0.00004
1779372320.2051,plane,4077,9,0.49511,0.50037,0.033179,0.15658,0.15008,81.14,-0.00005,-0.00012
1779372320.2051,plane,4077,29,0.50710,0.99627,0.002818,0.51725,0.00472,90.02,0.00622,-0.00014
1779372320.2051,plane,4077,57,0.53911,0.14502,0.128070,1.00823,0.70120,87.59,0.04222,-0.00502
1779372320.3024,plane,4078,9,0.49511,0.50037,0.033176,0.15661,0.15004,81.30,0.00001,0.00001
1779372320.3024,plane,4078,27,0.90783,0.16793,0.066569,0.39761,0.25943,138.11,-0.02004,0.02161
1779372320.3024,plane,4078,28,0.12407,0.11827,0.059616,0.30853,0.16918,62.01,0.07985,-0.00136
1779372320.3024,plane,4078,29,0.50810,0.99624,0.002838,0.52827,0.00452,90.01,0.01035,-0.00024
1779372320.4002,plane,4079,9,0.49512,0.50035,0.033174,0.15659,0.15005,81.56,0.00004,-0.00017
1779372320.4002,plane,4079,27,0.90939,0.16614,0.064670,0.39761,0.26934,138.31,0.01614,-0.01843
1779372320.4002,plane,4079,28,0.12165,0.11764,0.058085,0.29332,0.15749,62.46,-0.02504,-0.00652
1779372320.4002,plane,4079,29,0.50611,0.99629,0.002801,0.50173,0.00516,90.06,-0.02055,0.00044
1779372320.5123,plane,4080,9,0.49513,0.50033,0.033181,0.15661,0.15006,81.11,0.00014,-0.00017
1779372320.5123,plane,4080,27,0.90618,0.16766,0.067479,0.40495,0.27004,137.25,-0.02849,0.01344
1779372320.5123,plane,4080,28,0.12643,0.11935,0.060950,0.30609,0.17237,61.14,0.04240,0.01513
1779372320.5123,plane,4080,29,0.50730,0.99626,0.002821,0.51452,0.00485,90.03,0.01059,-0.00021
1779372320.6081,plane,4081,9,0.49512,0.50038,0.033168,0.15657,0.15004,81.58,-0.00016,0.00052
1779372320.6081,plane,4081,27,0.90593,0.16641,0.067327,0.38536,0.23860,137.52,-0.00264,-0.01317
1779372320.6081,plane,4081,28,0.12971,0.11482,0.060630,0.31223,0.16398,63.04,0.03453,-0.04752
1779372320.6081,plane,4081,29,0.50821,0.99624,0.002842,0.52743,0.00455,90.01,0.00953,-0.00024
1779372320.7054,plane,4082,9,0.49514,0.50044,0.033169,0.15659,0.15002,81.43,0.00023,0.00062
1779372320.7054,plane,4082,27,0.90975,0.16623,0.064336,0.42033,0.29116,137.18,0.03903,-0.00180
1779372320.7054,plane,4082,28,0.11748,0.11875,0.056886,0.27823,0.15005,62.09,-0.12500,0.04013
1779372320.7054,plane,4082,29,0.50689,0.99627,0.002813,0.51055,0.00530,90.02,-0.01351,0.00033
1779372320.7955,plane,4083,9,0.49514,0.50036,0.033178,0.15658,0.15007,81.36,-0.00004,-0.00090
1779372320.7955,plane,4083,29,0.50531,0.99631,0.002784,0.50538,0.00511,90.06,-0.01744,0.00037
1779372320.7955,plane,4083,57,0.53675,0.14278,0.127031,1.01890,0.70946,86.92,-0.02602,-0.02470
1779372320.9114,plane,4084,9,0.49511,0.50034,0.033171,0.15658,0.15005,81.38,-0.00021,-0.00017
1779372320.9114,plane,4084,27,0.90994,0.16757,0.064891,0.41692,0.26869,136.38,0.00166,0.01173
1779372320.9114,plane,4084,28,0.11872,0.11832,0.057653,0.27573,0.14363,62.55,0.01085,-0.00381
1779372320.9114,plane,4084,29,0.50679,0.99628,0.002811,0.51038,0.00492,90.03,0.01295,-0.00027
1779372321.0059,plane,4085,9,0.49509,0.50035,0.033181,0.15659,0.15008,81.57,-0.00022,0.00012
1779372321.0059,plane,4085,29,0.50546,0.99630,0.002789,0.49955,0.00509,90.05,-0.01398,0.00026
1779372321.0059,plane,4085,57,0.53710,0.14286,0.124917,1.00585,0.67935,88.33,0.00366,0.00081
1779372321.1038,plane,4086,9,0.49510,0.50034,0.033178,0.15657,0.15009,81.49,0.00010,-0.00015
1779372321.1038,plane,4086,27,0.90742,0.16723,0.066432,0.38574,0.25738,138.62,-0.02579,-0.00353
1779372321.1038,plane,4086,28,0.12168,0.11953,0.059258,0.28423,0.15030,62.43,0.03027,0.01241
1779372321.1038,plane,4086,29,0.50819,0.99624,0.002840,0.53345,0.00446,89.99,0.02802,-0.00058
1779372321.1988,plane,4087,9,0.49511,0.50035,0.033174,0.15656,0.15007,81.44,0.00005,0.00009
1779372321.1988,plane,4087,27,0.90788,0.16632,0.065735,0.39279,0.26070,138.28,0.00480,-0.00958
1779372321.1988,plane,4087,28,0.12231,0.11786,0.058156,0.27729,0.14722,62.45,0.00659,-0.01756
1779372321.1988,plane,4087,29,0.50706,0.99627,0.002818,0.51046,0.00491,90.03,-0.01192,0.00026
1779372321.3107,plane,4088,9,0.49511,0.50036,0.033171,0.15656,0.15006,81.42,0.00003,0.00008
1779372321.3107,plane,4088,27,0.90868,0.16578,0.064904,0.38957,0.25449,137.20,0.00718,-0.00482
1779372321.3107,plane,4088,28,0.11900,0.11851,0.057132,0.28290,0.15320,62.16,-0.02943,0.00584
1779372321.3107,plane,4088,29,0.50818,0.99624,0.002842,0.52761,0.00454,90.01,0.00998,-0.00024
1779372321.4072,plane,4089,9,0.49509,0.50037,0.033176,0.15659,0.15005,81.62,-0.00021,0.00016
1779372321.4072,plane,4089,27,0.90993,0.16533,0.063856,0.41219,0.28283,138.09,0.01306,-0.00471
1779372321.4072,plane,4089,28,0.11785,0.11791,0.056856,0.27386,0.14566,62.06,-0.01206,-0.00637
1779372321.4072,plane,4089,29,0.50835,0.99624,0.002845,0.53335,0.00446,89.99,0.00183,-0.00004
1779372321.5040,plane,4090,9,0.49511,0.50033,0.033186,0.15662,0.15007,81.46,0.00021,-0.00039
1779372321.5040,plane,4090,27,0.90753,0.16729,0.066340,0.39615,0.26118,137.59,-0.02461,0.02007
1779372321.5040,plane,4090,28,0.12250,0.11871,0.059564,0.31093,0.17204,61.84,0.04769,0.00828
1779372321.5040,plane,4090,29,0.50816,0.99624,0.002842,0.52142,0.00471,90.02,-0.00198,0.00004
1779372321.5983,plane,4091,9,0.49510,0.50038,0.033190,0.15663,0.15008,81.53,-0.00008,0.00049
1779372321.5983,plane,4091,27,0.90721,0.16825,0.067106,0.40306,0.26701,137.71,-0.00342,0.01022
1779372321.5983,plane,4091,28,0.12651,0.11786,0.060735,0.29567,0.15635,62.35,0.04250,-0.00905
1779372321.5983,plane,4091,29,0.50797,0.99625,0.002836,0.52842,0.00444,90.00,-0.00199,0.00006
1779372321.7116,plane,4092,9,0.49511,0.50035,0.033183,0.15659,0.15007,81.41,0.00007,-0.00028
1779372321.7116,plane,4092,27,0.90694,0.16517,0.065782,0.39417,0.26699,137.85,-0.00240,-0.02735
1779372321.7116,plane,4092,28,0.11921,0.11817,0.058211,0.27780,0.14426,62.22,-0.06492,0.00274
1779372321.7116,plane,4092,29,0.50828,0.99624,0.002843,0.53097,0.00456,89.99,0.00275,-0.00007
1779372321.8080,plane,4093,9,0.49510,0.50039,0.033171,0.15659,0.15003,81.43,-0.00011,0.00042
1779372321.8080,plane,4093,27,0.90763,0.16782,0.066667,0.39806,0.26065,137.89,0.00717,0.02721
1779372321.8080,plane,4093,28,0.12469,0.11794,0.059952,0.30516,0.16517,62.47,0.05641,-0.00240
1779372321.8080,plane,4093,29,0.50735,0.99626,0.002825,0.51739,0.00471,90.02,-0.00958,0.00022
1779372321.9036,plane,4094,9,0.49509,0.50041,0.033174,0.15659,0.15004,81.35,-0.00012,0.00025
1779372321.9036,plane,4094,27,0.90783,0.16632,0.065706,0.40587,0.27514,137.58,0.00209,-0.01579
1779372321.9036,plane,4094,28,0.12334,0.11768,0.058531,0.29610,0.16213,61.95,-0.01426,-0.00265
1779372321.9036,plane,4094,29,0.50570,0.99629,0.002794,0.50506,0.00510,90.06,-0.01741,0.00036
1779372322.0001,plane,4095,9,0.49512,0.50039,0.033164,0.15653,0.15005,81.37,0.00034,-0.00021
1779372322.0001,plane,4095,27,0.91015,0.16564,0.063729,0.41506,0.29219,137.11,0.02381,-0.00695
1779372322.0001,plane,4095,28,0.11631,0.11835,0.056339,0.27124,0.14195,62.40,-0.07237,0.00687
1779372322.0001,plane,4095,29,0.50486,0.99631,0.002779,0.49574,0.00516,90.07,-0.00861,0.00019
1779372322.1105,plane,4096,9,0.49512,0.50043,0.033173,0.15655,0.15007,81.31,-0.00003,0.00031
1779372322.1105,plane,4096,27,0.91118,0.16472,0.062264,0.40192,0.29902,136.40,0.00938,-0.00839
1779372322.1105,plane,4096,28,0.12146,0.11634,0.057297,0.28123,0.14988,61.93,0.04667,-0.01818
1779372322.1105,plane,4096,29,0.50503,0.99631,0.002782,0.50433,0.00535,90.02,0.00156,-0.00004
1779372322.2071,plane,4097,9,0.49511,0.50032,0.033178,0.15656,0.15008,81.42,-0.00010,-0.00107
1779372322.2071,plane,4097,27,0.90814,0.16717,0.065869,0.40558,0.27342,136.94,-0.03147,0.02536
1779372322.2071,plane,4097,28,0.12241,0.11731,0.058185,0.28333,0.15070,62.31,0.00988,0.01002
1779372322.2071,plane,4097,29,0.50510,0.99631,0.002782,0.49972,0.00509,90.05,0.00071,-0.00001
1779372322.3028,plane,4098,9,0.49508,0.50038,0.033171,0.15658,0.15004,81.53,-0.00025,0.00058
1779372322.3028,plane,4098,27,0.90699,0.16539,0.065933,0.37919,0.25023,138.79,-0.01201,-0.01862
1779372322.3028,plane,4098,28,0.12349,0.11697,0.058204,0.28279,0.15062,62.27,0.01120,-0.00357
1779372322.3028,plane,4098,29,0.50833,0.99624,0.002845,0.52867,0.00458,89.99,0.03371,-0.00074
1779372322.3999,plane,4099,9,0.49509,0.50038,0.033179,0.15661,0.15004,81.49,0.00000,0.00004
1779372322.3999,plane,4099,27,0.90578,0.16741,0.067910,0.37658,0.23920,138.88,-0.01263,0.02104
1779372322.3999,plane,4099,28,0.12598,0.11740,0.060184,0.29231,0.14852,63.46,0.02600,0.00448
1779372322.3999,plane,4099,29,0.50664,0.99628,0.002809,0.50953,0.00486,90.03,-0.01751,0.00042
1779372322.5116,plane,4100,9,0.49509,0.50037,0.033186,0.15666,0.15004,81.34,0.00003,-0.00009
1779372322.5116,plane,4100,27,0.90663,0.16643,0.066705,0.39995,0.26136,138.55,0.00754,-0.00868
1779372322.5116,plane,4100,28,0.12486,0.11850,0.059901,0.32070,0.18298,61.39,-0.00995,0.00973
1779372322.5116,plane,4100,29,0.50834,0.99624,0.002845,0.52810,0.00468,90.00,0.01503,-0.00036
1779372322.6063,plane,4101,9,0.49510,0.50036,0.033174,0.15659,0.15004,81.52,0.00008,-0.00009
1779372322.6063,plane,4101,27,0.90868,0.16563,0.064860,0.39787,0.26199,136.55,0.02172,-0.00847
1779372322.6063,plane,4101,28,0.12220,0.11721,0.057858,0.28761,0.15526,62.22,-0.02814,-0.01359
1779372322.6063,plane,4101,29,0.50853,0.99623,0.002850,0.53524,0.00460,89.97,0.00207,-0.00006
1779372322.7025,plane,4102,9,0.49511,0.50037,0.033169,0.15656,0.15005,81.53,0.00016,0.00012
1779372322.7025,plane,4102,27,0.91138,0.16577,0.063004,0.40473,0.26496,137.49,0.02799,0.00151
1779372322.7025,plane,4102,28,0.11520,0.11821,0.055478,0.25442,0.13246,62.56,-0.07276,0.01039
1779372322.7025,plane,4102,29,0.50661,0.99628,0.002809,0.50760,0.00494,90.03,-0.02000,0.00048
1779372322.7991,plane,4103,9,0.49512,0.50038,0.033166,0.15653,0.15006,81.32,0.00010,0.00012
1779372322.7991,plane,4103,27,0.91103,0.16617,0.063285,0.40355,0.28274,136.97,-0.00358,0.00409
1779372322.7991,plane,4103,28,0.11582,0.11763,0.055413,0.28118,0.15295,62.09,0.00641,-0.00606
1779372322.7991,plane,4103,29,0.50766,0.99626,0.002828,0.52861,0.00444,90.00,0.01094,-0.00022
1779372322.9106,plane,4104,9,0.49512,0.50041,0.033162,0.15655,0.15003,81.29,-0.00002,0.00023
1779372322.9106,plane,4104,27,0.91015,0.16603,0.063975,0.40665,0.27265,138.31,-0.00798,-0.00124
1779372322.9106,plane,4104,28,0.11253,0.11924,0.055550,0.26776,0.14184,61.79,-0.02956,0.01454
1779372322.9106,plane,4104,29,0.50705,0.99627,0.002819,0.51758,0.00461,90.00,-0.00552,0.00009
1779372323.0062,plane,4105,9,0.49510,0.50038,0.033184,0.15662,0.15005,81.54,-0.00019,-0.00031
1779372323.0062,plane,4105,29,0.50795,0.99625,0.002835,0.52591,0.00459,90.02,0.00937,-0.00018
1779372323.0062,plane,4105,58,0.53797,0.14469,0.126400,1.01175,0.69925,87.36,0.00000,0.00000
1779372323.1023,plane,4106,9,0.49511,0.50034,0.033178,0.15659,0.15007,81.36,0.00012,-0.00037
1779372323.1023,plane,4106,27,0.90828,0.16740,0.065786,0.42594,0.29448,136.38,-0.01939,0.01419
1779372323.1023,plane,4106,28,0.12140,0.11826,0.058397,0.29463,0.15829,62.45,0.09203,-0.01019
1779372323.1023,plane,4106,29,0.50790,0.99625,0.002833,0.52603,0.00459,90.02,-0.00052,0.00002
1779372323.1981,plane,4107,9,0.49513,0.50034,0.033184,0.15662,0.15007,81.32,0.00014,-0.00009
1779372323.1981,plane,4107,27,0.90724,0.16628,0.066230,0.39755,0.26681,137.79,-0.01099,-0.01174
1779372323.1981,plane,4107,28,0.12468,0.11658,0.058936,0.27414,0.14175,62.69,0.03459,-0.01770
1779372323.1981,plane,4107,29,0.50785,0.99625,0.002831,0.52611,0.00458,90.02,-0.00059,0.00002
1779372323.3124,plane,4108,9,0.49511,0.50034,0.033184,0.15664,0.15006,81.40,-0.00017,0.00007
1779372323.3124,plane,4108,27,0.90947,0.16605,0.064262,0.39969,0.27658,137.61,0.01950,-0.00204
1779372323.3124,plane,4108,28,0.11743,0.11893,0.056986,0.27659,0.14653,62.57,-0.06319,0.02043
1779372323.3124,plane,4108,29,0.50822,0.99624,0.002843,0.54217,0.00403,89.98,0.00321,-0.00012
1779372323.4076,plane,4109,9,0.49511,0.50035,0.033179,0.15657,0.15007,81.42,0.00002,0.00002
1779372323.4076,plane,4109,27,0.91017,0.16636,0.064117,0.39998,0.26497,138.60,0.00737,0.00330
1779372323.4076,plane,4109,28,0.11946,0.11668,0.056685,0.29254,0.15660,62.54,0.02149,-0.02365
1779372323.4076,plane,4109,29,0.50767,0.99625,0.002830,0.52602,0.00450,90.00,-0.00573,0.00016
1779372323.5039,plane,4110,9,0.49512,0.50034,0.033173,0.15654,0.15008,81.11,0.00014,-0.00002
1779372323.5039,plane,4110,27,0.91214,0.16565,0.062395,0.41039,0.28255,138.36,0.02032,-0.00731
1779372323.5039,plane,4110,28,0.11262,0.11775,0.054599,0.26574,0.14053,62.01,-0.07059,0.01102
1779372323.5039,plane,4110,29,0.50610,0.99629,0.002799,0.50867,0.00531,90.02,-0.01626,0.00035
1779372323.5977,plane,4111,9,0.49512,0.50037,0.033166,0.15652,0.15006,81.30,-0.00004,0.00031
1779372323.5977,plane,4111,27,0.91305,0.16668,0.062266,0.40322,0.27316,138.37,0.00965,0.01097
1779372323.5977,plane,4111,28,0.11291,0.11785,0.055040,0.25885,0.13436,61.73,0.00310,0.00107
1779372323.5977,plane,4111,29,0.50466,0.99632,0.002772,0.49999,0.00558,90.05,-0.01532,0.00035
1779372323.7110,plane,4112,9,0.49511,0.50037,0.033176,0.15655,0.15008,81.27,-0.00011,-0.00001
1779372323.7110,plane,4112,27,0.90928,0.16622,0.064579,0.43380,0.30790,136.32,-0.03324,-0.00408
1779372323.7110,plane,4112,28,0.12156,0.11824,0.058111,0.28330,0.15272,62.14,0.07644,0.00346
1779372323.7110,plane,4112,29,0.50265,0.99635,0.002745,0.49759,0.00517,90.04,-0.01773,0.00028
1779372323.8046,plane,4113,9,0.49512,0.50038,0.033164,0.15654,0.15005,81.36,0.00011,0.00003
1779372323.8046,plane,4113,29,0.50288,0.99636,0.002741,0.50001,0.00590,90.11,0.00245,0.00004
1779372323.8046,plane,4113,59,0.54167,0.14292,0.123606,1.00774,0.67831,88.66,0.00000,0.00000
1779372323.9036,plane,4114,9,0.49510,0.50038,0.033164,0.15654,0.15004,81.43,-0.00011,0.00003
1779372323.9036,plane,4114,27,0.91032,0.16740,0.064551,0.39584,0.26162,138.70,0.01051,0.01207
1779372323.9036,plane,4114,28,0.11775,0.11861,0.057261,0.26880,0.13955,62.51,-0.03883,0.00372
1779372323.9036,plane,4114,29,0.50532,0.99630,0.002787,0.49865,0.00567,90.06,0.02482,-0.00055
1779372323.9977,plane,4115,9,0.49511,0.50037,0.033174,0.15655,0.15007,81.15,0.00006,-0.00005
1779372323.9977,plane,4115,29,0.50745,0.99626,0.002826,0.51763,0.00470,90.02,0.02239,-0.00046
1779372323.9977,plane,4115,59,0.53984,0.14400,0.127553,1.00326,0.67299,88.15,-0.01927,0.01133
1779372324.1105,plane,4116,9,0.49511,0.50037,0.033166,0.15655,0.15004,81.47,0.00001,-0.00001
1779372324.1105,plane,4116,27,0.90780,0.16713,0.065967,0.45320,0.34084,134.48,-0.02236,-0.00240
1779372324.1105,plane,4116,28,0.11896,0.11857,0.057939,0.27877,0.14595,62.42,0.01072,-0.00039
1779372324.1105,plane,4116,29,0.50868,0.99623,0.002855,0.55283,0.00404,89.95,0.01094,-0.00029
1779372324.2079,plane,4117,9,0.49508,0.50037,0.033164,0.15655,0.15004,81.42,-0.00034,0.00000
1779372324.2079,plane,4117,27,0.90848,0.16539,0.064970,0.37897,0.24664,139.49,0.00707,-0.01807
1779372324.2079,plane,4117,28,0.11881,0.11796,0.057349,0.28076,0.15031,62.11,-0.00155,-0.00627
1779372324.2079,plane,4117,29,0.50801,0.99624,0.002840,0.52486,0.00463,89.98,-0.00691,0.00018
1779372324.3041,plane,4118,9,0.49509,0.50037,0.033176,0.15658,0.15005,81.50,0.00007,-0.00008
1779372324.3041,plane,4118,27,0.90799,0.16717,0.065918,0.39890,0.26764,137.52,-0.00501,0.01818
1779372324.3041,plane,4118,28,0.12194,0.11868,0.058765,0.29888,0.16679,61.32,0.03210,0.00740
1779372324.3041,plane,4118,29,0.50859,0.99623,0.002852,0.53573,0.00458,89.97,0.00592,-0.00014
1779372324.3965,plane,4119,9,0.49508,0.50035,0.033181,0.15661,0.15005,81.55,-0.00007,-0.00018
1779372324.3965,plane,4119,29,0.51019,0.99611,0.002964,0.58445,0.00322,89.99,0.01734,-0.00129
1779372324.3965,plane,4119,59,0.53605,0.14475,0.129074,1.01809,0.72038,86.55,-0.04096,0.00804
1779372324.5116,plane,4120,9,0.49511,0.50028,0.033169,0.15657,0.15005,81.41,0.00026,-0.00060
1779372324.5116,plane,4120,27,0.90898,0.16608,0.064628,0.40769,0.27263,135.74,0.00858,-0.00944
1779372324.5116,plane,4120,28,0.12181,0.11690,0.057729,0.29518,0.16147,62.10,-0.00111,-0.01556
1779372324.5116,plane,4120,29,0.50898,0.99620,0.002882,0.55836,0.00350,89.99,-0.01060,0.00075
1779372324.6044,plane,4121,9,0.49509,0.50039,0.033166,0.15655,0.15005,81.43,-0.00024,0.00121
1779372324.6044,plane,4121,27,0.90829,0.16510,0.064813,0.41845,0.29388,137.36,-0.00731,-0.01049
1779372324.6044,plane,4121,28,0.12079,0.11816,0.057926,0.29933,0.16425,61.95,-0.01089,0.01349
1779372324.6044,plane,4121,29,0.50726,0.99627,0.002819,0.52076,0.00460,90.01,-0.01834,0.00075
1779372324.6997,plane,4122,9,0.49509,0.50045,0.033186,0.15665,0.15004,81.26,0.00003,0.00060
1779372324.6997,plane,4122,27,0.90808,0.16726,0.066055,0.39517,0.26099,137.70,-0.00225,0.02295
1779372324.6997,plane,4122,28,0.12464,0.11811,0.060084,0.28923,0.15057,62.71,0.04091,-0.00056
1779372324.6997,plane,4122,29,0.49737,0.99646,0.002660,0.49855,0.00690,90.06,-0.10509,0.00203
1779372324.7973,plane,4123,9,0.49510,0.50059,0.033166,0.15662,0.14997,81.29,0.00006,0.00143
1779372324.7973,plane,4123,27,0.91086,0.16633,0.063599,0.40939,0.28398,137.53,0.02821,-0.00949
1779372324.7973,plane,4123,28,0.11868,0.11773,0.056829,0.28670,0.15566,62.06,-0.06062,-0.00382
1779372324.7973,plane,4123,29,0.49556,0.99649,0.002635,0.50062,0.00849,90.08,-0.01836,0.00033
1779372324.9080,plane,4124,9,0.49508,0.50053,0.033184,0.15663,0.15007,81.12,-0.00015,-0.00053
1779372324.9080,plane,4124,27,0.90878,0.16571,0.064928,0.40500,0.27072,138.50,-0.01881,-0.00562
1779372324.9080,plane,4124,28,0.11713,0.11800,0.056895,0.26713,0.13880,62.31,-0.01400,0.00243
1779372324.9080,plane,4124,29,0.49316,0.99653,0.002602,0.50000,0.03127,90.00,-0.02171,0.00038
1779372325.0001,plane,4125,9,0.50000,0.48834,0.977680,1.49270,0.32760,89.99,0.05309,-0.13163
1779372325.0960,plane,4126,9,0.49783,0.47514,0.945641,1.00000,0.56250,0.00,-0.02268,-0.13776
1779372325.1904,plane,4127,9,0.49815,0.47798,0.949654,1.00000,0.56250,0.00,0.00339,0.03003
1779372325.3038,plane,4128,9,0.49820,0.47851,0.950265,1.00000,0.56250,0.00,0.00044,0.00470
1779372325.3989,plane,4129,9,0.49792,0.47770,0.948368,1.00000,0.56250,0.00,-0.00294,-0.00845
1779372325.4949,plane,4130,9,0.49810,0.47847,0.950155,1.00000,0.56250,0.00,0.00196,0.00800
1779372325.5907,plane,4131,9,0.49773,0.47654,0.945699,1.00000,0.56250,0.00,-0.00392,-0.02015
1779372325.7046,plane,4132,9,0.49951,0.49913,1.000000,1.00000,0.56250,0.00,0.01576,0.19978
1779372325.7999,plane,4133,9,0.49948,0.49101,0.979114,1.00000,0.56250,0.00,-0.00028,-0.08441
1779372325.8970,plane,4134,9,0.49915,0.46446,0.916850,1.00000,0.56250,0.00,-0.00346,-0.27368
1779372325.9947,plane,4135,9,0.49508,0.50035,0.032766,0.15561,0.14917,81.56,-0.04172,0.36785
1779372325.9947,plane,4135,60,0.98739,0.22493,0.007548,0.11325,0.04127,159.76,0.00000,0.00000
1779372325.9947,plane,4135,61,0.03087,0.02155,0.002265,0.05490,0.03818,54.47,0.00000,0.00000
1779372326.1082,plane,4136,9,0.49509,0.50037,0.032772,0.15562,0.14919,81.76,0.00008,0.00019
1779372326.1082,plane,4136,60,0.98704,0.22311,0.007550,0.11110,0.04275,158.64,-0.00309,-0.01609
1779372326.1082,plane,4136,61,0.03120,0.02079,0.002163,0.04600,0.03554,51.78,0.00291,-0.00673
1779372326.2022,plane,4137,9,0.49506,0.50029,0.032479,0.15485,0.14851,81.48,-0.00032,-0.00086
1779372326.2022,plane,4137,62,0.99686,0.47479,0.002675,0.32096,0.00698,179.88,0.00000,0.00000
1779372326.2979,plane,4138,9,0.49507,0.50026,0.032474,0.15487,0.14848,81.74,0.00014,-0.00026
1779372326.2979,plane,4138,62,0.99686,0.47543,0.002667,0.31521,0.00717,179.89,-0.00000,0.00660
1779372326.3938,plane,4139,9,0.49507,0.50032,0.032479,0.15488,0.14850,81.74,-0.00007,0.00058
1779372326.3938,plane,4139,62,0.99685,0.47474,0.002675,0.31102,0.00740,179.88,-0.00002,-0.00717
1779372326.5054,plane,4140,9,0.49506,0.50035,0.032561,0.15516,0.14865,82.30,-0.00005,0.00025
1779372326.5054,plane,4140,62,0.99678,0.47389,0.002772,0.32268,0.00820,179.65,-0.00070,-0.00761
1779372326.6025,plane,4141,9,0.49508,0.50033,0.032561,0.15518,0.14862,82.52,0.00019,-0.00019
1779372326.6025,plane,4141,62,0.99678,0.47447,0.002765,0.32283,0.00817,179.64,-0.00000,0.00602
1779372326.6982,plane,4142,9,0.49508,0.50040,0.032571,0.15515,0.14868,82.28,0.00004,0.00070
1779372326.6982,plane,4142,62,0.99677,0.47348,0.002777,0.32337,0.00818,179.64,-0.00007,-0.01032
1779372326.7942,plane,4143,9,0.49507,0.50043,0.032728,0.15553,0.14906,81.89,-0.00008,0.00031
1779372326.7942,plane,4143,63,0.99285,0.28610,0.005378,0.12598,0.04851,158.56,0.00000,0.00000
1779372326.9061,plane,4144,9,0.49508,0.50046,0.032730,0.15557,0.14903,81.98,0.00005,0.00028
1779372326.9061,plane,4144,63,0.99262,0.28302,0.005473,0.13046,0.04775,159.54,-0.00200,-0.02740
1779372327.0010,plane,4145,9,0.49508,0.50038,0.032739,0.15555,0.14910,81.77,-0.00005,-0.00076
1779372327.0010,plane,4145,63,0.99276,0.28389,0.005413,0.17338,0.04720,164.22,0.00148,0.00914
1779372327.1020,plane,4146,9,0.49511,0.50036,0.032884,0.15580,0.14944,82.06,0.00039,-0.00024
1779372327.1020,plane,4146,63,0.97411,0.16555,0.013228,0.12340,0.04979,157.69,-0.18451,-1.17044
1779372327.1020,plane,4146,64,0.03975,0.04429,0.007055,0.08739,0.04338,63.32,0.00000,0.00000
1779372327.1020,plane,4146,65,0.49345,0.99654,0.002586,0.49112,0.00545,89.89,0.00000,0.00000
1779372327.1986,plane,4147,9,0.49510,0.50030,0.032886,0.15579,0.14945,81.95,-0.00010,-0.00067
1779372327.1986,plane,4147,63,0.97242,0.16217,0.014242,0.13937,0.06860,153.55,-0.01754,-0.03505
1779372327.1986,plane,4147,64,0.04112,0.04622,0.007589,0.11088,0.06279,60.63,0.01424,0.01996
1779372327.1986,plane,4147,65,0.49268,0.99653,0.002597,0.49902,0.03124,90.00,-0.00804,-0.00008
1779372327.3110,plane,4148,9,0.49509,0.50025,0.032878,0.15581,0.14938,81.55,-0.00017,-0.00041
1779372327.3110,plane,4148,63,0.97306,0.16367,0.013792,0.13022,0.06492,153.37,0.00571,0.01342
1779372327.3110,plane,4148,64,0.03895,0.04586,0.007265,0.09543,0.04932,61.78,-0.01930,-0.00316
1779372327.3110,plane,4148,65,0.49268,0.99653,0.002597,0.49902,0.03124,90.00,0.00000,0.00000
1779372327.4067,plane,4149,9,0.49507,0.50042,0.033030,0.15630,0.14964,82.01,-0.00013,0.00180
1779372327.4067,plane,4149,63,0.94616,0.14410,0.030726,0.20875,0.11953,149.33,-0.28108,-0.20453
1779372327.4067,plane,4149,64,0.07283,0.08243,0.022585,0.18745,0.11340,59.84,0.35396,0.38211
1779372327.4067,plane,4149,65,0.49316,0.99653,0.002602,0.50000,0.03127,90.00,0.00510,-0.00000
1779372327.5026,plane,4150,9,0.49509,0.50055,0.033017,0.15624,0.14966,81.98,0.00021,0.00129
1779372327.5026,plane,4150,63,0.94648,0.14431,0.030551,0.22199,0.13089,148.76,0.00329,0.00213
1779372327.5026,plane,4150,64,0.07480,0.08319,0.022863,0.15766,0.08830,60.95,0.02056,0.00790
1779372327.5026,plane,4150,65,0.49268,0.99653,0.002597,0.49902,0.03124,90.00,-0.00509,0.00000
1779372327.5995,plane,4151,9,0.49509,0.50054,0.033006,0.15619,0.14966,81.95,-0.00003,-0.00004
1779372327.5995,plane,4151,63,0.94785,0.14569,0.030224,0.19178,0.09752,152.08,0.01424,0.01440
1779372327.5995,plane,4151,64,0.07457,0.08195,0.022259,0.15997,0.09025,60.91,-0.00237,-0.01288
1779372327.5995,plane,4151,65,0.49316,0.99653,0.002602,0.50000,0.03127,90.00,0.00507,-0.00000
1779372327.7110,plane,4152,9,0.49517,0.50153,0.033047,0.15639,0.14969,81.57,0.00071,0.00884
1779372327.7110,plane,4152,63,0.92920,0.15428,0.045949,0.21859,0.11409,149.62,-0.16678,0.07683
1779372327.7110,plane,4152,64,0.09491,0.10463,0.039137,0.21466,0.11655,61.93,0.18189,0.20282
1779372327.7110,plane,4152,65,0.49409,0.99655,0.002574,0.46610,0.00460,89.93,0.00824,0.00013
1779372327.8047,plane,4153,9,0.49514,0.50185,0.033045,0.15632,0.14974,82.00,-0.00028,0.00338
1779372327.8047,plane,4153,63,0.92635,0.15628,0.048809,0.23728,0.12176,149.21,-0.03029,0.02122
1779372327.8047,plane,4153,64,0.10088,0.10579,0.041492,0.22968,0.13045,60.98,0.06354,0.01234
1779372327.9034,plane,4154,9,0.49515,0.50181,0.033039,0.15630,0.14974,82.10,0.00003,-0.00040
1779372327.9034,plane,4154,63,0.92833,0.15316,0.046060,0.22752,0.12259,148.83,0.02022,-0.03177
1779372327.9034,plane,4154,64,0.10021,0.10216,0.039824,0.22659,0.12498,61.71,-0.00684,-0.03701
1779372327.9034,plane,4154,65,0.54544,0.99655,0.002046,0.39165,0.01296,89.85,0.52337,0.00005
1779372327.9999,plane,4155,9,0.49515,0.50184,0.033093,0.15646,0.14981,81.90,0.00005,0.00034
1779372327.9999,plane,4155,63,0.91230,0.16689,0.062522,0.40729,0.27968,137.63,-0.16505,0.14133
1779372327.9999,plane,4155,64,0.11865,0.11726,0.055779,0.26817,0.14433,62.03,0.18982,0.15552
1779372327.9999,plane,4155,65,0.49316,0.99653,0.002602,0.50000,0.03127,90.00,-0.53830,-0.00021
1779372328.1090,plane,4156,9,0.49513,0.50179,0.033101,0.15645,0.14986,81.83,-0.00018,-0.00051
1779372328.1090,plane,4156,65,0.49363,0.99654,0.002596,0.49680,0.00559,89.90,0.00423,0.00004
1779372328.1090,plane,4156,66,0.53541,0.14348,0.120058,1.00862,0.67512,87.89,0.00000,0.00000
1779372328.2040,plane,4157,9,0.49516,0.50169,0.033127,0.15658,0.14986,81.38,0.00032,-0.00103
1779372328.2040,plane,4157,65,0.49316,0.99653,0.002602,0.50000,0.03127,90.00,-0.00486,-0.00005
1779372328.2040,plane,4157,66,0.53568,0.14450,0.126539,1.02781,0.72847,86.83,0.00293,0.01070
1779372328.3009,plane,4158,9,0.49515,0.50174,0.033110,0.15650,0.14984,81.71,-0.00016,0.00047
1779372328.3009,plane,4158,65,0.49316,0.99653,0.002602,0.50000,0.03127,90.00,0.00000,0.00000
1779372328.3009,plane,4158,66,0.53718,0.14353,0.120795,1.00580,0.66663,88.26,0.01547,-0.00998
1779372328.3970,plane,4159,9,0.49516,0.50172,0.033117,0.15657,0.14983,81.42,0.00014,-0.00019
1779372328.3970,plane,4159,65,0.49316,0.99653,0.002602,0.50000,0.03127,90.00,0.00000,0.00000
1779372328.3970,plane,4159,66,0.53786,0.14526,0.124717,1.00817,0.68660,88.07,0.00701,0.01801
1779372328.5086,plane,4160,9,0.49515,0.50174,0.033115,0.15655,0.14983,81.56,-0.00005,0.00020
1779372328.5086,plane,4160,65,0.49316,0.99653,0.002602,0.50000,0.03127,90.00,0.00000,0.00000
1779372328.5086,plane,4160,66,0.54096,0.14492,0.127333,1.00050,0.66706,88.68,0.02783,-0.00311
1779372328.6050,plane,4161,9,0.49515,0.50173,0.033113,0.15655,0.14983,81.66,0.00000,-0.00008
1779372328.6050,plane,4161,65,0.49316,0.99653,0.002602,0.50000,0.03127,90.00,0.00000,0.00000
1779372328.6050,plane,4161,66,0.53810,0.14466,0.129200,1.00486,0.68124,88.41,-0.02971,-0.00264
1779372328.7010,plane,4162,9,0.49514,0.50177,0.033105,0.15651,0.14983,81.69,-0.00011,0.00035
1779372328.7010,plane,4162,65,0.49316,0.99653,0.002602,0.50000,0.03127,90.00,0.00000,0.00000
1779372328.7010,plane,4162,66,0.53702,0.14381,0.126331,1.00701,0.68333,88.46,-0.01124,-0.00890
1779372328.7974,plane,4163,9,0.49516,0.50175,0.033110,0.15655,0.14982,81.71,0.00015,-0.00014
1779372328.7974,plane,4163,65,0.49316,0.99653,0.002602,0.50000,0.03127,90.00,0.00000,0.00000
1779372328.7974,plane,4163,66,0.53675,0.14422,0.128036,1.00803,0.69079,88.03,-0.00285,0.00429
1779372328.9045,plane,4164,9,0.49516,0.50173,0.033100,0.15648,0.14983,81.86,-0.00002,-0.00019
1779372328.9045,plane,4164,65,0.49329,0.99653,0.002601,0.50477,0.00802,89.90,0.00120,0.00001
1779372328.9045,plane,4164,66,0.53690,0.14418,0.122930,1.00668,0.67788,88.04,0.00144,-0.00034
1779372329.0021,plane,4165,9,0.49517,0.50175,0.033091,0.15648,0.14981,81.90,0.00010,0.00020
1779372329.0021,plane,4165,65,0.49316,0.99653,0.002602,0.50000,0.03127,90.00,-0.00133,-0.00001
1779372329.0021,plane,4165,66,0.53731,0.14363,0.124410,1.00392,0.66378,88.58,0.00422,-0.00570
1779372329.1021,plane,4166,9,0.49514,0.50205,0.033086,0.15644,0.14980,81.25,-0.00022,0.00295
1779372329.1021,plane,4166,65,0.49441,0.99654,0.002584,0.48206,0.00724,89.79,0.01241,0.00013
1779372329.1021,plane,4166,66,0.53853,0.14220,0.117094,1.01085,0.67464,88.19,0.01212,-0.01423
1779372329.1938,plane,4167,9,0.49515,0.50185,0.033095,0.15645,0.14983,81.99,0.00010,-0.00219
1779372329.1938,plane,4167,65,0.53587,0.99655,0.002157,0.41226,0.01818,89.88,0.45211,0.00005
1779372329.1938,plane,4167,66,0.53879,0.14207,0.117445,1.01167,0.67389,88.14,0.00283,-0.00142
1779372329.3048,plane,4168,9,0.49948,0.48027,0.960393,0.91384,0.38116,90.49,0.03904,-0.19450
1779372329.4000,plane,4169,9,0.49771,0.47664,0.948298,1.00000,0.56250,0.00,-0.01862,-0.03810
1779372329.4962,plane,4170,9,0.49767,0.47679,0.946515,1.00000,0.56250,0.00,-0.00040,0.00154
1779372329.5925,plane,4171,9,0.49795,0.47888,0.951246,1.00000,0.56250,0.00,0.00293,0.02168
1779372329.7055,plane,4172,9,0.49767,0.47793,0.949012,1.00000,0.56250,0.00,-0.00251,-0.00840
1779372329.7999,plane,4173,9,0.49787,0.47822,0.949712,1.00000,0.56250,0.00,0.00207,0.00302
1779372329.8953,plane,4174,9,0.49819,0.48001,0.953859,1.00000,0.56250,0.00,0.00334,0.01877
1779372329.9915,plane,4175,9,0.49777,0.47830,0.949851,1.00000,0.56250,0.00,-0.00433,-0.01781
1779372330.1038,plane,4176,9,0.49789,0.47869,0.950773,1.00000,0.56250,0.00,0.00108,0.00348
1779372330.2000,plane,4177,9,0.49809,0.47949,0.952671,1.00000,0.56250,0.00,0.00206,0.00832
1779372330.2960,plane,4178,9,0.49782,0.47793,0.949031,1.00000,0.56250,0.00,-0.00281,-0.01619
1779372330.3909,plane,4179,9,0.49807,0.47930,0.952233,1.00000,0.56250,0.00,0.00262,0.01440
1779372330.4873,plane,4180,9,0.49788,0.47826,0.949822,1.00000,0.56250,0.00,-0.00191,-0.01073
1779372330.5835,plane,4181,9,0.49777,0.47799,0.949156,1.00000,0.56250,0.00,-0.00122,-0.00280
1779372330.6808,plane,4182,9,0.49905,0.43616,0.856008,1.00000,0.56250,0.00,0.01317,-0.42992
1779372330.7773,plane,4183,9,0.49951,0.49913,1.000000,1.00000,0.56250,0.00,0.00479,0.65298
1779372330.8912,plane,4184,9,0.49895,0.46575,0.919963,1.00000,0.56250,0.00,-0.00494,-0.29307
1779372330.9867,plane,4185,9,0.49998,0.43288,0.850037,1.00000,0.56250,0.00,0.01079,-0.34429
1779372330.9867,plane,4185,67,0.43678,0.86100,0.002574,0.21214,0.06182,89.88,0.00000,0.00000
1779372331.0857,plane,4186,9,0.49509,0.50172,0.032472,0.15496,0.14847,81.67,-0.04954,0.69769
1779372331.0857,plane,4186,68,0.99687,0.39220,0.003713,0.43207,0.00738,179.97,0.00000,0.00000
1779372331.0857,plane,4186,69,0.24090,0.00179,0.002587,0.47141,0.01092,0.00,0.00000,0.00000
1779372331.1754,plane,4187,9,0.49507,0.50175,0.032466,0.15490,0.14846,81.48,-0.00021,0.00041
1779372331.1754,plane,4187,68,0.99686,0.39271,0.003725,0.43202,0.00739,179.98,-0.00012,0.00559
1779372331.1754,plane,4187,69,0.24442,0.00179,0.002636,0.47611,0.01066,0.00,0.03908,0.00001
1779372331.2900,plane,4188,9,0.49509,0.50159,0.032305,0.15455,0.14798,82.08,0.00015,-0.00141
1779372331.2900,plane,4188,68,0.99687,0.47626,0.002653,0.30991,0.00747,179.90,0.00008,0.72914
1779372331.3829,plane,4189,9,0.49509,0.50160,0.032305,0.15455,0.14798,82.09,0.00003,0.00014
1779372331.3829,plane,4189,68,0.99686,0.47551,0.002665,0.31107,0.00741,179.88,-0.00006,-0.00801
1779372331.4799,plane,4190,9,0.49508,0.50156,0.032293,0.15452,0.14796,81.98,-0.00008,-0.00046
1779372331.4799,plane,4190,68,0.99687,0.47543,0.002657,0.31007,0.00746,179.89,0.00006,-0.00085
1779372331.5753,plane,4191,9,0.49511,0.50161,0.032389,0.15472,0.14825,82.02,0.00030,0.00049
1779372331.5753,plane,4191,68,0.99702,0.39739,0.003503,0.42930,0.00729,0.06,0.00156,-0.81795
1779372331.6879,plane,4192,9,0.49511,0.50161,0.032388,0.15472,0.14826,82.01,-0.00004,-0.00001
1779372331.6879,plane,4192,68,0.99702,0.39745,0.003504,0.42917,0.00730,0.06,-0.00001,0.00053
1779372331.7848,plane,4193,9,0.49510,0.50164,0.032377,0.15471,0.14819,82.32,-0.00008,0.00033
1779372331.7848,plane,4193,68,0.99702,0.39712,0.003501,0.42876,0.00731,0.06,-0.00000,-0.00343
1779372331.8807,plane,4194,9,0.49510,0.50183,0.032462,0.15486,0.14849,81.36,-0.00001,0.00201
1779372331.8807,plane,4194,68,0.99686,0.39156,0.003735,0.42891,0.00773,179.93,-0.00167,-0.05798
1779372331.8807,plane,4194,70,0.24661,0.00178,0.002640,0.47470,0.00971,0.00,0.00000,0.00000
1779372331.9762,plane,4195,9,0.49506,0.50184,0.032447,0.15483,0.14841,81.88,-0.00040,0.00011
1779372331.9762,plane,4195,68,0.99684,0.39010,0.003779,0.42947,0.00767,179.93,-0.00019,-0.01529
1779372331.9762,plane,4195,70,0.24595,0.00180,0.002662,0.46757,0.00813,0.00,-0.00687,0.00022
1779372332.0883,plane,4196,9,0.49512,0.50218,0.032483,0.15488,0.14853,82.32,0.00050,0.00306
1779372332.0883,plane,4196,68,0.99680,0.39002,0.003842,0.42418,0.00788,179.95,-0.00036,-0.00074
1779372332.0883,plane,4196,70,0.25298,0.00186,0.002804,0.60253,0.00503,89.75,0.06266,0.00055
1779372332.1837,plane,4197,9,0.49513,0.50202,0.032618,0.15532,0.14879,82.26,0.00017,-0.00176
1779372332.1837,plane,4197,68,0.99480,0.32674,0.005013,0.18608,0.10191,0.00,-0.02091,-0.66258
1779372332.1837,plane,4197,70,0.24484,0.00322,0.003491,0.16596,0.05426,0.00,-0.08527,0.01423
1779372332.2799,plane,4198,9,0.49517,0.50209,0.032623,0.15527,0.14881,82.10,0.00036,0.00078
1779372332.2799,plane,4198,68,0.99435,0.31741,0.005137,0.10829,0.08578,141.98,-0.00474,-0.09722
1779372332.2799,plane,4198,70,0.24778,0.00302,0.003521,0.20918,0.04937,0.00,0.03056,-0.00205
1779372332.3768,plane,4199,9,0.49513,0.50206,0.032633,0.15535,0.14882,82.29,-0.00040,-0.00037
1779372332.3768,plane,4199,68,0.99496,0.32892,0.004924,0.31008,0.08224,0.00,0.00638,0.11863
1779372332.3768,plane,4199,70,0.24503,0.00310,0.003496,0.54390,0.05284,0.00,-0.02827,0.00078
1779372332.4892,plane,4200,9,0.49513,0.50201,0.032789,0.15570,0.14915,81.97,-0.00002,-0.00039
1779372332.4892,plane,4200,70,0.13690,0.02890,0.008372,0.09527,0.05220,61.11,-0.96238,0.22966
1779372332.4892,plane,4200,71,0.97577,0.17693,0.012331,0.11067,0.04791,155.70,0.00000,0.00000
1779372332.5843,plane,4201,9,0.49512,0.50207,0.032774,0.15567,0.14915,81.61,-0.00006,0.00064
1779372332.5843,plane,4201,68,0.97775,0.18268,0.011681,0.12695,0.04778,158.69,-0.18101,-1.53809
1779372332.5843,plane,4201,70,0.14298,0.02609,0.007960,0.09003,0.04731,62.22,0.06400,-0.02960
1779372332.6803,plane,4202,9,0.49512,0.50210,0.032774,0.15569,0.14913,81.43,-0.00007,0.00034
1779372332.6803,plane,4202,68,0.97791,0.18313,0.011659,0.11621,0.04605,157.78,0.00165,0.00468
1779372332.6803,plane,4202,70,0.14170,0.02694,0.008087,0.10553,0.04889,64.84,-0.01338,0.00885
1779372332.7763,plane,4203,9,0.49516,0.50213,0.032903,0.15594,0.14942,82.18,0.00044,0.00031
1779372332.7763,plane,4203,68,0.95308,0.14637,0.026176,0.14992,0.06828,154.84,-0.25876,-0.38298
1779372332.7763,plane,4203,70,0.09437,0.06929,0.019981,0.16320,0.10273,57.86,-0.49309,0.44125
1779372332.8885,plane,4204,9,0.49517,0.50195,0.032910,0.15599,0.14937,82.18,0.00014,-0.00162
1779372332.8885,plane,4204,68,0.95479,0.14760,0.025447,0.16104,0.07338,154.74,0.01530,0.01097
1779372332.8885,plane,4204,70,0.09319,0.06749,0.019296,0.15150,0.07631,62.78,-0.01054,-0.01602
1779372332.9843,plane,4205,9,0.49514,0.50216,0.032910,0.15597,0.14942,82.34,-0.00040,0.00213
1779372332.9843,plane,4205,68,0.95396,0.14787,0.026057,0.14956,0.07136,153.79,-0.00874,0.00280
1779372332.9843,plane,4205,70,0.09547,0.06923,0.020113,0.15376,0.07752,62.84,0.02383,0.01814
1779372333.0801,plane,4206,9,0.49514,0.50196,0.033045,0.15634,0.14969,81.75,0.00002,-0.00210
1779372333.0801,plane,4206,68,0.92804,0.15512,0.047192,0.22359,0.11157,150.31,-0.27060,0.07572
1779372333.0801,plane,4206,70,0.09952,0.10329,0.039505,0.19352,0.10241,62.18,0.04225,0.35569
1779372333.1761,plane,4207,9,0.49513,0.50204,0.033022,0.15631,0.14958,82.06,-0.00003,0.00083
1779372333.1761,plane,4207,68,0.93030,0.15263,0.044459,0.22395,0.12084,148.17,0.02355,-0.02609
1779372333.1761,plane,4207,70,0.09855,0.10051,0.037659,0.19603,0.10570,62.02,-0.01005,-0.02901
1779372333.2881,plane,4208,9,0.49512,0.50210,0.033028,0.15632,0.14962,81.99,-0.00015,0.00061
1779372333.2881,plane,4208,68,0.92821,0.15423,0.046507,0.23080,0.12139,149.01,-0.01858,0.01426
1779372333.2881,plane,4208,70,0.10017,0.10331,0.039605,0.19543,0.10276,62.45,0.01438,0.02483
1779372333.3839,plane,4209,9,0.49515,0.50213,0.033083,0.15644,0.14978,81.21,0.00035,0.00033
1779372333.3839,plane,4209,72,0.54028,0.14139,0.117728,1.02433,0.70517,88.20,0.00000,0.00000
1779372333.4808,plane,4210,9,0.49514,0.50204,0.033113,0.15646,0.14990,81.31,-0.00008,-0.00098
1779372333.4808,plane,4210,72,0.54058,0.14372,0.121696,1.00972,0.68542,88.92,0.00314,0.02398
1779372333.5753,plane,4211,9,0.49515,0.50203,0.033106,0.15645,0.14988,81.27,0.00009,-0.00011
1779372333.5753,plane,4211,72,0.53769,0.14360,0.119765,1.00872,0.67863,88.41,-0.03061,-0.00119
1779372333.6871,plane,4212,9,0.49513,0.50201,0.033103,0.15645,0.14989,81.13,-0.00021,-0.00022
1779372333.6871,plane,4212,72,0.54132,0.14388,0.123193,1.02136,0.70285,86.83,0.03242,0.00243
1779372333.7838,plane,4213,9,0.49516,0.50203,0.033105,0.15646,0.14986,81.41,0.00034,0.00029
1779372333.7838,plane,4213,72,0.53674,0.14419,0.125236,1.01269,0.69289,88.10,-0.04736,0.00323
1779372333.8820,plane,4214,9,0.49517,0.50209,0.033100,0.15646,0.14981,81.24,0.00007,0.00053
1779372333.8820,plane,4214,72,0.53907,0.14387,0.120351,1.00861,0.68064,88.47,0.02383,-0.00325
1779372333.8820,plane,4214,73,0.54561,0.99656,0.002043,0.38902,0.01307,89.90,0.00000,0.00000
1779372333.9760,plane,4215,9,0.49516,0.50218,0.033096,0.15645,0.14980,81.36,-0.00012,0.00105
1779372333.9760,plane,4215,72,0.54025,0.14332,0.119904,1.01168,0.68114,88.56,0.01260,-0.00579
1779372334.0909,plane,4216,9,0.49517,0.50208,0.033098,0.15647,0.14980,81.07,0.00011,-0.00087
1779372334.0909,plane,4216,72,0.53963,0.14350,0.121026,1.01109,0.69112,88.81,-0.00541,0.00153
1779372334.1835,plane,4217,9,0.49515,0.50211,0.033088,0.15645,0.14978,81.22,-0.00018,0.00031
1779372334.1835,plane,4217,72,0.54014,0.14127,0.114215,1.02213,0.70354,88.47,0.00550,-0.02412
1779372334.2815,plane,4218,9,0.49513,0.50205,0.033110,0.15644,0.14990,81.16,-0.00021,-0.00060
1779372334.2815,plane,4218,72,0.54118,0.14417,0.119982,1.01991,0.71086,88.63,0.01063,0.02977
1779372334.3786,plane,4219,9,0.49514,0.50189,0.033095,0.15647,0.14983,81.75,0.00007,-0.00171
1779372334.3786,plane,4219,72,0.53896,0.14238,0.114454,1.00776,0.67829,88.83,-0.02281,-0.01840
1779372334.4896,plane,4220,9,0.49513,0.50203,0.033098,0.15641,0.14988,81.30,-0.00008,0.00130
1779372334.4896,plane,4220,72,0.54125,0.14306,0.118778,1.00969,0.68290,88.61,0.02063,0.00614
1779372334.5838,plane,4221,9,0.49510,0.50202,0.033083,0.15640,0.14981,81.18,-0.00028,-0.00019
1779372334.5838,plane,4221,74,0.91513,0.16416,0.059467,0.36095,0.24118,142.40,0.00000,0.00000
1779372334.5838,plane,4221,75,0.11328,0.11455,0.051829,0.24632,0.13006,62.56,0.00000,0.00000
1779372334.6810,plane,4222,9,0.49514,0.50198,0.033095,0.15644,0.14984,81.55,0.00039,-0.00036
1779372334.6810,plane,4222,72,0.54070,0.14297,0.117164,1.01468,0.70286,87.84,-0.00558,-0.00093
1779372334.6810,plane,4222,76,0.54418,0.99655,0.002068,0.39068,0.01234,89.92,0.00000,0.00000
1779372334.7767,plane,4223,9,0.49514,0.50217,0.033084,0.15644,0.14978,81.37,-0.00000,0.00195
1779372334.7767,plane,4223,72,0.54066,0.14332,0.120683,1.00946,0.67502,88.84,-0.00046,0.00368
1779372334.8893,plane,4224,9,0.49518,0.50204,0.033101,0.15650,0.14977,81.11,0.00036,-0.00111
1779372334.8893,plane,4224,72,0.53781,0.14493,0.125100,1.00969,0.69444,88.25,-0.02531,0.01430
1779372334.8893,plane,4224,76,0.49439,0.99655,0.002570,0.47739,0.00747,89.70,-0.44206,-0.00004
1779372334.9870,plane,4225,9,0.49520,0.50219,0.033090,0.15642,0.14980,80.81,0.00021,0.00157
1779372334.9870,plane,4225,72,0.53925,0.14239,0.120589,1.01242,0.68453,88.57,0.01479,-0.02612
1779372335.0817,plane,4226,9,0.49513,0.50208,0.033110,0.15647,0.14985,81.07,-0.00071,-0.00116
1779372335.0817,plane,4226,72,0.54116,0.14431,0.124061,1.01324,0.69745,88.36,0.02015,0.02024
1779372335.1755,plane,4227,9,0.49515,0.50195,0.033083,0.15644,0.14979,81.52,0.00019,-0.00142
1779372335.1755,plane,4227,72,0.53956,0.14278,0.121390,1.01166,0.67449,88.43,-0.01711,-0.01631
1779372335.2910,plane,4228,9,0.49514,0.50196,0.033105,0.15643,0.14990,81.28,-0.00010,0.00006
1779372335.2910,plane,4228,72,0.53833,0.14346,0.120410,1.01043,0.68716,88.15,-0.01066,0.00589
1779372335.3845,plane,4229,9,0.49511,0.50195,0.033105,0.15649,0.14986,81.56,-0.00029,-0.00005
1779372335.3845,plane,4229,72,0.53776,0.14253,0.116672,1.01304,0.67509,88.10,-0.00609,-0.00987
1779372335.4799,plane,4230,9,0.49515,0.50188,0.033084,0.15643,0.14979,81.83,0.00042,-0.00072
1779372335.4799,plane,4230,72,0.53431,0.14114,0.114819,1.01435,0.67278,87.75,-0.03619,-0.01462
1779372335.4799,plane,4230,76,0.49545,0.99656,0.002555,0.45243,0.00496,89.94,0.01115,0.00007
1779372335.5783,plane,4231,9,0.49514,0.50190,0.033095,0.15647,0.14983,81.78,-0.00014,0.00015
1779372335.5783,plane,4231,72,0.53822,0.14264,0.118122,1.01210,0.69252,87.90,0.03976,0.01531
1779372335.5783,plane,4231,76,0.54180,0.99655,0.002084,0.39110,0.01427,89.85,0.47081,-0.00009
1779372335.6902,plane,4232,9,0.49520,0.50175,0.033081,0.15644,0.14980,81.99,0.00051,-0.00134
1779372335.6902,plane,4232,72,0.53806,0.14061,0.110967,1.00528,0.66208,88.57,-0.00143,-0.01823
1779372335.6902,plane,4232,76,0.49316,0.99653,0.002602,0.50000,0.03127,90.00,-0.43583,-0.00015
1779372335.7879,plane,4233,9,0.49511,0.50223,0.033086,0.15646,0.14975,81.65,-0.00085,0.00486
1779372335.7879,plane,4233,72,0.54135,0.14319,0.113285,1.01985,0.71444,87.81,0.03356,0.02637
1779372335.8831,plane,4234,9,0.49513,0.50173,0.033105,0.15645,0.14987,81.71,0.00017,-0.00519
1779372335.8831,plane,4234,72,0.54021,0.14253,0.117679,1.01092,0.67749,88.07,-0.01200,-0.00692
1779372335.8831,plane,4234,76,0.54309,0.99655,0.002080,0.39019,0.01305,89.93,0.52453,0.00019
1779372335.9763,plane,4235,9,0.49514,0.50198,0.033098,0.15646,0.14985,81.33,0.00014,0.00272
1779372335.9763,plane,4235,72,0.53874,0.14298,0.120149,1.01016,0.67860,88.07,-0.01575,0.00483
1779372335.9763,plane,4235,76,0.54403,0.99656,0.002060,0.39084,0.01097,89.97,0.01016,0.00006
1779372336.0892,plane,4236,9,0.49509,0.50177,0.033108,0.15651,0.14984,81.93,-0.00047,-0.00190
1779372336.0892,plane,4236,72,0.53981,0.14285,0.124432,1.01466,0.69369,88.47,0.00949,-0.00121
1779372336.1873,plane,4237,9,0.49510,0.50202,0.033098,0.15648,0.14983,81.56,0.00007,0.00257
1779372336.1873,plane,4237,72,0.53922,0.14299,0.122538,1.02540,0.70840,88.12,-0.00606,0.00143
1779372336.1873,plane,4237,76,0.49361,0.99654,0.002582,0.48201,0.00536,89.86,-0.51383,-0.00014
1779372336.2799,plane,4238,9,0.49508,0.50194,0.033103,0.15647,0.14987,81.46,-0.00015,-0.00085
1779372336.2799,plane,4238,72,0.53888,0.14409,0.125047,1.01102,0.68874,88.34,-0.00358,0.01192
1779372336.2799,plane,4238,76,0.54384,0.99656,0.002062,0.38925,0.01666,89.95,0.54281,0.00018
1779372336.3773,plane,4239,9,0.49514,0.50210,0.033095,0.15650,0.14979,81.04,0.00056,0.00166
1779372336.3773,plane,4239,72,0.53934,0.14435,0.121360,1.02632,0.72212,88.18,0.00465,0.00270
1779372336.3773,plane,4239,76,0.54495,0.99655,0.002051,0.40034,0.01797,89.77,0.01145,-0.00009
1779372336.4879,plane,4240,9,0.49512,0.50198,0.033096,0.15644,0.14985,81.38,-0.00013,-0.00110
1779372336.4879,plane,4240,72,0.53704,0.14383,0.120075,1.01458,0.69148,88.21,-0.02071,-0.00466
1779372336.5853,plane,4241,9,0.49513,0.50197,0.033095,0.15643,0.14985,81.28,0.00005,-0.00018
1779372336.5853,plane,4241,72,0.54072,0.14380,0.118620,1.02588,0.73095,88.04,0.03785,-0.00034
1779372336.5853,plane,4241,76,0.54934,0.99655,0.002006,0.38082,0.01789,89.99,0.04504,0.00002
1779372336.6814,plane,4242,9,0.49520,0.50203,0.033100,0.15645,0.14983,81.17,0.00075,0.00065
1779372336.6814,plane,4242,72,0.54128,0.14335,0.118023,1.00932,0.68675,88.47,0.00577,-0.00466
1779372336.7784,plane,4243,9,0.49518,0.50201,0.033076,0.15643,0.14974,81.12,-0.00016,-0.00023
1779372336.7784,plane,4243,72,0.54024,0.14189,0.113225,1.01487,0.68880,87.53,-0.01072,-0.01506
1779372336.8870,plane,4244,,,,,,,,,
1779372336.9817,plane,4245,,,,,,,,,
1779372337.0788,plane,4246,,,,,,,,,
1779372337.1740,plane,4247,,,,,,,,,
1779372337.2865,plane,4248,,,,,,,,,
1779372337.3855,plane,4249,,,,,,,,,
1779372337.4806,plane,4250,,,,,,,,,
1779372337.5742,plane,4251,,,,,,,,,
1779372337.6864,plane,4252,,,,,,,,,
1779372337.7863,plane,4253,,,,,,,,,
1779372337.8784,plane,4254,,,,,,,,,
1779372337.9783,plane,4255,,,,,,,,,
1779372338.0866,plane,4256,,,,,,,,,
1779372338.1868,plane,4257,,,,,,,,,
1779372338.2782,plane,4258,,,,,,,,,
1779372338.3767,plane,4259,,,,,,,,,
1779372338.4858,plane,4260,,,,,,,,,
1779372338.5822,plane,4261,,,,,,,,,
1779372338.6777,plane,4262,,,,,,,,,
1779372338.7758,plane,4263,,,,,,,,,
1779372338.8867,plane,4264,,,,,,,,,
1779372338.9825,plane,4265,,,,,,,,,
1779372339.0810,plane,4266,,,,,,,,,
1779372339.1738,plane,4267,,,,,,,,,
1779372339.2886,plane,4268,,,,,,,,,
1779372339.3822,plane,4269,,,,,,,,,
1779372339.4803,plane,4270,,,,,,,,,
1779372339.5740,plane,4271,,,,,,,,,
1779372339.6859,plane,4272,,,,,,,,,
1779372339.7852,plane,4273,,,,,,,,,
1779372339.8787,plane,4274,,,,,,,,,
1779372339.9755,plane,4275,,,,,,,,,
1779372340.0889,plane,4276,,,,,,,,,
1779372340.1855,plane,4277,,,,,,,,,
1779372340.2825,plane,4278,,,,,,,,,
1779372340.3738,plane,4279,,,,,,,,,
1779372340.4869,plane,4280,,,,,,,,,
1779372340.5820,plane,4281,,,,,,,,,
1779372340.6785,plane,4282,,,,,,,,,
1779372340.7777,plane,4283,,,,,,,,,
1779372340.8867,plane,4284,,,,,,,,,
1779372340.9838,plane,4285,,,,,,,,,
1779372341.0791,plane,4286,,,,,,,,,
1779372341.1750,plane,4287,,,,,,,,,
1779372341.2862,plane,4288,,,,,,,,,
1779372341.3823,plane,4289,,,,,,,,,
1779372341.4780,plane,4290,,,,,,,,,
1779372341.5789,plane,4291,,,,,,,,,
1779372341.6879,plane,4292,,,,,,,,,
1779372341.7818,plane,4293,,,,,,,,,
1779372341.8802,plane,4294,,,,,,,,,
1779372341.9764,plane,4295,,,,,,,,,
1779372342.0905,plane,4296,,,,,,,,,
1779372342.1848,plane,4297,,,,,,,,,
1779372342.2793,plane,4298,,,,,,,,,
1779372342.3756,plane,4299,,,,,,,,,
1779372342.4868,plane,4300,,,,,,,,,
1779372342.5844,plane,4301,,,,,,,,,
1779372342.6784,plane,4302,,,,,,,,,
1779372342.7762,plane,4303,,,,,,,,,
1779372342.8877,plane,4304,,,,,,,,,
1779372342.9844,plane,4305,,,,,,,,,
1779372343.0780,plane,4306,,,,,,,,,
1779372343.1750,plane,4307,,,,,,,,,
1779372343.2858,plane,4308,,,,,,,,,
1779372343.3828,plane,4309,,,,,,,,,
1779372343.4802,plane,4310,,,,,,,,,
1779372343.5783,plane,4311,,,,,,,,,
1779372343.6887,plane,4312,,,,,,,,,
1779372343.7821,plane,4313,,,,,,,,,
1779372343.8791,plane,4314,,,,,,,,,
1779372343.9739,plane,4315,,,,,,,,,
1779372344.0869,plane,4316,,,,,,,,,
1779372344.1851,plane,4317,,,,,,,,,
1779372344.2780,plane,4318,,,,,,,,,
1779372344.3741,plane,4319,,,,,,,,,
1779372344.4884,plane,4320,,,,,,,,,
1779372344.5842,plane,4321,,,,,,,,,
1779372344.6805,plane,4322,,,,,,,,,
1779372344.7738,plane,4323,,,,,,,,,
1779372344.8869,plane,4324,,,,,,,,,
1779372344.9823,plane,4325,,,,,,,,,
1779372345.0813,plane,4326,,,,,,,,,
1779372345.1761,plane,4327,,,,,,,,,
1779372345.2867,plane,4328,,,,,,,,,
1779372345.3843,plane,4329,,,,,,,,,
1779372345.4826,plane,4330,,,,,,,,,
1779372345.5745,plane,4331,,,,,,,,,
1779372345.6882,plane,4332,,,,,,,,,
1779372345.7832,plane,4333,,,,,,,,,
1779372345.8782,plane,4334,,,,,,,,,
1779372345.9740,plane,4335,,,,,,,,,
1779372346.0865,plane,4336,,,,,,,,,
1779372346.1825,plane,4337,,,,,,,,,
1779372346.2780,plane,4338,,,,,,,,,
1779372346.3749,plane,4339,,,,,,,,,
1779372346.4869,plane,4340,,,,,,,,,
1779372346.5854,plane,4341,,,,,,,,,
1779372346.6782,plane,4342,,,,,,,,,
1779372346.7750,plane,4343,,,,,,,,,
1779372346.8857,plane,4344,,,,,,,,,
1779372346.9833,plane,4345,,,,,,,,,
1779372347.0790,plane,4346,,,,,,,,,
1779372347.1779,plane,4347,,,,,,,,,
1779372347.2859,plane,4348,,,,,,,,,
1779372347.3880,plane,4349,,,,,,,,,
1779372347.4806,plane,4350,,,,,,,,,
1779372347.5770,plane,4351,,,,,,,,,
1779372347.6872,plane,4352,,,,,,,,,
1779372347.7827,plane,4353,,,,,,,,,
1779372347.8804,plane,4354,,,,,,,,,
1779372347.9773,plane,4355,,,,,,,,,
1779372348.0901,plane,4356,,,,,,,,,
1779372348.1854,plane,4357,,,,,,,,,
1779372348.2824,plane,4358,,,,,,,,,
1779372348.3771,plane,4359,,,,,,,,,
1779372348.4863,plane,4360,,,,,,,,,
1779372348.5832,plane,4361,,,,,,,,,
1779372348.6806,plane,4362,,,,,,,,,
1779372348.7784,plane,4363,,,,,,,,,
1779372348.8880,plane,4364,,,,,,,,,
1779372348.9839,plane,4365,,,,,,,,,
1779372349.0810,plane,4366,,,,,,,,,
1779372349.1770,plane,4367,,,,,,,,,
1779372349.2905,plane,4368,,,,,,,,,
1779372349.3849,plane,4369,,,,,,,,,
1779372349.4806,plane,4370,,,,,,,,,
1779372349.5779,plane,4371,,,,,,,,,
1779372349.6873,plane,4372,,,,,,,,,
1779372349.7854,plane,4373,,,,,,,,,
1779372349.8825,plane,4374,,,,,,,,,
1779372349.9762,plane,4375,,,,,,,,,
1779372350.0881,plane,4376,,,,,,,,,
1779372350.1852,plane,4377,,,,,,,,,
1779372350.2799,plane,4378,,,,,,,,,
1779372350.3782,plane,4379,,,,,,,,,
1779372350.4881,plane,4380,,,,,,,,,
1779372350.5848,plane,4381,,,,,,,,,
1779372350.6798,plane,4382,,,,,,,,,
1779372350.7770,plane,4383,,,,,,,,,
1779372350.8871,plane,4384,,,,,,,,,
1779372350.9855,plane,4385,,,,,,,,,
1779372351.0785,plane,4386,,,,,,,,,
1779372351.1760,plane,4387,,,,,,,,,
1779372351.2871,plane,4388,,,,,,,,,
1779372351.3864,plane,4389,77,0.49683,0.44908,0.862279,11.63116,0.84083,91.94,0.00000,0.00000
1779372351.3864,plane,4389,78,0.43676,0.94434,0.002352,0.12994,0.05401,90.31,0.00000,0.00000
1779372351.4822,plane,4390,77,0.49903,0.43186,0.825675,1.00000,0.56250,0.00,0.02298,-0.17987
1779372351.5761,plane,4391,77,0.49920,0.43410,0.825746,1.00000,0.56250,0.00,0.00179,0.02381
1779372351.6883,plane,4392,77,0.49914,0.43420,0.825433,1.00000,0.56250,0.00,-0.00049,0.00095
1779372351.7832,plane,4393,77,0.49916,0.43423,0.825473,1.00000,0.56250,0.00,0.00015,0.00031
1779372351.8805,plane,4394,77,0.49910,0.43428,0.825607,1.00000,0.56250,0.00,-0.00058,0.00047
1779372351.9773,plane,4395,77,0.48156,0.45837,0.872711,8.44131,0.55764,89.98,-0.18176,0.24962
1779372351.9773,plane,4395,79,0.65121,0.92553,0.002291,0.11883,0.01648,93.36,0.00000,0.00000
1779372352.0880,plane,4396,77,0.49965,0.49906,0.969525,1.00000,0.56250,0.00,0.16317,0.36689
1779372352.1858,plane,4397,77,0.49977,0.48947,0.945514,1.00000,0.56250,0.00,0.00122,-0.09803
