time,surface,frame,blob_id,x,y,area,major,minor,angle,vx,vy
1779370432.9593,plane,1,,,,,,,,,
1779370433.0513,plane,2,,,,,,,,,
1779370433.1648,plane,3,0,0.50313,0.90584,0.151171,3.29300,0.09166,89.90,0.00000,0.00000
1779370433.2592,plane,4,0,0.50320,0.90583,0.151162,3.48313,0.09126,89.91,0.00074,-0.00005
1779370433.3578,plane,5,0,0.50315,0.90584,0.151176,3.39017,0.09151,89.91,-0.00047,0.00004
1779370433.4510,plane,6,0,0.50320,0.90586,0.150384,4.59630,0.08971,89.91,0.00057,0.00022
1779370433.5632,plane,7,0,0.50324,0.90585,0.150389,4.35170,0.08976,89.90,0.00031,-0.00006
1779370433.6612,plane,8,0,0.50321,0.90586,0.150370,4.26540,0.09005,89.91,-0.00027,0.00010
1779370433.7541,plane,9,0,0.50290,0.90604,0.149284,4.63308,0.08918,89.89,-0.00332,0.00194
1779370433.8522,plane,10,0,0.50292,0.90604,0.149272,4.66552,0.08914,89.89,0.00017,-0.00001
1779370433.9650,plane,11,0,0.50293,0.90603,0.149297,4.44338,0.08938,89.89,0.00007,-0.00006
1779370434.0586,plane,12,0,0.50304,0.90607,0.148483,3.35082,0.08960,89.93,0.00120,0.00040
1779370434.1547,plane,13,0,0.50305,0.90606,0.148488,3.35931,0.08957,89.93,0.00012,-0.00007
1779370434.2507,plane,14,0,0.50305,0.90606,0.148488,3.30982,0.08957,89.92,0.00001,-0.00000
1779370434.3644,plane,15,0,0.50377,0.90585,0.147373,3.50146,0.08879,89.94,0.00635,-0.00192
1779370434.4590,plane,16,0,0.50380,0.90585,0.147373,3.58373,0.08873,89.94,0.00031,-0.00000
1779370434.5570,plane,17,0,0.50379,0.90585,0.147366,3.61883,0.08851,89.94,-0.00012,-0.00000
1779370434.6505,plane,18,0,0.50382,0.90580,0.146442,3.83295,0.08739,89.91,0.00032,-0.00049
1779370434.7623,plane,19,0,0.50379,0.90580,0.146420,3.72965,0.08778,89.93,-0.00027,-0.00003
1779370434.8615,plane,20,0,0.50379,0.90580,0.146437,3.88800,0.08736,89.92,-0.00003,0.00004
1779370434.9558,plane,21,0,0.50354,0.90599,0.145216,3.15084,0.08827,89.87,-0.00263,0.00196
1779370435.0504,plane,22,0,0.50352,0.90599,0.145208,3.20070,0.08800,89.87,-0.00021,0.00002
1779370435.1620,plane,23,0,0.50348,0.90599,0.145194,3.26884,0.08791,89.86,-0.00037,-0.00002
1779370435.2611,plane,24,0,0.50379,0.90605,0.144453,2.73494,0.08865,89.94,0.00312,0.00065
1779370435.3567,plane,25,0,0.50376,0.90606,0.144472,2.85622,0.08840,89.94,-0.00025,0.00010
1779370435.4531,plane,26,0,0.50382,0.90606,0.144487,2.93814,0.08812,89.94,0.00053,0.00003
1779370435.5638,plane,27,0,0.50416,0.90594,0.143799,2.45785,0.08974,89.93,0.00315,-0.00112
1779370435.6586,plane,28,0,0.50423,0.90593,0.143778,2.41993,0.09003,89.94,0.00073,-0.00010
1779370435.7581,plane,29,0,0.50419,0.90593,0.143768,2.44711,0.08967,89.94,-0.00041,-0.00004
1779370435.8537,plane,30,0,0.50452,0.90583,0.143448,2.57400,0.08823,89.98,0.00346,-0.00096
1779370435.9662,plane,31,0,0.50449,0.90585,0.143431,2.42774,0.08864,89.96,-0.00032,0.00011
1779370436.0639,plane,32,0,0.50452,0.90584,0.143421,2.51865,0.08814,89.98,0.00036,-0.00004
1779370436.1760,plane,33,0,0.50446,0.90582,0.143307,2.51276,0.08839,89.97,-0.00061,-0.00016
1779370436.2520,plane,34,0,0.50451,0.90581,0.143273,2.27133,0.08906,90.02,0.00078,-0.00014
1779370436.3654,plane,35,0,0.50447,0.90582,0.143299,2.45445,0.08824,90.00,-0.00043,0.00005
1779370436.4609,plane,36,0,0.50442,0.90580,0.143209,2.09515,0.08954,89.99,-0.00044,-0.00018
1779370436.5553,plane,37,0,0.50436,0.90579,0.143178,1.66921,0.09434,89.91,-0.00066,-0.00013
1779370436.6528,plane,38,0,0.50443,0.90580,0.143209,2.02401,0.09042,89.99,0.00071,0.00013
1779370436.7650,plane,39,0,0.50427,0.90580,0.143221,1.90360,0.09185,89.97,-0.00139,-0.00005
1779370436.8598,plane,40,0,0.50432,0.90579,0.143209,1.86378,0.09182,89.97,0.00051,-0.00002
1779370436.9550,plane,41,0,0.50444,0.90580,0.143217,2.13820,0.08941,89.96,0.00129,0.00007
1779370437.0525,plane,42,0,0.50443,0.90580,0.143204,2.07675,0.08953,90.00,-0.00016,-0.00005
1779370437.1660,plane,43,0,0.50425,0.90579,0.143178,1.83011,0.09280,89.95,-0.00157,-0.00003
1779370437.2611,plane,44,0,0.50444,0.90580,0.143217,2.12621,0.08920,90.00,0.00198,0.00007
1779370437.3592,plane,45,0,0.50441,0.90580,0.143207,1.99388,0.09063,89.98,-0.00030,-0.00001
1779370437.4536,plane,46,0,0.50427,0.90580,0.143170,1.52083,0.09609,89.90,-0.00149,-0.00002
1779370437.5665,plane,47,0,0.50445,0.90581,0.143221,2.13100,0.08954,89.97,0.00161,0.00009
1779370437.6636,plane,48,0,0.50433,0.90579,0.143183,1.87975,0.09145,89.97,-0.00128,-0.00012
1779370437.7600,plane,49,0,0.50434,0.90579,0.143185,1.70512,0.09320,89.92,0.00015,-0.00000
1779370437.8552,plane,50,0,0.50441,0.90579,0.143197,1.68340,0.09404,89.95,0.00072,-0.00001
1779370437.9664,plane,51,0,0.50440,0.90580,0.143204,1.75105,0.09256,89.93,-0.00007,0.00007
1779370438.0644,plane,52,0,0.50439,0.90580,0.143200,2.05421,0.08965,89.98,-0.00013,-0.00001
1779370438.1587,plane,53,0,0.50439,0.90580,0.143207,2.16956,0.08894,89.99,0.00003,-0.00002
1779370438.2546,plane,54,0,0.55477,0.86820,0.066259,1.08529,0.05095,90.08,0.52650,-0.39298
1779370438.3647,plane,55,0,0.43992,0.94542,0.002594,0.10620,0.02272,89.29,-1.04152,0.70032
1779370438.4626,plane,56,0,0.43987,0.91426,0.008535,0.14820,0.05765,89.11,-0.00052,-0.31819
1779370438.5584,plane,57,0,0.43982,0.91319,0.008735,0.16802,0.05624,89.24,-0.00054,-0.01124
1779370438.6544,plane,58,0,0.43980,0.91330,0.008672,0.13211,0.06161,89.16,-0.00020,0.00113
1779370438.7658,plane,59,0,0.43976,0.91344,0.008608,0.12680,0.06021,89.06,-0.00033,0.00131
1779370438.8625,plane,60,0,0.44003,0.91245,0.009116,0.14667,0.06446,89.41,0.00277,-0.01025
1779370438.8625,plane,60,1,0.49929,0.41523,0.079663,0.30340,0.29950,171.48,0.00000,0.00000
1779370438.9578,plane,61,0,0.43993,0.91235,0.008908,0.12793,0.07312,89.34,-0.00106,-0.00104
1779370438.9578,plane,61,1,0.49931,0.41522,0.077950,0.33758,0.23123,86.74,0.00021,-0.00012
1779370439.0543,plane,62,0,0.43999,0.91230,0.008775,0.13581,0.06821,89.14,0.00058,-0.00054
1779370439.0543,plane,62,1,0.49925,0.41531,0.077564,0.53725,0.17732,90.15,-0.00065,0.00100
1779370439.1645,plane,63,0,0.43994,0.91258,0.009147,0.19921,0.05544,88.95,-0.00042,0.00253
1779370439.1645,plane,63,1,0.49952,0.41548,0.078210,1.28973,0.16321,89.66,0.00245,0.00148
1779370439.2599,plane,64,0,0.43992,0.91262,0.009089,0.20816,0.05508,88.99,-0.00024,0.00045
1779370439.2599,plane,64,1,0.49951,0.41548,0.078059,1.30844,0.16287,89.76,-0.00004,0.00004
1779370439.3566,plane,65,0,0.43997,0.91254,0.009098,0.25260,0.05352,89.27,0.00050,-0.00087
1779370439.3566,plane,65,1,0.49949,0.41517,0.077979,1.44889,0.16216,89.67,-0.00022,-0.00327
1779370439.4523,plane,66,0,0.43997,0.91498,0.009810,0.13799,0.07386,89.51,0.00004,0.02551
1779370439.4523,plane,66,1,0.49951,0.41523,0.078391,1.33410,0.16399,89.71,0.00016,0.00065
1779370439.5656,plane,67,0,0.43997,0.91481,0.009781,0.37363,0.05578,89.69,0.00004,-0.00154
1779370439.5656,plane,67,1,0.49950,0.41523,0.078322,1.33298,0.16399,89.71,-0.00009,0.00003
1779370439.6624,plane,68,0,0.44009,0.91479,0.009754,0.28348,0.05701,89.96,0.00122,-0.00014
1779370439.6624,plane,68,1,0.49949,0.41529,0.078266,1.26167,0.16400,89.80,-0.00013,0.00059
1779370439.7599,plane,69,0,0.44034,0.91578,0.010103,0.11248,0.10773,80.35,0.00257,0.01017
1779370439.7599,plane,69,1,0.49932,0.41507,0.078988,0.60033,0.17485,90.33,-0.00173,-0.00220
1779370439.7599,plane,69,2,0.97614,0.05208,0.005522,0.08372,0.04958,94.86,0.00000,0.00000
1779370439.8547,plane,70,0,0.44035,0.91578,0.010089,0.11248,0.10773,80.35,0.00013,-0.00001
1779370439.8547,plane,70,1,0.49922,0.41517,0.078912,0.54117,0.17745,91.16,-0.00103,0.00103
1779370439.8547,plane,70,2,0.97758,0.05018,0.005005,0.05231,0.04816,0.00,0.01515,-0.02006
1779370439.9670,plane,71,0,0.44035,0.91579,0.010091,0.11248,0.10773,80.35,-0.00002,0.00002
1779370439.9670,plane,71,1,0.49927,0.41506,0.078963,0.56945,0.17681,90.38,0.00044,-0.00097
1779370439.9670,plane,71,2,0.97743,0.05058,0.005064,0.07245,0.05862,82.83,-0.00131,0.00353
1779370440.0638,plane,72,0,0.44006,0.91558,0.010369,0.24103,0.05970,89.74,-0.00306,-0.00217
1779370440.0638,plane,72,1,0.49941,0.41520,0.079859,0.94434,0.16524,89.17,0.00149,0.00139
1779370440.0638,plane,72,2,0.93279,0.10523,0.031684,0.52553,0.12670,134.56,-0.46121,0.56459
1779370440.0638,plane,72,3,0.03667,0.05162,0.008472,0.19107,0.08270,53.45,0.00000,0.00000
1779370440.1623,plane,73,0,0.44006,0.91552,0.010378,0.22834,0.06010,89.51,0.00007,-0.00055
1779370440.1623,plane,73,1,0.49943,0.41516,0.079948,1.09493,0.16709,89.77,0.00019,-0.00043
1779370440.1623,plane,73,2,0.93317,0.10667,0.031896,0.66877,0.10845,134.00,0.00393,0.01465
1779370440.1623,plane,73,3,0.03873,0.05297,0.009252,0.19518,0.06940,95.09,0.02083,0.01364
1779370440.2556,plane,74,0,0.44007,0.91551,0.010401,0.21885,0.06126,89.61,0.00009,-0.00016
1779370440.2556,plane,74,1,0.49943,0.41520,0.079973,1.27143,0.16476,89.64,-0.00006,0.00050
1779370440.2556,plane,74,2,0.93219,0.10432,0.031728,0.50504,0.13590,129.77,-0.01060,-0.02527
1779370440.2556,plane,74,3,0.03823,0.05035,0.008670,0.15331,0.05491,67.50,-0.00536,-0.02811
1779370440.3679,plane,75,0,0.43995,0.91579,0.010712,0.29846,0.06001,89.47,-0.00105,0.00257
1779370440.3679,plane,75,1,0.49928,0.41521,0.080997,0.36531,0.22144,90.29,-0.00135,0.00004
1779370440.3679,plane,75,4,0.56756,0.14994,0.214539,1.00618,0.64154,94.45,0.00000,0.00000
1779370440.4637,plane,76,0,0.44014,0.91615,0.010737,0.32674,0.05968,89.61,0.00190,0.00373
1779370440.4637,plane,76,1,0.49918,0.41538,0.081253,0.42255,0.19222,92.57,-0.00101,0.00184
1779370440.4637,plane,76,4,0.56605,0.14987,0.215039,1.00817,0.64360,94.42,-0.01575,-0.00078
1779370440.5592,plane,77,0,0.44006,0.91600,0.010769,0.27929,0.06060,89.49,-0.00078,-0.00165
1779370440.5592,plane,77,1,0.49918,0.41516,0.081580,0.35680,0.21862,90.32,-0.00002,-0.00229
1779370440.5592,plane,77,4,0.56433,0.15256,0.223262,1.00320,0.63489,94.35,-0.01795,0.02821
1779370440.6549,plane,78,0,0.43994,0.98358,0.003218,0.10768,0.04501,90.00,-0.00126,0.70698
1779370440.6549,plane,78,1,0.48461,0.44069,0.864463,1.93744,0.57874,90.58,-0.15238,0.26702
1779370440.7648,plane,79,1,0.49951,0.49913,1.000000,1.00000,0.56250,0.00,0.13585,0.53281
1779370440.8611,plane,80,1,0.49951,0.49913,1.000000,1.00000,0.56250,0.00,0.00000,0.00000
1779370440.9557,plane,81,1,0.49951,0.49913,1.000000,1.00000,0.56250,0.00,0.00000,0.00000
1779370441.0520,plane,82,1,0.49951,0.49913,1.000000,1.00000,0.56250,0.00,0.00000,0.00000
1779370441.1625,plane,83,1,0.49951,0.49913,1.000000,1.00000,0.56250,0.00,0.00000,0.00000
1779370441.2593,plane,84,1,0.49951,0.49913,1.000000,1.00000,0.56250,0.00,0.00000,0.00000
1779370441.3547,plane,85,1,0.49951,0.49912,0.988768,1.00000,0.56250,0.00,-0.00006,-0.00010
1779370441.4528,plane,86,1,0.49951,0.49912,0.988768,1.00000,0.56250,0.00,0.00000,0.00000
1779370441.5638,plane,87,1,0.49951,0.49912,0.988768,1.00000,0.56250,0.00,0.00000,0.00000
1779370441.6619,plane,88,1,0.49918,0.49910,0.988768,1.00000,0.56250,0.00,-0.00328,-0.00020
1779370441.7563,plane,89,1,0.49932,0.49891,0.988768,1.00000,0.56250,0.00,0.00141,-0.00210
1779370441.8506,plane,90,,,,,,,,,
1779370441.9622,plane,91,,,,,,,,,
1779370442.0583,plane,92,,,,,,,,,
1779370442.1552,plane,93,,,,,,,,,
1779370442.2506,plane,94,,,,,,,,,
1779370442.3622,plane,95,,,,,,,,,
1779370442.4588,plane,96,5,0.53528,0.52148,0.003079,0.06912,0.06263,148.75,0.00000,0.00000
1779370442.5555,plane,97,5,0.51129,0.50611,0.002489,0.06827,0.06110,107.26,-0.24841,-0.15920
1779370442.6495,plane,98,,,,,,,,,
1779370442.7617,plane,99,,,,,,,,,
1779370442.8572,plane,100,,,,,,,,,
1779370442.9535,plane,101,,,,,,,,,
1779370443.0495,plane,102,,,,,,,,,
1779370443.1624,plane,103,5,0.47233,0.56059,0.008457,0.07913,0.07493,83.20,-0.34459,0.48193
1779370443.2593,plane,104,5,0.47232,0.56057,0.008460,0.07915,0.07499,84.12,-0.00017,-0.00016
1779370443.3542,plane,105,5,0.47227,0.56057,0.008586,0.07957,0.07560,85.10,-0.00045,0.00000
1779370443.4503,plane,106,5,0.47230,0.56055,0.008587,0.07959,0.07557,84.74,0.00032,-0.00016
1779370443.5612,plane,107,5,0.47231,0.56057,0.008586,0.07960,0.07559,84.61,0.00006,0.00015
1779370443.6573,plane,108,5,0.47233,0.56060,0.008721,0.08015,0.07627,84.81,0.00017,0.00027
1779370443.7542,plane,109,5,0.47233,0.56050,0.008725,0.08016,0.07627,84.60,0.00002,-0.00098
1779370443.8500,plane,110,5,0.47234,0.56052,0.008723,0.08018,0.07625,84.45,0.00006,0.00015
1779370443.9616,plane,111,5,0.47232,0.56050,0.008831,0.08065,0.07688,83.07,-0.00018,-0.00014
1779370444.0577,plane,112,5,0.47234,0.56051,0.008821,0.08058,0.07684,82.37,0.00025,0.00010
1779370444.1546,plane,113,5,0.47231,0.56050,0.008830,0.08064,0.07687,82.48,-0.00032,-0.00010
1779370444.2500,plane,114,5,0.47228,0.56036,0.008933,0.08106,0.07730,84.22,-0.00031,-0.00144
1779370444.3618,plane,115,5,0.47224,0.56044,0.008925,0.08098,0.07730,85.00,-0.00040,0.00070
1779370444.4576,plane,116,5,0.47222,0.56052,0.008933,0.08101,0.07734,84.82,-0.00012,0.00079
1779370444.5541,plane,117,5,0.47227,0.56053,0.009028,0.08136,0.07774,83.46,0.00050,0.00017
1779370444.6499,plane,118,5,0.47226,0.56057,0.009023,0.08130,0.07776,83.68,-0.00016,0.00038
1779370444.7617,plane,119,5,0.47224,0.56051,0.009026,0.08140,0.07772,83.91,-0.00012,-0.00055
1779370444.8576,plane,120,5,0.47230,0.56054,0.009108,0.08181,0.07814,84.87,0.00053,0.00030
1779370444.9534,plane,121,5,0.47229,0.56051,0.009108,0.08188,0.07810,85.24,-0.00006,-0.00024
1779370445.0491,plane,122,5,0.47230,0.56052,0.009106,0.08185,0.07811,84.96,0.00008,0.00005
1779370445.1616,plane,123,5,0.47228,0.56057,0.009194,0.08211,0.07858,82.51,-0.00019,0.00048
1779370445.2574,plane,124,5,0.47226,0.56061,0.009184,0.08209,0.07848,83.85,-0.00015,0.00043
1779370445.3537,plane,125,5,0.47224,0.56069,0.009189,0.08208,0.07852,84.15,-0.00017,0.00074
1779370445.4492,plane,126,5,0.47227,0.56060,0.009288,0.08256,0.07901,84.37,0.00024,-0.00090
1779370445.5614,plane,127,5,0.47230,0.56067,0.009291,0.08253,0.07904,84.28,0.00027,0.00067
1779370445.6577,plane,128,5,0.47229,0.56063,0.009288,0.08249,0.07907,84.22,-0.00013,-0.00050
1779370445.7550,plane,129,5,0.47231,0.56071,0.009379,0.08285,0.07936,83.45,0.00030,0.00083
1779370445.8495,plane,130,5,0.47232,0.56059,0.009377,0.08282,0.07938,83.06,0.00002,-0.00124
1779370445.9613,plane,131,5,0.47229,0.56059,0.009379,0.08282,0.07937,82.93,-0.00020,-0.00003
1779370446.0570,plane,132,5,0.47228,0.56057,0.009479,0.08333,0.07985,83.87,-0.00015,-0.00019
1779370446.1535,plane,133,5,0.47229,0.56062,0.009479,0.08334,0.07985,84.16,0.00007,0.00050
1779370446.2495,plane,134,5,0.47229,0.56064,0.009493,0.08337,0.07993,84.42,0.00007,0.00024
1779370446.3624,plane,135,5,0.47237,0.56063,0.009598,0.08386,0.08033,80.33,0.00065,-0.00007
1779370446.3624,plane,135,6,0.98142,0.04051,0.003309,0.08340,0.03231,130.06,0.00000,0.00000
1779370446.4568,plane,136,5,0.47230,0.56072,0.009525,0.08356,0.08001,83.75,-0.00074,0.00095
1779370446.5536,plane,137,5,0.47229,0.56071,0.009523,0.08355,0.08001,83.70,-0.00006,-0.00009
1779370446.6519,plane,138,5,0.47235,0.56053,0.009652,0.08411,0.08069,78.94,0.00063,-0.00185
1779370446.6519,plane,138,6,0.97230,0.05591,0.006907,0.26208,0.08217,133.07,-0.09290,0.15696
1779370446.6519,plane,138,7,0.01928,0.03106,0.002816,0.10595,0.06397,54.01,0.00000,0.00000
1779370446.7627,plane,139,5,0.47237,0.56057,0.009650,0.08413,0.08065,80.34,0.00014,0.00033
1779370446.7627,plane,139,6,0.97138,0.05424,0.006912,0.11023,0.06538,86.49,-0.00829,-0.01512
1779370446.7627,plane,139,7,0.01898,0.02977,0.002664,0.42401,0.03828,48.31,-0.00273,-0.01163
1779370446.8578,plane,140,5,0.47237,0.56055,0.009640,0.08415,0.08051,79.63,-0.00004,-0.00013
1779370446.8578,plane,140,6,0.97389,0.05441,0.006334,0.40195,0.08881,138.34,0.02637,0.00182
1779370446.8578,plane,140,7,0.01797,0.03030,0.002574,0.09780,0.04939,2.66,-0.01055,0.00563
1779370446.9546,plane,141,5,0.47829,0.55182,0.011459,0.10701,0.07866,53.40,0.06108,-0.09007
1779370446.9546,plane,141,6,0.92721,0.11906,0.038525,0.36604,0.14807,133.35,-0.48153,0.66686
1779370446.9546,plane,141,7,0.06920,0.09988,0.030682,0.23861,0.11631,53.97,0.52840,0.71764
1779370447.0504,plane,142,5,0.47869,0.55150,0.011556,0.10869,0.07871,54.10,0.00417,-0.00338
1779370447.0504,plane,142,6,0.92685,0.12082,0.039324,0.33599,0.13811,138.29,-0.00374,0.01838
1779370447.0504,plane,142,7,0.06960,0.10042,0.030918,0.23546,0.11971,53.33,0.00416,0.00566
1779370447.1623,plane,143,5,0.47898,0.55114,0.011646,0.11070,0.07849,52.41,0.00260,-0.00321
1779370447.1623,plane,143,6,0.92445,0.12333,0.041407,0.36620,0.15222,133.86,-0.02141,0.02242
1779370447.1623,plane,143,7,0.07140,0.10219,0.032342,0.23656,0.11588,54.11,0.01604,0.01582
1779370447.2577,plane,144,5,0.48095,0.54827,0.012507,0.11586,0.07994,54.21,0.02067,-0.03005
1779370447.2577,plane,144,8,0.51664,0.18785,0.305840,0.99580,0.71937,91.36,0.00000,0.00000
1779370447.3545,plane,145,5,0.48095,0.54828,0.012512,0.11722,0.07997,53.84,-0.00003,0.00011
1779370447.3545,plane,145,8,0.51665,0.18841,0.307090,0.99078,0.70558,91.02,0.00014,0.00587
1779370447.4500,plane,146,5,0.48093,0.54825,0.012526,0.11530,0.07993,54.02,-0.00016,-0.00032
1779370447.4500,plane,146,8,0.51747,0.19030,0.309875,0.99143,0.70949,91.51,0.00853,0.01976
1779370447.5621,plane,147,5,0.48140,0.54757,0.012828,0.11260,0.08102,52.32,0.00421,-0.00604
1779370447.5621,plane,147,8,0.51017,0.25625,0.456351,1.02104,0.78379,102.46,-0.06494,0.58717
1779370447.6584,plane,148,5,0.48143,0.54754,0.012824,0.11644,0.08038,51.31,0.00031,-0.00037
1779370447.6584,plane,148,8,0.50997,0.25579,0.455253,1.02157,0.78052,102.82,-0.00212,-0.00485
1779370447.7540,plane,149,5,0.48143,0.54757,0.012845,0.11741,0.08045,51.61,-0.00001,0.00033
1779370447.7540,plane,149,8,0.50945,0.26243,0.469698,1.03179,0.81017,104.67,-0.00543,0.06953
1779370447.8504,plane,150,5,0.48162,0.55076,0.012705,0.11516,0.07946,53.21,0.00191,0.03304
1779370447.8504,plane,150,8,0.50967,0.25786,0.460710,1.03600,0.80598,104.66,0.00228,-0.04736
1779370447.9619,plane,151,5,0.48169,0.55064,0.012729,0.11730,0.08033,51.85,0.00069,-0.00100
1779370447.9619,plane,151,8,0.50900,0.25998,0.463459,1.03673,0.82745,105.03,-0.00606,0.01897
1779370448.0583,plane,152,5,0.48184,0.55152,0.012719,0.11760,0.07980,54.74,0.00155,0.00907
1779370448.0583,plane,152,8,0.50883,0.25859,0.460887,1.02701,0.81274,103.70,-0.00171,-0.01443
1779370448.1544,plane,153,5,0.48179,0.55168,0.012695,0.11967,0.07937,53.26,-0.00054,0.00171
1779370448.1544,plane,153,8,0.50853,0.25722,0.458199,1.03298,0.81529,103.90,-0.00312,-0.01423
1779370448.2512,plane,154,5,0.48174,0.55171,0.012673,0.11483,0.07988,52.45,-0.00052,0.00023
1779370448.2512,plane,154,8,0.50898,0.25058,0.443968,1.01629,0.77375,101.19,0.00464,-0.06868
1779370448.3636,plane,155,5,0.48174,0.55174,0.012666,0.11645,0.07982,52.03,-0.00004,0.00030
1779370448.3636,plane,155,8,0.50859,0.25101,0.445926,1.01500,0.77284,100.45,-0.00348,0.00381
1779370448.4582,plane,156,5,0.48181,0.55162,0.012707,0.11754,0.07936,54.02,0.00074,-0.00127
1779370448.4582,plane,156,8,0.50918,0.25689,0.457440,1.01801,0.78106,101.92,0.00628,0.06207
1779370448.5545,plane,157,5,0.48173,0.55178,0.012666,0.11536,0.07961,52.79,-0.00077,0.00173
1779370448.5545,plane,157,8,0.50994,0.24930,0.439655,1.02010,0.80302,102.56,0.00783,-0.07892
1779370448.6499,plane,158,5,0.48167,0.55189,0.012633,0.11742,0.07952,52.58,-0.00061,0.00105
1779370448.6499,plane,158,8,0.51041,0.24092,0.420312,1.01852,0.83461,99.64,0.00500,-0.08777
1779370448.7623,plane,159,5,0.48174,0.55175,0.012668,0.11767,0.07967,52.33,0.00056,-0.00118
1779370448.7623,plane,159,8,0.50971,0.24827,0.438641,1.02396,0.80547,102.84,-0.00625,0.06550
1779370448.8566,plane,160,,,,,,,,,
1779370448.9521,plane,161,,,,,,,,,
1779370449.0484,plane,162,,,,,,,,,
1779370449.1610,plane,163,,,,,,,,,
1779370449.2564,plane,164,,,,,,,,,
1779370449.3525,plane,165,,,,,,,,,
1779370449.4486,plane,166,,,,,,,,,
1779370449.5605,plane,167,,,,,,,,,
1779370449.6564,plane,168,,,,,,,,,
1779370449.7524,plane,169,,,,,,,,,
1779370449.8486,plane,170,,,,,,,,,
1779370449.9605,plane,171,,,,,,,,,
1779370450.0564,plane,172,,,,,,,,,
1779370450.1522,plane,173,,,,,,,,,
1779370450.2489,plane,174,,,,,,,,,
1779370450.3604,plane,175,,,,,,,,,
1779370450.4563,plane,176,,,,,,,,,
1779370450.5527,plane,177,,,,,,,,,
1779370450.6489,plane,178,,,,,,,,,
1779370450.7606,plane,179,,,,,,,,,
1779370450.8568,plane,180,,,,,,,,,
1779370450.9529,plane,181,,,,,,,,,
1779370451.0485,plane,182,,,,,,,,,
1779370451.1608,plane,183,,,,,,,,,
1779370451.2567,plane,184,,,,,,,,,
1779370451.3527,plane,185,,,,,,,,,
1779370451.4490,plane,186,,,,,,,,,
1779370451.5605,plane,187,,,,,,,,,
1779370451.6583,plane,188,,,,,,,,,
1779370451.7525,plane,189,,,,,,,,,
1779370451.8486,plane,190,,,,,,,,,
1779370451.9605,plane,191,,,,,,,,,
1779370452.0563,plane,192,,,,,,,,,
1779370452.1523,plane,193,,,,,,,,,
1779370452.2481,plane,194,,,,,,,,,
1779370452.3606,plane,195,,,,,,,,,
1779370452.4573,plane,196,,,,,,,,,
1779370452.5528,plane,197,,,,,,,,,
1779370452.6488,plane,198,,,,,,,,,
1779370452.7605,plane,199,,,,,,,,,
1779370452.8567,plane,200,,,,,,,,,
1779370452.9525,plane,201,,,,,,,,,
1779370453.0483,plane,202,,,,,,,,,
1779370453.1603,plane,203,,,,,,,,,
1779370453.2568,plane,204,,,,,,,,,
1779370453.3531,plane,205,,,,,,,,,
1779370453.4489,plane,206,,,,,,,,,
1779370453.5606,plane,207,,,,,,,,,
1779370453.6565,plane,208,,,,,,,,,
1779370453.7523,plane,209,,,,,,,,,
1779370453.8485,plane,210,,,,,,,,,
1779370453.9606,plane,211,,,,,,,,,
1779370454.0569,plane,212,,,,,,,,,
1779370454.1526,plane,213,,,,,,,,,
1779370454.2481,plane,214,,,,,,,,,
1779370454.3604,plane,215,,,,,,,,,
1779370454.4562,plane,216,,,,,,,,,
1779370454.5525,plane,217,,,,,,,,,
1779370454.6483,plane,218,,,,,,,,,
1779370454.7604,plane,219,,,,,,,,,
1779370454.8572,plane,220,,,,,,,,,
1779370454.9526,plane,221,,,,,,,,,
1779370455.0485,plane,222,,,,,,,,,
1779370455.1604,plane,223,,,,,,,,,
1779370455.2566,plane,224,,,,,,,,,
1779370455.3528,plane,225,,,,,,,,,
1779370455.4486,plane,226,,,,,,,,,
1779370455.5608,plane,227,,,,,,,,,
1779370455.6564,plane,228,,,,,,,,,
1779370455.7532,plane,229,,,,,,,,,
1779370455.8488,plane,230,,,,,,,,,
1779370455.9604,plane,231,,,,,,,,,
1779370456.0564,plane,232,,,,,,,,,
1779370456.1521,plane,233,,,,,,,,,
1779370456.2484,plane,234,,,,,,,,,
1779370456.3600,plane,235,,,,,,,,,
1779370456.4564,plane,236,,,,,,,,,
1779370456.5523,plane,237,,,,,,,,,
1779370456.6484,plane,238,,,,,,,,,
1779370456.7602,plane,239,,,,,,,,,
1779370456.8564,plane,240,,,,,,,,,
1779370456.9523,plane,241,,,,,,,,,
1779370457.0482,plane,242,,,,,,,,,
1779370457.1603,plane,243,,,,,,,,,
1779370457.2564,plane,244,,,,,,,,,
1779370457.3525,plane,245,,,,,,,,,
1779370457.4485,plane,246,,,,,,,,,
1779370457.5603,plane,247,,,,,,,,,
1779370457.6563,plane,248,,,,,,,,,
1779370457.7519,plane,249,,,,,,,,,
1779370457.8483,plane,250,,,,,,,,,
1779370457.9604,plane,251,,,,,,,,,
1779370458.0557,plane,252,,,,,,,,,
1779370458.1524,plane,253,,,,,,,,,
1779370458.2484,plane,254,,,,,,,,,
1779370458.3598,plane,255,,,,,,,,,
1779370458.4566,plane,256,,,,,,,,,
1779370458.5524,plane,257,,,,,,,,,
1779370458.6492,plane,258,,,,,,,,,
1779370458.7604,plane,259,,,,,,,,,
1779370458.8561,plane,260,,,,,,,,,
1779370458.9531,plane,261,,,,,,,,,
1779370459.0482,plane,262,,,,,,,,,
1779370459.1602,plane,263,,,,,,,,,
1779370459.2565,plane,264,,,,,,,,,
1779370459.3522,plane,265,,,,,,,,,
1779370459.4482,plane,266,,,,,,,,,
1779370459.5603,plane,267,,,,,,,,,
1779370459.6560,plane,268,,,,,,,,,
1779370459.7527,plane,269,,,,,,,,,
1779370459.8483,plane,270,,,,,,,,,
1779370459.9605,plane,271,,,,,,,,,
1779370460.0564,plane,272,,,,,,,,,
1779370460.1536,plane,273,,,,,,,,,
1779370460.2480,plane,274,,,,,,,,,
1779370460.3604,plane,275,,,,,,,,,
1779370460.4561,plane,276,,,,,,,,,
1779370460.5529,plane,277,,,,,,,,,
1779370460.6486,plane,278,,,,,,,,,
1779370460.7600,plane,279,,,,,,,,,
1779370460.8562,plane,280,,,,,,,,,
1779370460.9523,plane,281,,,,,,,,,
1779370461.0487,plane,282,,,,,,,,,
1779370461.1601,plane,283,,,,,,,,,
1779370461.2563,plane,284,,,,,,,,,
1779370461.3521,plane,285,,,,,,,,,
1779370461.4483,plane,286,,,,,,,,,
1779370461.5603,plane,287,,,,,,,,,
1779370461.6565,plane,288,,,,,,,,,
1779370461.7529,plane,289,,,,,,,,,
1779370461.8489,plane,290,,,,,,,,,
1779370461.9605,plane,291,,,,,,,,,
1779370462.0568,plane,292,,,,,,,,,
1779370462.1526,plane,293,,,,,,,,,
1779370462.2486,plane,294,,,,,,,,,
1779370462.3605,plane,295,,,,,,,,,
1779370462.4562,plane,296,,,,,,,,,
1779370462.5533,plane,297,,,,,,,,,
1779370462.6483,plane,298,,,,,,,,,
1779370462.7622,plane,299,,,,,,,,,
1779370462.8587,plane,300,,,,,,,,,
1779370462.9551,plane,301,,,,,,,,,
1779370463.0508,plane,302,,,,,,,,,
1779370463.1664,plane,303,9,0.49941,0.44007,0.761249,2.09112,0.36301,90.61,0.00000,0.00000
1779370463.1664,plane,303,10,0.44044,0.93047,0.002677,0.12565,0.08251,90.83,0.00000,0.00000
1779370463.2612,plane,304,9,0.49904,0.43067,0.777137,1.00000,0.56250,0.00,-0.00381,-0.09927
1779370463.3569,plane,305,9,0.49905,0.43372,0.773070,1.00000,0.56250,0.00,0.00006,0.03188
1779370463.4533,plane,306,9,0.49921,0.43176,0.767524,1.96557,0.59615,90.52,0.00169,-0.02037
1779370463.5625,plane,307,9,0.49920,0.43180,0.767758,1.00000,0.56250,0.00,-0.00010,0.00042
1779370463.6608,plane,308,9,0.49921,0.43183,0.767715,1.00000,0.56250,0.00,0.00008,0.00031
1779370463.7551,plane,309,9,0.49946,0.43070,0.764482,2.36875,0.56678,90.81,0.00261,-0.01203
1779370463.8531,plane,310,9,0.49943,0.43074,0.764481,2.07521,0.53216,90.51,-0.00022,0.00041
1779370463.9628,plane,311,9,0.49945,0.43072,0.764555,2.29277,0.53441,90.76,0.00013,-0.00021
1779370464.0612,plane,312,9,0.49953,0.43044,0.763614,2.30270,0.53958,90.17,0.00082,-0.00280
1779370464.1587,plane,313,9,0.49955,0.43059,0.763160,2.29796,0.52786,89.74,0.00018,0.00155
1779370464.2562,plane,314,9,0.49918,0.41465,0.740141,12.40224,0.46316,89.98,-0.00375,-0.16390
1779370464.2562,plane,314,11,0.50234,0.97762,0.022281,2.54147,0.06503,89.75,0.00000,0.00000
1779370464.3669,plane,315,9,0.49922,0.41459,0.739938,12.44827,0.46319,89.98,0.00032,-0.00054
1779370464.3669,plane,315,11,0.51543,0.98983,0.018511,1.70456,0.01296,89.87,0.11805,0.11002
1779370464.3669,plane,315,12,0.43923,0.91606,0.003616,0.26057,0.06440,89.45,0.00000,0.00000
1779370464.4623,plane,316,9,0.50733,0.54038,0.142337,1.00000,0.56250,0.00,0.08528,1.32212
1779370464.4623,plane,316,13,0.47492,0.54813,0.007797,0.07640,0.07148,85.01,0.00000,0.00000
1779370464.5572,plane,317,9,0.47302,0.56234,0.009360,0.08303,0.07915,81.25,-0.36083,0.23094
1779370464.5572,plane,317,14,0.72587,0.13083,0.009554,0.10490,0.10384,0.00,0.00000,0.00000
1779370464.6529,plane,318,9,0.47273,0.56392,0.009535,0.08362,0.08001,81.21,-0.00298,0.01651
1779370464.7626,plane,319,9,0.47273,0.56465,0.009540,0.08369,0.08005,80.75,-0.00000,0.00661
1779370464.8596,plane,320,9,0.47273,0.56459,0.009535,0.08364,0.08004,80.82,-0.00002,-0.00058
1779370464.9545,plane,321,9,0.47285,0.56441,0.009706,0.08452,0.08066,78.57,0.00128,-0.00189
1779370465.0519,plane,322,9,0.47283,0.56447,0.009708,0.08451,0.08066,79.00,-0.00019,0.00066
1779370465.1632,plane,323,9,0.47283,0.56439,0.009706,0.08450,0.08070,78.81,-0.00002,-0.00079
1779370465.2593,plane,324,9,0.48105,0.55283,0.012209,0.11052,0.07915,54.78,0.08554,-0.12023
1779370465.3540,plane,325,9,0.48093,0.55294,0.012177,0.11240,0.07917,55.48,-0.00130,0.00114
1779370465.4496,plane,326,9,0.48103,0.55290,0.012185,0.11162,0.07893,53.98,0.00106,-0.00047
1779370465.5629,plane,327,9,0.48125,0.55244,0.012358,0.11321,0.07985,54.07,0.00192,-0.00402
1779370465.6579,plane,328,9,0.48124,0.55248,0.012351,0.11335,0.07983,54.12,-0.00006,0.00040
1779370465.7550,plane,329,9,0.48123,0.55244,0.012356,0.11283,0.07987,54.39,-0.00012,-0.00040
1779370465.8522,plane,330,9,0.48123,0.55246,0.012349,0.11285,0.07992,54.11,0.00004,0.00016
1779370465.9621,plane,331,9,0.48127,0.55242,0.012358,0.11215,0.07938,52.29,0.00035,-0.00036
1779370466.0589,plane,332,9,0.48131,0.55241,0.012360,0.11228,0.07940,52.29,0.00037,-0.00007
1779370466.1561,plane,333,9,0.48127,0.55249,0.012358,0.11229,0.07941,52.14,-0.00041,0.00085
1779370466.2516,plane,334,9,0.48120,0.55254,0.012332,0.11676,0.07949,54.55,-0.00076,0.00055
1779370466.3623,plane,335,9,0.48124,0.55247,0.012356,0.11300,0.07987,54.28,0.00041,-0.00069
1779370466.4574,plane,336,9,0.48121,0.55250,0.012351,0.11533,0.07969,53.91,-0.00029,0.00032
1779370466.5560,plane,337,9,0.48122,0.55250,0.012346,0.11316,0.07981,54.33,0.00011,-0.00003
1779370466.6506,plane,338,9,0.48122,0.55251,0.012339,0.11328,0.07978,54.24,-0.00008,0.00020
1779370466.7639,plane,339,9,0.48123,0.55247,0.012349,0.11310,0.07982,54.36,0.00012,-0.00037
1779370466.8582,plane,340,9,0.48124,0.55246,0.012355,0.11325,0.07982,54.20,0.00009,-0.00015
1779370466.9555,plane,341,9,0.48126,0.55247,0.012373,0.11233,0.07944,52.12,0.00019,0.00008
1779370467.0502,plane,342,9,0.48124,0.55241,0.012356,0.11292,0.07980,54.31,-0.00013,-0.00062
1779370467.1620,plane,343,9,0.48122,0.55243,0.012339,0.11319,0.07979,54.08,-0.00022,0.00018
1779370467.2586,plane,344,9,0.48123,0.55246,0.012349,0.11306,0.07986,54.22,0.00008,0.00038
1779370467.3551,plane,345,9,0.48125,0.55251,0.012336,0.11332,0.07983,54.38,0.00025,0.00044
1779370467.4513,plane,346,9,0.48126,0.55250,0.012356,0.11238,0.07944,51.96,0.00004,-0.00010
1779370467.5622,plane,347,9,0.48119,0.55259,0.012331,0.11445,0.07979,54.25,-0.00059,0.00088
1779370467.6591,plane,348,9,0.48122,0.55250,0.012346,0.11341,0.07980,54.04,0.00034,-0.00102
1779370467.7576,plane,349,9,0.48123,0.55261,0.012338,0.11437,0.07924,52.13,0.00008,0.00112
1779370467.8506,plane,350,9,0.48126,0.55239,0.012370,0.11266,0.07946,51.71,0.00035,-0.00230
1779370467.9630,plane,351,9,0.48123,0.55246,0.012355,0.11287,0.07985,54.37,-0.00031,0.00062
1779370468.0579,plane,352,9,0.48125,0.55250,0.012360,0.11233,0.07947,51.94,0.00016,0.00045
1779370468.1561,plane,353,9,0.48124,0.55245,0.012346,0.11311,0.07980,54.25,-0.00004,-0.00051
1779370468.2504,plane,354,9,0.48123,0.55259,0.012343,0.11569,0.07910,52.30,-0.00016,0.00141
1779370468.3618,plane,355,9,0.48124,0.55253,0.012326,0.11530,0.07970,54.07,0.00011,-0.00055
1779370468.4576,plane,356,9,0.48122,0.55254,0.012324,0.11379,0.07980,54.23,-0.00022,0.00014
1779370468.5545,plane,357,9,0.48123,0.55256,0.012322,0.11456,0.07982,54.07,0.00013,0.00021
1779370468.6516,plane,358,9,0.48118,0.55265,0.012309,0.11498,0.07973,54.15,-0.00051,0.00099
1779370468.7615,plane,359,9,0.48119,0.55263,0.012300,0.11637,0.07952,54.84,0.00005,-0.00019
1779370468.8577,plane,360,9,0.48123,0.55255,0.012332,0.11376,0.07983,54.17,0.00047,-0.00087
1779370468.9556,plane,361,9,0.48121,0.55251,0.012349,0.11326,0.07984,54.12,-0.00020,-0.00043
1779370469.0505,plane,362,9,0.48124,0.55252,0.012355,0.11220,0.07949,51.99,0.00030,0.00016
1779370469.1629,plane,363,9,0.48124,0.55245,0.012349,0.11408,0.07974,54.03,0.00002,-0.00069
1779370469.2589,plane,364,9,0.48124,0.55250,0.012336,0.11286,0.07988,54.10,-0.00006,0.00057
1779370469.3560,plane,365,9,0.48123,0.55247,0.012344,0.11271,0.07992,54.09,-0.00002,-0.00036
1779370469.4495,plane,366,9,0.48125,0.55246,0.012366,0.11243,0.07944,52.04,0.00017,-0.00007
1779370469.5616,plane,367,9,0.48123,0.55245,0.012349,0.11333,0.07980,54.22,-0.00019,-0.00008
1779370469.6588,plane,368,9,0.48123,0.55247,0.012351,0.11350,0.07975,54.22,-0.00002,0.00023
1779370469.7556,plane,369,9,0.48125,0.55246,0.012360,0.11396,0.07978,54.92,0.00023,-0.00014
1779370469.8490,plane,370,9,0.48128,0.55241,0.012370,0.11539,0.07906,53.44,0.00031,-0.00051
1779370469.9610,plane,371,9,0.48126,0.55246,0.012356,0.11239,0.07930,52.47,-0.00017,0.00041
1779370470.0583,plane,372,9,0.48125,0.55243,0.012370,0.11206,0.07949,52.14,-0.00008,-0.00032
1779370470.1541,plane,373,9,0.48124,0.55247,0.012353,0.11316,0.07984,54.11,-0.00011,0.00043
1779370470.2495,plane,374,9,0.48122,0.55254,0.012346,0.11493,0.07976,54.00,-0.00018,0.00070
1779370470.3611,plane,375,9,0.48125,0.55246,0.012343,0.11312,0.07980,54.24,0.00020,-0.00070
1779370470.4570,plane,376,9,0.48122,0.55253,0.012332,0.11623,0.07952,54.51,-0.00027,0.00071
1779370470.5544,plane,377,9,0.48128,0.55250,0.012324,0.11293,0.07987,54.29,0.00059,-0.00021
1779370470.6496,plane,378,9,0.48125,0.55254,0.012322,0.11278,0.07991,54.03,-0.00029,0.00032
1779370470.7612,plane,379,9,0.48118,0.55257,0.012331,0.11584,0.07963,54.19,-0.00063,0.00028
1779370470.8588,plane,380,9,0.48125,0.55243,0.012361,0.11302,0.07981,54.27,0.00066,-0.00138
1779370470.9546,plane,381,9,0.48122,0.55253,0.012346,0.11324,0.07984,54.12,-0.00031,0.00103
1779370471.0498,plane,382,9,0.48122,0.55251,0.012349,0.11445,0.07920,52.20,0.00009,-0.00019
1779370471.1613,plane,383,9,0.48123,0.55249,0.012346,0.11311,0.07983,54.12,0.00006,-0.00019
1779370471.2578,plane,384,9,0.48126,0.55246,0.012358,0.11238,0.07940,52.10,0.00030,-0.00035
1779370471.3527,plane,385,9,0.48125,0.55250,0.012336,0.11329,0.07979,54.42,-0.00006,0.00049
1779370471.4491,plane,386,9,0.48127,0.55245,0.012348,0.11443,0.07979,53.94,0.00013,-0.00058
1779370471.5633,plane,387,9,0.48125,0.55249,0.012361,0.11217,0.07945,52.06,-0.00014,0.00040
1779370471.6578,plane,388,9,0.48125,0.55243,0.012351,0.11326,0.07977,54.28,-0.00003,-0.00064
1779370471.7551,plane,389,9,0.48125,0.55243,0.012338,0.11571,0.07960,54.40,-0.00003,-0.00005
1779370471.8496,plane,390,9,0.48124,0.55248,0.012356,0.11221,0.07943,52.17,-0.00006,0.00054
1779370471.9614,plane,391,9,0.48128,0.55245,0.012343,0.11518,0.07914,52.42,0.00036,-0.00027
1779370472.0574,plane,392,9,0.48130,0.55235,0.012339,0.11240,0.07992,54.56,0.00026,-0.00107
1779370472.1543,plane,393,9,0.48123,0.55249,0.012349,0.11293,0.07982,54.22,-0.00072,0.00146
1779370472.2513,plane,394,9,0.48123,0.55246,0.012356,0.11321,0.07981,54.17,-0.00007,-0.00033
1779370472.3609,plane,395,9,0.48123,0.55244,0.012358,0.11310,0.07989,54.14,0.00004,-0.00014
1779370472.4590,plane,396,9,0.48124,0.55243,0.012356,0.11305,0.07985,54.22,0.00009,-0.00006
1779370472.5538,plane,397,9,0.48122,0.55242,0.012358,0.11301,0.07983,54.13,-0.00023,-0.00019
1779370472.6495,plane,398,9,0.48123,0.55248,0.012343,0.11501,0.07970,54.09,0.00011,0.00068
1779370472.7626,plane,399,9,0.48122,0.55243,0.012361,0.11304,0.07992,53.91,-0.00005,-0.00044
1779370472.8572,plane,400,9,0.48122,0.55237,0.012363,0.11301,0.07949,54.92,-0.00009,-0.00066
1779370472.9547,plane,401,9,0.48122,0.55238,0.012353,0.11305,0.07985,54.18,0.00004,0.00007
1779370473.0497,plane,402,9,0.48124,0.55238,0.012373,0.11234,0.07895,53.05,0.00020,0.00001
1779370473.1609,plane,403,9,0.48124,0.55235,0.012365,0.11062,0.07994,54.78,0.00002,-0.00022
1779370473.2579,plane,404,9,0.48127,0.55234,0.012368,0.11158,0.07960,51.69,0.00027,-0.00015
1779370473.3533,plane,405,9,0.48127,0.55233,0.012368,0.11626,0.07958,55.23,0.00001,-0.00009
1779370473.4494,plane,406,9,0.48125,0.55238,0.012358,0.11310,0.07987,54.15,-0.00020,0.00050
1779370473.5607,plane,407,9,0.48122,0.55246,0.012346,0.11311,0.07983,54.11,-0.00024,0.00070
1779370473.6582,plane,408,9,0.48129,0.55240,0.012332,0.11255,0.07992,54.47,0.00071,-0.00055
1779370473.7535,plane,409,9,0.48122,0.55250,0.012343,0.11306,0.07986,54.00,-0.00075,0.00103
1779370473.8494,plane,410,9,0.48120,0.55255,0.012338,0.11428,0.07973,54.30,-0.00016,0.00047
1779370473.9625,plane,411,9,0.48121,0.55251,0.012341,0.11516,0.07968,54.11,0.00008,-0.00035
1779370474.0587,plane,412,9,0.48126,0.55243,0.012356,0.11225,0.07942,52.13,0.00046,-0.00083
1779370474.1545,plane,413,9,0.48121,0.55248,0.012326,0.11516,0.07964,53.97,-0.00046,0.00061
1779370474.2504,plane,414,9,0.48121,0.55245,0.012341,0.11315,0.07974,54.18,0.00001,-0.00038
1779370474.3608,plane,415,9,0.48121,0.55253,0.012348,0.11442,0.07924,51.99,-0.00001,0.00075
1779370474.4597,plane,416,9,0.48121,0.55240,0.012361,0.11498,0.07976,54.16,-0.00004,-0.00129
1779370474.5535,plane,417,9,0.48127,0.55238,0.012363,0.11219,0.07945,52.17,0.00061,-0.00024
1779370474.6493,plane,418,9,0.48123,0.55243,0.012358,0.11296,0.07989,54.21,-0.00034,0.00051
1779370474.7605,plane,419,9,0.48124,0.55236,0.012385,0.11257,0.07902,52.47,0.00007,-0.00062
1779370474.8574,plane,420,9,0.48126,0.55243,0.012348,0.11294,0.07992,53.94,0.00015,0.00073
1779370474.9581,plane,421,9,0.48124,0.55242,0.012355,0.11304,0.07984,54.24,-0.00019,-0.00010
1779370475.0497,plane,422,9,0.48122,0.55250,0.012329,0.11262,0.07987,54.04,-0.00021,0.00085
1779370475.1619,plane,423,9,0.48127,0.55244,0.012343,0.11306,0.07984,54.33,0.00044,-0.00049
1779370475.2582,plane,424,9,0.48124,0.55245,0.012339,0.11276,0.07995,53.94,-0.00027,0.00004
1779370475.3530,plane,425,9,0.48125,0.55244,0.012355,0.11264,0.07898,52.73,0.00012,-0.00012
1779370475.4497,plane,426,9,0.48128,0.55240,0.012360,0.11176,0.07948,52.05,0.00025,-0.00042
1779370475.5614,plane,427,9,0.48128,0.55236,0.012355,0.11179,0.07943,52.08,0.00002,-0.00028
1779370475.6585,plane,428,9,0.48127,0.55235,0.012363,0.11208,0.07999,54.26,-0.00013,-0.00011
1779370475.7550,plane,429,9,0.48123,0.55247,0.012355,0.11281,0.07988,54.25,-0.00042,0.00121
1779370475.8513,plane,430,9,0.48122,0.55246,0.012353,0.11328,0.07983,54.09,-0.00003,-0.00012
1779370475.9609,plane,431,9,0.48121,0.55256,0.012334,0.11331,0.07984,54.19,-0.00018,0.00091
1779370476.0581,plane,432,9,0.48128,0.55238,0.012356,0.11317,0.07987,54.23,0.00080,-0.00187
1779370476.1563,plane,433,9,0.48123,0.55243,0.012361,0.11298,0.07991,54.23,-0.00059,0.00052
1779370476.2486,plane,434,9,0.48125,0.55253,0.012346,0.11231,0.07947,51.94,0.00023,0.00111
1779370476.3629,plane,435,9,0.48125,0.55239,0.012349,0.11239,0.07991,54.04,0.00006,-0.00128
1779370476.4570,plane,436,9,0.48118,0.55265,0.012305,0.11392,0.07976,54.36,-0.00075,0.00276
1779370476.5547,plane,437,9,0.48123,0.55248,0.012344,0.11306,0.07983,54.10,0.00050,-0.00173
1779370476.6489,plane,438,9,0.48124,0.55249,0.012355,0.11238,0.07941,51.99,0.00010,0.00016
1779370476.7609,plane,439,9,0.48122,0.55265,0.012343,0.11500,0.07921,52.25,-0.00021,0.00140
1779370476.7609,plane,439,15,0.60358,0.00281,0.005792,0.90776,0.00772,90.20,0.00000,0.00000
1779370476.8589,plane,440,9,0.48119,0.55310,0.012305,0.10981,0.07968,53.11,-0.00027,0.00457
1779370476.9549,plane,441,9,0.48128,0.55250,0.012346,0.11273,0.08005,53.97,0.00097,-0.00624
1779370477.0509,plane,442,9,0.48134,0.55214,0.012363,0.10908,0.07931,53.90,0.00060,-0.00374
1779370477.1613,plane,443,9,0.48134,0.55240,0.012348,0.11190,0.07943,52.08,-0.00006,0.00234
1779370477.2588,plane,444,9,0.48133,0.55234,0.012339,0.11157,0.07909,53.15,-0.00008,-0.00054
1779370477.3556,plane,445,9,0.48124,0.55272,0.012319,0.11589,0.07918,52.15,-0.00089,0.00386
1779370477.3556,plane,445,15,0.61685,0.00274,0.005500,0.78552,0.00562,90.13,0.13691,-0.00068
1779370477.4510,plane,446,9,0.48117,0.55278,0.012319,0.11594,0.07918,52.10,-0.00077,0.00068
1779370477.5621,plane,447,9,0.48124,0.55295,0.012338,0.11367,0.07953,52.07,0.00063,0.00149
1779370477.5621,plane,447,15,0.61053,0.00255,0.005164,0.72195,0.00492,90.08,-0.05700,-0.00170
1779370477.6579,plane,448,9,0.48129,0.55257,0.012343,0.11348,0.07939,52.07,0.00052,-0.00390
1779370477.7525,plane,449,9,0.48125,0.55264,0.012338,0.11505,0.07930,51.97,-0.00042,0.00073
1779370477.8514,plane,450,9,0.48126,0.55256,0.012334,0.11366,0.07930,52.34,0.00013,-0.00088
1779370477.9613,plane,451,9,0.48119,0.55271,0.012295,0.11547,0.07972,54.09,-0.00069,0.00138
1779370478.0577,plane,452,9,0.48117,0.55269,0.012282,0.11125,0.07997,54.31,-0.00013,-0.00022
1779370478.1548,plane,453,9,0.48120,0.55271,0.012295,0.11515,0.07969,54.00,0.00033,0.00022
1779370478.2508,plane,454,9,0.48120,0.55269,0.012322,0.11653,0.07968,54.39,-0.00010,-0.00020
1779370478.3609,plane,455,9,0.48120,0.55268,0.012331,0.11523,0.07974,54.21,0.00004,-0.00013
1779370478.4575,plane,456,9,0.48122,0.55261,0.012351,0.11240,0.07949,52.10,0.00023,-0.00064
1779370478.5536,plane,457,9,0.48119,0.55259,0.012344,0.11651,0.07959,54.38,-0.00031,-0.00020
1779370478.6501,plane,458,9,0.48128,0.55250,0.012356,0.11431,0.07932,52.18,0.00090,-0.00099
1779370478.7624,plane,459,9,0.48125,0.55252,0.012363,0.11238,0.07953,51.86,-0.00026,0.00023
1779370478.8590,plane,460,9,0.48128,0.55249,0.012346,0.11245,0.07937,52.28,0.00028,-0.00039
1779370478.9542,plane,461,9,0.48127,0.55255,0.012346,0.11235,0.07948,52.07,-0.00009,0.00069
1779370479.0518,plane,462,9,0.48127,0.55258,0.012348,0.11542,0.07919,52.24,-0.00003,0.00026
1779370479.1610,plane,463,9,0.48129,0.55249,0.012349,0.11234,0.07940,52.38,0.00020,-0.00078
1779370479.2570,plane,464,9,0.48124,0.55258,0.012355,0.11325,0.07941,52.04,-0.00052,0.00087
1779370479.3544,plane,465,9,0.48124,0.55258,0.012349,0.11510,0.07927,51.75,0.00000,0.00003
1779370479.4514,plane,466,9,0.48125,0.55261,0.012332,0.11322,0.07993,54.18,0.00013,0.00034
1779370479.5607,plane,467,9,0.48125,0.55253,0.012363,0.11202,0.07949,52.02,0.00000,-0.00072
1779370479.6582,plane,468,9,0.48126,0.55261,0.012338,0.11226,0.07950,52.25,0.00011,0.00081
1779370479.7538,plane,469,9,0.48128,0.55233,0.012353,0.11140,0.07960,52.29,0.00022,-0.00298
1779370479.8501,plane,470,9,0.48133,0.55234,0.012360,0.11254,0.07949,53.19,0.00047,0.00013
1779370479.9626,plane,471,9,0.48121,0.55260,0.012348,0.11300,0.07993,54.04,-0.00106,0.00231
1779370480.0585,plane,472,9,0.48125,0.55244,0.012368,0.11294,0.07992,54.14,0.00039,-0.00170
1779370480.1535,plane,473,9,0.48124,0.55247,0.012356,0.11523,0.07915,52.28,-0.00003,0.00037
1779370480.2501,plane,474,9,0.48122,0.55238,0.012353,0.11301,0.07991,54.17,-0.00022,-0.00093
1779370480.3613,plane,475,9,0.48130,0.55241,0.012348,0.11191,0.07952,51.93,0.00070,0.00024
1779370480.4579,plane,476,9,0.48124,0.55233,0.012353,0.11245,0.07983,53.63,-0.00062,-0.00083
1779370480.5547,plane,477,9,0.48124,0.55245,0.012346,0.11309,0.07983,54.16,-0.00002,0.00126
1779370480.6507,plane,478,9,0.48125,0.55241,0.012360,0.11287,0.07974,54.04,0.00008,-0.00039
1779370480.7613,plane,479,9,0.48123,0.55258,0.012346,0.11313,0.07994,53.98,-0.00013,0.00152
1779370480.8573,plane,480,9,0.48120,0.55253,0.012329,0.11483,0.07963,54.03,-0.00030,-0.00052
1779370480.9532,plane,481,9,0.48124,0.55238,0.012361,0.11275,0.07987,54.17,0.00035,-0.00162
1779370481.0499,plane,482,9,0.48126,0.55230,0.012356,0.11225,0.08004,54.37,0.00022,-0.00079
1779370481.1608,plane,483,9,0.48128,0.55236,0.012365,0.11397,0.07979,54.85,0.00019,0.00052
1779370481.2585,plane,484,9,0.48126,0.55237,0.012363,0.11228,0.07903,52.73,-0.00023,0.00016
1779370481.3539,plane,485,9,0.48126,0.55241,0.012361,0.11212,0.07944,52.12,0.00006,0.00044
1779370481.4503,plane,486,9,0.48123,0.55239,0.012361,0.11290,0.07976,54.20,-0.00038,-0.00024
1779370481.5610,plane,487,9,0.48123,0.55242,0.012361,0.11288,0.07977,54.07,0.00002,0.00023
1779370481.6585,plane,488,9,0.48123,0.55244,0.012355,0.11315,0.07981,54.27,0.00005,0.00023
1779370481.7538,plane,489,9,0.48123,0.55245,0.012363,0.11479,0.07976,54.01,-0.00002,0.00015
1779370481.8503,plane,490,9,0.48126,0.55230,0.012371,0.11340,0.07957,55.55,0.00033,-0.00154
1779370481.9608,plane,491,9,0.48125,0.55240,0.012346,0.11304,0.07979,54.18,-0.00012,0.00086
1779370482.0589,plane,492,9,0.48121,0.55230,0.012360,0.11271,0.07986,54.25,-0.00035,-0.00102
1779370482.1536,plane,493,9,0.48123,0.55237,0.012377,0.11222,0.07948,51.80,0.00021,0.00070
1779370482.2492,plane,494,9,0.48121,0.55235,0.012375,0.11323,0.07987,53.73,-0.00022,-0.00019
1779370482.3620,plane,495,9,0.48124,0.55244,0.012353,0.11179,0.07948,51.82,0.00028,0.00084
1779370482.4578,plane,496,9,0.48124,0.55245,0.012344,0.11316,0.07984,54.15,-0.00009,0.00010
1779370482.5547,plane,497,9,0.48123,0.55238,0.012343,0.11248,0.07988,53.92,-0.00004,-0.00070
1779370482.6500,plane,498,9,0.48124,0.55236,0.012360,0.11299,0.07986,54.38,0.00008,-0.00025
1779370482.7612,plane,499,9,0.48126,0.55230,0.012353,0.11229,0.07992,54.15,0.00018,-0.00052
1779370482.8572,plane,500,9,0.48128,0.55228,0.012346,0.11260,0.07950,55.39,0.00026,-0.00020
1779370482.9538,plane,501,9,0.48126,0.55229,0.012361,0.11178,0.07905,53.05,-0.00028,0.00008
1779370483.0489,plane,502,9,0.48125,0.55241,0.012353,0.11298,0.07983,54.24,-0.00012,0.00126
1779370483.1613,plane,503,9,0.48125,0.55237,0.012356,0.11248,0.07998,54.12,0.00005,-0.00032
1779370483.2579,plane,504,9,0.48125,0.55230,0.012370,0.11106,0.07995,54.55,-0.00004,-0.00072
1779370483.3539,plane,505,9,0.48125,0.55246,0.012351,0.11310,0.07982,54.14,0.00006,0.00162
1779370483.4494,plane,506,9,0.48124,0.55250,0.012356,0.11252,0.07943,51.92,-0.00018,0.00045
1779370483.5635,plane,507,9,0.48123,0.55254,0.012344,0.11379,0.07985,53.88,-0.00007,0.00034
1779370483.6580,plane,508,9,0.48122,0.55250,0.012348,0.11337,0.07984,54.05,-0.00008,-0.00041
1779370483.7542,plane,509,9,0.48127,0.55245,0.012351,0.11010,0.07965,52.29,0.00051,-0.00055
1779370483.8507,plane,510,9,0.48127,0.55243,0.012358,0.11225,0.07940,52.19,-0.00004,-0.00022
1779370483.9608,plane,511,9,0.48117,0.55266,0.012319,0.11632,0.07953,54.63,-0.00087,0.00206
1779370484.0579,plane,512,9,0.48124,0.55245,0.012358,0.11301,0.07981,54.19,0.00075,-0.00207
1779370484.1541,plane,513,9,0.48124,0.55248,0.012366,0.11316,0.07992,54.06,-0.00001,0.00026
1779370484.2514,plane,514,9,0.48124,0.55247,0.012346,0.11317,0.07975,54.31,-0.00004,-0.00010
1779370484.3612,plane,515,9,0.48122,0.55255,0.012356,0.11365,0.07890,52.85,-0.00017,0.00068
1779370484.4584,plane,516,9,0.48124,0.55236,0.012370,0.11302,0.07993,53.99,0.00017,-0.00195
1779370484.5544,plane,517,9,0.48122,0.55244,0.012353,0.11314,0.07982,54.10,-0.00011,0.00089
1779370484.6494,plane,518,9,0.48123,0.55243,0.012355,0.11314,0.07982,54.23,0.00002,-0.00013
1779370484.7630,plane,519,9,0.48119,0.55257,0.012334,0.11494,0.07970,54.34,-0.00033,0.00125
1779370484.8578,plane,520,9,0.48122,0.55243,0.012361,0.11323,0.07985,54.16,0.00038,-0.00148
1779370484.9535,plane,521,9,0.48124,0.55242,0.012365,0.11302,0.07984,54.18,0.00019,-0.00010
1779370485.0508,plane,522,9,0.48125,0.55238,0.012368,0.11229,0.07943,52.18,0.00005,-0.00040
1779370485.1610,plane,523,9,0.48125,0.55236,0.012356,0.11229,0.07994,54.12,-0.00000,-0.00021
1779370485.2582,plane,524,9,0.48124,0.55239,0.012366,0.11209,0.07949,52.11,-0.00009,0.00025
1779370485.3536,plane,525,9,0.48122,0.55244,0.012353,0.11308,0.07973,54.02,-0.00019,0.00055
1779370485.4498,plane,526,9,0.48123,0.55248,0.012358,0.11261,0.07938,52.24,0.00013,0.00044
1779370485.5608,plane,527,9,0.48122,0.55254,0.012348,0.11317,0.07986,54.15,-0.00012,0.00055
1779370485.6581,plane,528,9,0.48124,0.55241,0.012348,0.11253,0.07991,54.07,0.00020,-0.00136
1779370485.7533,plane,529,9,0.48122,0.55246,0.012356,0.11305,0.07986,54.28,-0.00021,0.00052
1779370485.8494,plane,530,9,0.48124,0.55240,0.012363,0.11455,0.07883,52.93,0.00025,-0.00064
1779370485.9612,plane,531,9,0.48124,0.55249,0.012358,0.11291,0.07990,54.21,-0.00003,0.00087
1779370486.0575,plane,532,9,0.48125,0.55247,0.012353,0.11487,0.07924,51.96,0.00011,-0.00021
1779370486.1552,plane,533,9,0.48119,0.55254,0.012338,0.11585,0.07965,54.14,-0.00056,0.00067
1779370486.2492,plane,534,9,0.48123,0.55236,0.012349,0.11297,0.07984,54.25,0.00039,-0.00196
1779370486.3611,plane,535,9,0.48125,0.55241,0.012363,0.11275,0.07988,54.23,0.00018,0.00046
1779370486.4577,plane,536,9,0.48122,0.55248,0.012360,0.11296,0.07984,54.30,-0.00035,0.00073
1779370486.5538,plane,537,9,0.48117,0.55256,0.012332,0.11504,0.07962,54.29,-0.00045,0.00090
1779370486.6502,plane,538,9,0.48124,0.55253,0.012349,0.11251,0.07942,52.03,0.00066,-0.00032
1779370486.7609,plane,539,9,0.48120,0.55244,0.012351,0.11318,0.07980,54.11,-0.00035,-0.00079
1779370486.8596,plane,540,9,0.48121,0.55253,0.012332,0.11318,0.07985,54.00,0.00010,0.00091
1779370486.9541,plane,541,9,0.48122,0.55244,0.012356,0.11292,0.07984,54.23,0.00016,-0.00100
1779370487.0492,plane,542,9,0.48114,0.55259,0.012338,0.11670,0.07959,54.12,-0.00090,0.00155
1779370487.1616,plane,543,9,0.48125,0.55246,0.012355,0.11215,0.07944,52.12,0.00096,-0.00115
1779370487.2572,plane,544,9,0.48125,0.55239,0.012361,0.11301,0.07993,53.99,0.00002,-0.00071
1779370487.3548,plane,545,9,0.48122,0.55248,0.012353,0.11353,0.07933,52.20,-0.00027,0.00093
1779370487.4507,plane,546,9,0.48124,0.55240,0.012355,0.11264,0.07983,54.68,0.00022,-0.00086
1779370487.5607,plane,547,9,0.48121,0.55242,0.012363,0.11399,0.07979,54.34,-0.00034,0.00023
1779370487.6574,plane,548,9,0.48124,0.55244,0.012344,0.11449,0.07970,54.54,0.00039,0.00015
1779370487.7541,plane,549,9,0.48126,0.55240,0.012346,0.11259,0.07989,54.23,0.00014,-0.00042
1779370487.8491,plane,550,9,0.48122,0.55252,0.012341,0.11490,0.07962,54.42,-0.00044,0.00130
1779370487.9605,plane,551,9,0.48122,0.55248,0.012351,0.11509,0.07974,54.13,0.00002,-0.00041
1779370488.0600,plane,552,9,0.48123,0.55246,0.012348,0.11310,0.07983,54.19,0.00012,-0.00014
1779370488.1545,plane,553,9,0.48122,0.55248,0.012349,0.11333,0.07982,54.15,-0.00014,0.00015
1779370488.2487,plane,554,9,0.48114,0.55262,0.012314,0.11635,0.07953,54.10,-0.00083,0.00158
1779370488.3616,plane,555,9,0.48121,0.55249,0.012321,0.11436,0.07972,53.89,0.00064,-0.00119
1779370488.4570,plane,556,9,0.48116,0.55260,0.012316,0.11471,0.07965,54.18,-0.00053,0.00116
1779370488.5548,plane,557,9,0.48123,0.55240,0.012339,0.11274,0.07973,54.33,0.00075,-0.00202
1779370488.6502,plane,558,9,0.48122,0.55244,0.012358,0.11326,0.07942,54.80,-0.00016,0.00037
1779370488.7609,plane,559,9,0.48123,0.55243,0.012356,0.11284,0.07989,54.14,0.00014,-0.00006
1779370488.8587,plane,560,9,0.48121,0.55247,0.012349,0.11488,0.07968,54.03,-0.00025,0.00042
1779370488.9543,plane,561,9,0.48124,0.55245,0.012358,0.11323,0.07983,54.11,0.00028,-0.00018
1779370489.0510,plane,562,9,0.48126,0.55241,0.012366,0.11197,0.07957,51.88,0.00021,-0.00047
1779370489.1627,plane,563,9,0.48123,0.55254,0.012346,0.11313,0.07988,54.05,-0.00026,0.00116
1779370489.2594,plane,564,9,0.48125,0.55234,0.012373,0.11080,0.08014,54.48,0.00027,-0.00204
1779370489.3529,plane,565,9,0.48124,0.55213,0.012373,0.10979,0.07949,56.23,-0.00008,-0.00224
1779370489.4490,plane,566,9,0.48123,0.55242,0.012353,0.11256,0.07966,54.10,-0.00017,0.00297
1779370489.5638,plane,567,9,0.48122,0.55253,0.012344,0.11321,0.07982,54.14,-0.00008,0.00095
1779370489.6574,plane,568,9,0.48111,0.55284,0.012310,0.11429,0.07987,53.95,-0.00113,0.00331
1779370489.7545,plane,569,9,0.48118,0.55270,0.012324,0.11679,0.07967,54.23,0.00068,-0.00139
1779370489.8497,plane,570,9,0.48117,0.55268,0.012332,0.11441,0.07982,54.10,-0.00012,-0.00025
1779370489.9615,plane,571,9,0.48121,0.55259,0.012343,0.11339,0.07984,54.22,0.00036,-0.00082
1779370490.0568,plane,572,9,0.48122,0.55226,0.012373,0.11318,0.07932,54.78,0.00008,-0.00337
1779370490.1536,plane,573,9,0.48125,0.55248,0.012360,0.11232,0.07939,52.10,0.00032,0.00226
1779370490.2495,plane,574,9,0.48126,0.55246,0.012356,0.11218,0.07940,52.12,0.00010,-0.00021
1779370490.3615,plane,575,9,0.48122,0.55254,0.012351,0.11307,0.07986,54.07,-0.00030,0.00066
1779370490.4579,plane,576,9,0.48122,0.55253,0.012356,0.11238,0.07948,52.10,-0.00001,-0.00007
1779370490.5555,plane,577,9,0.48123,0.55254,0.012355,0.11332,0.07994,53.94,0.00006,0.00014
1779370490.6502,plane,578,9,0.48123,0.55255,0.012353,0.11323,0.07991,54.01,0.00002,0.00009
1779370490.7622,plane,579,9,0.48124,0.55253,0.012351,0.11314,0.07989,54.05,0.00009,-0.00020
1779370490.8571,plane,580,9,0.48128,0.55250,0.012358,0.11227,0.07953,52.14,0.00041,-0.00029
1779370490.9551,plane,581,9,0.48126,0.55245,0.012366,0.11220,0.07941,52.14,-0.00014,-0.00048
1779370491.0538,plane,582,9,0.48128,0.55226,0.012371,0.11152,0.07907,53.13,0.00014,-0.00192
1779370491.1632,plane,583,9,0.48124,0.55217,0.012356,0.11245,0.07934,55.14,-0.00032,-0.00090
1779370491.2597,plane,584,9,0.48118,0.55265,0.012319,0.11684,0.07957,54.31,-0.00070,0.00502
1779370491.2597,plane,584,16,0.73951,0.00202,0.002174,0.35483,0.00350,90.02,0.00000,0.00000
1779370491.3543,plane,585,9,0.48123,0.55256,0.012348,0.11430,0.07925,51.93,0.00054,-0.00100
1779370491.4528,plane,586,9,0.49914,0.49932,0.876787,3.36153,0.55394,86.09,0.18231,-0.54169
1779370491.5636,plane,587,9,0.49932,0.49624,0.901832,1.00000,0.56250,0.00,0.00157,-0.02778
1779370491.6605,plane,588,9,0.49933,0.49624,0.905333,1.00000,0.56250,0.00,0.00009,-0.00002
1779370491.7553,plane,589,9,0.49932,0.49620,0.905324,1.00000,0.56250,0.00,-0.00003,-0.00034
1779370491.8501,plane,590,9,0.49932,0.49618,0.905284,1.00000,0.56250,0.00,0.00000,-0.00021
1779370491.9639,plane,591,9,0.49227,0.46262,0.827306,1.00000,0.56250,0.00,-0.06217,-0.29560
1779370492.0585,plane,592,9,0.49445,0.45577,0.815062,1.00000,0.56250,0.00,0.02299,-0.07219
1779370492.1552,plane,593,9,0.49268,0.46226,0.826911,1.00000,0.56250,0.00,-0.01822,0.06706
1779370492.2515,plane,594,9,0.49892,0.43383,0.773658,1.00000,0.56250,0.00,0.06485,-0.29575
1779370492.3618,plane,595,9,0.49893,0.43387,0.773765,1.00000,0.56250,0.00,0.00015,0.00034
1779370492.4585,plane,596,9,0.49893,0.43422,0.773914,1.00000,0.56250,0.00,-0.00004,0.00364
1779370492.5539,plane,597,9,0.49930,0.43346,0.769368,2.56728,0.57166,89.41,0.00385,-0.00800
1779370492.6520,plane,598,9,0.49929,0.43347,0.769380,3.12900,0.54855,89.87,-0.00009,0.00018
1779370492.7617,plane,599,9,0.49921,0.43314,0.771215,1.00000,0.56250,0.00,-0.00077,-0.00299
1779370492.8586,plane,600,9,0.49920,0.43281,0.770542,1.00000,0.56250,0.00,-0.00010,-0.00349
1779370492.9541,plane,601,9,0.49918,0.43279,0.770520,1.00000,0.56250,0.00,-0.00012,-0.00021
1779370493.0498,plane,602,9,0.49917,0.43274,0.770394,1.00000,0.56250,0.00,-0.00014,-0.00051
1779370493.1632,plane,603,9,0.49917,0.43249,0.769913,1.00000,0.56250,0.00,0.00004,-0.00217
1779370493.2580,plane,604,9,0.49918,0.43249,0.769918,1.00000,0.56250,0.00,0.00006,-0.00002
1779370493.3537,plane,605,9,0.49916,0.43255,0.770064,1.00000,0.56250,0.00,-0.00018,0.00069
1779370493.4500,plane,606,9,0.49917,0.43256,0.770008,1.00000,0.56250,0.00,0.00012,0.00003
1779370493.5622,plane,607,9,0.49918,0.43253,0.770008,1.00000,0.56250,0.00,0.00002,-0.00022
1779370493.6572,plane,608,9,0.49920,0.43250,0.769969,1.00000,0.56250,0.00,0.00024,-0.00030
1779370493.7539,plane,609,9,0.49916,0.43263,0.770191,1.00000,0.56250,0.00,-0.00039,0.00126
1779370493.8508,plane,610,9,0.49918,0.43257,0.770065,1.00000,0.56250,0.00,0.00017,-0.00063
1779370493.9615,plane,611,9,0.49917,0.43259,0.770114,1.00000,0.56250,0.00,-0.00004,0.00027
1779370494.0593,plane,612,9,0.49917,0.43261,0.770116,1.00000,0.56250,0.00,-0.00008,0.00017
1779370494.1542,plane,613,9,0.49920,0.43248,0.769891,1.00000,0.56250,0.00,0.00037,-0.00136
1779370494.2500,plane,614,9,0.49918,0.43257,0.770081,1.00000,0.56250,0.00,-0.00025,0.00093
1779370494.3631,plane,615,9,0.49917,0.43258,0.770091,1.00000,0.56250,0.00,-0.00003,0.00011
1779370494.4583,plane,616,9,0.49918,0.43264,0.770220,1.00000,0.56250,0.00,0.00009,0.00061
1779370494.5538,plane,617,9,0.49920,0.43248,0.769858,1.00000,0.56250,0.00,0.00020,-0.00167
1779370494.6514,plane,618,9,0.49918,0.43255,0.770036,1.00000,0.56250,0.00,-0.00020,0.00072
1779370494.7631,plane,619,9,0.49917,0.43256,0.770050,1.00000,0.56250,0.00,-0.00008,0.00007
1779370494.8596,plane,620,9,0.49916,0.43258,0.770116,1.00000,0.56250,0.00,-0.00012,0.00018
1779370494.9551,plane,621,9,0.49918,0.43253,0.769970,1.00000,0.56250,0.00,0.00024,-0.00048
1779370495.0517,plane,622,9,0.49918,0.43256,0.770033,1.00000,0.56250,0.00,-0.00007,0.00031
1779370495.1611,plane,623,9,0.49917,0.43262,0.770174,1.00000,0.56250,0.00,-0.00003,0.00058
1779370495.2582,plane,624,9,0.49918,0.43257,0.770026,1.00000,0.56250,0.00,0.00006,-0.00054
1779370495.3547,plane,625,9,0.49918,0.43252,0.770016,1.00000,0.56250,0.00,0.00000,-0.00050
1779370495.4504,plane,626,9,0.49918,0.43250,0.769972,1.00000,0.56250,0.00,0.00002,-0.00024
1779370495.5630,plane,627,9,0.49917,0.43253,0.770018,1.00000,0.56250,0.00,-0.00008,0.00025
1779370495.6589,plane,628,9,0.49918,0.43250,0.769960,1.00000,0.56250,0.00,0.00009,-0.00028
1779370495.7572,plane,629,9,0.49918,0.43259,0.770098,1.00000,0.56250,0.00,-0.00003,0.00093
1779370495.8524,plane,630,9,0.49916,0.43259,0.770145,1.00000,0.56250,0.00,-0.00021,-0.00001
1779370495.9638,plane,631,9,0.50537,0.53675,0.175229,1.00000,0.56250,0.00,0.05579,0.93504
1779370495.9638,plane,631,17,0.47533,0.54516,0.007519,0.07526,0.07000,84.57,0.00000,0.00000
1779370496.0596,plane,632,9,0.47325,0.56079,0.009221,0.08250,0.07847,81.22,-0.33650,0.25181
1779370496.0596,plane,632,17,0.55018,0.46611,0.032533,1.00000,0.56250,0.00,0.78404,-0.82807
1779370496.1543,plane,633,9,0.47271,0.56378,0.009521,0.08354,0.07995,81.91,-0.00570,0.03155
1779370496.2497,plane,634,9,0.47268,0.56474,0.009518,0.08361,0.08000,81.18,-0.00030,0.01004
1779370496.3609,plane,635,9,0.47272,0.56459,0.009532,0.08364,0.08003,80.70,0.00033,-0.00141
1779370496.4609,plane,636,9,0.47282,0.56454,0.009710,0.08447,0.08073,78.31,0.00101,-0.00048
1779370496.5549,plane,637,9,0.47278,0.56461,0.009706,0.08437,0.08080,78.11,-0.00036,0.00078
1779370496.6510,plane,638,9,0.47280,0.56421,0.009689,0.08451,0.08057,78.34,0.00022,-0.00415
1779370496.7626,plane,639,9,0.48082,0.55302,0.012127,0.11278,0.07941,52.90,0.07194,-0.10051
1779370496.8602,plane,640,9,0.48087,0.55295,0.012156,0.11202,0.07884,53.84,0.00058,-0.00063
1779370496.8602,plane,640,18,0.27204,0.93507,0.078276,1.70074,0.10803,97.88,0.00000,0.00000
1779370496.9552,plane,641,9,0.49937,0.49601,0.889464,8.11527,0.98126,88.63,0.19408,-0.59742
1779370497.0513,plane,642,9,0.49932,0.49630,0.903056,1.00000,0.56250,0.00,-0.00057,0.00304
1779370497.1633,plane,643,9,0.49932,0.49615,0.905180,1.00000,0.56250,0.00,0.00005,-0.00139
1779370497.2583,plane,644,9,0.49932,0.49616,0.905158,1.00000,0.56250,0.00,-0.00003,0.00012
1779370497.3540,plane,645,9,0.49833,0.43552,0.777664,1.00000,0.56250,0.00,-0.01042,-0.63423
1779370497.4499,plane,646,9,0.49848,0.43570,0.778120,1.00000,0.56250,0.00,0.00165,0.00185
1779370497.5620,plane,647,9,0.49840,0.43566,0.778054,1.00000,0.56250,0.00,-0.00073,-0.00037
1779370497.6582,plane,648,9,0.49898,0.43354,0.772742,1.00000,0.56250,0.00,0.00606,-0.02212
1779370497.7543,plane,649,9,0.49897,0.43359,0.772881,1.00000,0.56250,0.00,-0.00010,0.00051
1779370497.8508,plane,650,9,0.49383,0.43825,0.780731,1.00000,0.56250,0.00,-0.05340,0.04843
1779370497.9629,plane,651,9,0.52532,0.49145,0.087273,1.00000,0.56250,0.00,0.28057,0.47402
1779370497.9629,plane,651,19,0.47374,0.55395,0.007962,0.07823,0.07419,70.97,0.00000,0.00000
1779370498.0575,plane,652,9,0.47284,0.56082,0.008635,0.08246,0.07861,83.50,-0.55421,0.73271
1779370498.0575,plane,652,20,0.68084,0.04888,0.008016,0.17657,0.16927,46.25,0.00000,0.00000
1779370498.1530,plane,653,9,0.47256,0.56234,0.008782,0.08299,0.07939,81.66,-0.00296,0.01589
1779370498.2492,plane,654,9,0.47259,0.56329,0.008738,0.08272,0.07926,82.15,0.00033,0.00988
1779370498.3612,plane,655,9,0.47254,0.56328,0.008738,0.08279,0.07923,82.56,-0.00046,-0.00012
1779370498.4575,plane,656,9,0.47256,0.56328,0.008730,0.08273,0.07923,81.77,0.00017,0.00007
1779370498.5529,plane,657,9,0.47256,0.56323,0.008726,0.08271,0.07921,82.89,0.00002,-0.00059
1779370498.6494,plane,658,9,0.47255,0.56326,0.008711,0.08269,0.07920,81.12,-0.00011,0.00039
1779370498.7608,plane,659,9,0.47257,0.56327,0.008731,0.08276,0.07922,82.32,0.00019,0.00005
1779370498.8571,plane,660,9,0.47255,0.56322,0.008718,0.08270,0.07922,82.52,-0.00020,-0.00054
1779370498.9534,plane,661,9,0.47257,0.56325,0.008708,0.08263,0.07917,82.18,0.00026,0.00033
1779370499.0490,plane,662,9,0.47257,0.56326,0.008714,0.08268,0.07919,81.31,-0.00003,0.00014
1779370499.1608,plane,663,9,0.47253,0.56326,0.008714,0.08260,0.07925,81.77,-0.00035,-0.00006
1779370499.2568,plane,664,9,0.47253,0.56324,0.008714,0.08269,0.07920,81.26,0.00001,-0.00017
1779370499.3527,plane,665,9,0.47256,0.56320,0.008709,0.08263,0.07921,82.20,0.00027,-0.00041
1779370499.4493,plane,666,9,0.47253,0.56322,0.008714,0.08266,0.07922,82.54,-0.00028,0.00023
1779370499.5612,plane,667,9,0.47253,0.56327,0.008708,0.08264,0.07919,81.84,0.00003,0.00039
1779370499.6563,plane,668,9,0.47251,0.56327,0.008713,0.08263,0.07922,81.98,-0.00024,-0.00000
1779370499.7553,plane,669,9,0.47254,0.56346,0.008709,0.08259,0.07919,81.85,0.00027,0.00200
1779370499.8511,plane,670,9,0.47251,0.56316,0.008720,0.08271,0.07926,82.79,-0.00025,-0.00316
1779370499.9621,plane,671,9,0.47255,0.56310,0.008723,0.08270,0.07925,83.95,0.00031,-0.00056
1779370500.0598,plane,672,9,0.47254,0.56312,0.008706,0.08265,0.07920,83.39,-0.00012,0.00028
1779370500.1587,plane,673,9,0.49928,0.43803,0.770016,6.50395,0.50412,90.53,0.27105,-1.26774
1779370500.1587,plane,673,21,0.44234,0.93310,0.002160,0.11151,0.08694,89.50,0.00000,0.00000
1779370500.2537,plane,674,9,0.49941,0.42898,0.763397,2.14077,0.57381,90.25,0.00136,-0.09484
1779370500.3641,plane,675,9,0.49979,0.42831,0.761408,1.93674,0.60648,91.20,0.00346,-0.00614
1779370500.3641,plane,675,21,0.44084,0.91767,0.003437,0.28633,0.06426,89.82,-0.01358,-0.13983
1779370500.4618,plane,676,9,0.49973,0.42822,0.761234,2.63951,0.56112,90.47,-0.00062,-0.00094
1779370500.4618,plane,676,21,0.44101,0.91714,0.003445,0.18420,0.07117,89.60,0.00173,-0.00536
1779370500.5569,plane,677,9,0.52304,0.46561,0.138026,1.00000,0.56250,0.00,0.24519,0.39337
1779370500.5569,plane,677,22,0.47494,0.53761,0.006193,0.07571,0.06821,86.15,0.00000,0.00000
1779370500.6518,plane,678,9,0.47292,0.56002,0.008358,0.08138,0.07756,82.91,-0.52758,0.99371
1779370500.6518,plane,678,23,0.74676,0.35345,0.015060,2.01078,0.57520,89.73,0.00000,0.00000
1779370500.7613,plane,679,9,0.47253,0.56213,0.008560,0.08208,0.07854,83.65,-0.00353,0.01921
1779370500.8574,plane,680,9,0.47248,0.56317,0.008591,0.08209,0.07871,83.40,-0.00054,0.01082
1779370500.9532,plane,681,9,0.47253,0.56291,0.008589,0.08216,0.07865,81.30,0.00049,-0.00267
1779370501.0493,plane,682,9,0.47252,0.56329,0.008579,0.08204,0.07866,83.20,-0.00003,0.00396
1779370501.1609,plane,683,9,0.47252,0.56327,0.008579,0.08204,0.07867,83.30,-0.00001,-0.00014
1779370501.2564,plane,684,9,0.47251,0.56323,0.008574,0.08207,0.07856,82.53,-0.00015,-0.00050
1779370501.3532,plane,685,9,0.47246,0.56317,0.008575,0.08212,0.07854,82.60,-0.00054,-0.00054
1779370501.4493,plane,686,9,0.47247,0.56327,0.008589,0.08209,0.07866,83.66,0.00018,0.00097
1779370501.5600,plane,687,,,,,,,,,
1779370501.6566,plane,688,,,,,,,,,
1779370501.7525,plane,689,,,,,,,,,
1779370501.8485,plane,690,,,,,,,,,
1779370501.9602,plane,691,,,,,,,,,
1779370502.0562,plane,692,,,,,,,,,
1779370502.1524,plane,693,,,,,,,,,
1779370502.2490,plane,694,,,,,,,,,
1779370502.3610,plane,695,,,,,,,,,
1779370502.4565,plane,696,,,,,,,,,
1779370502.5523,plane,697,,,,,,,,,
1779370502.6486,plane,698,,,,,,,,,
1779370502.7600,plane,699,,,,,,,,,
1779370502.8594,plane,700,,,,,,,,,
1779370502.9544,plane,701,,,,,,,,,
1779370503.0496,plane,702,,,,,,,,,
1779370503.1616,plane,703,,,,,,,,,
1779370503.2601,plane,704,24,0.49973,0.43504,0.748393,2.14948,0.57075,90.39,0.00000,0.00000
1779370503.3588,plane,705,24,0.49962,0.42514,0.757792,5.67431,0.45776,91.60,-0.00107,-0.10007
1779370503.3588,plane,705,25,0.44018,0.92997,0.003050,0.17890,0.07100,89.65,0.00000,0.00000
1779370503.4529,plane,706,24,0.49988,0.42781,0.760359,1.94717,0.70543,88.20,0.00269,0.02832
1779370503.4529,plane,706,25,0.44066,0.91861,0.003240,0.19378,0.06966,89.56,0.00512,-0.12056
1779370503.5623,plane,707,24,0.49979,0.42767,0.760359,2.17978,0.70088,88.26,-0.00078,-0.00124
1779370503.5623,plane,707,25,0.44068,0.91869,0.003223,0.18943,0.07024,89.53,0.00011,0.00074
1779370503.6589,plane,708,24,0.49976,0.42756,0.760159,3.58344,0.88076,4.74,-0.00027,-0.00113
1779370503.6589,plane,708,25,0.44054,0.91850,0.003233,0.18462,0.07109,89.59,-0.00138,-0.00200
1779370503.7551,plane,709,24,0.49975,0.42756,0.760123,2.64909,0.85520,88.57,-0.00012,-0.00007
1779370503.7551,plane,709,25,0.44061,0.91859,0.003228,0.18454,0.07107,89.58,0.00069,0.00091
1779370503.8509,plane,710,24,0.49975,0.42756,0.760147,2.87966,0.67567,89.61,0.00000,0.00005
1779370503.8509,plane,710,25,0.44050,0.91844,0.003237,0.13643,0.08804,89.23,-0.00112,-0.00152
1779370503.9639,plane,711,24,0.49977,0.42758,0.760164,1.99268,0.63046,88.34,0.00012,0.00019
1779370503.9639,plane,711,25,0.44050,0.91844,0.003237,0.13643,0.08804,89.23,0.00000,0.00000
1779370504.0592,plane,712,24,0.49976,0.42756,0.760111,1.82771,0.63365,88.56,-0.00009,-0.00021
1779370504.0592,plane,712,25,0.44050,0.91844,0.003237,0.13643,0.08804,89.23,0.00000,0.00000
1779370504.1567,plane,713,24,0.49978,0.42761,0.760257,1.81834,0.63594,88.17,0.00022,0.00044
1779370504.1567,plane,713,25,0.44050,0.91844,0.003237,0.13643,0.08804,89.23,0.00000,0.00000
1779370504.2513,plane,714,24,0.49976,0.42757,0.760145,2.50187,0.68303,88.39,-0.00014,-0.00041
1779370504.2513,plane,714,25,0.44052,0.91847,0.003235,0.17387,0.07306,89.56,0.00022,0.00031
1779370504.3650,plane,715,24,0.49979,0.42756,0.760162,2.41825,0.64081,89.02,0.00018,-0.00012
1779370504.3650,plane,715,25,0.44052,0.91841,0.003238,0.13265,0.09096,88.93,-0.00000,-0.00049
1779370504.4615,plane,716,24,0.49984,0.42769,0.760449,21.28295,11.29215,90.70,0.00058,0.00134
1779370504.4615,plane,716,25,0.44085,0.91909,0.003201,0.28977,0.06361,89.68,0.00339,0.00701
1779370504.5578,plane,717,24,0.49989,0.42687,0.758352,1.85110,0.63580,89.69,0.00050,-0.00846
1779370504.5578,plane,717,25,0.44096,0.91994,0.003138,0.27638,0.06312,89.70,0.00116,0.00881
1779370504.6546,plane,718,24,0.49989,0.42694,0.758319,2.00594,0.61935,89.39,0.00001,0.00074
1779370504.6546,plane,718,25,0.44091,0.91975,0.003142,0.23208,0.06526,89.69,-0.00048,-0.00199
1779370504.7668,plane,719,24,0.53946,0.45694,0.048670,1.00000,0.56250,0.00,0.35247,0.26721
1779370504.7668,plane,719,26,0.47346,0.55687,0.008375,0.07995,0.07362,86.15,0.00000,0.00000
1779370504.8580,plane,720,24,0.47290,0.56309,0.009023,0.08130,0.07784,83.36,-0.73102,1.16573
1779370504.9562,plane,721,24,0.47271,0.56459,0.009130,0.08174,0.07834,83.49,-0.00187,0.01522
1779370505.0506,plane,722,24,0.47268,0.56465,0.009135,0.08177,0.07834,84.69,-0.00035,0.00065
1779370505.1631,plane,723,24,0.47265,0.56485,0.009142,0.08179,0.07835,83.60,-0.00023,0.00174
1779370505.2579,plane,724,24,0.47264,0.56477,0.009155,0.08182,0.07843,83.26,-0.00015,-0.00079
1779370505.3560,plane,725,24,0.47271,0.56454,0.009148,0.08187,0.07839,83.03,0.00074,-0.00236
1779370505.4496,plane,726,24,0.47265,0.56471,0.009169,0.08188,0.07847,82.25,-0.00068,0.00182
1779370505.5617,plane,727,24,0.47266,0.56455,0.009169,0.08190,0.07848,82.89,0.00012,-0.00142
1779370505.6596,plane,728,24,0.47268,0.56467,0.009176,0.08192,0.07849,81.95,0.00015,0.00121
1779370505.7565,plane,729,24,0.47263,0.56463,0.009194,0.08203,0.07854,82.59,-0.00045,-0.00040
1779370505.8512,plane,730,24,0.47263,0.56466,0.009193,0.08206,0.07849,82.50,-0.00006,0.00030
1779370505.9613,plane,731,24,0.47265,0.56475,0.009201,0.08207,0.07853,82.27,0.00019,0.00079
1779370506.0600,plane,732,24,0.47264,0.56470,0.009228,0.08226,0.07861,83.58,-0.00005,-0.00048
1779370506.1552,plane,733,24,0.47265,0.56474,0.009233,0.08224,0.07870,84.59,0.00012,0.00041
1779370506.2495,plane,734,24,0.47269,0.56483,0.009221,0.08218,0.07865,83.63,0.00041,0.00103
1779370506.3638,plane,735,24,0.47268,0.56493,0.009262,0.08230,0.07887,83.90,-0.00007,0.00085
1779370506.4574,plane,736,24,0.47265,0.56471,0.009259,0.08229,0.07884,84.10,-0.00037,-0.00242
1779370506.5559,plane,737,24,0.47268,0.56469,0.009262,0.08232,0.07887,84.72,0.00033,-0.00015
1779370506.6517,plane,738,24,0.47269,0.56468,0.009294,0.08233,0.07915,82.77,0.00007,-0.00008
1779370506.7613,plane,739,24,0.47269,0.56468,0.009294,0.08233,0.07915,82.77,0.00000,0.00000
1779370506.8600,plane,740,24,0.47269,0.56464,0.009288,0.08233,0.07908,83.55,-0.00000,-0.00045
1779370506.9541,plane,741,24,0.47269,0.56468,0.009310,0.08240,0.07920,83.13,-0.00005,0.00049
1779370507.0541,plane,742,24,0.47271,0.56478,0.009318,0.08252,0.07917,82.40,0.00024,0.00098
1779370507.1641,plane,743,24,0.47265,0.56471,0.009320,0.08251,0.07923,82.88,-0.00051,-0.00070
1779370507.2590,plane,744,24,0.47270,0.56477,0.009345,0.08273,0.07925,83.38,0.00048,0.00066
1779370507.3538,plane,745,24,0.47269,0.56473,0.009340,0.08275,0.07919,83.08,-0.00008,-0.00038
1779370507.4500,plane,746,24,0.47266,0.56487,0.009342,0.08271,0.07924,82.66,-0.00027,0.00140
1779370507.5652,plane,747,24,0.47267,0.56477,0.009366,0.08286,0.07936,83.05,0.00004,-0.00082
1779370507.6607,plane,748,24,0.47266,0.56463,0.009359,0.08292,0.07926,82.88,-0.00007,-0.00150
1779370507.7574,plane,749,24,0.47269,0.56464,0.009362,0.08293,0.07927,82.69,0.00026,0.00015
1779370507.8520,plane,750,24,0.47270,0.56473,0.009374,0.08294,0.07936,82.24,0.00008,0.00092
1779370507.9666,plane,751,24,0.47268,0.56474,0.009371,0.08290,0.07937,82.60,-0.00011,0.00013
1779370508.0615,plane,752,24,0.47268,0.56477,0.009367,0.08290,0.07935,82.88,-0.00006,0.00024
1779370508.1584,plane,753,24,0.47268,0.56477,0.009377,0.08292,0.07941,82.75,0.00002,0.00008
1779370508.2567,plane,754,24,0.47267,0.56474,0.009376,0.08292,0.07941,82.64,-0.00007,-0.00036
1779370508.3643,plane,755,24,0.47269,0.56483,0.009371,0.08292,0.07933,82.61,0.00017,0.00088
1779370508.4607,plane,756,24,0.47271,0.56477,0.009389,0.08300,0.07944,82.42,0.00019,-0.00069
1779370508.5554,plane,757,24,0.47270,0.56477,0.009388,0.08297,0.07945,82.43,-0.00008,0.00003
1779370508.6513,plane,758,24,0.47270,0.56475,0.009386,0.08298,0.07942,82.52,0.00002,-0.00018
1779370508.7631,plane,759,24,0.47271,0.56474,0.009388,0.08298,0.07945,82.21,0.00003,-0.00011
1779370508.8613,plane,760,24,0.47271,0.56472,0.009384,0.08299,0.07941,82.52,0.00002,-0.00025
1779370508.9563,plane,761,24,0.47272,0.56474,0.009389,0.08304,0.07942,82.77,0.00012,0.00021
1779370509.0498,plane,762,24,0.47272,0.56472,0.009388,0.08304,0.07940,83.07,0.00003,-0.00013
1779370509.1628,plane,763,24,0.47272,0.56476,0.009389,0.08304,0.07941,83.07,-0.00004,0.00033
1779370509.2597,plane,764,24,0.47270,0.56470,0.009381,0.08298,0.07940,82.25,-0.00021,-0.00064
1779370509.3551,plane,765,24,0.47270,0.56474,0.009384,0.08299,0.07941,82.53,0.00006,0.00044
1779370509.4531,plane,766,24,0.47271,0.56476,0.009388,0.08302,0.07942,82.94,0.00008,0.00018
1779370509.5659,plane,767,24,0.47272,0.56477,0.009391,0.08303,0.07943,82.85,0.00005,0.00013
1779370509.6610,plane,768,24,0.47272,0.56475,0.009388,0.08304,0.07940,83.07,0.00001,-0.00026
1779370509.7566,plane,769,24,0.47270,0.56473,0.009382,0.08299,0.07940,82.40,-0.00020,-0.00018
1779370509.8535,plane,770,24,0.47272,0.56474,0.009389,0.08304,0.07942,82.77,0.00023,0.00006
1779370509.9642,plane,771,24,0.47270,0.56475,0.009386,0.08298,0.07942,82.52,-0.00014,0.00015
1779370510.0594,plane,772,24,0.47271,0.56474,0.009388,0.08298,0.07945,82.21,0.00003,-0.00013
1779370510.1618,plane,773,24,0.47270,0.56475,0.009386,0.08298,0.07942,82.52,-0.00003,0.00012
1779370510.2541,plane,774,24,0.47271,0.56476,0.009388,0.08300,0.07942,82.64,0.00008,0.00003
1779370510.3634,plane,775,24,0.47271,0.56476,0.009388,0.08300,0.07942,82.64,0.00000,0.00000
1779370510.4623,plane,776,24,0.47271,0.56474,0.009386,0.08301,0.07940,82.65,-0.00001,-0.00013
1779370510.5546,plane,777,24,0.47272,0.56477,0.009391,0.08307,0.07941,83.43,0.00016,0.00026
1779370510.6540,plane,778,24,0.47270,0.56476,0.009384,0.08296,0.07943,82.53,-0.00029,-0.00011
1779370510.7644,plane,779,24,0.47271,0.56476,0.009388,0.08300,0.07942,82.64,0.00013,-0.00000
1779370510.8573,plane,780,24,0.47271,0.56476,0.009388,0.08300,0.07942,82.64,0.00000,0.00000
1779370510.9542,plane,781,24,0.47270,0.56475,0.009386,0.08298,0.07942,82.52,-0.00008,-0.00002
1779370511.0504,plane,782,24,0.49951,0.49913,1.000000,1.00000,0.56250,0.00,0.27944,-0.68401
1779370511.1636,plane,783,24,0.49951,0.49913,1.000000,1.00000,0.56250,0.00,0.00000,0.00000
1779370511.2588,plane,784,24,0.49951,0.49913,1.000000,1.00000,0.56250,0.00,0.00000,0.00000
1779370511.3543,plane,785,24,0.49951,0.49913,1.000000,1.00000,0.56250,0.00,0.00000,0.00000
1779370511.4518,plane,786,24,0.49923,0.49915,0.994161,1.00000,0.56250,0.00,-0.00289,0.00018
1779370511.5618,plane,787,24,0.49925,0.49913,0.991867,1.00000,0.56250,0.00,0.00019,-0.00014
1779370511.6587,plane,788,24,0.49929,0.49910,0.989633,1.00000,0.56250,0.00,0.00046,-0.00031
1779370511.7559,plane,789,24,0.49934,0.49910,0.987998,1.00000,0.56250,0.00,0.00042,-0.00003
1779370511.8502,plane,790,24,0.49934,0.49910,0.987752,1.00000,0.56250,0.00,0.00004,-0.00002
1779370511.9624,plane,791,24,0.49933,0.49910,0.987769,1.00000,0.56250,0.00,-0.00008,-0.00003
1779370512.0597,plane,792,24,0.49935,0.49910,0.986637,1.00000,0.56250,0.00,0.00018,0.00005
1779370512.1543,plane,793,24,0.49934,0.49910,0.986589,1.00000,0.56250,0.00,-0.00005,-0.00001
1779370512.2512,plane,794,24,0.49934,0.49910,0.986905,1.00000,0.56250,0.00,-0.00006,-0.00003
1779370512.3635,plane,795,24,0.49935,0.49910,0.986213,1.00000,0.56250,0.00,0.00010,0.00001
1779370512.4587,plane,796,24,0.49933,0.49910,0.986698,1.00000,0.56250,0.00,-0.00020,-0.00001
1779370512.5544,plane,797,24,0.49932,0.49910,0.987342,1.00000,0.56250,0.00,-0.00011,0.00001
1779370512.6514,plane,798,24,0.49931,0.49910,0.987110,1.00000,0.56250,0.00,-0.00009,0.00001
1779370512.7617,plane,799,24,0.49930,0.49910,0.988514,1.00000,0.56250,0.00,-0.00008,0.00004
1779370512.8598,plane,800,24,0.49922,0.49916,0.995563,1.00000,0.56250,0.00,-0.00079,0.00062
1779370512.9548,plane,801,24,0.49951,0.49913,1.000000,1.00000,0.56250,0.00,0.00303,-0.00033
1779370513.0504,plane,802,24,0.49951,0.49913,1.000000,1.00000,0.56250,0.00,0.00000,0.00000
1779370513.1625,plane,803,24,0.49951,0.49913,1.000000,1.00000,0.56250,0.00,0.00000,0.00000
1779370513.2595,plane,804,24,0.49951,0.49913,1.000000,1.00000,0.56250,0.00,0.00000,0.00000
1779370513.3550,plane,805,24,0.49951,0.49913,1.000000,1.00000,0.56250,0.00,0.00000,0.00000
1779370513.4509,plane,806,24,0.49951,0.49913,1.000000,1.00000,0.56250,0.00,0.00000,0.00000
1779370513.5638,plane,807,24,0.49951,0.49912,0.988768,1.00000,0.56250,0.00,-0.00005,-0.00009
1779370513.6594,plane,808,24,0.49951,0.49912,0.988768,1.00000,0.56250,0.00,0.00000,0.00000
1779370513.7556,plane,809,24,0.49951,0.49912,0.988768,1.00000,0.56250,0.00,0.00000,0.00000
1779370513.8517,plane,810,24,0.49954,0.49904,0.988768,1.00000,0.56250,0.00,0.00035,-0.00082
1779370513.9639,plane,811,24,0.51962,0.43324,0.855277,1.96025,0.43505,93.34,0.17962,-0.58863
1779370514.0588,plane,812,24,0.50693,0.48524,0.003248,0.07297,0.05238,109.61,-0.13325,0.54612
1779370514.1554,plane,813,24,0.49752,0.51442,0.003386,0.07075,0.04331,113.61,-0.09790,0.30350
1779370514.2502,plane,814,24,0.48588,0.54456,0.003062,0.06705,0.03830,107.64,-0.12203,0.31613
1779370514.3609,plane,815,,,,,,,,,
1779370514.4577,plane,816,,,,,,,,,
1779370514.5525,plane,817,,,,,,,,,
1779370514.6488,plane,818,,,,,,,,,
1779370514.7600,plane,819,,,,,,,,,
1779370514.8559,plane,820,,,,,,,,,
1779370514.9519,plane,821,,,,,,,,,
1779370515.0497,plane,822,27,0.43819,0.70606,0.008170,0.07755,0.07382,86.16,0.00000,0.00000
1779370515.1611,plane,823,27,0.43815,0.70610,0.008170,0.07759,0.07382,85.44,-0.00031,0.00032
1779370515.2581,plane,824,27,0.43817,0.70606,0.008167,0.07756,0.07379,85.47,0.00012,-0.00042
1779370515.3534,plane,825,27,0.43821,0.70619,0.008375,0.07844,0.07474,86.15,0.00052,0.00141
1779370515.4488,plane,826,27,0.43820,0.70621,0.008369,0.07842,0.07472,85.73,-0.00018,0.00017
1779370515.5621,plane,827,27,0.43822,0.70617,0.008374,0.07842,0.07474,86.02,0.00018,-0.00034
1779370515.6564,plane,828,27,0.43818,0.70601,0.008519,0.07916,0.07541,85.58,-0.00042,-0.00167
1779370515.7527,plane,829,27,0.43814,0.70608,0.008533,0.07917,0.07558,85.15,-0.00037,0.00072
1779370515.8491,plane,830,27,0.43814,0.70605,0.008540,0.07922,0.07557,86.52,0.00001,-0.00030
1779370515.9609,plane,831,27,0.43819,0.70605,0.008670,0.07975,0.07617,86.24,0.00041,0.00000
1779370516.0556,plane,832,,,,,,,,,
1779370516.1521,plane,833,,,,,,,,,
1779370516.2483,plane,834,,,,,,,,,
1779370516.3618,plane,835,,,,,,,,,
1779370516.4568,plane,836,,,,,,,,,
1779370516.5525,plane,837,,,,,,,,,
1779370516.6486,plane,838,,,,,,,,,
1779370516.7599,plane,839,,,,,,,,,
1779370516.8569,plane,840,28,0.43811,0.70631,0.008723,0.07999,0.07650,86.31,0.00000,0.00000
1779370516.9530,plane,841,28,0.43807,0.70635,0.008723,0.07997,0.07653,86.00,-0.00040,0.00032
1779370517.0487,plane,842,28,0.43809,0.70632,0.008720,0.07995,0.07653,86.21,0.00028,-0.00024
1779370517.1606,plane,843,28,0.43808,0.70622,0.008909,0.08084,0.07725,85.56,-0.00011,-0.00092
1779370517.2565,plane,844,28,0.43808,0.70624,0.008913,0.08078,0.07734,86.21,-0.00004,0.00025
1779370517.3527,plane,845,28,0.43810,0.70630,0.008908,0.08075,0.07734,85.89,0.00028,0.00054
1779370517.4495,plane,846,28,0.43810,0.70637,0.009047,0.08135,0.07793,85.72,-0.00008,0.00078
1779370517.5611,plane,847,28,0.43810,0.70643,0.009042,0.08137,0.07783,85.86,0.00003,0.00057
1779370517.6570,plane,848,28,0.43811,0.70639,0.009038,0.08135,0.07781,86.99,0.00010,-0.00044
1779370517.7528,plane,849,28,0.43813,0.70640,0.009137,0.08192,0.07830,86.14,0.00023,0.00009
1779370517.8491,plane,850,28,0.43811,0.70638,0.009137,0.08190,0.07832,85.07,-0.00023,-0.00019
1779370517.9606,plane,851,28,0.43810,0.70644,0.009140,0.08192,0.07830,85.59,-0.00010,0.00055
1779370518.0577,plane,852,28,0.43810,0.70640,0.009245,0.08235,0.07879,86.55,0.00007,-0.00043
1779370518.0577,plane,852,29,0.51730,0.00195,0.002187,0.39426,0.00439,90.05,0.00000,0.00000
1779370518.1533,plane,853,28,0.43809,0.70645,0.009235,0.08233,0.07870,87.39,-0.00020,0.00052
1779370518.2493,plane,854,28,0.43809,0.70640,0.009243,0.08231,0.07883,86.83,0.00001,-0.00060
1779370518.3618,plane,855,28,0.43812,0.70631,0.009349,0.08267,0.07928,86.58,0.00030,-0.00079
1779370518.3618,plane,855,29,0.65625,0.00221,0.004149,0.54622,0.00626,0.00,1.23151,0.00229
1779370518.4575,plane,856,28,0.43816,0.70633,0.009279,0.08252,0.07897,85.05,0.00046,0.00027
1779370518.4575,plane,856,29,0.66045,0.00203,0.003862,0.71263,0.00326,90.05,0.04386,-0.00179
1779370518.5538,plane,857,28,0.43812,0.70644,0.009259,0.08239,0.07894,86.97,-0.00051,0.00117
1779370518.5538,plane,857,29,0.66068,0.00206,0.003898,0.72373,0.00321,90.05,0.00239,0.00024
1779370518.6497,plane,858,28,0.43813,0.70636,0.009369,0.08280,0.07928,86.03,0.00019,-0.00090
1779370518.6497,plane,858,29,0.65589,0.00233,0.004372,0.53800,0.01512,0.00,-0.04986,0.00288
1779370518.7614,plane,859,28,0.43814,0.70632,0.009374,0.08281,0.07930,85.79,0.00006,-0.00029
1779370518.7614,plane,859,29,0.65583,0.00233,0.004369,0.55341,0.00858,0.00,-0.00056,-0.00000
1779370518.8576,plane,860,28,0.43812,0.70632,0.009389,0.08286,0.07942,85.51,-0.00022,-0.00003
1779370518.8576,plane,860,29,0.65834,0.00237,0.004428,0.52221,0.00536,0.00,0.02612,0.00041
1779370518.9538,plane,861,28,0.43811,0.70641,0.009498,0.08339,0.07992,86.61,-0.00012,0.00091
1779370518.9538,plane,861,29,0.78862,0.02747,0.010001,0.15036,0.12297,0.00,1.35460,0.26091
1779370519.0495,plane,862,28,0.43809,0.70642,0.009496,0.08335,0.07994,86.53,-0.00014,0.00008
1779370519.0495,plane,862,29,0.78560,0.02700,0.010139,0.63513,0.14599,75.72,-0.03158,-0.00491
1779370519.1619,plane,863,28,0.43813,0.70643,0.009486,0.08328,0.07993,85.71,0.00029,0.00013
1779370519.1619,plane,863,29,0.78198,0.02671,0.010096,0.54849,0.10310,101.72,-0.03221,-0.00259
1779370519.2578,plane,864,28,0.43812,0.70641,0.009610,0.08381,0.08041,86.45,-0.00004,-0.00020
1779370519.2578,plane,864,30,0.55248,0.09329,0.060779,0.99078,0.51284,90.32,0.00000,0.00000
1779370519.3539,plane,865,28,0.43812,0.70641,0.009615,0.08383,0.08043,86.13,-0.00001,-0.00002
1779370519.3539,plane,865,30,0.54983,0.09252,0.058077,0.98606,0.49590,90.18,-0.02754,-0.00808
1779370519.4504,plane,866,28,0.43814,0.70640,0.009625,0.08386,0.08049,86.67,0.00022,-0.00014
1779370519.4504,plane,866,30,0.55739,0.09202,0.059384,1.01926,0.59725,90.32,0.07849,-0.00519
1779370519.5617,plane,867,28,0.43813,0.70622,0.009784,0.08459,0.08115,85.80,-0.00010,-0.00156
1779370519.5617,plane,867,30,0.51865,0.16763,0.254186,0.98063,0.66226,89.87,-0.34716,0.67745
1779370519.6578,plane,868,28,0.43813,0.70627,0.009776,0.08459,0.08111,85.88,0.00003,0.00053
1779370519.6578,plane,868,30,0.51838,0.16587,0.246638,0.97465,0.65915,90.30,-0.00273,-0.01828
1779370519.7539,plane,869,28,0.43814,0.70625,0.009776,0.08456,0.08114,85.91,0.00007,-0.00024
1779370519.7539,plane,869,30,0.51782,0.16710,0.252131,0.97585,0.64863,90.33,-0.00584,0.01280
1779370519.8500,plane,870,28,0.43811,0.70625,0.009950,0.08534,0.08177,85.07,-0.00028,0.00001
1779370519.8500,plane,870,30,0.50894,0.25345,0.451036,1.01245,0.76623,101.28,-0.09250,0.89870
1779370519.9619,plane,871,28,0.43807,0.70626,0.009944,0.08530,0.08182,86.66,-0.00035,0.00011
1779370519.9619,plane,871,30,0.50936,0.25286,0.450373,1.01071,0.74380,100.24,0.00381,-0.00524
1779370520.0580,plane,872,28,0.43809,0.70626,0.009944,0.08532,0.08179,85.58,0.00014,0.00000
1779370520.0580,plane,872,30,0.50914,0.25587,0.457192,1.02529,0.79494,102.41,-0.00229,0.03130
1779370520.1539,plane,873,28,0.43810,0.70633,0.009950,0.08538,0.08175,85.53,0.00012,0.00068
1779370520.1539,plane,873,30,0.50914,0.25934,0.462251,1.02418,0.78679,103.54,-0.00006,0.03616
1779370520.2505,plane,874,28,0.43808,0.70541,0.009942,0.08546,0.08181,85.17,-0.00022,-0.00949
1779370520.2505,plane,874,30,0.50915,0.25275,0.450127,1.02494,0.79070,102.83,0.00018,-0.06835
1779370520.3623,plane,875,28,0.43754,0.70229,0.009942,0.08575,0.08138,81.62,-0.00481,-0.02794
1779370520.3623,plane,875,30,0.50964,0.25648,0.454827,3.05039,1.46257,0.00,0.00438,0.03337
1779370520.4580,plane,876,28,0.43672,0.70084,0.010134,0.08727,0.08179,72.27,-0.00853,-0.01508
1779370520.4580,plane,876,30,0.51085,0.26067,0.465008,1.01165,0.76328,101.49,0.01255,0.04375
1779370520.5556,plane,877,28,0.43503,0.69707,0.010356,0.08968,0.08167,60.32,-0.01738,-0.03877
1779370520.5556,plane,877,30,0.51135,0.26000,0.466059,1.03265,0.80007,103.75,0.00519,-0.00689
1779370520.6505,plane,878,28,0.43494,0.69723,0.010384,0.08991,0.08186,57.85,-0.00096,0.00171
1779370520.6505,plane,878,30,0.51138,0.26188,0.470679,1.01505,0.74315,100.96,0.00027,0.01974
1779370520.7626,plane,879,28,0.43754,0.70234,0.009928,0.08562,0.08136,82.68,0.02322,0.04561
1779370520.7626,plane,879,30,0.50850,0.24889,0.433892,2.58782,1.32071,0.00,-0.02562,-0.11581
1779370520.8587,plane,880,28,0.43750,0.70211,0.009903,0.08558,0.08116,81.98,-0.00047,-0.00243
1779370520.8587,plane,880,30,0.51070,0.24789,0.436759,1.74917,1.07038,0.00,0.02285,-0.01042
1779370520.9542,plane,881,28,0.43753,0.70221,0.009918,0.08560,0.08131,82.69,0.00033,0.00107
1779370520.9542,plane,881,30,0.50984,0.24922,0.440270,1.47571,0.97999,0.00,-0.00903,0.01394
1779370521.0507,plane,882,28,0.43752,0.70215,0.009930,0.08581,0.08122,82.45,-0.00007,-0.00062
1779370521.0507,plane,882,30,0.50994,0.25432,0.451311,2.31227,1.25966,0.00,0.00102,0.05282
1779370521.1623,plane,883,28,0.43755,0.70219,0.009915,0.08564,0.08120,82.35,0.00026,0.00035
1779370521.1623,plane,883,30,0.50913,0.25145,0.444312,1.61613,1.04318,0.00,-0.00721,-0.02571
1779370521.2585,plane,884,28,0.43755,0.70221,0.009917,0.08561,0.08130,82.47,0.00005,0.00023
1779370521.2585,plane,884,30,0.50992,0.25141,0.445524,4.01687,1.70152,0.00,0.00818,-0.00042
1779370521.3544,plane,885,28,0.43751,0.70227,0.009913,0.08561,0.08129,82.04,-0.00045,0.00063
1779370521.3544,plane,885,30,0.50938,0.25282,0.446986,2.09610,1.20401,0.00,-0.00557,0.01474
1779370521.4517,plane,886,28,0.43753,0.70228,0.009920,0.08568,0.08130,82.13,0.00016,0.00004
1779370521.4517,plane,886,30,0.51006,0.24973,0.440762,1.35464,0.94340,0.00,0.00690,-0.03185
1779370521.5625,plane,887,28,0.43752,0.70227,0.009906,0.08562,0.08114,81.88,-0.00008,-0.00006
1779370521.5625,plane,887,30,0.51066,0.24538,0.432868,1.40738,0.96489,0.00,0.00549,-0.03916
1779370521.6586,plane,888,28,0.43754,0.70236,0.009923,0.08560,0.08137,82.47,0.00024,0.00096
1779370521.6586,plane,888,30,0.51008,0.24667,0.434441,1.23159,0.88703,0.00,-0.00613,0.01336
1779370521.7547,plane,889,28,0.43755,0.70229,0.009928,0.08567,0.08134,82.25,0.00010,-0.00079
1779370521.7547,plane,889,30,0.50942,0.24946,0.441172,1.60410,1.03752,0.00,-0.00681,0.02905
1779370521.8513,plane,890,28,0.43755,0.70228,0.009911,0.08558,0.08131,82.58,0.00002,-0.00003
1779370521.8513,plane,890,30,0.51018,0.24901,0.442273,1.13301,0.87420,0.00,0.00782,-0.00462
1779370521.9625,plane,891,28,0.43756,0.70222,0.009911,0.08571,0.08116,82.05,0.00005,-0.00057
1779370521.9625,plane,891,30,0.50968,0.25024,0.443814,3.85050,1.67037,0.00,-0.00452,0.01109
1779370522.0585,plane,892,28,0.43758,0.70221,0.009915,0.08571,0.08121,82.66,0.00028,-0.00016
1779370522.0585,plane,892,30,0.51020,0.25355,0.449780,1.51701,1.00677,0.00,0.00548,0.03439
1779370522.1547,plane,893,28,0.43753,0.70219,0.009923,0.08574,0.08122,81.34,-0.00058,-0.00011
1779370522.1547,plane,893,30,0.50984,0.25580,0.455917,2.07760,1.20885,0.00,-0.00373,0.02343
1779370522.2506,plane,894,28,0.43756,0.70225,0.009922,0.08572,0.08121,81.67,0.00031,0.00062
1779370522.2506,plane,894,30,0.50949,0.25333,0.448152,1.96258,1.14866,0.00,-0.00363,-0.02579
1779370522.3625,plane,895,28,0.43755,0.70222,0.009928,0.08577,0.08125,82.46,-0.00005,-0.00030
1779370522.3625,plane,895,30,0.51015,0.25536,0.454683,1.59416,1.03872,0.00,0.00586,0.01822
1779370522.4583,plane,896,28,0.43755,0.70216,0.009903,0.08566,0.08113,82.30,0.00004,-0.00064
1779370522.4583,plane,896,30,0.50926,0.25189,0.445925,1.33470,0.93822,0.00,-0.00933,-0.03628
1779370522.5558,plane,897,28,0.43753,0.70218,0.009910,0.08566,0.08114,82.74,-0.00027,0.00020
1779370522.5558,plane,897,30,0.50935,0.25096,0.442863,1.79777,1.11101,0.00,0.00095,-0.00949
1779370522.6502,plane,898,28,0.43752,0.70227,0.009905,0.08558,0.08125,82.17,-0.00005,0.00095
1779370522.6502,plane,898,30,0.50819,0.24476,0.428911,1.98801,1.16894,0.00,-0.01225,-0.06579
1779370522.7632,plane,899,28,0.43754,0.70220,0.009903,0.08569,0.08112,82.18,0.00015,-0.00060
1779370522.7632,plane,899,30,0.50962,0.24641,0.433523,1.61534,1.04127,0.00,0.01262,0.01462
1779370522.8581,plane,900,28,0.43755,0.70227,0.009913,0.08560,0.08129,82.93,0.00012,0.00071
1779370522.8581,plane,900,30,0.51151,0.24079,0.422490,1.27482,0.94505,0.00,0.01990,-0.05928
1779370522.9547,plane,901,28,0.43755,0.70233,0.009911,0.08556,0.08132,82.81,-0.00003,0.00068
1779370522.9547,plane,901,30,0.50916,0.24643,0.432799,1.83774,1.11044,0.00,-0.02427,0.05836
1779370523.0501,plane,902,28,0.43754,0.70222,0.009911,0.08565,0.08119,81.69,-0.00013,-0.00121
1779370523.0501,plane,902,30,0.51081,0.24972,0.442744,1.60082,1.04073,0.00,0.01724,0.03455
1779370523.1656,plane,903,28,0.43753,0.70219,0.009920,0.08575,0.08120,81.97,-0.00010,-0.00020
1779370523.1656,plane,903,30,0.50992,0.25610,0.455743,13.63961,3.21585,0.00,-0.00765,0.05532
1779370523.2587,plane,904,28,0.43757,0.70217,0.009913,0.08568,0.08119,82.63,0.00047,-0.00028
1779370523.2587,plane,904,30,0.50961,0.25238,0.446077,1.40536,0.95765,0.00,-0.00333,-0.03994
1779370523.3550,plane,905,28,0.43757,0.70227,0.009922,0.08565,0.08129,82.79,-0.00003,0.00103
1779370523.3550,plane,905,30,0.51091,0.25385,0.451974,1.75877,1.10055,0.00,0.01348,0.01524
1779370523.4511,plane,906,28,0.43756,0.70219,0.009927,0.08570,0.08132,82.41,-0.00012,-0.00077
1779370523.4511,plane,906,30,0.50917,0.25741,0.456740,1.92451,1.13878,0.00,-0.01809,0.03710
1779370523.5629,plane,907,28,0.43753,0.70222,0.009908,0.08564,0.08118,81.84,-0.00021,0.00027
1779370523.5629,plane,907,30,0.51042,0.25002,0.441900,1.42691,0.96826,0.00,0.01115,-0.06617
1779370523.6587,plane,908,28,0.43755,0.70227,0.009917,0.08562,0.08131,82.61,0.00021,0.00045
1779370523.6587,plane,908,30,0.50944,0.25048,0.441291,2.26199,1.23355,0.00,-0.01025,0.00476
1779370523.7544,plane,909,28,0.43754,0.70218,0.009903,0.08562,0.08114,81.96,-0.00013,-0.00087
1779370523.7544,plane,909,30,0.50998,0.25023,0.443247,1.83807,1.11902,0.00,0.00566,-0.00252
1779370523.8502,plane,910,28,0.43756,0.70220,0.009910,0.08568,0.08118,82.44,0.00024,0.00016
1779370523.8502,plane,910,30,0.50843,0.25043,0.441562,1.44096,0.97066,0.00,-0.01620,0.00200
1779370523.9624,plane,911,28,0.43759,0.70229,0.009915,0.08559,0.08131,83.17,0.00026,0.00079
1779370523.9624,plane,911,30,0.50998,0.24663,0.433780,1.55872,1.00585,0.00,0.01384,-0.03381
1779370524.0585,plane,912,28,0.43755,0.70218,0.009911,0.08566,0.08118,82.19,-0.00042,-0.00109
1779370524.0585,plane,912,30,0.51008,0.25123,0.444626,1.54404,1.01646,0.00,0.00102,0.04796
1779370524.1541,plane,913,28,0.43758,0.70224,0.009917,0.08562,0.08128,83.45,0.00034,0.00064
1779370524.1541,plane,913,30,0.51026,0.25161,0.446742,1.12026,0.86412,0.00,0.00191,0.00400
1779370524.2505,plane,914,28,0.43754,0.70211,0.009906,0.08576,0.08110,81.51,-0.00048,-0.00139
1779370524.2505,plane,914,30,0.50990,0.25406,0.450957,2.74096,1.38625,0.00,-0.00381,0.02536
1779370524.3620,plane,915,28,0.43755,0.70218,0.009922,0.08575,0.08119,82.11,0.00013,0.00060
1779370524.3620,plane,915,30,0.50954,0.25388,0.451718,1.64071,1.05399,0.00,-0.00323,-0.00158
1779370524.4583,plane,916,28,0.43754,0.70217,0.009896,0.08566,0.08106,82.96,-0.00015,-0.00001
1779370524.4583,plane,916,30,0.50998,0.24891,0.439031,2.04823,1.17678,0.00,0.00456,-0.05160
1779370524.5539,plane,917,28,0.43756,0.70223,0.009908,0.08562,0.08120,83.13,0.00024,0.00059
1779370524.5539,plane,917,30,0.50949,0.25010,0.442083,2.86225,1.42663,0.00,-0.00511,0.01246
1779370524.6503,plane,918,28,0.43759,0.70223,0.009905,0.08565,0.08115,82.70,0.00024,0.00000
1779370524.6503,plane,918,30,0.51028,0.24874,0.438082,1.70326,1.05595,0.00,0.00823,-0.01412
1779370524.7624,plane,919,28,0.43753,0.70230,0.009932,0.08572,0.08136,81.41,-0.00048,0.00063
1779370524.7624,plane,919,30,0.50935,0.25435,0.451243,1.47550,0.99000,0.00,-0.00831,0.05007
1779370524.8588,plane,920,28,0.43752,0.70213,0.009910,0.08575,0.08110,81.76,-0.00010,-0.00175
1779370524.8588,plane,920,30,0.51035,0.25206,0.446208,3.62783,1.59234,0.00,0.01042,-0.02384
1779370524.9546,plane,921,28,0.43756,0.70226,0.009932,0.08573,0.08132,82.20,0.00040,0.00132
1779370524.9546,plane,921,30,0.50999,0.25532,0.451230,2.09634,1.18225,0.00,-0.00377,0.03402
1779370525.0501,plane,922,28,0.43751,0.70216,0.009932,0.08579,0.08122,81.92,-0.00049,-0.00104
1779370525.0501,plane,922,30,0.50970,0.25538,0.454492,3.66611,1.64034,0.00,-0.00307,0.00068
1779370525.1625,plane,923,28,0.43755,0.70220,0.009930,0.08565,0.08134,82.86,0.00031,0.00033
1779370525.1625,plane,923,30,0.51007,0.25367,0.450607,2.87536,1.42879,0.00,0.00336,-0.01529
1779370525.2583,plane,924,28,0.43757,0.70218,0.009923,0.08573,0.08119,82.50,0.00024,-0.00014
1779370525.2583,plane,924,30,0.50892,0.25450,0.451662,2.41158,1.28928,0.00,-0.01203,0.00872
1779370525.3544,plane,925,28,0.43757,0.70217,0.009918,0.08575,0.08119,81.96,0.00002,-0.00014
1779370525.3544,plane,925,30,0.50970,0.25057,0.442754,4.78328,1.85328,0.00,0.00807,-0.04084
1779370525.4509,plane,926,28,0.43755,0.70224,0.009925,0.08566,0.08131,82.66,-0.00024,0.00071
1779370525.4509,plane,926,30,0.50897,0.25346,0.447386,1.87452,1.11340,0.00,-0.00751,0.02996
1779370525.5624,plane,927,28,0.43753,0.70213,0.009911,0.08568,0.08120,81.58,-0.00014,-0.00094
1779370525.5624,plane,927,30,0.50945,0.25257,0.447571,1.62268,1.04233,0.00,0.00425,-0.00798
1779370525.6582,plane,928,28,0.43751,0.70225,0.009925,0.08565,0.08129,83.10,-0.00028,0.00125
1779370525.6582,plane,928,30,0.50976,0.25301,0.451109,1.97138,1.17440,0.00,0.00326,0.00460
1779370525.7542,plane,929,28,0.43754,0.70225,0.009917,0.08568,0.08118,82.25,0.00031,-0.00005
1779370525.7542,plane,929,30,0.51002,0.25408,0.451523,1.68878,1.06649,0.00,0.00273,0.01108
1779370525.8505,plane,930,28,0.43757,0.70238,0.009923,0.08563,0.08134,82.93,0.00034,0.00137
1779370525.8505,plane,930,30,0.50926,0.25090,0.444409,2.43989,1.30970,0.00,-0.00795,-0.03310
1779370525.9630,plane,931,28,0.43752,0.70210,0.009898,0.08564,0.08109,82.46,-0.00048,-0.00248
1779370525.9630,plane,931,30,0.50992,0.24986,0.441878,1.59628,1.03673,0.00,0.00587,-0.00919
1779370526.0581,plane,932,28,0.43746,0.70206,0.009903,0.08561,0.08115,82.19,-0.00058,-0.00046
1779370526.0581,plane,932,30,0.50975,0.25067,0.442725,1.75204,1.06803,0.00,-0.00172,0.00846
1779370526.1540,plane,933,28,0.43750,0.70195,0.009901,0.08567,0.08109,82.53,0.00041,-0.00115
1779370526.1540,plane,933,30,0.51044,0.25407,0.450500,2.09338,1.20360,0.00,0.00713,0.03543
1779370526.2515,plane,934,28,0.43751,0.70206,0.009910,0.08573,0.08113,81.76,0.00005,0.00116
1779370526.2515,plane,934,30,0.50994,0.25343,0.449412,1.42557,0.98212,0.00,-0.00515,-0.00650
1779370526.3622,plane,935,28,0.43754,0.70206,0.009917,0.08582,0.08111,82.08,0.00027,-0.00004
1779370526.3622,plane,935,30,0.51010,0.25495,0.453974,1.37838,0.95634,0.00,0.00144,0.01366
1779370526.4587,plane,936,28,0.43750,0.70210,0.009927,0.08583,0.08113,82.27,-0.00032,0.00045
1779370526.4587,plane,936,30,0.50892,0.25459,0.449709,3.15331,1.50739,0.00,-0.01223,-0.00375
1779370526.5556,plane,937,28,0.43752,0.70222,0.009918,0.08577,0.08114,82.00,0.00018,0.00126
1779370526.5556,plane,937,30,0.50922,0.25427,0.451277,2.17160,1.22365,0.00,0.00315,-0.00326
1779370526.6506,plane,938,28,0.43756,0.70220,0.009922,0.08578,0.08118,82.04,0.00036,-0.00026
1779370526.6506,plane,938,30,0.50981,0.25124,0.444567,1.94441,1.15349,0.00,0.00617,-0.03189
1779370526.7603,plane,939,,,,,,,,,
1779370526.8561,plane,940,,,,,,,,,
1779370526.9519,plane,941,,,,,,,,,
1779370527.0487,plane,942,,,,,,,,,
1779370527.1610,plane,943,,,,,,,,,
1779370527.2563,plane,944,,,,,,,,,
1779370527.3520,plane,945,,,,,,,,,
1779370527.4479,plane,946,,,,,,,,,
1779370527.5600,plane,947,,,,,,,,,
1779370527.6565,plane,948,,,,,,,,,
1779370527.7523,plane,949,,,,,,,,,
1779370527.8485,plane,950,,,,,,,,,
1779370527.9603,plane,951,,,,,,,,,
1779370528.0561,plane,952,,,,,,,,,
1779370528.1526,plane,953,,,,,,,,,
1779370528.2481,plane,954,,,,,,,,,
1779370528.3605,plane,955,,,,,,,,,
1779370528.4558,plane,956,,,,,,,,,
1779370528.5521,plane,957,,,,,,,,,
1779370528.6483,plane,958,,,,,,,,,
1779370528.7607,plane,959,,,,,,,,,
1779370528.8563,plane,960,,,,,,,,,
1779370528.9519,plane,961,,,,,,,,,
1779370529.0486,plane,962,,,,,,,,,
1779370529.1603,plane,963,,,,,,,,,
1779370529.2566,plane,964,,,,,,,,,
1779370529.3524,plane,965,,,,,,,,,
1779370529.4481,plane,966,,,,,,,,,
1779370529.5600,plane,967,,,,,,,,,
1779370529.6560,plane,968,,,,,,,,,
1779370529.7522,plane,969,,,,,,,,,
1779370529.8491,plane,970,,,,,,,,,
1779370529.9602,plane,971,,,,,,,,,
1779370530.0561,plane,972,,,,,,,,,
1779370530.1523,plane,973,,,,,,,,,
1779370530.2481,plane,974,,,,,,,,,
1779370530.3602,plane,975,,,,,,,,,
1779370530.4561,plane,976,,,,,,,,,
1779370530.5528,plane,977,,,,,,,,,
1779370530.6480,plane,978,,,,,,,,,
1779370530.7602,plane,979,,,,,,,,,
1779370530.8558,plane,980,,,,,,,,,
1779370530.9523,plane,981,,,,,,,,,
1779370531.0481,plane,982,,,,,,,,,
1779370531.1603,plane,983,,,,,,,,,
1779370531.2566,plane,984,,,,,,,,,
1779370531.3520,plane,985,,,,,,,,,
1779370531.4482,plane,986,,,,,,,,,
1779370531.5603,plane,987,,,,,,,,,
1779370531.6561,plane,988,,,,,,,,,
1779370531.7523,plane,989,,,,,,,,,
1779370531.8483,plane,990,,,,,,,,,
1779370531.9602,plane,991,,,,,,,,,
1779370532.0561,plane,992,,,,,,,,,
1779370532.1522,plane,993,,,,,,,,,
1779370532.2482,plane,994,,,,,,,,,
1779370532.3600,plane,995,,,,,,,,,
1779370532.4560,plane,996,,,,,,,,,
1779370532.5521,plane,997,,,,,,,,,
1779370532.6488,plane,998,,,,,,,,,
1779370532.7602,plane,999,,,,,,,,,
1779370532.8566,plane,1000,,,,,,,,,
1779370532.9519,plane,1001,,,,,,,,,
1779370533.0485,plane,1002,,,,,,,,,
1779370533.1608,plane,1003,,,,,,,,,
1779370533.2560,plane,1004,,,,,,,,,
1779370533.3524,plane,1005,,,,,,,,,
1779370533.4481,plane,1006,,,,,,,,,
1779370533.5602,plane,1007,,,,,,,,,
1779370533.6566,plane,1008,,,,,,,,,
1779370533.7524,plane,1009,,,,,,,,,
1779370533.8485,plane,1010,,,,,,,,,
1779370533.9599,plane,1011,,,,,,,,,
1779370534.0561,plane,1012,,,,,,,,,
1779370534.1520,plane,1013,,,,,,,,,
1779370534.2480,plane,1014,,,,,,,,,
1779370534.3600,plane,1015,,,,,,,,,
1779370534.4565,plane,1016,,,,,,,,,
1779370534.5516,plane,1017,,,,,,,,,
1779370534.6482,plane,1018,,,,,,,,,
1779370534.7600,plane,1019,,,,,,,,,
1779370534.8562,plane,1020,,,,,,,,,
1779370534.9526,plane,1021,,,,,,,,,
1779370535.0479,plane,1022,,,,,,,,,
1779370535.1598,plane,1023,,,,,,,,,
1779370535.2557,plane,1024,,,,,,,,,
1779370535.3524,plane,1025,,,,,,,,,
1779370535.4484,plane,1026,,,,,,,,,
1779370535.5600,plane,1027,,,,,,,,,
1779370535.6577,plane,1028,,,,,,,,,
1779370535.7525,plane,1029,,,,,,,,,
1779370535.8483,plane,1030,,,,,,,,,
1779370535.9601,plane,1031,,,,,,,,,
1779370536.0560,plane,1032,,,,,,,,,
1779370536.1523,plane,1033,,,,,,,,,
1779370536.2480,plane,1034,,,,,,,,,
1779370536.3602,plane,1035,,,,,,,,,
1779370536.4562,plane,1036,,,,,,,,,
1779370536.5519,plane,1037,,,,,,,,,
1779370536.6481,plane,1038,,,,,,,,,
1779370536.7601,plane,1039,,,,,,,,,
1779370536.8562,plane,1040,,,,,,,,,
1779370536.9523,plane,1041,,,,,,,,,
1779370537.0483,plane,1042,,,,,,,,,
1779370537.1598,plane,1043,,,,,,,,,
1779370537.2573,plane,1044,31,0.97902,0.07010,0.006543,1.18165,0.08542,159.56,0.00000,0.00000
1779370537.3531,plane,1045,31,0.95249,0.14708,0.031279,0.67900,0.13658,147.61,-0.27542,0.79933
1779370537.4488,plane,1046,31,0.92839,0.23763,0.075689,0.85227,0.28255,138.68,-0.25193,0.94637
1779370537.5607,plane,1047,31,0.91022,0.33154,0.130878,0.63971,0.30913,151.12,-0.16239,0.83953
1779370537.6579,plane,1048,31,0.89632,0.40764,0.183892,0.67093,0.33740,160.83,-0.14296,0.78274
1779370537.7532,plane,1049,31,0.87830,0.44847,0.233227,0.74426,0.31526,172.65,-0.18955,0.42938
1779370537.8494,plane,1050,31,0.86511,0.46075,0.263107,0.84039,0.33166,172.41,-0.13678,0.12740
1779370537.9606,plane,1051,31,0.86085,0.46208,0.272071,0.88188,0.33943,170.72,-0.03833,0.01194
1779370538.0570,plane,1052,31,0.86634,0.46055,0.260913,0.87936,0.32867,170.29,0.05714,-0.01591
1779370538.1539,plane,1053,31,0.87446,0.45672,0.243815,0.83569,0.31135,171.70,0.08380,-0.03958
1779370538.2492,plane,1054,31,0.86831,0.45831,0.256081,0.81238,0.32847,172.55,-0.06431,0.01671
1779370538.3608,plane,1055,31,0.86474,0.45387,0.261548,0.78743,0.34000,172.47,-0.03203,-0.03988
1779370538.4570,plane,1056,31,0.86353,0.44911,0.262073,0.73037,0.36058,169.85,-0.01251,-0.04935
1779370538.5530,plane,1057,31,0.85781,0.44734,0.272478,0.72069,0.38594,166.59,-0.05964,-0.01853
1779370538.6489,plane,1058,31,0.81808,0.43760,0.319365,0.79283,0.34865,169.89,-0.41466,-0.10167
1779370538.7612,plane,1059,31,0.76557,0.43188,0.399465,0.72976,0.43996,168.39,-0.46711,-0.05087
1779370538.8570,plane,1060,31,0.71389,0.44860,0.518906,0.82361,0.68962,4.91,-0.53932,0.17453
1779370538.9534,plane,1061,31,0.65001,0.45119,0.634462,0.84474,0.70689,102.91,-0.66225,0.02682
1779370539.0495,plane,1062,31,0.60058,0.46000,0.746847,0.92019,0.84765,82.46,-0.51490,0.09174
1779370539.1635,plane,1063,31,0.56352,0.46317,0.823476,1.34917,0.94685,72.25,-0.32530,0.02782
1779370539.2572,plane,1064,31,0.53871,0.46468,0.863342,1.12659,0.65470,94.62,-0.26447,0.01613
1779370539.3534,plane,1065,31,0.53049,0.45675,0.842802,1.05273,0.68424,98.68,-0.08542,-0.08233
1779370539.4499,plane,1066,31,0.53431,0.44974,0.829797,1.07469,0.68510,99.92,0.03965,-0.07289
1779370539.5616,plane,1067,31,0.53347,0.44693,0.827486,1.06175,0.72388,101.55,-0.00754,-0.02512
1779370539.6583,plane,1068,31,0.53349,0.43941,0.800271,1.04327,0.73671,104.11,0.00023,-0.07774
1779370539.7537,plane,1069,31,0.53551,0.43819,0.795888,1.03841,0.73698,105.49,0.02124,-0.01280
1779370539.8493,plane,1070,31,0.53805,0.43626,0.789349,1.03832,0.72432,106.39,0.02652,-0.02009
1779370539.9615,plane,1071,31,0.53751,0.42773,0.763151,1.04361,0.75150,112.17,-0.00481,-0.07608
1779370540.0572,plane,1072,31,0.53699,0.42052,0.746387,1.02292,0.67608,110.73,-0.00541,-0.07552
1779370540.1536,plane,1073,31,0.53659,0.41542,0.733714,1.01177,0.64876,110.69,-0.00418,-0.05277
1779370540.2505,plane,1074,31,0.53758,0.40755,0.709566,1.00014,0.66020,111.43,0.01023,-0.08139
1779370540.3611,plane,1075,31,0.54363,0.40490,0.696140,0.99463,0.66763,112.55,0.05462,-0.02392
1779370540.4575,plane,1076,31,0.54309,0.40017,0.685974,0.99951,0.67753,113.74,-0.00558,-0.04900
1779370540.5534,plane,1077,31,0.53728,0.39065,0.671166,1.00222,0.72426,115.04,-0.06071,-0.09955
1779370540.6497,plane,1078,31,0.53777,0.36792,0.618466,1.02816,0.75020,120.51,0.00506,-0.23565
1779370540.7625,plane,1079,31,0.54533,0.33476,0.543538,0.92543,0.66676,113.08,0.06710,-0.29407
1779370540.8580,plane,1080,31,0.54999,0.32059,0.517924,0.89015,0.62436,108.77,0.04892,-0.14888
1779370540.9540,plane,1081,31,0.54790,0.32331,0.524865,0.89604,0.61563,108.70,-0.02174,0.02825
1779370541.0501,plane,1082,31,0.52801,0.35109,0.592392,0.99010,0.72065,114.67,-0.20703,0.28924
1779370541.1612,plane,1083,31,0.49316,0.41006,0.756543,0.87640,0.47343,87.44,-0.31405,0.53143
1779370541.2576,plane,1084,31,0.47149,0.43723,0.787457,0.83439,0.51977,81.35,-0.22444,0.28145
1779370541.3533,plane,1085,31,0.46111,0.44555,0.784329,0.83306,0.53888,81.63,-0.10855,0.08689
1779370541.4495,plane,1086,31,0.46061,0.43330,0.762855,0.81945,0.53598,72.97,-0.00515,-0.12724
1779370541.5618,plane,1087,31,0.46273,0.40564,0.718565,0.79413,0.46666,72.06,0.01886,-0.24634
1779370541.6575,plane,1088,31,0.47031,0.37366,0.667267,0.82033,0.45303,71.90,0.07923,-0.33431
1779370541.7540,plane,1089,31,0.47270,0.34902,0.610294,0.80526,0.43153,75.89,0.02478,-0.25527
1779370541.8503,plane,1090,31,0.45770,0.33562,0.544066,0.82879,0.39670,80.10,-0.15567,-0.13903
1779370541.8503,plane,1090,32,0.96210,0.07705,0.013107,0.10059,0.06372,99.28,0.00000,0.00000
1779370541.9618,plane,1091,31,0.46217,0.31554,0.508738,0.80713,0.38221,80.35,0.04018,-0.18042
1779370541.9618,plane,1091,32,0.97200,0.05956,0.007473,0.18677,0.03949,0.00,0.08897,-0.15706
1779370542.0583,plane,1092,31,0.46756,0.30629,0.494061,0.81556,0.37876,80.29,0.05575,-0.09568
1779370542.0583,plane,1092,32,0.97803,0.04771,0.004690,0.23500,0.05261,148.12,0.06237,-0.12263
1779370542.1541,plane,1093,31,0.46592,0.31268,0.504278,0.83659,0.38539,80.07,-0.01714,0.06681
1779370542.1541,plane,1093,32,0.97426,0.05758,0.006629,2.79600,0.17308,0.00,-0.03940,0.10316
1779370542.2512,plane,1094,31,0.46799,0.33095,0.531189,0.88567,0.38643,82.00,0.02131,0.18830
1779370542.2512,plane,1094,32,0.96470,0.08225,0.012967,0.47503,0.07972,0.00,-0.09858,0.25431
1779370542.3620,plane,1095,31,0.46680,0.34922,0.560372,0.87785,0.40751,83.75,-0.01072,0.16470
1779370542.3620,plane,1095,32,0.95283,0.10882,0.022858,1.04674,0.14979,0.00,-0.10697,0.23952
1779370542.4580,plane,1096,31,0.46524,0.35030,0.557087,0.87274,0.41228,84.49,-0.01619,0.01124
1779370542.4580,plane,1096,32,0.94883,0.11904,0.027037,3.20536,0.28277,0.00,-0.04162,0.10628
1779370542.5542,plane,1097,31,0.46415,0.34838,0.552258,0.86723,0.40749,84.29,-0.01137,-0.01996
1779370542.5542,plane,1097,32,0.94765,0.12296,0.028515,19.05322,0.71385,163.77,-0.01232,0.04091
1779370542.6498,plane,1098,31,0.50526,0.34592,0.620121,0.94839,0.43532,85.85,0.42865,-0.02571
1779370542.7613,plane,1099,31,0.48785,0.33256,0.521778,3.02977,1.15517,154.36,-0.15624,-0.11986
1779370542.8572,plane,1100,31,0.48042,0.34090,0.523122,4.65089,1.38385,157.14,-0.07742,0.08682
1779370542.9533,plane,1101,31,0.50042,0.36919,0.670597,0.97260,0.48053,81.74,0.20814,0.29448
1779370543.0494,plane,1102,31,0.47875,0.34867,0.627129,0.94672,0.35704,80.30,-0.22581,-0.21386
1779370543.1616,plane,1103,31,0.46665,0.34650,0.608576,0.97187,0.37778,75.46,-0.10770,-0.01931
1779370543.2571,plane,1104,31,0.47366,0.36000,0.646530,0.96907,0.37389,76.57,0.07340,0.14140
1779370543.3559,plane,1105,31,0.47850,0.37799,0.692479,0.95503,0.38002,78.60,0.04897,0.18204
1779370543.4499,plane,1106,31,0.47933,0.38871,0.719976,0.94023,0.37056,79.71,0.00886,0.11409
1779370543.5613,plane,1107,31,0.47989,0.39253,0.733826,0.94596,0.35673,80.60,0.00501,0.03430
1779370543.6577,plane,1108,31,0.47972,0.39058,0.729765,0.93287,0.35943,80.99,-0.00178,-0.02027
1779370543.7538,plane,1109,31,0.48045,0.39077,0.730270,0.93740,0.36330,80.68,0.00758,0.00197
1779370543.8495,plane,1110,31,0.47971,0.39136,0.730557,0.94084,0.36644,80.60,-0.00775,0.00620
1779370543.9614,plane,1111,31,0.47989,0.39278,0.734558,0.93839,0.36887,80.58,0.00160,0.01265
1779370544.0577,plane,1112,31,0.47876,0.39090,0.729724,0.93200,0.36400,80.86,-0.01166,-0.01947
1779370544.1534,plane,1113,31,0.47673,0.38880,0.723989,0.92298,0.36515,80.35,-0.02128,-0.02204
1779370544.2501,plane,1114,31,0.47361,0.38499,0.714166,0.91760,0.38190,77.82,-0.03227,-0.03928
1779370544.3614,plane,1115,31,0.47207,0.37178,0.682660,0.92328,0.36555,78.44,-0.01383,-0.11891
1779370544.4580,plane,1116,31,0.46843,0.35446,0.639606,0.92913,0.38241,76.46,-0.03769,-0.17942
1779370544.5538,plane,1117,31,0.45678,0.33696,0.592299,0.92122,0.39245,74.05,-0.12129,-0.18221
1779370544.6491,plane,1118,31,0.43947,0.32262,0.547852,0.92096,0.39944,71.36,-0.18165,-0.15047
1779370544.7614,plane,1119,31,0.43268,0.31922,0.536068,0.91236,0.40301,70.58,-0.06057,-0.03034
1779370544.8576,plane,1120,31,0.43038,0.32061,0.538476,0.90520,0.39074,69.65,-0.02382,0.01450
1779370544.9531,plane,1121,31,0.42871,0.31932,0.535104,0.91519,0.38227,69.92,-0.01753,-0.01361
1779370545.0494,plane,1122,31,0.42898,0.31619,0.528102,0.91057,0.38355,70.05,0.00280,-0.03241
1779370545.1611,plane,1123,31,0.43206,0.31612,0.528693,0.92516,0.38979,70.85,0.02762,-0.00071
1779370545.2570,plane,1124,31,0.43760,0.31884,0.537877,0.91824,0.42086,70.98,0.05778,0.02842
1779370545.3534,plane,1125,31,0.43863,0.32147,0.545083,0.93274,0.42095,70.75,0.01066,0.02726
1779370545.4494,plane,1126,31,0.43848,0.32774,0.559874,0.90264,0.40804,71.36,-0.00155,0.06529
1779370545.5613,plane,1127,31,0.44297,0.33811,0.587253,0.91362,0.39982,72.61,0.04025,0.09288
1779370545.6574,plane,1128,31,0.47364,0.33046,0.566910,0.85197,0.54885,85.62,0.31836,-0.07942
1779370545.7539,plane,1129,31,0.46856,0.32294,0.535477,0.82929,0.57023,94.04,-0.05257,-0.07788
1779370545.8493,plane,1130,31,0.45334,0.33542,0.567686,0.91681,0.52245,68.79,-0.15992,0.13107
1779370545.9621,plane,1131,31,0.45514,0.32922,0.566335,0.90096,0.41717,79.47,0.01594,-0.05489
1779370546.0571,plane,1132,31,0.45307,0.32950,0.567290,0.89161,0.41171,81.82,-0.02174,0.00302
1779370546.1536,plane,1133,31,0.45089,0.33116,0.571933,0.90925,0.38354,81.34,-0.02263,0.01724
1779370546.2498,plane,1134,31,0.44979,0.32733,0.559853,0.89673,0.41401,81.01,-0.01144,-0.03978
1779370546.3610,plane,1135,31,0.45098,0.31944,0.535750,0.90039,0.46241,80.48,0.01065,-0.07087
1779370546.4581,plane,1136,31,0.45483,0.30378,0.493830,0.91097,0.50856,85.59,0.03977,-0.16167
1779370546.5533,plane,1137,31,0.45224,0.28900,0.452721,0.92984,0.49846,85.69,-0.02719,-0.15507
1779370546.6499,plane,1138,31,0.45026,0.28249,0.434989,0.93840,0.46690,87.05,-0.02054,-0.06743
1779370546.7612,plane,1139,31,0.44193,0.27824,0.421295,0.92796,0.43459,83.41,-0.07465,-0.03818
1779370546.8569,plane,1140,31,0.42591,0.28061,0.417209,0.90803,0.39912,79.03,-0.16751,0.02478
1779370546.9535,plane,1141,31,0.41352,0.27382,0.396825,0.90797,0.38115,73.00,-0.12841,-0.07036
1779370547.0491,plane,1142,31,0.41536,0.27007,0.390784,0.89927,0.37554,72.70,0.01925,-0.03910
1779370547.1611,plane,1143,31,0.43355,0.27200,0.414391,0.91876,0.36686,73.53,0.16228,0.01723
1779370547.2577,plane,1144,31,0.45270,0.28226,0.453078,0.95395,0.36703,74.40,0.19883,0.10649
1779370547.3536,plane,1145,31,0.46147,0.29179,0.480854,0.90764,0.37874,77.33,0.09122,0.09913
1779370547.4496,plane,1146,31,0.46552,0.29869,0.499685,0.81673,0.39721,86.32,0.04219,0.07188
1779370547.5613,plane,1147,31,0.46833,0.30667,0.520267,0.81370,0.40173,89.35,0.02518,0.07166
1779370547.6575,plane,1148,31,0.47166,0.31873,0.550237,0.86327,0.40054,80.82,0.03460,0.12497
1779370547.7535,plane,1149,31,0.47403,0.32893,0.575980,0.96926,0.37445,77.95,0.02470,0.10628
1779370547.8490,plane,1150,31,0.47452,0.33253,0.586270,0.83668,0.36994,89.32,0.00505,0.03770
1779370547.9618,plane,1151,31,0.47218,0.33552,0.588993,0.87940,0.37709,85.82,-0.02070,0.02645
1779370548.0575,plane,1152,31,0.47656,0.33905,0.604433,0.85908,0.37025,89.67,0.04584,0.03696
1779370548.1536,plane,1153,31,0.47361,0.34362,0.619447,0.82795,0.36575,88.01,-0.03062,0.04747
1779370548.2492,plane,1154,31,0.47149,0.34375,0.621009,0.97556,0.35585,75.84,-0.02226,0.00135
1779370548.3614,plane,1155,31,0.46985,0.34306,0.618050,0.99847,0.35213,74.95,-0.01459,-0.00612
1779370548.4570,plane,1156,31,0.47148,0.34302,0.618064,0.99423,0.36252,74.92,0.01708,-0.00040
1779370548.5532,plane,1157,31,0.47465,0.34365,0.619554,0.99212,0.37482,75.85,0.03295,0.00658
1779370548.6492,plane,1158,31,0.47822,0.34781,0.630719,0.94082,0.37333,79.79,0.03713,0.04318
1779370548.7610,plane,1159,31,0.51843,0.35224,0.635257,0.93864,0.73976,104.78,0.36011,0.03971
1779370548.8570,plane,1160,31,0.51958,0.34611,0.621507,0.90443,0.69587,100.00,0.01200,-0.06375
1779370548.9535,plane,1161,31,0.49959,0.35510,0.650684,0.84295,0.36729,94.70,-0.20739,0.09325
1779370549.0495,plane,1162,31,0.51133,0.36168,0.666043,1.00427,0.81427,111.48,0.12210,0.06846
1779370549.1614,plane,1163,31,0.49549,0.38070,0.709142,0.90106,0.38270,85.78,-0.14156,0.16992
1779370549.2577,plane,1164,31,0.48865,0.37890,0.707189,0.95490,0.34814,81.12,-0.07095,-0.01868
1779370549.3537,plane,1165,31,0.48178,0.36869,0.682183,0.96860,0.33449,79.03,-0.07156,-0.10630
1779370549.4492,plane,1166,31,0.47481,0.35952,0.656221,0.98137,0.35087,75.36,-0.07313,-0.09628
1779370549.5612,plane,1167,31,0.45989,0.33762,0.591298,0.97778,0.36393,71.60,-0.13297,-0.19504
1779370549.6572,plane,1168,31,0.43043,0.29677,0.470754,0.92541,0.35914,73.39,-0.30704,-0.42586
1779370549.7541,plane,1169,33,0.56366,0.19293,0.222387,0.75608,0.27979,86.64,0.00000,0.00000
1779370549.7541,plane,1169,34,0.11260,0.37480,0.117164,0.73326,0.22610,141.89,0.00000,0.00000
1779370549.8502,plane,1170,34,0.02703,0.32958,0.020101,0.28212,0.13894,157.77,-0.88898,-0.46978
1779370549.8502,plane,1170,35,0.41688,0.12404,0.118624,0.71892,0.17445,85.41,0.00000,0.00000
1779370549.9614,plane,1171,35,0.43067,0.07317,0.039066,0.66882,0.23479,0.00,0.12400,-0.45720
1779370549.9614,plane,1171,36,0.15057,0.11040,0.037811,0.37062,0.14685,139.13,0.00000,0.00000
1779370550.0569,plane,1172,37,0.64307,0.00209,0.004025,0.75473,0.00562,90.10,0.00000,0.00000
1779370550.1530,plane,1173,37,0.64289,0.00220,0.004225,0.74721,0.00593,90.04,-0.00195,0.00107
1779370550.2494,plane,1174,37,0.64178,0.00216,0.004157,0.74383,0.00517,90.07,-0.01145,-0.00041
1779370550.3603,plane,1175,37,0.64296,0.00217,0.004178,0.72653,0.00566,90.06,0.01067,0.00011
1779370550.4570,plane,1176,37,0.64340,0.00217,0.004181,0.72670,0.00566,90.06,0.00457,0.00003
1779370550.5540,plane,1177,37,0.64372,0.00221,0.004244,2.23300,0.01709,90.07,0.00330,0.00037
1779370550.6485,plane,1178,37,0.64367,0.00219,0.004213,0.79317,0.01125,90.08,-0.00062,-0.00018
1779370550.7613,plane,1179,37,0.64329,0.00222,0.004252,2.53367,0.02588,90.01,-0.00333,0.00020
1779370550.8564,plane,1180,,,,,,,,,
1779370550.9518,plane,1181,,,,,,,,,
1779370551.0479,plane,1182,,,,,,,,,
1779370551.1601,plane,1183,,,,,,,,,
1779370551.2563,plane,1184,,,,,,,,,
1779370551.3523,plane,1185,,,,,,,,,
1779370551.4499,plane,1186,38,0.23549,0.29204,0.232607,0.74897,0.41250,148.76,0.00000,0.00000
1779370551.4499,plane,1186,39,0.07083,0.61913,0.039653,0.57908,0.15328,124.73,0.00000,0.00000
1779370551.5621,plane,1187,40,0.38865,0.34831,0.515572,0.73855,0.44299,81.37,0.00000,0.00000
1779370551.5621,plane,1187,41,0.01024,0.95703,0.002028,0.14357,0.03428,152.09,0.00000,0.00000
1779370551.6582,plane,1188,40,0.48098,0.34323,0.606574,1.30920,0.96789,134.26,0.95911,-0.05276
1779370551.6582,plane,1188,41,0.06216,0.87432,0.034958,0.66459,0.18645,122.24,0.53932,-0.85928
1779370551.7538,plane,1189,40,0.47611,0.39936,0.740634,0.86473,0.40871,81.97,-0.05094,0.58802
1779370551.8505,plane,1190,40,0.48695,0.42668,0.818056,0.83645,0.41415,85.89,0.11193,0.28210
1779370551.9618,plane,1191,40,0.49111,0.44442,0.862588,0.95224,0.64094,89.95,0.03740,0.15937
1779370552.0576,plane,1192,40,0.49214,0.45792,0.888080,1.03146,0.66542,96.56,0.01076,0.14117
1779370552.1535,plane,1193,40,0.48984,0.46531,0.895376,1.05354,0.64754,97.10,-0.02397,0.07690
1779370552.2496,plane,1194,40,0.48828,0.45684,0.881304,1.01334,0.69045,101.02,-0.01624,-0.08822
1779370552.3613,plane,1195,40,0.48875,0.44785,0.874744,0.98823,0.43755,85.30,0.00420,-0.08046
1779370552.4587,plane,1196,40,0.47036,0.42245,0.812369,0.98309,0.54831,52.49,-0.18872,-0.26067
1779370552.5535,plane,1197,40,0.44871,0.38578,0.698666,0.87559,0.33950,77.46,-0.22847,-0.38694
1779370552.6500,plane,1198,40,0.43593,0.34670,0.582364,0.86297,0.36876,74.72,-0.13273,-0.40587
1779370552.7611,plane,1199,40,0.42665,0.31242,0.491816,0.87510,0.37778,74.13,-0.08338,-0.30801
1779370552.8574,plane,1200,40,0.42477,0.31036,0.482410,0.84507,0.37349,76.25,-0.01945,-0.02136
1779370552.9538,plane,1201,40,0.43529,0.34678,0.574343,0.80109,0.38339,79.39,0.10910,0.37789
1779370553.0494,plane,1202,40,0.45775,0.39453,0.725286,0.92500,0.38500,70.05,0.23491,0.49949
1779370553.1616,plane,1203,40,0.49383,0.45264,0.877772,0.97940,0.43895,91.68,0.32207,0.51873
1779370553.2578,plane,1204,40,0.45946,0.51262,0.890225,2.08081,0.71711,103.13,-0.35669,0.62259
1779370553.3536,plane,1205,40,0.42194,0.54968,0.806230,2.04742,0.67514,108.14,-0.39132,0.38650
1779370553.4500,plane,1206,40,0.39424,0.56609,0.737537,5.49597,0.94854,108.34,-0.28776,0.17045
1779370553.5616,plane,1207,40,0.39863,0.56181,0.749198,5.35987,0.93292,107.79,0.03927,-0.03833
1779370553.6574,plane,1208,40,0.42176,0.53954,0.807965,3.50704,0.79164,104.15,0.24128,-0.23225
1779370553.7539,plane,1209,40,0.45553,0.48864,0.836226,1.82492,0.72938,109.83,0.35080,-0.52884
1779370553.8498,plane,1210,40,0.47343,0.43563,0.809574,0.85875,0.49023,85.14,0.18628,-0.55167
1779370553.9613,plane,1211,40,0.46219,0.42227,0.764065,0.82137,0.47571,74.04,-0.10079,-0.11990
1779370554.0578,plane,1212,40,0.46232,0.42521,0.762648,0.83497,0.51516,82.45,0.00136,0.03055
1779370554.1537,plane,1213,40,0.47527,0.45106,0.837167,0.89688,0.48538,84.14,0.13458,0.26873
1779370554.2495,plane,1214,40,0.43915,0.51485,0.847002,2.66672,0.80886,105.53,-0.37706,0.66597
1779370554.3615,plane,1215,40,0.39325,0.56177,0.734429,9.41764,1.13026,0.00,-0.40982,0.41887
1779370554.4573,plane,1216,40,0.36893,0.58545,0.664491,1.53502,0.37753,0.00,-0.25397,0.24732
1779370554.5535,plane,1217,40,0.37952,0.57084,0.698544,2.47968,0.53262,0.00,0.11043,-0.15234
1779370554.6494,plane,1218,40,0.41149,0.53084,0.778442,9.35308,1.24692,104.61,0.33239,-0.41585
1779370554.7624,plane,1219,40,0.45455,0.46096,0.811201,0.95439,0.52925,91.14,0.38148,-0.61916
1779370554.8576,plane,1220,40,0.44665,0.42163,0.730943,0.82156,0.50815,78.17,-0.08295,-0.41310
1779370554.9537,plane,1221,40,0.43293,0.40392,0.677472,0.87695,0.41389,71.39,-0.14255,-0.18399
1779370555.0501,plane,1222,40,0.43774,0.40970,0.686444,0.76298,0.46753,75.31,0.04996,0.05996
1779370555.1628,plane,1223,40,0.45564,0.43216,0.756505,0.88211,0.51358,84.40,0.15935,0.20003
1779370555.2577,plane,1224,40,0.43013,0.50192,0.817440,2.64364,0.85124,107.66,-0.26774,0.73222
1779370555.3536,plane,1225,40,0.36978,0.55822,0.688611,1.86590,0.61043,0.00,-0.62909,0.58684
1779370555.4494,plane,1226,40,0.35450,0.57323,0.646925,1.11235,0.38673,0.00,-0.15964,0.15678
1779370555.5613,plane,1227,40,0.36506,0.55763,0.679403,2.07254,0.60124,0.00,0.09441,-0.13936
1779370555.6580,plane,1228,40,0.40723,0.50457,0.761230,6.90894,1.17860,105.75,0.43689,-0.54970
1779370555.7537,plane,1229,40,0.40730,0.43256,0.687632,0.80216,0.48209,87.70,0.00065,-0.75099
1779370555.8494,plane,1230,40,0.41446,0.40819,0.675802,0.82477,0.41856,70.53,0.07490,-0.25468
1779370555.9614,plane,1231,40,0.42767,0.40793,0.693719,0.77132,0.43804,74.27,0.11809,-0.00231
1779370556.0577,plane,1232,40,0.43263,0.44670,0.755347,1.00935,0.59737,99.98,0.05145,0.40176
1779370556.1536,plane,1233,40,0.44067,0.49551,0.853682,1.31778,0.69677,101.19,0.08380,0.50909
1779370556.2495,plane,1234,40,0.40552,0.52897,0.776233,1.65146,0.63389,100.75,-0.36707,0.34948
1779370556.3614,plane,1235,40,0.39081,0.54448,0.735664,2.75939,0.74226,101.17,-0.13124,0.13837
1779370556.4569,plane,1236,40,0.38177,0.54884,0.713411,3.99744,0.85143,100.70,-0.09475,0.04567
1779370556.5535,plane,1237,40,0.38124,0.55160,0.710512,5.42202,0.96843,101.06,-0.00551,0.02857
1779370556.6496,plane,1238,40,0.38564,0.54747,0.722826,3.48686,0.79764,100.97,0.04585,-0.04296
1779370556.7612,plane,1239,40,0.39395,0.53619,0.747718,2.12465,0.66384,101.35,0.07441,-0.10106
1779370556.8578,plane,1240,40,0.40530,0.52827,0.776026,1.60631,0.62778,101.00,0.11773,-0.08216
1779370556.9534,plane,1241,40,0.41088,0.52331,0.789992,1.45786,0.62375,100.52,0.05829,-0.05182
1779370557.0499,plane,1242,40,0.40942,0.51999,0.787752,1.59235,0.64161,100.93,-0.01511,-0.03442
1779370557.1610,plane,1243,40,0.40657,0.52149,0.781170,1.43908,0.61135,101.31,-0.02565,0.01357
1779370557.2581,plane,1244,40,0.40097,0.52742,0.767054,1.68737,0.62882,101.06,-0.05775,0.06104
1779370557.3534,plane,1245,40,0.39243,0.53290,0.746438,1.99573,0.64760,101.24,-0.08971,0.05759
1779370557.4509,plane,1246,40,0.38688,0.53695,0.732020,2.58394,0.70627,100.81,-0.05675,0.04153
1779370557.5614,plane,1247,40,0.38171,0.54102,0.718333,3.13529,0.75179,101.17,-0.04686,0.03685
1779370557.6581,plane,1248,40,0.37966,0.54096,0.713923,3.01702,0.73607,101.34,-0.02117,-0.00065
1779370557.7539,plane,1249,40,0.37921,0.53872,0.713942,2.89066,0.72742,101.21,-0.00475,-0.02336
1779370557.8496,plane,1250,40,0.38088,0.53378,0.719608,2.10526,0.63261,102.81,0.01744,-0.05159
1779370557.9613,plane,1251,40,0.38072,0.52516,0.720695,2.60172,0.72322,101.20,-0.00145,-0.07716
1779370558.0574,plane,1252,40,0.38493,0.51454,0.729177,1.89030,0.64978,102.22,0.04393,-0.11061
1779370558.1538,plane,1253,40,0.39433,0.50427,0.746099,10.95260,1.51623,101.48,0.09740,-0.10646
1779370558.2494,plane,1254,40,0.40406,0.49568,0.761354,22.34040,2.26392,102.50,0.10185,-0.08989
1779370558.3615,plane,1255,40,0.40907,0.49220,0.770060,23.63499,2.36860,102.93,0.04462,-0.03106
1779370558.4575,plane,1256,40,0.41006,0.49194,0.772746,16.05348,1.95803,102.79,0.01036,-0.00266
1779370558.5540,plane,1257,40,0.40754,0.49417,0.769475,13.58457,1.77457,102.36,-0.02606,0.02308
1779370558.6495,plane,1258,40,0.40583,0.49543,0.766846,11.85688,1.66068,102.22,-0.01801,0.01320
1779370558.7614,plane,1259,40,0.40311,0.49706,0.762255,18.18925,2.03382,102.17,-0.02428,0.01456
1779370558.8576,plane,1260,40,0.40102,0.49568,0.754618,22.93257,2.25987,102.40,-0.02175,-0.01423
1779370558.9539,plane,1261,40,0.39976,0.49031,0.743395,14.84655,1.86440,103.01,-0.01299,-0.05579
1779370559.0497,plane,1262,40,0.40135,0.48441,0.738069,19.83625,2.21364,103.92,0.01660,-0.06173
1779370559.1617,plane,1263,40,0.39801,0.48399,0.728916,11.92912,1.68628,104.82,-0.02977,-0.00374
1779370559.2574,plane,1264,40,0.38309,0.49073,0.704471,18.66886,2.01737,104.13,-0.15601,0.07044
1779370559.3542,plane,1265,40,0.37206,0.49730,0.687727,81.45020,4.08914,0.00,-0.11394,0.06793
1779370559.4498,plane,1266,40,0.36899,0.50189,0.685045,122.24837,4.94113,0.00,-0.03205,0.04801
1779370559.5620,plane,1267,40,0.35805,0.50936,0.667753,26.84165,2.24224,0.00,-0.09757,0.06660
1779370559.6569,plane,1268,40,0.33613,0.52082,0.625227,7.75114,1.15085,0.00,-0.23098,0.12068
1779370559.7531,plane,1269,40,0.32521,0.52647,0.602690,10.67852,1.34788,0.00,-0.11347,0.05874
1779370559.8492,plane,1270,40,0.32149,0.52670,0.594340,5.39063,0.94830,0.00,-0.03872,0.00237
1779370559.9627,plane,1271,40,0.32570,0.52355,0.603027,7.92886,1.17746,0.00,0.03714,-0.02774
1779370560.0574,plane,1272,40,0.33872,0.51640,0.629074,14.29978,1.63226,0.00,0.13723,-0.07543
1779370560.1535,plane,1273,40,0.35215,0.50342,0.649857,9.39530,1.40374,0.00,0.14013,-0.13534
1779370560.2500,plane,1274,40,0.36767,0.48488,0.665687,31.33875,2.77361,0.00,0.16053,-0.19178
1779370560.3611,plane,1275,40,0.37974,0.47151,0.676688,2.16997,0.75117,100.95,0.10860,-0.12032
1779370560.4577,plane,1276,40,0.38681,0.46183,0.677870,1.18016,0.56950,93.59,0.07334,-0.10041
1779370560.5550,plane,1277,40,0.39204,0.45811,0.681871,1.05899,0.54475,89.76,0.05371,-0.03817
1779370560.6491,plane,1278,40,0.39337,0.46531,0.698039,1.32914,0.59664,94.48,0.01411,0.07641
1779370560.7610,plane,1279,40,0.38793,0.47660,0.701708,2.65882,0.81995,100.93,-0.04862,0.10087
1779370560.8572,plane,1280,40,0.38039,0.48219,0.691043,10.18969,1.60062,104.45,-0.07845,0.05823
1779370560.9533,plane,1281,40,0.38610,0.47897,0.698792,3.90216,1.00293,103.39,0.05929,-0.03349
1779370561.0499,plane,1282,40,0.39722,0.47502,0.716071,2.84165,0.85611,102.16,0.11536,-0.04102
1779370561.1613,plane,1283,40,0.41101,0.46884,0.735019,1.82280,0.68180,98.91,0.12360,-0.05532
1779370561.2574,plane,1284,40,0.41936,0.46738,0.750548,1.83917,0.69725,99.06,0.08682,-0.01525
1779370561.3542,plane,1285,40,0.42147,0.46790,0.756263,1.78115,0.68520,98.43,0.02192,0.00541
1779370561.4498,plane,1286,40,0.42211,0.46604,0.754106,1.64081,0.65686,97.80,0.00667,-0.01939
1779370561.5615,plane,1287,40,0.42444,0.46129,0.749552,1.39403,0.60579,95.71,0.02091,-0.04256
1779370561.6582,plane,1288,40,0.42813,0.45573,0.745017,1.09004,0.51463,89.58,0.03808,-0.05741
1779370561.7535,plane,1289,40,0.43359,0.44943,0.739112,1.08874,0.48961,87.54,0.05723,-0.06616
1779370561.8497,plane,1290,40,0.43689,0.44378,0.726283,1.04722,0.48386,86.11,0.03439,-0.05878
1779370561.9618,plane,1291,40,0.43736,0.43855,0.701623,1.00018,0.50087,85.73,0.00418,-0.04663
1779370562.0584,plane,1292,40,0.41633,0.44879,0.643163,0.96088,0.50513,101.66,-0.21821,0.10633
1779370562.0584,plane,1292,42,0.92510,0.07981,0.026971,0.09183,0.05786,84.73,0.00000,0.00000
1779370562.1550,plane,1293,40,0.42717,0.43450,0.635540,0.91031,0.50336,101.38,0.11205,-0.14775
1779370562.1550,plane,1293,42,0.94603,0.06148,0.014982,0.14830,0.04442,99.36,0.21631,-0.18950
1779370562.2511,plane,1294,40,0.43500,0.41832,0.618583,0.87230,0.48771,98.23,0.08163,-0.16871
1779370562.2511,plane,1294,42,0.96149,0.04214,0.007345,0.17812,0.03694,0.00,0.16122,-0.20164
1779370562.2511,plane,1294,43,0.01914,0.96574,0.002948,0.05448,0.01727,0.00,0.00000,0.00000
1779370562.3625,plane,1295,40,0.45110,0.38368,0.575750,0.83285,0.44883,92.39,0.14423,-0.31031
1779370562.3625,plane,1295,43,0.03592,0.94127,0.009476,1.25919,0.10715,0.00,0.15035,-0.21920
1779370562.4589,plane,1296,40,0.46786,0.35421,0.531396,0.83160,0.43078,91.83,0.17413,-0.30621
1779370562.4589,plane,1296,43,0.04619,0.91368,0.017892,0.68802,0.12481,0.00,0.10666,-0.28668
1779370562.5550,plane,1297,40,0.47744,0.33217,0.488837,0.86442,0.44532,88.19,0.09946,-0.22891
1779370562.5550,plane,1297,43,0.04918,0.89522,0.023065,0.49517,0.14826,124.11,0.03111,-0.19167
1779370562.6507,plane,1298,40,0.48312,0.31984,0.458691,0.87356,0.44777,89.91,0.05953,-0.12909
1779370562.6507,plane,1298,43,0.05019,0.88354,0.026106,0.35010,0.14165,130.53,0.01051,-0.12234
1779370562.7622,plane,1299,40,0.49238,0.31422,0.451443,0.88490,0.44208,89.28,0.08286,-0.05034
1779370562.7622,plane,1299,43,0.05297,0.86850,0.031077,0.33456,0.15029,135.89,0.02492,-0.13461
1779370562.8613,plane,1300,40,0.49407,0.31104,0.442322,0.89218,0.43682,88.70,0.01718,-0.03222
1779370562.8613,plane,1300,43,0.05330,0.86405,0.032313,0.33602,0.15360,136.80,0.00337,-0.04510
1779370562.9544,plane,1301,40,0.49115,0.31760,0.457520,0.89062,0.44456,88.92,-0.03126,0.07033
1779370562.9544,plane,1301,43,0.05143,0.87291,0.029175,0.35073,0.14968,133.08,-0.02011,0.09490
1779370563.0506,plane,1302,40,0.49187,0.32752,0.491630,0.88139,0.45282,87.25,0.00748,0.10339
1779370563.0506,plane,1302,43,0.05040,0.87926,0.027198,0.33878,0.14155,133.41,-0.01074,0.06622
1779370563.1621,plane,1303,40,0.48893,0.33674,0.511788,0.87247,0.45859,86.86,-0.02630,0.08246
1779370563.1621,plane,1303,43,0.04800,0.88992,0.023646,0.38341,0.13866,128.95,-0.02138,0.09532
1779370563.2589,plane,1304,40,0.48486,0.34539,0.528544,0.89411,0.45871,86.09,-0.04224,0.08960
1779370563.2589,plane,1304,43,0.04509,0.90035,0.020121,0.36640,0.12693,128.43,-0.03023,0.10803
1779370563.3550,plane,1305,40,0.48893,0.34914,0.548216,0.88131,0.45809,86.36,0.04228,0.03896
1779370563.3550,plane,1305,43,0.04666,0.89652,0.021625,0.39507,0.13371,127.65,0.01631,-0.03972
1779370563.4510,plane,1306,40,0.48969,0.34868,0.547997,0.89340,0.45258,85.55,0.00787,-0.00486
1779370563.4510,plane,1306,43,0.04709,0.89568,0.022007,0.46373,0.14304,125.97,0.00452,-0.00876
1779370563.5632,plane,1307,40,0.48758,0.35595,0.561707,0.88149,0.45697,86.56,-0.01871,0.06472
1779370563.5632,plane,1307,43,0.04490,0.90366,0.019391,0.38005,0.12420,127.96,-0.01949,0.07102
1779370563.6585,plane,1308,40,0.49104,0.36233,0.587506,0.88467,0.44951,85.64,0.03627,0.06689
1779370563.6585,plane,1308,43,0.04539,0.90362,0.019613,0.42699,0.12957,126.52,0.00508,-0.00040
1779370563.7553,plane,1309,40,0.49211,0.36364,0.591602,0.90965,0.45138,83.91,0.01106,0.01353
1779370563.7553,plane,1309,43,0.04587,0.90381,0.019791,0.49777,0.13715,124.75,0.00500,0.00192
1779370563.8506,plane,1310,40,0.48853,0.36885,0.600072,0.89214,0.44970,84.72,-0.03758,0.05466
1779370563.8506,plane,1310,43,0.04256,0.91169,0.016863,0.46073,0.12512,125.08,-0.03472,0.08276
1779370563.9619,plane,1311,40,0.48814,0.37902,0.630205,0.88245,0.45351,85.77,-0.00351,0.09141
1779370563.9619,plane,1311,43,0.04050,0.91784,0.014940,0.57447,0.12880,123.82,-0.01848,0.05516
1779370564.0585,plane,1312,40,0.48761,0.38003,0.631780,0.88560,0.44245,87.17,-0.00547,0.01045
1779370564.0585,plane,1312,43,0.04054,0.91851,0.014830,0.65169,0.13530,122.87,0.00033,0.00702
1779370564.1543,plane,1313,40,0.48804,0.37991,0.631265,0.88908,0.44141,85.90,0.00443,-0.00131
1779370564.1543,plane,1313,43,0.04093,0.91776,0.015111,0.88905,0.15638,122.01,0.00410,-0.00790
1779370564.2502,plane,1314,40,0.49439,0.38162,0.647617,0.88967,0.44119,85.43,0.06622,0.01787
1779370564.2502,plane,1314,43,0.04381,0.91230,0.017251,0.91254,0.16357,122.10,0.03008,-0.05684
1779370564.3623,plane,1315,40,0.49351,0.38728,0.660726,0.88793,0.45897,86.29,-0.00787,0.05053
1779370564.3623,plane,1315,43,0.04097,0.92058,0.014620,2.67997,0.24247,0.00,-0.02534,0.07390
1779370564.4589,plane,1316,40,0.47961,0.41518,0.705700,0.88991,0.51559,91.01,-0.14376,0.28848
1779370564.4589,plane,1316,43,0.02472,0.95658,0.004823,2.01295,0.14325,121.53,-0.16805,0.37224
1779370564.5537,plane,1317,40,0.46801,0.44423,0.756254,0.95554,0.56529,88.60,-0.12231,0.30650
1779370564.6493,plane,1318,40,0.41399,0.43107,0.668247,0.86463,0.48181,76.27,-0.56518,-0.13770
1779370564.7619,plane,1319,44,0.17850,0.10714,0.074556,0.53894,0.12593,84.71,0.00000,0.00000
1779370564.8565,plane,1320,,,,,,,,,
1779370564.9520,plane,1321,,,,,,,,,
1779370565.0482,plane,1322,,,,,,,,,
1779370565.1611,plane,1323,45,0.65121,0.00194,0.003749,0.72576,0.00489,90.08,0.00000,0.00000
1779370565.2571,plane,1324,45,0.65041,0.00201,0.003842,0.72991,0.00755,90.15,-0.00824,0.00068
1779370565.3526,plane,1325,45,0.65261,0.00190,0.003681,0.73706,0.00304,89.97,0.02300,-0.00111
1779370565.4487,plane,1326,45,0.51805,0.00204,0.002301,0.42209,0.00420,89.97,-1.40103,0.00145
1779370565.5603,plane,1327,,,,,,,,,
1779370565.6562,plane,1328,,,,,,,,,
1779370565.7527,plane,1329,45,0.65076,0.00191,0.003721,0.70651,0.00390,90.07,1.37652,-0.00132
1779370565.8486,plane,1330,45,0.65389,0.00188,0.003649,0.70241,0.00331,90.05,0.03261,-0.00028
1779370565.9602,plane,1331,,,,,,,,,
1779370566.0573,plane,1332,45,0.64539,0.00218,0.004157,0.77472,0.00598,90.06,-0.08751,0.00301
1779370566.1530,plane,1333,45,0.64521,0.00218,0.004162,0.76465,0.00531,90.08,-0.00192,0.00004
1779370566.2492,plane,1334,45,0.64511,0.00217,0.004149,0.76946,0.00520,90.06,-0.00108,-0.00010
1779370566.3609,plane,1335,45,0.77805,0.02012,0.008796,12.05708,0.20408,0.00,1.18977,0.16066
1779370566.4565,plane,1336,,,,,,,,,
1779370566.5549,plane,1337,45,0.81611,0.03921,0.015513,1.64142,0.14213,87.30,0.38719,0.19418
1779370566.5549,plane,1337,46,0.20855,0.50993,0.005432,0.13418,0.04092,77.98,0.00000,0.00000
1779370566.5549,plane,1337,47,0.80939,0.99607,0.002463,0.41482,0.00448,89.86,0.00000,0.00000
1779370566.6493,plane,1338,48,0.50009,0.49721,0.990679,1.00000,0.56250,0.00,0.00000,0.00000
1779370566.7620,plane,1339,48,0.50009,0.49721,0.990677,1.00000,0.56250,0.00,0.00000,-0.00000
1779370566.8577,plane,1340,48,0.50008,0.49722,0.990875,1.00000,0.56250,0.00,-0.00011,0.00016
1779370566.9536,plane,1341,48,0.50006,0.49729,0.991158,1.00000,0.56250,0.00,-0.00017,0.00073
1779370567.0496,plane,1342,48,0.50006,0.49730,0.991184,1.00000,0.56250,0.00,-0.00002,0.00007
1779370567.1614,plane,1343,48,0.50006,0.49729,0.991162,1.00000,0.56250,0.00,0.00001,-0.00005
1779370567.2588,plane,1344,48,0.50005,0.49733,0.991311,1.00000,0.56250,0.00,-0.00010,0.00039
1779370567.3543,plane,1345,48,0.50005,0.49733,0.991304,1.00000,0.56250,0.00,0.00001,-0.00003
1779370567.4492,plane,1346,48,0.50005,0.49733,0.991313,1.00000,0.56250,0.00,-0.00000,0.00003
1779370567.5616,plane,1347,48,0.50005,0.49734,0.991355,1.00000,0.56250,0.00,-0.00003,0.00009
1779370567.6574,plane,1348,48,0.50005,0.49735,0.991377,1.00000,0.56250,0.00,-0.00001,0.00005
1779370567.7534,plane,1349,48,0.50005,0.49734,0.991352,1.00000,0.56250,0.00,0.00002,-0.00006
1779370567.8494,plane,1350,48,0.50005,0.49734,0.991360,1.00000,0.56250,0.00,-0.00000,0.00002
1779370567.9612,plane,1351,48,0.50005,0.49734,0.991357,1.00000,0.56250,0.00,0.00000,-0.00001
1779370568.0574,plane,1352,48,0.50007,0.49726,0.990991,1.00000,0.56250,0.00,0.00023,-0.00088
1779370568.1547,plane,1353,48,0.50007,0.49725,0.990955,1.00000,0.56250,0.00,0.00001,-0.00008
1779370568.2494,plane,1354,48,0.50007,0.49725,0.990984,1.00000,0.56250,0.00,-0.00001,0.00007
1779370568.3613,plane,1355,48,0.50007,0.49725,0.990970,1.00000,0.56250,0.00,0.00001,-0.00002
1779370568.4570,plane,1356,48,0.50007,0.49725,0.990975,1.00000,0.56250,0.00,-0.00001,0.00002
1779370568.5534,plane,1357,48,0.50006,0.49729,0.991113,1.00000,0.56250,0.00,-0.00010,0.00039
1779370568.6493,plane,1358,48,0.50007,0.49731,0.991038,1.00000,0.56250,0.00,0.00011,0.00022
1779370568.7613,plane,1359,48,0.50007,0.49732,0.991187,1.00000,0.56250,0.00,-0.00006,0.00011
1779370568.8581,plane,1360,48,0.50008,0.49730,0.990977,1.00000,0.56250,0.00,0.00012,-0.00023
1779370568.9537,plane,1361,48,0.50000,0.49718,0.990623,3.74092,0.58091,89.90,-0.00082,-0.00126
1779370569.0495,plane,1362,48,0.49999,0.49718,0.990618,3.76952,0.58069,89.90,-0.00009,-0.00007
1779370569.1614,plane,1363,48,0.50001,0.49740,0.991611,2.14301,0.63312,89.91,0.00013,0.00197
1779370569.2574,plane,1364,48,0.50003,0.49743,0.991708,1.00000,0.56250,0.00,0.00023,0.00035
1779370569.3538,plane,1365,48,0.50003,0.49743,0.991708,1.00000,0.56250,0.00,0.00000,-0.00000
1779370569.4500,plane,1366,48,0.50003,0.49743,0.991711,1.00000,0.56250,0.00,-0.00000,0.00001
1779370569.5609,plane,1367,48,0.50003,0.49743,0.991706,1.00000,0.56250,0.00,0.00000,-0.00001
1779370569.6576,plane,1368,48,0.50003,0.49743,0.991708,1.00000,0.56250,0.00,-0.00000,0.00000
1779370569.7534,plane,1369,48,0.50003,0.49743,0.991709,1.00000,0.56250,0.00,-0.00000,0.00001
1779370569.8492,plane,1370,48,0.50003,0.49743,0.991708,1.00000,0.56250,0.00,0.00000,-0.00000
1779370569.9613,plane,1371,48,0.44152,0.56349,0.823125,1.85822,0.63183,109.70,-0.52219,0.58962
1779370570.0571,plane,1372,48,0.42086,0.57067,0.776481,1.44734,0.61114,104.74,-0.21577,0.07497
1779370570.1530,plane,1373,49,0.07415,0.25630,0.079398,0.50651,0.34950,65.92,0.00000,0.00000
1779370570.2483,plane,1374,,,,,,,,,
1779370570.3603,plane,1375,,,,,,,,,
1779370570.4562,plane,1376,,,,,,,,,
1779370570.5524,plane,1377,,,,,,,,,
1779370570.6485,plane,1378,,,,,,,,,
1779370570.7600,plane,1379,,,,,,,,,
1779370570.8563,plane,1380,,,,,,,,,
1779370570.9530,plane,1381,50,0.00938,0.77990,0.004937,0.17082,0.02441,177.30,0.00000,0.00000
1779370571.0495,plane,1382,51,0.32788,0.60255,0.554669,1.14080,0.36622,0.00,0.00000,0.00000
1779370571.1643,plane,1383,52,0.46903,0.52972,0.911938,1.43981,0.74996,101.86,0.00000,0.00000
1779370571.2577,plane,1384,52,0.47800,0.51948,0.937790,1.38553,0.73564,98.61,0.09609,-0.10971
1779370571.3541,plane,1385,51,0.45923,0.54027,0.882967,1.61142,0.74595,106.80,1.36332,-0.64639
1779370571.4507,plane,1386,51,0.45781,0.54031,0.880666,1.33941,0.65662,99.61,-0.01475,0.00032
1779370571.5616,plane,1387,51,0.46335,0.53215,0.899077,1.46088,0.64520,96.90,0.05004,-0.07360
1779370571.6577,plane,1388,51,0.46776,0.52465,0.913518,1.40458,0.65371,94.02,0.04580,-0.07799
1779370571.7535,plane,1389,51,0.46913,0.51527,0.920700,1.17608,0.78912,93.29,0.01437,-0.09789
1779370571.8495,plane,1390,51,0.47094,0.49979,0.928089,1.11279,0.94122,98.82,0.01881,-0.16159
1779370571.9623,plane,1391,51,0.42588,0.47223,0.787313,1.61508,0.69434,96.50,-0.39880,-0.24397
1779370572.0580,plane,1392,53,0.07567,0.29647,0.097811,0.44835,0.16620,20.00,0.00000,0.00000
1779370572.0580,plane,1392,54,0.47842,0.71467,0.002146,0.08063,0.07497,111.46,0.00000,0.00000
1779370572.1542,plane,1393,54,0.47842,0.71504,0.002135,0.09171,0.07709,107.26,0.00002,0.00381
1779370572.1542,plane,1393,55,0.00608,0.49905,0.013116,1.34326,0.01452,0.12,0.00000,0.00000
1779370572.2496,plane,1394,54,0.47847,0.71519,0.002162,0.07811,0.07370,118.68,0.00049,0.00166
1779370572.2496,plane,1394,55,0.00609,0.49875,0.013129,2.34097,0.01292,0.11,0.00007,-0.00311
1779370572.3617,plane,1395,54,0.47846,0.71372,0.002153,0.08195,0.07563,103.34,-0.00006,-0.01313
1779370572.3617,plane,1395,55,0.00595,0.50018,0.012856,0.79510,0.01700,0.01,-0.00126,0.01275
1779370572.4580,plane,1396,54,0.47844,0.71382,0.002165,0.08158,0.07556,107.16,-0.00021,0.00105
1779370572.4580,plane,1396,55,0.00596,0.49985,0.012885,0.49404,0.15486,0.00,0.00016,-0.00338
1779370572.5544,plane,1397,54,0.47844,0.71382,0.002157,0.08086,0.07536,104.85,-0.00002,-0.00007
1779370572.5544,plane,1397,55,0.00596,0.49980,0.012887,0.59556,0.19701,7.80,0.00001,-0.00057
1779370572.6497,plane,1398,54,0.47842,0.71386,0.002172,0.08064,0.07509,107.56,-0.00014,0.00042
1779370572.6497,plane,1398,55,0.00598,0.50011,0.012926,0.71159,0.02016,0.10,0.00021,0.00326
1779370572.7613,plane,1399,54,0.47843,0.71384,0.002168,0.08178,0.07555,107.50,0.00009,-0.00014
1779370572.7613,plane,1399,55,0.00597,0.50020,0.012900,0.60049,0.03282,0.22,-0.00012,0.00082
1779370572.8577,plane,1400,54,0.47841,0.71400,0.002172,0.08106,0.07536,103.10,-0.00023,0.00169
1779370572.8577,plane,1400,55,0.00599,0.49890,0.012943,0.88322,0.01647,0.07,0.00023,-0.01348
1779370572.9533,plane,1401,54,0.47838,0.71417,0.002196,0.08104,0.07490,109.62,-0.00034,0.00170
1779370572.9533,plane,1401,55,0.00603,0.49924,0.013024,2.31094,0.01319,0.05,0.00044,0.00354
1779370573.0498,plane,1402,54,0.47841,0.71415,0.002197,0.08082,0.07524,108.73,0.00032,-0.00014
1779370573.0498,plane,1402,55,0.00603,0.49942,0.013017,2.16679,0.01326,0.06,-0.00004,0.00186
1779370573.1620,plane,1403,54,0.47838,0.71417,0.002196,0.08104,0.07490,109.62,-0.00028,0.00012
1779370573.1620,plane,1403,55,0.00603,0.49940,0.013019,2.26033,0.01322,0.06,0.00001,-0.00023
1779370573.2573,plane,1404,54,0.47830,0.71433,0.002218,0.08247,0.07530,107.51,-0.00082,0.00172
1779370573.2573,plane,1404,55,0.00604,0.49949,0.013038,2.43309,0.01313,0.05,0.00010,0.00100
1779370573.3520,plane,1405,,,,,,,,,
1779370573.4481,plane,1406,,,,,,,,,
1779370573.5602,plane,1407,,,,,,,,,
1779370573.6565,plane,1408,,,,,,,,,
1779370573.7525,plane,1409,,,,,,,,,
1779370573.8485,plane,1410,,,,,,,,,
1779370573.9603,plane,1411,,,,,,,,,
1779370574.0559,plane,1412,,,,,,,,,
1779370574.1520,plane,1413,,,,,,,,,
1779370574.2485,plane,1414,,,,,,,,,
1779370574.3603,plane,1415,,,,,,,,,
1779370574.4565,plane,1416,,,,,,,,,
1779370574.5540,plane,1417,,,,,,,,,
1779370574.6514,plane,1418,,,,,,,,,
1779370574.7637,plane,1419,,,,,,,,,
1779370574.8581,plane,1420,,,,,,,,,
1779370574.9548,plane,1421,,,,,,,,,
1779370575.0485,plane,1422,,,,,,,,,
1779370575.1616,plane,1423,,,,,,,,,
1779370575.2593,plane,1424,,,,,,,,,
1779370575.3523,plane,1425,,,,,,,,,
1779370575.4496,plane,1426,,,,,,,,,
1779370575.5616,plane,1427,,,,,,,,,
1779370575.6593,plane,1428,,,,,,,,,
1779370575.7537,plane,1429,,,,,,,,,
1779370575.8483,plane,1430,,,,,,,,,
1779370575.9622,plane,1431,,,,,,,,,
1779370576.0565,plane,1432,,,,,,,,,
1779370576.1538,plane,1433,,,,,,,,,
1779370576.2503,plane,1434,,,,,,,,,
1779370576.3604,plane,1435,,,,,,,,,
1779370576.4565,plane,1436,,,,,,,,,
1779370576.5539,plane,1437,,,,,,,,,
1779370576.6490,plane,1438,,,,,,,,,
1779370576.7601,plane,1439,,,,,,,,,
1779370576.8580,plane,1440,,,,,,,,,
1779370576.9534,plane,1441,,,,,,,,,
1779370577.0483,plane,1442,,,,,,,,,
1779370577.1621,plane,1443,,,,,,,,,
1779370577.2580,plane,1444,,,,,,,,,
1779370577.3541,plane,1445,,,,,,,,,
1779370577.4507,plane,1446,,,,,,,,,
1779370577.5611,plane,1447,,,,,,,,,
1779370577.6600,plane,1448,,,,,,,,,
1779370577.7544,plane,1449,,,,,,,,,
1779370577.8515,plane,1450,,,,,,,,,
1779370577.9608,plane,1451,,,,,,,,,
1779370578.0589,plane,1452,,,,,,,,,
1779370578.1540,plane,1453,,,,,,,,,
1779370578.2485,plane,1454,,,,,,,,,
1779370578.3606,plane,1455,,,,,,,,,
1779370578.4580,plane,1456,,,,,,,,,
1779370578.5540,plane,1457,,,,,,,,,
1779370578.6517,plane,1458,,,,,,,,,
1779370578.7612,plane,1459,,,,,,,,,
1779370578.8576,plane,1460,,,,,,,,,
1779370578.9554,plane,1461,,,,,,,,,
1779370579.0498,plane,1462,,,,,,,,,
1779370579.1601,plane,1463,,,,,,,,,
1779370579.2589,plane,1464,,,,,,,,,
1779370579.3522,plane,1465,,,,,,,,,
1779370579.4485,plane,1466,,,,,,,,,
1779370579.5621,plane,1467,,,,,,,,,
1779370579.6574,plane,1468,,,,,,,,,
1779370579.7531,plane,1469,,,,,,,,,
1779370579.8489,plane,1470,,,,,,,,,
1779370579.9610,plane,1471,,,,,,,,,
1779370580.0579,plane,1472,,,,,,,,,
1779370580.1525,plane,1473,,,,,,,,,
1779370580.2483,plane,1474,,,,,,,,,
1779370580.3603,plane,1475,,,,,,,,,
1779370580.4581,plane,1476,,,,,,,,,
1779370580.5541,plane,1477,,,,,,,,,
1779370580.6498,plane,1478,,,,,,,,,
1779370580.7614,plane,1479,,,,,,,,,
1779370580.8576,plane,1480,,,,,,,,,
1779370580.9547,plane,1481,,,,,,,,,
1779370581.0521,plane,1482,,,,,,,,,
1779370581.1608,plane,1483,,,,,,,,,
1779370581.2579,plane,1484,,,,,,,,,
1779370581.3547,plane,1485,,,,,,,,,
1779370581.4481,plane,1486,,,,,,,,,
1779370581.5607,plane,1487,,,,,,,,,
1779370581.6575,plane,1488,,,,,,,,,
1779370581.7532,plane,1489,,,,,,,,,
1779370581.8488,plane,1490,,,,,,,,,
1779370581.9600,plane,1491,,,,,,,,,
1779370582.0564,plane,1492,,,,,,,,,
1779370582.1529,plane,1493,,,,,,,,,
1779370582.2490,plane,1494,,,,,,,,,
1779370582.3605,plane,1495,,,,,,,,,
1779370582.4583,plane,1496,,,,,,,,,
1779370582.5532,plane,1497,,,,,,,,,
1779370582.6487,plane,1498,,,,,,,,,
1779370582.7602,plane,1499,,,,,,,,,
1779370582.8575,plane,1500,,,,,,,,,
1779370582.9525,plane,1501,,,,,,,,,
1779370583.0481,plane,1502,,,,,,,,,
1779370583.1606,plane,1503,,,,,,,,,
1779370583.2574,plane,1504,,,,,,,,,
1779370583.3528,plane,1505,,,,,,,,,
1779370583.4486,plane,1506,,,,,,,,,
1779370583.5603,plane,1507,,,,,,,,,
1779370583.6564,plane,1508,,,,,,,,,
1779370583.7527,plane,1509,,,,,,,,,
1779370583.8491,plane,1510,,,,,,,,,
1779370583.9599,plane,1511,,,,,,,,,
1779370584.0579,plane,1512,,,,,,,,,
1779370584.1531,plane,1513,,,,,,,,,
1779370584.2489,plane,1514,,,,,,,,,
1779370584.3617,plane,1515,,,,,,,,,
1779370584.4572,plane,1516,,,,,,,,,
1779370584.5537,plane,1517,,,,,,,,,
1779370584.6483,plane,1518,,,,,,,,,
1779370584.7601,plane,1519,,,,,,,,,
1779370584.8580,plane,1520,,,,,,,,,
1779370584.9535,plane,1521,,,,,,,,,
1779370585.0498,plane,1522,,,,,,,,,
1779370585.1605,plane,1523,,,,,,,,,
1779370585.2572,plane,1524,,,,,,,,,
1779370585.3520,plane,1525,,,,,,,,,
1779370585.4479,plane,1526,,,,,,,,,
1779370585.5613,plane,1527,,,,,,,,,
1779370585.6580,plane,1528,,,,,,,,,
1779370585.7526,plane,1529,,,,,,,,,
1779370585.8488,plane,1530,,,,,,,,,
1779370585.9596,plane,1531,,,,,,,,,
1779370586.0567,plane,1532,,,,,,,,,
1779370586.1541,plane,1533,,,,,,,,,
1779370586.2490,plane,1534,,,,,,,,,
1779370586.3600,plane,1535,,,,,,,,,
1779370586.4567,plane,1536,,,,,,,,,
1779370586.5543,plane,1537,,,,,,,,,
1779370586.6499,plane,1538,,,,,,,,,
1779370586.7608,plane,1539,,,,,,,,,
1779370586.8567,plane,1540,,,,,,,,,
1779370586.9541,plane,1541,,,,,,,,,
1779370587.0493,plane,1542,,,,,,,,,
1779370587.1609,plane,1543,,,,,,,,,
1779370587.2574,plane,1544,,,,,,,,,
1779370587.3540,plane,1545,,,,,,,,,
1779370587.4483,plane,1546,,,,,,,,,
1779370587.5621,plane,1547,,,,,,,,,
1779370587.6587,plane,1548,,,,,,,,,
1779370587.7536,plane,1549,,,,,,,,,
1779370587.8486,plane,1550,,,,,,,,,
1779370587.9606,plane,1551,,,,,,,,,
1779370588.0563,plane,1552,,,,,,,,,
1779370588.1537,plane,1553,,,,,,,,,
1779370588.2489,plane,1554,,,,,,,,,
1779370588.3602,plane,1555,,,,,,,,,
1779370588.4584,plane,1556,,,,,,,,,
1779370588.5538,plane,1557,,,,,,,,,
1779370588.6488,plane,1558,,,,,,,,,
1779370588.7605,plane,1559,,,,,,,,,
1779370588.8559,plane,1560,,,,,,,,,
1779370588.9546,plane,1561,,,,,,,,,
1779370589.0491,plane,1562,,,,,,,,,
1779370589.1614,plane,1563,,,,,,,,,
1779370589.2572,plane,1564,,,,,,,,,
1779370589.3529,plane,1565,,,,,,,,,
1779370589.4505,plane,1566,,,,,,,,,
1779370589.5601,plane,1567,,,,,,,,,
1779370589.6583,plane,1568,,,,,,,,,
1779370589.7524,plane,1569,,,,,,,,,
1779370589.8494,plane,1570,,,,,,,,,
1779370589.9601,plane,1571,,,,,,,,,
1779370590.0574,plane,1572,,,,,,,,,
1779370590.1538,plane,1573,,,,,,,,,
1779370590.2493,plane,1574,,,,,,,,,
1779370590.3599,plane,1575,,,,,,,,,
1779370590.4572,plane,1576,,,,,,,,,
1779370590.5534,plane,1577,,,,,,,,,
1779370590.6496,plane,1578,,,,,,,,,
1779370590.7599,plane,1579,,,,,,,,,
1779370590.8561,plane,1580,,,,,,,,,
1779370590.9527,plane,1581,,,,,,,,,
1779370591.0496,plane,1582,,,,,,,,,
1779370591.1602,plane,1583,,,,,,,,,
1779370591.2580,plane,1584,,,,,,,,,
1779370591.3535,plane,1585,,,,,,,,,
1779370591.4483,plane,1586,,,,,,,,,
1779370591.5604,plane,1587,,,,,,,,,
1779370591.6590,plane,1588,,,,,,,,,
1779370591.7539,plane,1589,,,,,,,,,
1779370591.8481,plane,1590,,,,,,,,,
1779370591.9602,plane,1591,,,,,,,,,
1779370592.0565,plane,1592,,,,,,,,,
1779370592.1527,plane,1593,,,,,,,,,
1779370592.2486,plane,1594,,,,,,,,,
1779370592.3604,plane,1595,,,,,,,,,
1779370592.4581,plane,1596,,,,,,,,,
1779370592.5528,plane,1597,,,,,,,,,
1779370592.6485,plane,1598,,,,,,,,,
1779370592.7620,plane,1599,,,,,,,,,
1779370592.8563,plane,1600,,,,,,,,,
1779370592.9546,plane,1601,,,,,,,,,
1779370593.0493,plane,1602,,,,,,,,,
1779370593.1602,plane,1603,,,,,,,,,
1779370593.2573,plane,1604,,,,,,,,,
1779370593.3523,plane,1605,,,,,,,,,
1779370593.4482,plane,1606,,,,,,,,,
1779370593.5600,plane,1607,,,,,,,,,
1779370593.6585,plane,1608,,,,,,,,,
1779370593.7524,plane,1609,,,,,,,,,
1779370593.8487,plane,1610,,,,,,,,,
1779370593.9617,plane,1611,,,,,,,,,
1779370594.0569,plane,1612,,,,,,,,,
1779370594.1542,plane,1613,,,,,,,,,
1779370594.2489,plane,1614,,,,,,,,,
1779370594.3602,plane,1615,,,,,,,,,
1779370594.4561,plane,1616,,,,,,,,,
1779370594.5529,plane,1617,,,,,,,,,
1779370594.6492,plane,1618,,,,,,,,,
1779370594.7599,plane,1619,,,,,,,,,
1779370594.8561,plane,1620,,,,,,,,,
1779370594.9522,plane,1621,,,,,,,,,
1779370595.0478,plane,1622,,,,,,,,,
1779370595.1601,plane,1623,,,,,,,,,
1779370595.2564,plane,1624,,,,,,,,,
1779370595.3525,plane,1625,,,,,,,,,
1779370595.4477,plane,1626,,,,,,,,,
1779370595.5601,plane,1627,,,,,,,,,
1779370595.6558,plane,1628,,,,,,,,,
1779370595.7527,plane,1629,,,,,,,,,
1779370595.8490,plane,1630,,,,,,,,,
1779370595.9600,plane,1631,,,,,,,,,
1779370596.0574,plane,1632,,,,,,,,,
1779370596.1527,plane,1633,,,,,,,,,
1779370596.2491,plane,1634,,,,,,,,,
1779370596.3619,plane,1635,,,,,,,,,
1779370596.4563,plane,1636,,,,,,,,,
1779370596.5533,plane,1637,,,,,,,,,
1779370596.6489,plane,1638,,,,,,,,,
1779370596.7609,plane,1639,,,,,,,,,
1779370596.8568,plane,1640,,,,,,,,,
1779370596.9532,plane,1641,,,,,,,,,
1779370597.0503,plane,1642,,,,,,,,,
1779370597.1614,plane,1643,,,,,,,,,
1779370597.2602,plane,1644,,,,,,,,,
1779370597.3551,plane,1645,,,,,,,,,
1779370597.4520,plane,1646,,,,,,,,,
1779370597.5675,plane,1647,56,0.49846,0.42891,0.684835,1.97340,0.53227,88.12,0.00000,0.00000
1779370597.5675,plane,1647,57,0.45726,0.94170,0.003153,0.12712,0.09145,92.80,0.00000,0.00000
1779370597.6618,plane,1648,56,0.49527,0.42966,0.676637,1.79029,0.58183,89.22,-0.03374,0.00794
1779370597.7565,plane,1649,56,0.49532,0.43164,0.673920,1.73778,0.59459,89.07,0.00049,0.02092
1779370597.8508,plane,1650,56,0.49535,0.43157,0.673887,1.53977,0.60985,87.91,0.00036,-0.00071
1779370597.9627,plane,1651,56,0.49538,0.43157,0.673950,1.87705,0.58450,89.08,0.00028,-0.00002
1779370598.0586,plane,1652,56,0.49544,0.43176,0.673889,2.15621,0.57931,90.11,0.00059,0.00193
1779370598.1542,plane,1653,56,0.49533,0.43161,0.674071,2.07660,0.57779,90.36,-0.00117,-0.00154
1779370598.2518,plane,1654,56,0.49549,0.43164,0.673804,2.01463,0.58831,90.30,0.00169,0.00034
1779370598.3619,plane,1655,56,0.49542,0.43164,0.673787,1.93219,0.58642,89.36,-0.00066,-0.00005
1779370598.4595,plane,1656,56,0.49541,0.43157,0.673848,1.65358,0.60296,89.05,-0.00011,-0.00064
1779370598.5543,plane,1657,56,0.49537,0.43166,0.673882,1.95433,0.57169,89.66,-0.00049,0.00095
1779370598.6510,plane,1658,56,0.49538,0.43157,0.673837,1.65165,0.60288,89.47,0.00019,-0.00095
1779370598.7627,plane,1659,56,0.50187,0.42875,0.659251,1.55091,0.73400,89.40,0.05817,-0.02528
1779370598.7627,plane,1659,58,0.45684,0.91878,0.003240,0.12919,0.09026,86.74,0.00000,0.00000
1779370598.8602,plane,1660,56,0.50187,0.42875,0.659278,1.40397,0.64906,88.89,-0.00003,-0.00008
1779370598.8602,plane,1660,58,0.45685,0.91876,0.003243,0.12948,0.08997,86.70,0.00005,-0.00022
1779370598.9553,plane,1661,56,0.50190,0.42872,0.659239,1.35530,0.66710,88.74,0.00028,-0.00026
1779370598.9553,plane,1661,58,0.45697,0.91879,0.003257,0.12406,0.09447,83.61,0.00127,0.00032
1779370599.0528,plane,1662,56,0.50220,0.42792,0.656925,1.43720,0.59695,87.04,0.00309,-0.00818
1779370599.0528,plane,1662,58,0.45629,0.91981,0.003142,0.35869,0.06250,89.71,-0.00697,0.01043
1779370599.1633,plane,1663,56,0.50219,0.42791,0.656933,1.74962,0.53822,87.65,-0.00011,-0.00010
1779370599.1633,plane,1663,58,0.45629,0.91993,0.003135,0.35883,0.06250,89.71,0.00005,0.00112
1779370599.2606,plane,1664,56,0.50218,0.42791,0.656979,1.56595,0.57333,88.80,-0.00011,-0.00004
1779370599.2606,plane,1664,58,0.45625,0.91988,0.003138,0.35883,0.06250,89.71,-0.00050,-0.00051
1779370599.3561,plane,1665,56,0.50232,0.42754,0.654531,1.35084,0.63738,85.89,0.00153,-0.00384
1779370599.3561,plane,1665,58,0.45526,0.92078,0.002987,0.31368,0.06293,89.55,-0.01030,0.00940
1779370599.4520,plane,1666,56,0.50237,0.42754,0.654422,1.40843,0.64823,87.50,0.00048,-0.00002
1779370599.4520,plane,1666,58,0.45531,0.92078,0.003009,0.30896,0.06306,89.53,0.00046,-0.00002
1779370599.5637,plane,1667,56,0.50232,0.42753,0.654446,1.37381,0.68644,87.32,-0.00039,-0.00011
1779370599.5637,plane,1667,58,0.45506,0.92062,0.003006,0.34284,0.06241,89.56,-0.00221,-0.00144
1779370599.6610,plane,1668,56,0.50259,0.42713,0.652590,1.16405,0.81771,80.85,0.00275,-0.00404
1779370599.6610,plane,1668,58,0.45420,0.91943,0.002848,0.32404,0.06228,89.31,-0.00885,-0.01217
1779370599.7552,plane,1669,56,0.50262,0.42716,0.652579,1.22583,0.77299,79.09,0.00034,0.00024
1779370599.7552,plane,1669,58,0.45415,0.91955,0.002848,0.32263,0.06231,89.31,-0.00046,0.00126
1779370599.8528,plane,1670,56,0.50266,0.42715,0.652552,1.23088,0.71577,80.78,0.00041,-0.00004
1779370599.8528,plane,1670,58,0.45423,0.91927,0.002855,0.30396,0.06267,89.36,0.00081,-0.00290
1779370599.9648,plane,1671,56,0.50266,0.42666,0.650513,1.72718,0.60887,89.21,-0.00005,-0.00442
1779370599.9648,plane,1671,58,0.45488,0.91775,0.002704,0.36303,0.06101,89.72,0.00581,-0.01357
1779370600.0586,plane,1672,56,0.50265,0.42665,0.650523,1.70779,0.59818,89.59,-0.00012,-0.00007
1779370600.0586,plane,1672,58,0.45495,0.91802,0.002711,0.35761,0.06108,89.73,0.00067,0.00280
1779370600.1569,plane,1673,56,0.50266,0.42664,0.650508,1.54778,0.61401,90.80,0.00010,-0.00013
1779370600.1569,plane,1673,58,0.45488,0.91806,0.002713,0.39949,0.06056,89.73,-0.00068,0.00040
1779370600.2510,plane,1674,56,0.50280,0.42590,0.648714,1.90367,0.69633,89.88,0.00154,-0.00782
1779370600.2510,plane,1674,58,0.45658,0.91294,0.002346,0.22492,0.05986,89.41,0.01812,-0.05435
1779370600.3624,plane,1675,56,0.50280,0.42589,0.648707,2.36456,0.54948,89.78,-0.00002,-0.00008
1779370600.3624,plane,1675,58,0.45720,0.91181,0.002324,0.23597,0.05931,89.36,0.00553,-0.01022
1779370600.4589,plane,1676,56,0.50280,0.42595,0.648838,1.90075,0.60310,90.06,0.00004,0.00061
1779370600.4589,plane,1676,58,0.45697,0.91216,0.002321,0.23081,0.05947,89.38,-0.00233,0.00367
1779370600.5548,plane,1677,56,0.50315,0.42588,0.646732,1.61546,0.59404,88.01,0.00366,-0.00072
1779370600.6521,plane,1678,56,0.50315,0.42589,0.646835,1.67047,0.63335,88.99,-0.00003,0.00004
1779370600.7624,plane,1679,56,0.50315,0.42585,0.646776,1.65345,0.58296,87.49,0.00001,-0.00032
1779370600.8586,plane,1680,56,0.50319,0.42613,0.643443,1.72361,0.59015,88.91,0.00037,0.00283
1779370600.9536,plane,1681,56,0.50320,0.42613,0.643324,1.92207,0.60118,89.72,0.00011,0.00001
1779370601.0508,plane,1682,56,0.50305,0.42585,0.644550,1.50632,0.65168,89.52,-0.00151,-0.00287
1779370601.1627,plane,1683,56,0.50318,0.42591,0.642475,1.87731,0.59334,90.98,0.00115,0.00056
1779370601.2585,plane,1684,56,0.50323,0.42598,0.642558,1.64454,0.62228,91.40,0.00051,0.00069
1779370601.3547,plane,1685,56,0.50319,0.42594,0.642621,1.59667,0.62701,90.68,-0.00039,-0.00034
1779370601.4498,plane,1686,56,0.50337,0.42562,0.641517,1.66243,0.63415,92.39,0.00188,-0.00345
1779370601.5619,plane,1687,56,0.50328,0.42566,0.641541,1.53687,0.61144,92.00,-0.00083,0.00040
1779370601.6581,plane,1688,56,0.50329,0.42566,0.641496,1.70965,0.66346,93.67,0.00012,-0.00002
1779370601.7563,plane,1689,56,0.50317,0.41408,0.627858,2.66741,0.48304,89.10,-0.00120,-0.11798
1779370601.7563,plane,1689,59,0.51133,0.98946,0.012482,0.36361,0.12873,0.00,0.00000,0.00000
1779370601.8524,plane,1690,56,0.50319,0.41401,0.627831,2.49810,0.49054,89.30,0.00021,-0.00065
1779370601.8524,plane,1690,59,0.51333,0.99007,0.012426,3.59225,0.06615,90.11,0.02087,0.00639
1779370601.9622,plane,1691,56,0.50316,0.41404,0.627830,2.38332,0.49381,89.25,-0.00026,0.00024
1779370601.9622,plane,1691,59,0.50993,0.98920,0.012511,3.79794,0.08923,89.54,-0.03098,-0.00793
1779370602.0605,plane,1692,56,0.50304,0.41379,0.626985,2.84802,0.47633,88.90,-0.00126,-0.00260
1779370602.0605,plane,1692,59,0.52329,0.99155,0.011990,0.27935,0.07624,0.00,0.13597,0.02386
1779370602.1546,plane,1693,56,0.50301,0.41379,0.626934,2.92761,0.47719,88.94,-0.00035,0.00002
1779370602.1546,plane,1693,59,0.52032,0.99134,0.012122,2.88646,0.05041,90.38,-0.03154,-0.00214
1779370602.2508,plane,1694,56,0.50306,0.41374,0.627089,2.06226,0.49370,87.83,0.00057,-0.00052
1779370602.2508,plane,1694,59,0.52139,0.99142,0.012078,3.04860,0.05103,90.58,0.01105,0.00076
1779370602.3648,plane,1695,56,0.50297,0.41376,0.625988,1.70104,0.49278,87.85,-0.00080,0.00023
1779370602.3648,plane,1695,59,0.53474,0.99283,0.011563,1.37110,0.02237,90.14,0.11708,0.01240
1779370602.4590,plane,1696,56,0.50293,0.41381,0.625888,1.81422,0.48736,87.92,-0.00039,0.00044
1779370602.4590,plane,1696,59,0.53421,0.99278,0.011414,1.77872,0.02776,89.98,-0.00568,-0.00059
1779370602.5560,plane,1697,56,0.50298,0.41379,0.626039,2.08301,0.48441,87.66,0.00050,-0.00021
1779370602.5560,plane,1697,59,0.53418,0.99271,0.011473,1.94603,0.02999,89.92,-0.00026,-0.00065
1779370602.6518,plane,1698,56,0.50289,0.41381,0.625544,1.83810,0.48419,87.83,-0.00099,0.00023
1779370602.6518,plane,1698,59,0.53683,0.99310,0.011158,1.53547,0.02640,89.84,0.02770,0.00400
1779370602.7629,plane,1699,56,0.50293,0.41381,0.625612,1.87888,0.48520,87.23,0.00042,0.00004
1779370602.7629,plane,1699,59,0.53956,0.99317,0.011210,1.30128,0.02234,89.89,0.02456,0.00070
1779370602.8608,plane,1700,56,0.50289,0.41383,0.625473,2.40969,0.47573,88.58,-0.00043,0.00014
1779370602.8608,plane,1700,59,0.53774,0.99311,0.011120,1.54266,0.02761,89.81,-0.01867,-0.00068
1779370602.9548,plane,1701,56,0.50288,0.41383,0.625219,1.52585,0.49752,87.64,-0.00015,0.00004
1779370602.9548,plane,1701,59,0.54082,0.99337,0.010964,2.09501,0.05485,89.49,0.03277,0.00283
1779370603.0521,plane,1702,56,0.50289,0.41382,0.625212,1.61508,0.49263,86.23,0.00011,-0.00014
1779370603.0521,plane,1702,59,0.54092,0.99335,0.010980,1.82603,0.03930,89.57,0.00102,-0.00023
1779370603.1625,plane,1703,56,0.50289,0.41384,0.625225,1.88383,0.48229,88.88,0.00000,0.00020
1779370603.1625,plane,1703,59,0.53846,0.99326,0.011010,1.72214,0.03656,89.51,-0.02223,-0.00085
1779370603.2633,plane,1704,56,0.50291,0.41381,0.624915,2.20029,0.47838,88.57,0.00021,-0.00026
1779370603.2633,plane,1704,59,0.54087,0.99344,0.010866,1.48423,0.02875,89.82,0.02388,0.00179
1779370603.3561,plane,1705,56,0.50290,0.41379,0.624764,1.66413,0.49242,87.11,-0.00009,-0.00022
1779370603.3561,plane,1705,59,0.54029,0.99346,0.010810,1.00460,0.01970,90.05,-0.00624,0.00021
1779370603.4513,plane,1706,56,0.50287,0.41383,0.624627,1.60020,0.48913,87.26,-0.00029,0.00037
1779370603.4513,plane,1706,59,0.54165,0.99346,0.010815,0.90075,0.02056,90.43,0.01431,0.00004
1779370603.5674,plane,1707,56,0.50285,0.41383,0.624681,1.57047,0.49532,87.67,-0.00017,-0.00002
1779370603.5674,plane,1707,59,0.54202,0.99350,0.010769,0.95739,0.01617,90.20,0.00319,0.00031
1779370603.6603,plane,1708,56,0.50293,0.41381,0.624605,1.77820,0.48374,88.66,0.00081,-0.00014
1779370603.6603,plane,1708,59,0.54371,0.99349,0.010793,1.11850,0.01613,90.13,0.01823,-0.00005
1779370603.7585,plane,1709,56,0.50287,0.41382,0.624763,1.50809,0.49666,87.49,-0.00065,0.00010
1779370603.7585,plane,1709,59,0.54388,0.99349,0.010810,0.92848,0.01973,90.00,0.00165,0.00001
1779370603.8543,plane,1710,60,0.53025,0.21202,0.320148,1.10083,0.55409,97.15,0.00000,0.00000
1779370603.8543,plane,1710,61,0.42443,0.63809,0.003137,0.06969,0.04589,56.30,0.00000,0.00000
1779370603.9636,plane,1711,56,0.38662,0.45790,0.032510,1.29763,0.65767,88.92,-1.06336,0.40323
1779370604.0565,plane,1712,,,,,,,,,
1779370604.1526,plane,1713,,,,,,,,,
1779370604.2515,plane,1714,,,,,,,,,
1779370604.3610,plane,1715,,,,,,,,,
1779370604.4575,plane,1716,,,,,,,,,
1779370604.5533,plane,1717,,,,,,,,,
1779370604.6489,plane,1718,,,,,,,,,
1779370604.7631,plane,1719,,,,,,,,,
1779370604.8578,plane,1720,,,,,,,,,
1779370604.9536,plane,1721,,,,,,,,,
1779370605.0516,plane,1722,,,,,,,,,
1779370605.1607,plane,1723,,,,,,,,,
1779370605.2596,plane,1724,,,,,,,,,
1779370605.3548,plane,1725,,,,,,,,,
1779370605.4505,plane,1726,,,,,,,,,
1779370605.5606,plane,1727,,,,,,,,,
1779370605.6576,plane,1728,,,,,,,,,
1779370605.7537,plane,1729,,,,,,,,,
1779370605.8501,plane,1730,,,,,,,,,
1779370605.9628,plane,1731,,,,,,,,,
1779370606.0582,plane,1732,,,,,,,,,
1779370606.1526,plane,1733,,,,,,,,,
1779370606.2488,plane,1734,,,,,,,,,
1779370606.3606,plane,1735,,,,,,,,,
1779370606.4562,plane,1736,,,,,,,,,
1779370606.5524,plane,1737,,,,,,,,,
1779370606.6501,plane,1738,,,,,,,,,
1779370606.7603,plane,1739,,,,,,,,,
1779370606.8583,plane,1740,,,,,,,,,
1779370606.9532,plane,1741,,,,,,,,,
1779370607.0497,plane,1742,,,,,,,,,
1779370607.1623,plane,1743,62,0.43578,0.00216,0.002124,0.37030,0.00461,90.01,0.00000,0.00000
1779370607.2577,plane,1744,62,0.42385,0.00210,0.002309,0.39685,0.00435,90.02,-0.12512,-0.00063
1779370607.3536,plane,1745,62,0.41895,0.00211,0.002496,0.42965,0.00430,90.00,-0.05113,0.00011
1779370607.4520,plane,1746,63,0.24162,0.01526,0.006007,1.42646,0.12027,85.52,0.00000,0.00000
1779370607.4520,plane,1746,64,0.97187,0.02495,0.002655,0.07313,0.02777,112.65,0.00000,0.00000
1779370607.5618,plane,1747,63,0.24963,0.01490,0.006210,0.44701,0.11892,105.88,0.07289,-0.00332
1779370607.5618,plane,1747,64,0.94958,0.02279,0.003262,0.11536,0.04135,110.55,-0.20295,-0.01968
1779370607.6586,plane,1748,63,0.22980,0.01601,0.006100,0.09636,0.06604,55.35,-0.20499,0.01147
1779370607.6586,plane,1748,64,0.96763,0.02519,0.003070,0.09475,0.03426,111.81,0.18666,0.02475
1779370607.7540,plane,1749,62,0.51486,0.09586,0.061939,0.98173,0.41526,89.62,1.00572,0.98301
1779370607.8512,plane,1750,62,0.50804,0.09183,0.057604,0.98139,0.38146,89.44,-0.07010,-0.04146
1779370607.9610,plane,1751,62,0.51231,0.09375,0.059592,0.98316,0.43194,90.16,0.03886,0.01757
1779370608.0710,plane,1752,62,0.49543,0.18352,0.265050,1.26795,0.80969,113.78,-0.15476,0.82325
1779370608.0710,plane,1752,65,0.45375,0.70622,0.009723,0.08441,0.08089,82.87,0.00000,0.00000
1779370608.1769,plane,1753,62,0.49575,0.18663,0.272610,1.15820,0.77311,108.00,0.00303,0.02915
1779370608.1769,plane,1753,65,0.45364,0.70607,0.009735,0.08436,0.08095,82.80,-0.00101,-0.00142
1779370608.2714,plane,1754,62,0.49686,0.18434,0.270589,1.29000,0.83549,115.99,0.01172,-0.02428
1779370608.2714,plane,1754,65,0.45377,0.70626,0.009679,0.08436,0.08096,83.10,0.00140,0.00197
1779370608.3853,plane,1755,65,0.45407,0.70447,0.010461,0.08758,0.08445,46.72,0.00260,-0.01568
1779370608.3853,plane,1755,66,0.49708,0.35820,0.686381,1.40910,1.20517,142.86,0.00000,0.00000
1779370608.4777,plane,1756,65,0.45399,0.70565,0.010296,0.08772,0.08266,73.07,-0.00088,0.01279
1779370608.4777,plane,1756,66,0.49760,0.35315,0.675273,1.66184,1.24836,148.30,0.00564,-0.05479
1779370608.5749,plane,1757,65,0.45379,0.70580,0.010247,0.08690,0.08281,77.65,-0.00206,0.00157
1779370608.5749,plane,1757,66,0.49745,0.35186,0.672434,1.39975,1.15669,139.50,-0.00151,-0.01326
1779370608.6688,plane,1758,66,0.49960,0.49652,0.994590,4.18553,2.10980,178.55,0.02303,1.54817
1779370608.7809,plane,1759,66,0.49946,0.49502,0.991484,1.51329,1.31347,91.68,-0.00131,-0.01334
1779370608.8763,plane,1760,66,0.49911,0.49180,0.984707,1.89559,1.73636,173.73,-0.00366,-0.03371
1779370608.9717,plane,1761,66,0.49951,0.49913,1.000000,1.00000,0.56250,0.00,0.00429,0.07745
1779370609.0691,plane,1762,66,0.49951,0.49913,1.000000,1.00000,0.56250,0.00,0.00000,0.00000
1779370609.1796,plane,1763,66,0.49951,0.49913,1.000000,1.00000,0.56250,0.00,0.00000,0.00000
1779370609.2754,plane,1764,66,0.49951,0.49913,1.000000,1.00000,0.56250,0.00,0.00000,0.00000
1779370609.3724,plane,1765,66,0.49951,0.49913,1.000000,1.00000,0.56250,0.00,0.00000,0.00000
1779370609.4681,plane,1766,66,0.49951,0.49913,1.000000,1.00000,0.56250,0.00,0.00000,0.00000
1779370609.5798,plane,1767,66,0.49951,0.49913,1.000000,1.00000,0.56250,0.00,0.00000,0.00000
1779370609.6757,plane,1768,66,0.49951,0.49913,1.000000,1.00000,0.56250,0.00,0.00000,0.00000
1779370609.7717,plane,1769,66,0.49951,0.49913,1.000000,1.00000,0.56250,0.00,0.00000,0.00000
1779370609.8685,plane,1770,66,0.49951,0.49913,1.000000,1.00000,0.56250,0.00,0.00000,0.00000
1779370609.9790,plane,1771,66,0.49951,0.49913,1.000000,1.00000,0.56250,0.00,0.00000,0.00000
1779370610.0766,plane,1772,66,0.49951,0.49913,1.000000,1.00000,0.56250,0.00,0.00000,0.00000
1779370610.1754,plane,1773,67,0.50082,0.29706,0.540644,1.16625,0.94594,127.63,0.00000,0.00000
1779370610.1754,plane,1773,68,0.45378,0.70726,0.009976,0.08553,0.08196,81.91,0.00000,0.00000
1779370610.2710,plane,1774,67,0.50038,0.29389,0.533378,1.18217,0.96161,129.48,-0.00459,-0.03306
1779370610.2710,plane,1774,68,0.45377,0.70720,0.009959,0.08546,0.08184,82.73,-0.00001,-0.00062
1779370610.3837,plane,1775,67,0.50061,0.29977,0.547123,1.10853,0.89548,120.21,0.00207,0.05250
1779370610.3837,plane,1775,68,0.45376,0.70725,0.009984,0.08556,0.08200,81.64,-0.00013,0.00040
1779370610.4792,plane,1776,68,0.45610,0.70944,0.002882,0.08371,0.08027,82.97,0.02441,0.02289
1779370610.4792,plane,1776,69,0.49961,0.14017,0.115073,1.02346,0.67893,89.17,0.00000,0.00000
1779370610.5746,plane,1777,68,0.45605,0.70908,0.002991,0.08369,0.08026,81.62,-0.00055,-0.00384
1779370610.5746,plane,1777,69,0.49896,0.13885,0.117923,1.01840,0.66293,89.14,-0.00680,-0.01390
1779370610.6708,plane,1778,68,0.45286,0.70909,0.003489,0.08367,0.08029,83.55,-0.03311,0.00010
1779370610.6708,plane,1778,69,0.49636,0.13965,0.113259,1.03467,0.67814,90.41,-0.02692,0.00840
1779370610.7787,plane,1779,69,0.50524,0.07813,0.042438,1.01799,0.43605,89.29,0.08246,-0.57134
1779370610.8758,plane,1780,69,0.50021,0.07854,0.042347,1.01846,0.42142,89.08,-0.05171,0.00414
1779370610.9709,plane,1781,69,0.50558,0.07889,0.043023,1.01754,0.44150,89.26,0.05680,0.00372
1779370611.0679,plane,1782,69,0.47849,0.03578,0.013945,1.21926,0.23401,89.60,-0.27748,-0.44156
1779370611.1777,plane,1783,69,0.46632,0.03409,0.013256,1.29993,0.24451,90.76,-0.11111,-0.01547
1779370611.2749,plane,1784,69,0.46863,0.03425,0.013760,1.27552,0.23596,90.28,0.02382,0.00162
1779370611.3691,plane,1785,69,0.45436,0.00591,0.007431,0.60400,0.06980,0.00,-0.15074,-0.29937
1779370611.4657,plane,1786,69,0.45544,0.00553,0.007428,0.17614,0.09058,0.00,0.01120,-0.00394
1779370611.5770,plane,1787,69,0.45669,0.00574,0.007494,0.27936,0.08190,0.00,0.01125,0.00189
1779370611.6736,plane,1788,69,0.47629,0.00265,0.006705,1.34094,0.00513,89.87,0.20263,-0.03192
1779370611.7685,plane,1789,69,0.47645,0.00266,0.006721,0.96090,0.01022,89.87,0.00172,0.00011
1779370611.8650,plane,1790,69,0.47622,0.00265,0.006702,1.57640,0.01799,89.79,-0.00242,-0.00009
1779370611.9769,plane,1791,69,0.48369,0.00247,0.006315,1.48287,0.00976,89.71,0.06685,-0.00161
1779370612.0723,plane,1792,69,0.48265,0.00248,0.006339,1.00386,0.00612,89.90,-0.01095,0.00010
1779370612.1698,plane,1793,69,0.48031,0.00251,0.006393,0.96918,0.00704,89.83,-0.02410,0.00028
1779370612.2648,plane,1794,69,0.48915,0.00241,0.006200,1.06842,0.00610,89.89,0.09249,-0.00101
1779370612.3768,plane,1795,69,0.48848,0.00243,0.006227,1.07058,0.00678,89.89,-0.00599,0.00016
1779370612.4732,plane,1796,69,0.48959,0.00242,0.006205,1.00486,0.00563,89.94,0.01159,-0.00014
1779370612.5694,plane,1797,69,0.49462,0.00228,0.005956,0.93185,0.00408,89.98,0.05227,-0.00144
1779370612.6652,plane,1798,69,0.49401,0.00232,0.006041,0.97768,0.00459,90.00,-0.00638,0.00047
1779370612.7772,plane,1799,69,0.49402,0.00231,0.006024,0.99405,0.00451,90.00,0.00013,-0.00009
1779370612.8732,plane,1800,69,0.49511,0.00230,0.005995,1.01512,0.00467,89.97,0.01137,-0.00018
1779370612.9688,plane,1801,69,0.49475,0.00230,0.005997,0.96028,0.00435,89.98,-0.00381,0.00003
1779370613.0658,plane,1802,69,0.49441,0.00232,0.006032,0.99983,0.00456,90.00,-0.00350,0.00019
1779370613.1777,plane,1803,69,0.49360,0.00228,0.005934,0.90310,0.00438,89.96,-0.00721,-0.00036
1779370613.2730,plane,1804,69,0.49472,0.00230,0.005997,0.96002,0.00436,89.98,0.01168,0.00023
1779370613.3687,plane,1805,69,0.49470,0.00228,0.005959,0.93632,0.00424,89.98,-0.00014,-0.00022
1779370613.4654,plane,1806,69,0.49447,0.00228,0.005948,0.91056,0.00444,89.95,-0.00240,-0.00003
1779370613.5759,plane,1807,69,0.49217,0.00226,0.005888,0.89331,0.00460,89.95,-0.02071,-0.00012
1779370613.6738,plane,1808,69,0.49281,0.00224,0.005863,0.85364,0.00447,89.95,0.00652,-0.00018
1779370613.7696,plane,1809,69,0.49256,0.00225,0.005876,0.88741,0.00474,89.94,-0.00250,0.00010
1779370613.8654,plane,1810,69,0.49377,0.00227,0.005931,0.92276,0.00447,89.94,0.01254,0.00020
1779370613.9768,plane,1811,69,0.49246,0.00224,0.005848,0.88422,0.00440,89.95,-0.01174,-0.00029
1779370614.0738,plane,1812,69,0.49444,0.00229,0.005970,0.92751,0.00452,89.93,0.02039,0.00049
1779370614.1709,plane,1813,69,0.37864,0.00237,0.004435,0.75423,0.00561,89.89,-1.19585,0.00083
1779370614.2650,plane,1814,69,0.48938,0.00223,0.005805,0.87942,0.00469,89.95,1.17863,-0.00148
1779370614.3773,plane,1815,69,0.49406,0.00227,0.005931,0.94924,0.00467,89.94,0.04148,0.00034
1779370614.4731,plane,1816,69,0.49298,0.00226,0.005893,0.88993,0.00446,89.95,-0.01134,-0.00010
1779370614.5684,plane,1817,69,0.49437,0.00228,0.005942,0.93294,0.00435,89.94,0.01470,0.00016
1779370614.6635,plane,1818,69,0.37973,0.00241,0.004489,0.74828,0.00476,89.94,-1.19787,0.00142
1779370614.7766,plane,1819,69,0.49319,0.00227,0.005920,0.91419,0.00449,89.95,1.00370,-0.00121
1779370614.8728,plane,1820,69,0.49148,0.00224,0.005836,0.86244,0.00441,89.95,-0.01776,-0.00034
1779370614.9685,plane,1821,69,0.49221,0.00225,0.005854,0.87848,0.00453,89.95,0.00761,0.00006
1779370615.0653,plane,1822,69,0.49191,0.00224,0.005842,0.88727,0.00446,89.95,-0.00313,-0.00003
1779370615.1772,plane,1823,69,0.49353,0.00227,0.005914,0.92018,0.00443,89.95,0.01451,0.00020
1779370615.2732,plane,1824,69,0.49259,0.00226,0.005888,0.87884,0.00442,89.95,-0.00967,-0.00010
1779370615.3693,plane,1825,69,0.49350,0.00228,0.005937,0.92958,0.00465,89.94,0.00936,0.00023
1779370615.4658,plane,1826,69,0.49180,0.00225,0.005858,0.88451,0.00439,89.94,-0.01767,-0.00034
1779370615.5760,plane,1827,69,0.49404,0.00228,0.005956,0.91336,0.00465,89.94,0.02018,0.00034
1779370615.6687,plane,1828,69,0.38320,0.00239,0.004522,0.76309,0.00588,89.88,-1.19629,0.00113
1779370615.7659,plane,1829,69,0.49171,0.00237,0.006126,1.03905,0.00472,89.98,1.11907,-0.00015
1779370615.8646,plane,1830,69,0.49327,0.00232,0.006026,0.89061,0.00450,89.96,0.01578,-0.00053
1779370615.9750,plane,1831,69,0.49333,0.00230,0.006003,0.89087,0.00456,89.97,0.00054,-0.00015
1779370616.0724,plane,1832,69,0.37596,0.00238,0.004388,0.71176,0.00496,90.01,-1.21328,0.00081
1779370616.1664,plane,1833,69,0.37728,0.00231,0.004362,0.74546,0.00507,89.90,0.01387,-0.00076
1779370616.2633,plane,1834,69,0.37909,0.00232,0.004372,0.73362,0.00546,89.97,0.01879,0.00006
1779370616.3733,plane,1835,69,0.37902,0.00237,0.004423,0.73607,0.00590,89.96,-0.00063,0.00052
1779370616.4733,plane,1836,69,0.49249,0.00225,0.005876,0.87913,0.00441,89.95,1.13326,-0.00123
1779370616.5696,plane,1837,69,0.49444,0.00228,0.005951,0.93502,0.00437,89.96,0.02023,0.00027
1779370616.6665,plane,1838,69,0.49389,0.00226,0.005920,0.90229,0.00442,89.95,-0.00575,-0.00014
1779370616.7761,plane,1839,69,0.49531,0.00229,0.005971,1.01097,0.00480,89.95,0.01294,0.00021
1779370616.8721,plane,1840,69,0.49432,0.00228,0.005951,0.94339,0.00447,89.94,-0.01036,-0.00004
1779370616.9691,plane,1841,69,0.49172,0.00226,0.005880,0.87028,0.00455,89.95,-0.02685,-0.00027
1779370617.0663,plane,1842,69,0.37820,0.00238,0.004440,0.74464,0.00507,89.91,-1.16364,0.00126
1779370617.1773,plane,1843,69,0.49263,0.00227,0.005905,0.90016,0.00467,89.95,1.03268,-0.00099
1779370617.2736,plane,1844,69,0.49419,0.00228,0.005941,0.92276,0.00427,89.96,0.01634,0.00009
1779370617.3695,plane,1845,69,0.49355,0.00228,0.005937,0.90013,0.00432,89.96,-0.00667,0.00003
1779370617.4650,plane,1846,69,0.49285,0.00229,0.005942,0.87033,0.00444,89.96,-0.00731,0.00007
1779370617.5767,plane,1847,69,0.49036,0.00218,0.005724,0.89193,0.00449,89.94,-0.02233,-0.00099
1779370617.6731,plane,1848,69,0.37934,0.00232,0.004379,0.73824,0.00563,89.95,-1.14550,0.00149
1779370617.7674,plane,1849,69,0.49342,0.00235,0.006078,1.00595,0.00468,89.99,1.21005,0.00029
1779370617.8663,plane,1850,69,0.49337,0.00231,0.006026,0.90346,0.00436,89.97,-0.00049,-0.00034
1779370617.9770,plane,1851,69,0.42200,0.00232,0.005017,0.82936,0.00490,89.92,-0.64169,0.00002
1779370618.0760,plane,1852,69,0.48811,0.00223,0.005790,0.90062,0.00455,89.94,0.66827,-0.00084
1779370618.1689,plane,1853,69,0.41873,0.00236,0.005018,0.78197,0.00464,89.94,-0.74577,0.00135
1779370618.2657,plane,1854,69,0.37141,0.00228,0.004247,0.71032,0.00553,89.96,-0.49067,-0.00078
1779370618.3770,plane,1855,69,0.37641,0.00235,0.004356,0.71377,0.00562,89.93,0.04476,0.00057
1779370618.4736,plane,1856,69,0.49435,0.00226,0.005910,0.90126,0.00429,89.95,1.22078,-0.00090
1779370618.5663,plane,1857,69,0.49440,0.00230,0.005992,0.94473,0.00472,89.95,0.00050,0.00041
1779370618.6645,plane,1858,69,0.49408,0.00231,0.006027,1.00347,0.00456,90.00,-0.00322,0.00017
1779370618.7774,plane,1859,69,0.49186,0.00236,0.006098,0.93365,0.00451,89.99,-0.01980,0.00039
1779370618.8729,plane,1860,69,0.49405,0.00229,0.005978,0.90216,0.00435,89.98,0.02281,-0.00065
1779370618.9691,plane,1861,69,0.49389,0.00230,0.005983,0.89867,0.00454,89.97,-0.00165,0.00002
1779370619.0656,plane,1862,69,0.49267,0.00222,0.005824,0.87974,0.00465,89.93,-0.01271,-0.00080
1779370619.1773,plane,1863,69,0.49078,0.00221,0.005773,0.81265,0.00435,89.94,-0.01687,-0.00008
1779370619.2717,plane,1864,69,0.49266,0.00225,0.005863,0.87071,0.00449,89.96,0.01985,0.00040
1779370619.3685,plane,1865,69,0.38460,0.00239,0.004510,0.74995,0.00571,89.97,-1.11981,0.00147
1779370619.4617,plane,1866,69,0.37795,0.00237,0.004423,0.75738,0.00544,89.90,-0.07117,-0.00023
1779370619.5712,plane,1867,69,0.49333,0.00221,0.005793,0.85937,0.00472,89.97,1.05336,-0.00140
1779370619.6714,plane,1868,69,0.49259,0.00235,0.006090,0.98195,0.00458,90.00,-0.00735,0.00138
1779370619.7693,plane,1869,69,0.49416,0.00231,0.006019,1.00399,0.00468,89.98,0.01594,-0.00042
1779370619.8646,plane,1870,69,0.49367,0.00232,0.006041,0.97873,0.00452,89.98,-0.00520,0.00014
1779370619.9775,plane,1871,69,0.49217,0.00228,0.005922,0.85378,0.00456,89.96,-0.01325,-0.00038
1779370620.0726,plane,1872,69,0.41675,0.00237,0.005010,0.78804,0.00487,89.94,-0.79076,0.00090
1779370620.1680,plane,1873,69,0.49365,0.00227,0.005937,0.87823,0.00427,89.94,0.80572,-0.00096
1779370620.2656,plane,1874,69,0.49339,0.00227,0.005932,0.85967,0.00437,89.96,-0.00271,-0.00002
1779370620.3781,plane,1875,69,0.37131,0.00236,0.004339,0.71855,0.00467,89.92,-1.08484,0.00082
1779370620.4733,plane,1876,69,0.49382,0.00224,0.005866,0.87633,0.00406,89.96,1.28203,-0.00134
1779370620.5695,plane,1877,69,0.49383,0.00224,0.005873,0.86444,0.00447,89.95,0.00009,0.00003
1779370620.6662,plane,1878,69,0.49197,0.00220,0.005785,0.90011,0.00449,89.95,-0.01911,-0.00036
1779370620.7770,plane,1879,69,0.49548,0.00231,0.006009,1.05521,0.00488,89.94,0.03168,0.00094
1779370620.8731,plane,1880,69,0.49328,0.00235,0.006087,1.00771,0.00460,90.00,-0.02303,0.00049
1779370620.9691,plane,1881,69,0.49159,0.00238,0.006144,1.06624,0.00499,89.96,-0.01752,0.00031
1779370621.0655,plane,1882,69,0.49328,0.00236,0.006090,1.00787,0.00457,89.99,0.01755,-0.00028
1779370621.1775,plane,1883,69,0.49052,0.00240,0.006171,1.07561,0.00539,89.93,-0.02462,0.00034
1779370621.2737,plane,1884,69,0.48975,0.00240,0.006182,1.10101,0.00573,89.90,-0.00802,0.00005
1779370621.3698,plane,1885,69,0.49036,0.00240,0.006170,1.07290,0.00537,89.93,0.00633,-0.00006
1779370621.4635,plane,1886,69,0.48480,0.00249,0.006343,1.10020,0.00675,89.87,-0.05928,0.00099
1779370621.5768,plane,1887,69,0.48221,0.00255,0.006460,1.31201,0.00947,89.77,-0.02288,0.00051
1779370621.6728,plane,1888,69,0.47962,0.00260,0.006565,1.03293,0.00656,89.87,-0.02696,0.00052
1779370621.7695,plane,1889,69,0.47998,0.00261,0.006599,1.04076,0.00643,89.91,0.00375,0.00017
1779370621.8648,plane,1890,69,0.47716,0.00269,0.006787,1.09291,0.00591,89.93,-0.02959,0.00085
1779370621.9770,plane,1891,69,0.48395,0.00281,0.007016,1.02708,0.00538,89.93,0.06051,0.00101
1779370622.0718,plane,1892,69,0.48062,0.00275,0.006924,1.11771,0.00517,89.93,-0.03510,-0.00056
1779370622.1686,plane,1893,69,0.47847,0.00272,0.006844,1.16865,0.00552,89.93,-0.02221,-0.00039
1779370622.2637,plane,1894,69,0.47314,0.00266,0.006704,1.12332,0.00499,89.92,-0.05613,-0.00062
1779370622.3775,plane,1895,69,0.47953,0.00262,0.006622,1.01184,0.00682,89.92,0.05627,-0.00029
1779370622.4738,plane,1896,69,0.48072,0.00263,0.006632,1.01475,0.00713,89.93,0.01238,0.00001
1779370622.5694,plane,1897,69,0.48110,0.00257,0.006505,1.27185,0.02963,90.95,0.00397,-0.00056
1779370622.6661,plane,1898,69,0.48033,0.00261,0.006578,1.07652,0.00568,89.91,-0.00800,0.00035
1779370622.7776,plane,1899,69,0.48017,0.00259,0.006549,1.10133,0.00684,89.84,-0.00143,-0.00014
1779370622.8723,plane,1900,69,0.48037,0.00261,0.006592,0.99626,0.00747,89.91,0.00209,0.00021
1779370622.9685,plane,1901,69,0.48398,0.00253,0.006426,25.76662,0.09437,89.20,0.03759,-0.00078
1779370623.0655,plane,1902,69,0.48325,0.00253,0.006415,1.85242,0.01331,89.62,-0.00755,-0.00008
1779370623.1782,plane,1903,69,0.48490,0.00252,0.006402,1.37839,0.00997,89.72,0.01451,-0.00003
1779370623.2731,plane,1904,69,0.48597,0.00249,0.006336,1.10248,0.00653,89.87,0.01129,-0.00040
1779370623.3690,plane,1905,69,0.48465,0.00250,0.006378,1.21445,0.00810,89.82,-0.01378,0.00020
1779370623.4644,plane,1906,69,0.48568,0.00247,0.006315,1.12025,0.00682,89.87,0.01078,-0.00034
1779370623.5764,plane,1907,69,0.48562,0.00248,0.006326,1.11137,0.00692,89.86,-0.00049,0.00006
1779370623.6734,plane,1908,69,0.48565,0.00250,0.006365,1.15240,0.00750,89.84,0.00034,0.00023
1779370623.7697,plane,1909,69,0.48533,0.00248,0.006322,1.05309,0.00600,89.90,-0.00339,-0.00026
1779370623.8657,plane,1910,69,0.48553,0.00249,0.006341,1.19068,0.00750,89.84,0.00209,0.00010
1779370623.9767,plane,1911,69,0.48905,0.00243,0.006229,1.02391,0.00551,89.95,0.03167,-0.00049
1779370624.0723,plane,1912,69,0.49376,0.00225,0.005895,0.89023,0.00423,89.95,0.04926,-0.00186
1779370624.1689,plane,1913,69,0.49236,0.00238,0.006131,0.98931,0.00475,89.97,-0.01450,0.00127
1779370624.2649,plane,1914,69,0.48973,0.00242,0.006207,1.07221,0.00582,89.92,-0.02756,0.00042
1779370624.3770,plane,1915,69,0.49089,0.00242,0.006200,1.03663,0.00499,89.97,0.01024,0.00000
1779370624.4733,plane,1916,69,0.49089,0.00241,0.006198,1.07509,0.00544,89.93,0.00004,-0.00002
1779370624.5663,plane,1917,69,0.48131,0.00255,0.006477,1.38395,0.01031,89.74,-0.10356,0.00149
1779370624.6644,plane,1918,69,0.49135,0.00238,0.006144,1.09575,0.00520,89.93,0.10175,-0.00171
1779370624.7673,plane,1919,69,0.49080,0.00240,0.006182,1.06166,0.00563,89.94,-0.00534,0.00018
1779370624.8701,plane,1920,69,0.49175,0.00237,0.006131,1.02751,0.00470,89.99,0.00930,-0.00028
1779370624.9653,plane,1921,69,0.49136,0.00238,0.006143,1.06143,0.00484,89.97,-0.00415,0.00006
1779370625.0629,plane,1922,69,0.49124,0.00239,0.006151,1.08782,0.00514,89.94,-0.00120,0.00007
1779370625.1745,plane,1923,69,0.48973,0.00243,0.006224,1.03631,0.00542,89.95,-0.01359,0.00038
1779370625.2688,plane,1924,69,0.49098,0.00239,0.006161,1.07162,0.00489,89.96,0.01334,-0.00037
1779370625.3664,plane,1925,69,0.48975,0.00243,0.006226,1.02479,0.00538,89.95,-0.01259,0.00037
1779370625.4586,plane,1926,69,0.49102,0.00239,0.006159,1.08610,0.00516,89.94,0.01370,-0.00042
1779370625.5731,plane,1927,69,0.49116,0.00239,0.006156,1.05986,0.00513,89.95,0.00126,-0.00001
1779370625.6694,plane,1928,69,0.49119,0.00240,0.006173,1.05919,0.00509,89.96,0.00035,0.00010
1779370625.7672,plane,1929,69,0.49087,0.00242,0.006198,1.06307,0.00540,89.94,-0.00336,0.00016
1779370625.8641,plane,1930,69,0.49027,0.00242,0.006212,1.03985,0.00528,89.95,-0.00620,0.00007
1779370625.9742,plane,1931,69,0.49012,0.00242,0.006214,1.05680,0.00550,89.95,-0.00132,0.00000
1779370626.0712,plane,1932,69,0.48837,0.00245,0.006265,0.99128,0.00544,89.95,-0.01810,0.00030
1779370626.1647,plane,1933,69,0.49004,0.00242,0.006215,1.05502,0.00575,89.94,0.01786,-0.00029
1779370626.2637,plane,1934,69,0.48950,0.00242,0.006217,1.05513,0.00592,89.93,-0.00544,-0.00003
1779370626.3744,plane,1935,69,0.49080,0.00240,0.006175,1.07503,0.00528,89.92,0.01174,-0.00020
1779370626.4682,plane,1936,69,0.48976,0.00242,0.006214,1.05909,0.00573,89.94,-0.01111,0.00021
1779370626.5672,plane,1937,69,0.49061,0.00241,0.006200,1.05001,0.00542,89.94,0.00867,-0.00005
1779370626.6621,plane,1938,69,0.48995,0.00243,0.006222,1.02619,0.00542,89.94,-0.00700,0.00013
1779370626.7743,plane,1939,69,0.49028,0.00242,0.006209,1.10018,0.00557,89.92,0.00296,-0.00007
1779370626.8737,plane,1940,69,0.49036,0.00240,0.006176,1.04956,0.00537,89.94,0.00080,-0.00020
1779370626.9681,plane,1941,69,0.49008,0.00240,0.006178,1.06917,0.00523,89.95,-0.00295,-0.00000
1779370627.0658,plane,1942,69,0.49096,0.00241,0.006183,1.09303,0.00536,89.94,0.00908,0.00007
1779370627.1777,plane,1943,69,0.48602,0.00247,0.006305,1.12096,0.00673,89.87,-0.04417,0.00054
1779370627.2740,plane,1944,69,0.48990,0.00242,0.006212,1.06705,0.00587,89.93,0.04032,-0.00048
1779370627.3700,plane,1945,69,0.48605,0.00250,0.006360,1.24327,0.00846,89.81,-0.04005,0.00084
1779370627.4666,plane,1946,69,0.49519,0.00230,0.005995,1.02507,0.00485,89.96,0.09460,-0.00212
1779370627.5777,plane,1947,69,0.48730,0.00245,0.006271,0.94829,0.00607,89.88,-0.07101,0.00141
1779370627.6734,plane,1948,69,0.48970,0.00242,0.006217,1.06632,0.00605,89.92,0.02505,-0.00030
1779370627.7699,plane,1949,69,0.48607,0.00248,0.006332,1.39645,0.00985,89.77,-0.03762,0.00060
1779370627.8663,plane,1950,69,0.48898,0.00244,0.006243,0.97358,0.00556,89.95,0.03026,-0.00047
1779370627.9781,plane,1951,69,0.48577,0.00249,0.006341,1.37507,0.00968,89.77,-0.02883,0.00043
1779370628.0746,plane,1952,69,0.49033,0.00242,0.006209,1.03826,0.00537,89.95,0.04723,-0.00069
1779370628.1707,plane,1953,69,0.49047,0.00242,0.006212,1.04052,0.00525,89.95,0.00146,0.00004
1779370628.2673,plane,1954,69,0.48747,0.00247,0.006297,1.05908,0.00608,89.92,-0.03083,0.00046
1779370628.3772,plane,1955,69,0.49214,0.00237,0.006126,1.01137,0.00467,90.00,0.04248,-0.00086
1779370628.4748,plane,1956,69,0.49427,0.00229,0.005981,0.87879,0.00435,89.95,0.02197,-0.00081
1779370628.5709,plane,1957,69,0.48668,0.00246,0.006295,1.10447,0.00665,89.87,-0.07897,0.00175
1779370628.6660,plane,1958,69,0.48929,0.00243,0.006229,1.05987,0.00610,89.92,0.02731,-0.00036
1779370628.7790,plane,1959,69,0.48641,0.00246,0.006300,1.03084,0.00593,89.92,-0.02566,0.00032
1779370628.8750,plane,1960,69,0.48749,0.00245,0.006271,0.97053,0.00575,89.93,0.01116,-0.00013
1779370628.9704,plane,1961,69,0.47835,0.00261,0.006592,1.09964,0.00659,89.85,-0.09579,0.00167
1779370629.0674,plane,1962,69,0.48213,0.00283,0.007044,1.14730,0.00535,89.88,0.03919,0.00228
1779370629.1788,plane,1963,69,0.48977,0.00297,0.007339,0.92153,0.00517,89.88,0.06831,0.00125
1779370629.2748,plane,1964,69,0.49339,0.00301,0.007455,0.97228,0.00535,89.88,0.03778,0.00044
1779370629.3739,plane,1965,69,0.48651,0.00290,0.007199,1.03243,0.00543,89.88,-0.06944,-0.00112
1779370629.4662,plane,1966,69,0.49476,0.00305,0.007528,1.01768,0.00567,89.86,0.08938,0.00158
1779370629.5792,plane,1967,69,0.49466,0.00305,0.007523,1.02686,0.00555,89.86,-0.00094,-0.00000
1779370629.6749,plane,1968,69,0.49362,0.00304,0.007497,0.98660,0.00572,89.86,-0.01086,-0.00010
1779370629.7709,plane,1969,69,0.48372,0.00287,0.007121,1.01768,0.00514,89.88,-0.10256,-0.00170
1779370629.8660,plane,1970,69,0.48211,0.00277,0.006961,1.18096,0.00566,89.88,-0.01696,-0.00104
1779370629.9777,plane,1971,69,0.47771,0.00270,0.006807,1.14195,0.00581,89.92,-0.03937,-0.00067
1779370630.0746,plane,1972,69,0.48412,0.00251,0.006393,1.35802,0.00982,89.76,0.06617,-0.00192
1779370630.1705,plane,1973,69,0.47990,0.00259,0.006543,1.48175,0.01079,89.67,-0.04399,0.00077
1779370630.2645,plane,1974,69,0.48975,0.00242,0.006220,1.02580,0.00552,89.95,0.10462,-0.00173
1779370630.3756,plane,1975,69,0.48555,0.00250,0.006358,1.08989,0.00654,89.83,-0.03774,0.00068
1779370630.4709,plane,1976,69,0.48505,0.00247,0.006317,1.06535,0.00715,89.83,-0.00529,-0.00028
1779370630.5716,plane,1977,69,0.48828,0.00243,0.006234,1.02238,0.00555,89.92,0.03222,-0.00046
1779370630.6660,plane,1978,69,0.48931,0.00244,0.006244,1.07198,0.00618,89.89,0.01085,0.00012
1779370630.7785,plane,1979,69,0.48198,0.00256,0.006480,1.25996,0.00880,89.79,-0.06517,0.00103
1779370630.8742,plane,1980,69,0.48665,0.00245,0.006270,1.22630,0.00796,89.83,0.04884,-0.00113
1779370630.9708,plane,1981,69,0.48566,0.00247,0.006321,1.22980,0.00824,89.81,-0.01022,0.00028
1779370631.0667,plane,1982,69,0.48828,0.00245,0.006258,1.08154,0.00626,89.88,0.02728,-0.00030
1779370631.1781,plane,1983,69,0.49210,0.00238,0.006127,1.00214,0.00462,89.99,0.03428,-0.00063
1779370631.2730,plane,1984,69,0.48911,0.00244,0.006243,1.01319,0.00549,89.95,-0.03150,0.00066
1779370631.3706,plane,1985,69,0.49065,0.00241,0.006192,1.08437,0.00608,89.92,0.01584,-0.00030
1779370631.4666,plane,1986,69,0.49281,0.00236,0.006092,1.02063,0.00482,89.95,0.02247,-0.00053
1779370631.5778,plane,1987,69,0.48975,0.00241,0.006198,1.05603,0.00560,89.92,-0.02758,0.00047
1779370631.6741,plane,1988,69,0.49256,0.00236,0.006097,0.96666,0.00462,90.00,0.02919,-0.00056
1779370631.7708,plane,1989,69,0.48956,0.00243,0.006224,0.99331,0.00549,89.93,-0.03103,0.00074
1779370631.8660,plane,1990,69,0.49234,0.00236,0.006100,1.01644,0.00470,89.99,0.02924,-0.00077
1779370631.9786,plane,1991,69,0.48947,0.00241,0.006195,1.03618,0.00552,89.95,-0.02550,0.00047
1779370632.0752,plane,1992,69,0.48758,0.00245,0.006276,1.02619,0.00575,89.93,-0.01963,0.00046
1779370632.1703,plane,1993,69,0.49107,0.00239,0.006154,1.03328,0.00512,89.96,0.03665,-0.00068
1779370632.2669,plane,1994,69,0.49008,0.00242,0.006215,1.08221,0.00597,89.91,-0.01023,0.00037
1779370632.3789,plane,1995,69,0.48650,0.00246,0.006297,1.01155,0.00592,89.93,-0.03197,0.00035
1779370632.4746,plane,1996,69,0.48085,0.00256,0.006492,1.22404,0.00801,89.81,-0.05938,0.00103
1779370632.5725,plane,1997,69,0.48529,0.00248,0.006334,1.09738,0.00669,89.87,0.04532,-0.00079
1779370632.6674,plane,1998,69,0.48659,0.00249,0.006336,1.09543,0.00700,89.87,0.01359,0.00004
1779370632.7789,plane,1999,69,0.49111,0.00239,0.006165,1.06967,0.00527,89.92,0.04074,-0.00083
1779370632.8752,plane,2000,69,0.49065,0.00239,0.006168,1.03727,0.00507,89.94,-0.00477,-0.00000
1779370632.9708,plane,2001,69,0.49134,0.00239,0.006165,1.05951,0.00515,89.95,0.00727,-0.00001
1779370633.0671,plane,2002,69,0.49260,0.00237,0.006115,0.96937,0.00451,90.01,0.01318,-0.00027
1779370633.1797,plane,2003,69,0.49075,0.00240,0.006170,1.07557,0.00539,89.93,-0.01636,0.00025
1779370633.2745,plane,2004,69,0.49015,0.00243,0.006217,1.05517,0.00576,89.94,-0.00638,0.00032
1779370633.3715,plane,2005,69,0.49407,0.00234,0.006070,0.99139,0.00464,89.99,0.04039,-0.00086
1779370633.4671,plane,2006,69,0.49097,0.00240,0.006171,1.05747,0.00549,89.93,-0.03237,0.00057
1779370633.5781,plane,2007,69,0.49794,0.00224,0.005893,1.00723,0.00545,89.97,0.06276,-0.00142
1779370633.6753,plane,2008,69,0.49398,0.00237,0.006104,0.96693,0.00488,90.01,-0.04075,0.00130
1779370633.7704,plane,2009,69,0.37756,0.00225,0.004288,0.72468,0.00530,89.99,-1.22895,-0.00122
1779370633.8671,plane,2010,69,0.49691,0.00227,0.005937,1.03887,0.00505,90.02,1.22966,0.00015
1779370633.9782,plane,2011,69,0.49049,0.00241,0.006190,1.08210,0.00562,89.92,-0.05783,0.00128
1779370634.0743,plane,2012,69,0.49100,0.00241,0.006188,1.07043,0.00559,89.94,0.00533,-0.00000
1779370634.1711,plane,2013,69,0.49061,0.00239,0.006161,1.01226,0.00496,89.97,-0.00407,-0.00017
1779370634.2663,plane,2014,69,0.49633,0.00222,0.005861,0.93803,0.00419,89.96,0.06006,-0.00179
1779370634.3786,plane,2015,69,0.49492,0.00229,0.005966,0.93596,0.00450,89.94,-0.01266,0.00058
1779370634.4747,plane,2016,69,0.49305,0.00234,0.006073,0.92149,0.00469,89.97,-0.01936,0.00061
1779370634.5678,plane,2017,69,0.48936,0.00244,0.006239,1.06583,0.00588,89.90,-0.03947,0.00099
1779370634.6670,plane,2018,69,0.49222,0.00238,0.006132,1.01248,0.00493,89.97,0.02893,-0.00061
1779370634.7769,plane,2019,69,0.49109,0.00239,0.006158,1.07994,0.00501,89.95,-0.01031,0.00013
1779370634.8690,plane,2020,69,0.49651,0.00226,0.005937,1.04874,0.00461,89.94,0.05882,-0.00139
1779370634.9653,plane,2021,69,0.49623,0.00228,0.005959,1.00421,0.00446,89.94,-0.00299,0.00016
1779370635.0674,plane,2022,69,0.49202,0.00238,0.006146,1.01533,0.00466,89.99,-0.04093,0.00105
1779370635.1787,plane,2023,69,0.48998,0.00242,0.006207,1.08349,0.00616,89.90,-0.01840,0.00030
1779370635.2751,plane,2024,69,0.49095,0.00240,0.006171,1.10373,0.00589,89.90,0.01018,-0.00021
1779370635.3708,plane,2025,69,0.49554,0.00231,0.006012,1.06039,0.00490,89.96,0.04770,-0.00092
1779370635.4615,plane,2026,69,0.49545,0.00229,0.005985,1.06086,0.00493,89.96,-0.00101,-0.00019
1779370635.5788,plane,2027,69,0.49459,0.00231,0.006015,1.04115,0.00473,89.96,-0.00732,0.00015
1779370635.6727,plane,2028,69,0.49181,0.00237,0.006115,1.02037,0.00465,89.99,-0.02946,0.00060
1779370635.7701,plane,2029,69,0.49547,0.00231,0.006009,1.05518,0.00488,89.94,0.03760,-0.00059
1779370635.8663,plane,2030,69,0.49532,0.00229,0.005990,1.03807,0.00491,89.95,-0.00153,-0.00015
1779370635.9784,plane,2031,69,0.49147,0.00241,0.006185,1.02603,0.00503,89.97,-0.03440,0.00102
1779370636.0744,plane,2032,69,0.49575,0.00228,0.005963,0.99621,0.00444,89.95,0.04450,-0.00133
1779370636.1651,plane,2033,69,0.49203,0.00238,0.006143,1.03114,0.00481,89.96,-0.04091,0.00113
1779370636.2667,plane,2034,69,0.49119,0.00239,0.006163,1.11063,0.00560,89.92,-0.00829,0.00012
1779370636.3789,plane,2035,69,0.49327,0.00236,0.006095,1.01101,0.00479,89.96,0.01851,-0.00031
1779370636.4743,plane,2036,69,0.49052,0.00240,0.006178,1.08535,0.00588,89.92,-0.02898,0.00043
1779370636.5704,plane,2037,69,0.49097,0.00239,0.006156,1.04687,0.00511,89.96,0.00473,-0.00013
1779370636.6657,plane,2038,69,0.49389,0.00234,0.006066,0.99969,0.00459,90.00,0.03056,-0.00049
1779370636.7790,plane,2039,69,0.49397,0.00223,0.005856,0.92688,0.00466,89.93,0.00070,-0.00097
1779370636.8746,plane,2040,69,0.49614,0.00225,0.005910,0.94600,0.00436,89.95,0.02255,0.00022
1779370636.9707,plane,2041,69,0.49554,0.00229,0.005985,1.05331,0.00493,89.94,-0.00623,0.00038
1779370637.0652,plane,2042,69,0.49596,0.00228,0.005963,1.10258,0.00489,89.96,0.00451,-0.00013
1779370637.1782,plane,2043,69,0.48773,0.00247,0.006310,1.06929,0.00607,89.91,-0.07294,0.00173
1779370637.2742,plane,2044,69,0.48494,0.00253,0.006415,1.95427,0.01522,89.61,-0.02901,0.00060
1779370637.3710,plane,2045,69,0.48269,0.00258,0.006524,1.08748,0.00606,89.88,-0.02322,0.00051
1779370637.4667,plane,2046,69,0.48512,0.00250,0.006365,1.13903,0.00693,89.85,0.02554,-0.00089
1779370637.5768,plane,2047,69,0.48647,0.00246,0.006298,1.05658,0.00635,89.91,0.01222,-0.00029
1779370637.6739,plane,2048,69,0.48963,0.00243,0.006234,1.03275,0.00542,89.94,0.03251,-0.00031
1779370637.7708,plane,2049,69,0.49017,0.00243,0.006220,1.06708,0.00576,89.93,0.00561,-0.00005
1779370637.8655,plane,2050,69,0.49040,0.00242,0.006202,1.06006,0.00593,89.93,0.00246,-0.00012
1779370637.9776,plane,2051,69,0.49189,0.00238,0.006134,1.04594,0.00485,89.97,0.01330,-0.00035
1779370638.0751,plane,2052,69,0.48843,0.00245,0.006259,0.98195,0.00556,89.95,-0.03580,0.00070
1779370638.1700,plane,2053,69,0.48922,0.00245,0.006270,1.01432,0.00544,89.95,0.00834,0.00007
1779370638.2657,plane,2054,69,0.49023,0.00243,0.006222,1.04025,0.00575,89.92,0.01049,-0.00025
1779370638.3800,plane,2055,69,0.48607,0.00250,0.006365,1.10301,0.00653,89.88,-0.03656,0.00065
1779370638.4754,plane,2056,69,0.48879,0.00244,0.006248,1.03459,0.00602,89.93,0.02837,-0.00066
1779370638.5711,plane,2057,69,0.49509,0.00230,0.006005,1.03948,0.00459,89.99,0.06595,-0.00144
1779370638.6664,plane,2058,69,0.49524,0.00230,0.006000,1.05353,0.00492,89.94,0.00164,-0.00002
1779370638.7786,plane,2059,69,0.48919,0.00242,0.006224,1.08830,0.00665,89.90,-0.05390,0.00110
1779370638.8728,plane,2060,69,0.48975,0.00242,0.006215,1.03655,0.00568,89.94,0.00596,-0.00004
1779370638.9691,plane,2061,69,0.49379,0.00234,0.006066,1.00484,0.00454,90.00,0.04188,-0.00083
1779370639.0656,plane,2062,69,0.49059,0.00240,0.006180,1.08691,0.00580,89.92,-0.03316,0.00064
1779370639.1790,plane,2063,69,0.49515,0.00223,0.005876,0.88361,0.00443,89.94,0.04029,-0.00148
1779370639.2750,plane,2064,69,0.49032,0.00242,0.006205,1.08615,0.00619,89.92,-0.05020,0.00190
1779370639.3704,plane,2065,69,0.49515,0.00230,0.006000,1.03307,0.00479,89.95,0.05059,-0.00122
1779370639.4669,plane,2066,69,0.48938,0.00243,0.006234,1.06412,0.00602,89.91,-0.05981,0.00136
1779370639.5787,plane,2067,69,0.48897,0.00244,0.006246,1.02292,0.00562,89.93,-0.00365,0.00009
1779370639.6748,plane,2068,69,0.48784,0.00245,0.006268,0.99176,0.00560,89.95,-0.01171,0.00009
1779370639.7707,plane,2069,69,0.49535,0.00230,0.005993,1.03984,0.00498,89.95,0.07819,-0.00159
1779370639.8671,plane,2070,69,0.49156,0.00238,0.006141,1.07098,0.00486,89.97,-0.03927,0.00087
1779370639.9789,plane,2071,69,0.49550,0.00231,0.006014,1.04653,0.00469,89.98,0.03522,-0.00063
1779370640.0745,plane,2072,69,0.49132,0.00239,0.006151,1.05335,0.00472,89.98,-0.04363,0.00081
1779370640.1711,plane,2073,69,0.49181,0.00238,0.006139,1.01607,0.00457,89.99,0.00502,-0.00007
1779370640.2662,plane,2074,69,0.48969,0.00242,0.006217,1.06451,0.00595,89.93,-0.02228,0.00045
1779370640.3790,plane,2075,69,0.48863,0.00243,0.006234,1.04635,0.00650,89.90,-0.00939,0.00005
1779370640.4748,plane,2076,69,0.48853,0.00245,0.006261,1.00077,0.00602,89.91,-0.00098,0.00018
1779370640.5705,plane,2077,69,0.49017,0.00242,0.006204,1.06371,0.00584,89.92,0.01724,-0.00031
1779370640.6679,plane,2078,69,0.48597,0.00247,0.006312,1.10042,0.00663,89.89,-0.04296,0.00054
1779370640.7787,plane,2079,69,0.49035,0.00240,0.006170,1.04463,0.00514,89.96,0.03956,-0.00067
1779370640.8747,plane,2080,69,0.49074,0.00241,0.006195,1.06209,0.00583,89.93,0.00403,0.00017
1779370640.9718,plane,2081,69,0.49118,0.00240,0.006176,1.05671,0.00520,89.94,0.00449,-0.00008
1779370641.0669,plane,2082,69,0.49244,0.00237,0.006114,1.02065,0.00482,89.96,0.01333,-0.00038
1779370641.1787,plane,2083,69,0.49317,0.00235,0.006085,0.91847,0.00443,90.00,0.00656,-0.00017
1779370641.2750,plane,2084,69,0.49221,0.00238,0.006127,0.98141,0.00476,89.97,-0.01001,0.00027
1779370641.3716,plane,2085,69,0.49076,0.00240,0.006171,1.05811,0.00517,89.95,-0.01497,0.00023
1779370641.4674,plane,2086,69,0.49003,0.00241,0.006195,1.07752,0.00565,89.92,-0.00767,0.00012
1779370641.5780,plane,2087,69,0.48963,0.00243,0.006232,1.04710,0.00556,89.94,-0.00358,0.00021
1779370641.6739,plane,2088,69,0.49052,0.00241,0.006198,1.04725,0.00589,89.93,0.00926,-0.00021
1779370641.7694,plane,2089,69,0.48942,0.00243,0.006226,1.03103,0.00571,89.94,-0.01159,0.00015
1779370641.8657,plane,2090,69,0.49046,0.00240,0.006183,1.03693,0.00538,89.94,0.01088,-0.00026
1779370641.9774,plane,2091,69,0.49038,0.00241,0.006185,1.09708,0.00590,89.90,-0.00072,0.00002
1779370642.0737,plane,2092,69,0.48826,0.00245,0.006259,0.96934,0.00567,89.95,-0.02202,0.00041
1779370642.1702,plane,2093,69,0.48714,0.00244,0.006258,0.96464,0.00566,89.94,-0.01167,-0.00006
1779370642.2660,plane,2094,69,0.49313,0.00237,0.006107,0.96957,0.00455,90.00,0.06249,-0.00076
1779370642.3769,plane,2095,69,0.49019,0.00241,0.006198,1.06498,0.00596,89.92,-0.02641,0.00041
1779370642.4735,plane,2096,69,0.49083,0.00239,0.006159,1.07151,0.00519,89.95,0.00664,-0.00022
1779370642.5701,plane,2097,69,0.49006,0.00241,0.006195,1.08512,0.00561,89.91,-0.00785,0.00022
1779370642.6661,plane,2098,69,0.48713,0.00246,0.006290,1.07090,0.00660,89.90,-0.03060,0.00050
1779370642.7785,plane,2099,69,0.48490,0.00251,0.006390,1.05278,0.00660,89.88,-0.01981,0.00047
1779370642.8749,plane,2100,69,0.49001,0.00240,0.006185,1.05251,0.00533,89.93,0.05314,-0.00115
1779370642.9700,plane,2101,69,0.48860,0.00242,0.006224,1.10328,0.00667,89.89,-0.01480,0.00020
1779370643.0661,plane,2102,69,0.49030,0.00242,0.006214,1.05044,0.00527,89.95,0.01762,-0.00001
1779370643.1782,plane,2103,69,0.48994,0.00243,0.006226,1.02968,0.00581,89.93,-0.00319,0.00007
1779370643.2741,plane,2104,69,0.49208,0.00237,0.006122,1.02477,0.00465,89.99,0.02229,-0.00064
1779370643.3697,plane,2105,69,0.49140,0.00241,0.006188,1.09061,0.00533,89.94,-0.00708,0.00045
1779370643.4663,plane,2106,69,0.48933,0.00241,0.006205,1.04952,0.00577,89.92,-0.02153,0.00001
1779370643.5771,plane,2107,69,0.49502,0.00232,0.006044,1.02158,0.00456,89.99,0.05132,-0.00079
1779370643.6739,plane,2108,69,0.49051,0.00242,0.006214,1.02509,0.00531,89.93,-0.04667,0.00102
1779370643.7685,plane,2109,69,0.48597,0.00251,0.006376,1.10120,0.00711,89.87,-0.04800,0.00092
1779370643.8618,plane,2110,69,0.48439,0.00252,0.006393,1.23082,0.00826,89.81,-0.01695,0.00006
1779370643.9777,plane,2111,69,0.49196,0.00237,0.006119,1.00229,0.00467,89.99,0.06529,-0.00126
1779370644.0744,plane,2112,69,0.49084,0.00239,0.006154,1.10072,0.00525,89.92,-0.01169,0.00020
1779370644.1701,plane,2113,69,0.49574,0.00230,0.005998,1.07967,0.00516,89.96,0.05096,-0.00092
1779370644.2662,plane,2114,69,0.48583,0.00250,0.006356,1.09335,0.00700,89.88,-0.10281,0.00208
1779370644.3779,plane,2115,69,0.49068,0.00242,0.006204,1.01943,0.00523,89.96,0.04371,-0.00075
1779370644.4744,plane,2116,69,0.48870,0.00244,0.006243,1.01378,0.00596,89.90,-0.02038,0.00022
1779370644.5656,plane,2117,69,0.48352,0.00252,0.006415,1.18478,0.00803,89.82,-0.05681,0.00093
1779370644.6656,plane,2118,69,0.49067,0.00239,0.006159,1.10094,0.00546,89.92,0.07152,-0.00132
1779370644.7776,plane,2119,69,0.49786,0.00221,0.005863,1.03326,0.00521,89.96,0.06426,-0.00159
1779370644.8749,plane,2120,69,0.37779,0.00223,0.004271,0.71447,0.00587,89.93,-1.23265,0.00015
1779370644.9656,plane,2121,69,0.48932,0.00244,0.006241,1.06647,0.00606,89.92,1.22992,0.00229
1779370645.0667,plane,2122,69,0.39306,0.00217,0.003596,0.63003,0.00559,90.03,-0.95607,-0.00264
1779370645.1781,plane,2123,69,0.49116,0.00241,0.006183,1.07893,0.00556,89.93,0.87788,0.00211
1779370645.2744,plane,2124,69,0.49602,0.00226,0.005929,0.96107,0.00432,89.95,0.05064,-0.00150
1779370645.3685,plane,2125,69,0.48871,0.00242,0.006212,1.03812,0.00609,89.92,-0.07746,0.00163
1779370645.4669,plane,2126,69,0.49415,0.00235,0.006080,0.95279,0.00455,89.98,0.05529,-0.00070
1779370645.5777,plane,2127,69,0.49016,0.00296,0.007319,0.96196,0.00522,89.92,-0.03606,0.00551
1779370645.6751,plane,2128,69,0.47707,0.00271,0.006827,1.22313,0.00519,89.93,-0.13501,-0.00255
1779370645.7705,plane,2129,69,0.47920,0.00277,0.006926,1.18373,0.00542,89.89,0.02220,0.00057
1779370645.8663,plane,2130,69,0.48046,0.00258,0.006522,1.24461,0.00782,89.78,0.01322,-0.00199
1779370645.9786,plane,2131,69,0.48235,0.00275,0.006931,0.90396,0.04649,89.65,0.01687,0.00159
1779370646.0758,plane,2132,69,0.48832,0.00288,0.007187,0.93952,0.00550,89.88,0.06130,0.00130
1779370646.1711,plane,2133,69,0.48777,0.00285,0.007139,1.01296,0.00527,89.88,-0.00576,-0.00032
1779370646.2669,plane,2134,69,0.48237,0.00275,0.006917,1.15623,0.00507,89.92,-0.05672,-0.00110
1779370646.3770,plane,2135,69,0.48567,0.00285,0.007112,0.96114,0.00542,89.87,0.02973,0.00097
1779370646.4726,plane,2136,69,0.47523,0.00267,0.006729,1.09216,0.00529,89.92,-0.10939,-0.00195
1779370646.5709,plane,2137,69,0.47779,0.00271,0.006822,1.23074,0.00516,89.93,0.02615,0.00041
1779370646.6672,plane,2138,69,0.47591,0.00265,0.006682,1.03741,0.00611,89.93,-0.01938,-0.00063
1779370646.7787,plane,2139,69,0.47954,0.00260,0.006580,1.05556,0.00587,89.90,0.03265,-0.00038
1779370646.8730,plane,2140,69,0.48147,0.00262,0.006622,1.00884,0.00685,89.92,0.02042,0.00020
1779370646.9720,plane,2141,69,0.47902,0.00260,0.006568,1.56456,0.01151,89.65,-0.02464,-0.00022
1779370647.0675,plane,2142,69,0.48253,0.00254,0.006443,1.44300,0.01074,89.73,0.03695,-0.00067
1779370647.1760,plane,2143,69,0.48686,0.00247,0.006312,1.10182,0.00682,89.87,0.03991,-0.00063
1779370647.2714,plane,2144,69,0.48193,0.00266,0.006712,1.02615,0.00656,89.93,-0.05135,0.00201
1779370647.3677,plane,2145,69,0.48616,0.00249,0.006334,1.08635,0.00657,89.88,0.04388,-0.00180
1779370647.4664,plane,2146,69,0.48138,0.00260,0.006565,1.05340,0.00545,89.92,-0.04836,0.00110
1779370647.5780,plane,2147,69,0.48087,0.00257,0.006514,2.06453,0.01534,89.58,-0.00458,-0.00020
1779370647.6756,plane,2148,69,0.49460,0.00232,0.006029,0.99290,0.00462,89.97,0.14068,-0.00262
1779370647.7681,plane,2149,69,0.49184,0.00301,0.007409,0.96170,0.00539,89.93,-0.02983,0.00742
1779370647.8644,plane,2150,69,0.47951,0.00257,0.006505,1.28615,0.00904,89.77,-0.12803,-0.00458
1779370647.9734,plane,2151,69,0.48643,0.00246,0.006297,0.98162,0.00565,89.93,0.06351,-0.00092
1779370648.0746,plane,2152,69,0.48577,0.00262,0.006614,1.13220,0.00560,89.92,-0.00652,0.00152
1779370648.1645,plane,2153,69,0.48360,0.00253,0.006421,1.75284,0.01277,89.63,-0.02420,-0.00097
1779370648.2661,plane,2154,69,0.48556,0.00248,0.006322,1.03326,0.00604,89.91,0.01930,-0.00052
1779370648.3784,plane,2155,69,0.49083,0.00239,0.006163,1.07136,0.00519,89.95,0.04692,-0.00076
1779370648.4717,plane,2156,69,0.48510,0.00252,0.006409,1.48474,0.01121,89.73,-0.06132,0.00140
1779370648.5685,plane,2157,69,0.49303,0.00236,0.006102,1.00395,0.00464,89.99,0.08193,-0.00169
1779370648.6647,plane,2158,69,0.49067,0.00242,0.006204,1.06141,0.00508,89.96,-0.02453,0.00060
1779370648.7795,plane,2159,69,0.48366,0.00257,0.006507,1.07004,0.00712,89.88,-0.06142,0.00135
1779370648.8728,plane,2160,69,0.48519,0.00251,0.006387,1.06747,0.00640,89.90,0.01627,-0.00062
1779370648.9685,plane,2161,69,0.47823,0.00261,0.006590,1.08429,0.00651,89.85,-0.07269,0.00100
1779370649.0627,plane,2162,69,0.49048,0.00240,0.006178,1.06271,0.00528,89.94,0.13079,-0.00221
1779370649.1709,plane,2163,69,0.48553,0.00250,0.006356,1.28547,0.00876,89.80,-0.04562,0.00086
1779370649.2724,plane,2164,69,0.48617,0.00246,0.006297,1.04753,0.00635,89.91,0.00623,-0.00034
1779370649.3641,plane,2165,69,0.48219,0.00255,0.006460,3.59668,0.05285,0.00,-0.04334,0.00095
1779370649.4667,plane,2166,69,0.48293,0.00254,0.006436,24.88354,0.08912,89.21,0.00717,-0.00010
1779370649.5746,plane,2167,69,0.48841,0.00245,0.006259,1.03938,0.00590,89.92,0.05075,-0.00085
1779370649.6698,plane,2168,69,0.49441,0.00233,0.006046,1.03830,0.00479,89.97,0.06305,-0.00124
1779370649.7705,plane,2169,69,0.48272,0.00256,0.006483,1.87438,0.01423,89.60,-0.11604,0.00231
1779370649.8671,plane,2170,69,0.48586,0.00251,0.006385,1.31219,0.00898,89.79,0.03260,-0.00049
1779370649.9754,plane,2171,69,0.48802,0.00245,0.006270,1.00673,0.00591,89.92,0.01992,-0.00056
1779370650.0727,plane,2172,69,0.48749,0.00245,0.006273,1.01336,0.00579,89.92,-0.00548,-0.00000
1779370650.1687,plane,2173,69,0.48415,0.00252,0.006404,2.29253,0.01625,89.57,-0.03471,0.00075
1779370650.2633,plane,2174,69,0.47891,0.00266,0.006705,1.05414,0.00624,89.92,-0.05556,0.00143
1779370650.3783,plane,2175,69,0.48434,0.00252,0.006400,1.05748,0.00668,89.87,0.04718,-0.00121
1779370650.4754,plane,2176,69,0.48295,0.00252,0.006397,2.14359,0.01633,89.58,-0.01431,-0.00001
1779370650.5678,plane,2177,69,0.48983,0.00241,0.006198,1.09078,0.00634,89.89,0.07455,-0.00115
1779370650.6668,plane,2178,69,0.48958,0.00243,0.006231,1.03638,0.00543,89.95,-0.00253,0.00022
1779370650.7785,plane,2179,69,0.47865,0.00259,0.006565,1.03179,0.00566,89.93,-0.09784,0.00145
1779370650.8751,plane,2180,69,0.48885,0.00241,0.006205,1.00529,0.00580,89.92,0.10555,-0.00188
1779370650.9709,plane,2181,69,0.49292,0.00236,0.006104,1.00893,0.00463,89.99,0.04267,-0.00053
1779370651.0665,plane,2182,69,0.47754,0.00271,0.006834,1.14398,0.00540,89.94,-0.16010,0.00366
1779370651.1783,plane,2183,69,0.48110,0.00256,0.006488,2.71599,0.02134,89.50,0.03194,-0.00137
1779370651.2747,plane,2184,69,0.48506,0.00253,0.006410,1.59233,0.01194,89.71,0.04126,-0.00035
1779370651.3700,plane,2185,69,0.48657,0.00246,0.006295,0.98520,0.00570,89.94,0.01565,-0.00067
1779370651.4668,plane,2186,69,0.48893,0.00244,0.006246,1.00468,0.00566,89.94,0.02449,-0.00023
1779370651.5749,plane,2187,69,0.48919,0.00243,0.006237,1.00487,0.00541,89.95,0.00242,-0.00005
1779370651.6743,plane,2188,69,0.48537,0.00251,0.006385,1.14084,0.00719,89.85,-0.03839,0.00079
1779370651.7674,plane,2189,69,0.48130,0.00257,0.006504,1.12464,0.00729,89.85,-0.04370,0.00059
1779370651.8646,plane,2190,69,0.48851,0.00244,0.006254,0.98293,0.00561,89.95,0.07419,-0.00127
1779370651.9759,plane,2191,69,0.47739,0.00262,0.006617,1.01060,0.00603,89.89,-0.09989,0.00159
1779370652.0682,plane,2192,69,0.49020,0.00240,0.006176,1.01430,0.00536,89.95,0.13881,-0.00240
1779370652.1647,plane,2193,69,0.48054,0.00259,0.006558,1.10434,0.00575,89.90,-0.10030,0.00203
1779370652.2624,plane,2194,69,0.49600,0.00222,0.005834,0.87545,0.00470,89.97,0.15790,-0.00387
1779370652.3786,plane,2195,69,0.48616,0.00265,0.006685,1.05688,0.00538,89.96,-0.08472,0.00372
1779370652.4749,plane,2196,69,0.48760,0.00246,0.006287,1.30938,0.00903,89.80,0.01503,-0.00195
1779370652.5689,plane,2197,69,0.48308,0.00257,0.006509,1.01621,0.00651,89.90,-0.04827,0.00119
1779370652.6659,plane,2198,69,0.48582,0.00247,0.006307,1.03977,0.00626,89.90,0.02818,-0.00108
1779370652.7791,plane,2199,69,0.48670,0.00248,0.006331,1.11779,0.00716,89.86,0.00779,0.00013
1779370652.8734,plane,2200,69,0.47749,0.00266,0.006726,1.05107,0.00677,89.93,-0.09810,0.00195
1779370652.9676,plane,2201,69,0.48492,0.00253,0.006415,1.56468,0.01164,89.72,0.07870,-0.00144
1779370653.0642,plane,2202,69,0.47807,0.00261,0.006593,1.04980,0.00674,89.86,-0.07074,0.00084
1779370653.1771,plane,2203,69,0.48706,0.00244,0.006261,0.99744,0.00553,89.94,0.07985,-0.00150
1779370653.2754,plane,2204,69,0.48920,0.00244,0.006239,1.02540,0.00573,89.92,0.02181,-0.00004
1779370653.3696,plane,2205,69,0.48217,0.00255,0.006465,2.56797,0.02047,89.53,-0.07439,0.00119
1779370653.4651,plane,2206,69,0.48669,0.00246,0.006295,0.99176,0.00553,89.95,0.04761,-0.00091
1779370653.5769,plane,2207,69,0.49401,0.00233,0.006051,1.03061,0.00468,89.98,0.06524,-0.00116
1779370653.6731,plane,2208,69,0.48362,0.00253,0.006429,2.38291,0.01830,89.55,-0.10808,0.00209
1779370653.7702,plane,2209,69,0.48540,0.00280,0.007034,0.96507,0.00521,89.92,0.01825,0.00276
1779370653.8669,plane,2210,69,0.48065,0.00260,0.006577,1.04573,0.00604,89.92,-0.04906,-0.00206
1779370653.9785,plane,2211,69,0.47369,0.00268,0.006749,1.21036,0.00509,89.92,-0.06249,0.00066
1779370654.0745,plane,2212,69,0.47319,0.00266,0.006699,1.14407,0.00855,89.76,-0.00519,-0.00016
1779370654.1707,plane,2213,69,0.48974,0.00240,0.006180,0.99623,0.00588,89.89,0.17195,-0.00268
1779370654.2667,plane,2214,69,0.48005,0.00258,0.006536,1.36749,0.00990,89.70,-0.10101,0.00189
1779370654.3785,plane,2215,69,0.49030,0.00240,0.006183,1.02391,0.00527,89.94,0.09176,-0.00163
1779370654.4746,plane,2216,69,0.49077,0.00242,0.006209,1.07331,0.00587,89.92,0.00482,0.00021
1779370654.5697,plane,2217,69,0.48589,0.00249,0.006353,1.14553,0.00720,89.85,-0.05128,0.00075
1779370654.6658,plane,2218,69,0.48223,0.00256,0.006483,1.11425,0.00684,89.85,-0.03815,0.00069
1779370654.7801,plane,2219,69,0.48495,0.00250,0.006366,1.14055,0.00724,89.85,0.02397,-0.00052
1779370654.8760,plane,2220,69,0.48155,0.00258,0.006529,1.08989,0.00502,89.95,-0.03528,0.00081
1779370654.9706,plane,2221,69,0.48450,0.00252,0.006399,1.06050,0.00673,89.87,0.03118,-0.00065
1779370655.0665,plane,2222,69,0.48581,0.00251,0.006371,1.04966,0.00625,89.90,0.01364,-0.00012
1779370655.1792,plane,2223,69,0.48554,0.00249,0.006349,1.36781,0.00964,89.78,-0.00233,-0.00012
1779370655.2748,plane,2224,69,0.48382,0.00254,0.006434,1.57990,0.01221,89.70,-0.01809,0.00045
1779370655.3705,plane,2225,69,0.48288,0.00255,0.006475,1.15612,0.00801,89.82,-0.00977,0.00020
1779370655.4656,plane,2226,69,0.48808,0.00246,0.006278,1.10515,0.00666,89.88,0.05446,-0.00102
1779370655.5790,plane,2227,69,0.48392,0.00253,0.006422,1.63785,0.01245,89.66,-0.03672,0.00067
1779370655.6750,plane,2228,69,0.49072,0.00239,0.006165,1.07576,0.00539,89.94,0.07057,-0.00145
1779370655.7696,plane,2229,69,0.48981,0.00243,0.006222,1.02487,0.00535,89.95,-0.00966,0.00035
1779370655.8666,plane,2230,69,0.48790,0.00245,0.006273,1.03808,0.00621,89.90,-0.01969,0.00029
1779370655.9776,plane,2231,69,0.48494,0.00252,0.006404,1.27504,0.00917,89.79,-0.02663,0.00062
1779370656.0751,plane,2232,69,0.48880,0.00244,0.006241,1.05547,0.00575,89.88,0.03986,-0.00086
1779370656.1723,plane,2233,69,0.48617,0.00247,0.006309,1.11790,0.00692,89.86,-0.02694,0.00031
1779370656.2672,plane,2234,69,0.48110,0.00256,0.006483,1.25154,0.00882,89.80,-0.05343,0.00091
1779370656.3793,plane,2235,69,0.48602,0.00247,0.006312,1.08571,0.00614,89.88,0.04415,-0.00076
1779370656.4727,plane,2236,69,0.48621,0.00247,0.006317,1.02833,0.00569,89.93,0.00202,0.00001
1779370656.5709,plane,2237,69,0.48714,0.00245,0.006280,0.95296,0.00579,89.93,0.00956,-0.00018
1779370656.6680,plane,2238,69,0.48791,0.00245,0.006265,0.92574,0.00578,89.94,0.00786,-0.00007
1779370656.7799,plane,2239,69,0.48661,0.00247,0.006300,1.09873,0.00702,89.87,-0.01158,0.00016
1779370656.8750,plane,2240,69,0.48780,0.00246,0.006276,1.17935,0.00791,89.83,0.01255,-0.00011
1779370656.9705,plane,2241,69,0.48893,0.00244,0.006248,1.04867,0.00602,89.92,0.01188,-0.00016
1779370657.0659,plane,2242,69,0.48652,0.00246,0.006297,0.99265,0.00601,89.91,-0.02530,0.00025
1779370657.1794,plane,2243,69,0.48540,0.00249,0.006336,1.18570,0.00768,89.83,-0.00983,0.00020
1779370657.2740,plane,2244,69,0.48681,0.00246,0.006295,1.14567,0.00765,89.86,0.01491,-0.00026
1779370657.3709,plane,2245,69,0.48587,0.00248,0.006327,1.13134,0.00704,89.85,-0.00976,0.00018
1779370657.4663,plane,2246,69,0.48412,0.00252,0.006397,1.93181,0.01381,89.62,-0.01835,0.00040
1779370657.5782,plane,2247,69,0.48617,0.00248,0.006326,1.08024,0.00622,89.91,0.01841,-0.00031
1779370657.6722,plane,2248,69,0.48616,0.00247,0.006302,1.02286,0.00604,89.91,-0.00012,-0.00019
1779370657.7689,plane,2249,69,0.48727,0.00245,0.006278,0.98222,0.00580,89.93,0.01149,-0.00012
1779370657.8655,plane,2250,69,0.48809,0.00245,0.006266,1.00824,0.00578,89.94,0.00848,-0.00006
1779370657.9771,plane,2251,69,0.48784,0.00245,0.006275,1.24706,0.00830,89.82,-0.00223,0.00005
1779370658.0737,plane,2252,69,0.48600,0.00248,0.006326,1.09736,0.00657,89.87,-0.01897,0.00027
1779370658.1633,plane,2253,69,0.48572,0.00250,0.006363,1.21857,0.00817,89.81,-0.00308,0.00023
1779370658.2660,plane,2254,69,0.48617,0.00248,0.006334,1.09979,0.00675,89.86,0.00441,-0.00017
1779370658.3773,plane,2255,69,0.48841,0.00295,0.007300,1.01259,0.00530,89.89,0.02007,0.00421
1779370658.4732,plane,2256,69,0.48330,0.00279,0.006997,1.01631,0.00651,89.84,-0.05332,-0.00172
1779370658.5702,plane,2257,69,0.47363,0.00266,0.006704,1.10504,0.00616,89.89,-0.10027,-0.00137
1779370658.6659,plane,2258,69,0.49305,0.00297,0.007387,1.00088,0.00519,89.89,0.20171,0.00330
1779370658.7769,plane,2259,69,0.48091,0.00259,0.006558,1.12939,0.00561,89.91,-0.10927,-0.00342
1779370658.8732,plane,2260,69,0.48384,0.00283,0.007046,1.04930,0.00521,89.93,0.03057,0.00243
1779370658.9694,plane,2261,69,0.47200,0.00266,0.006709,1.25693,0.00463,89.91,-0.12256,-0.00174
1779370659.0649,plane,2262,69,0.48568,0.00247,0.006312,2.53779,0.01888,89.57,0.14326,-0.00196
1779370659.1770,plane,2263,69,0.48318,0.00253,0.006421,1.05654,0.00693,89.86,-0.02236,0.00050
1779370659.2734,plane,2264,69,0.48978,0.00241,0.006192,1.04801,0.00554,89.93,0.06820,-0.00125
1779370659.3695,plane,2265,69,0.49208,0.00238,0.006131,0.98953,0.00461,89.99,0.02384,-0.00031
1779370659.4650,plane,2266,69,0.48076,0.00258,0.006522,1.11613,0.00654,89.87,-0.11961,0.00213
1779370659.5769,plane,2267,69,0.47940,0.00257,0.006516,1.76183,0.01325,89.61,-0.01207,-0.00004
1779370659.6726,plane,2268,69,0.48530,0.00251,0.006376,1.14852,0.00716,89.85,0.06173,-0.00070
1779370659.7682,plane,2269,69,0.48456,0.00252,0.006395,1.15620,0.00750,89.84,-0.00778,0.00009
1779370659.8653,plane,2270,69,0.48483,0.00250,0.006370,1.34204,0.00935,89.77,0.00285,-0.00014
1779370659.9777,plane,2271,69,0.48685,0.00246,0.006287,1.00929,0.00594,89.91,0.01798,-0.00039
1779370660.0727,plane,2272,69,0.48778,0.00247,0.006302,1.08360,0.00681,89.88,0.00979,0.00010
1779370660.1690,plane,2273,69,0.48582,0.00250,0.006360,1.14204,0.00727,89.85,-0.02042,0.00032
1779370660.2654,plane,2274,69,0.48518,0.00249,0.006341,1.40114,0.00972,89.77,-0.00658,-0.00012
1779370660.3779,plane,2275,69,0.48440,0.00252,0.006410,1.38342,0.01009,89.76,-0.00701,0.00033
1779370660.4730,plane,2276,69,0.48478,0.00252,0.006397,1.20363,0.00790,89.82,0.00404,-0.00008
1779370660.5700,plane,2277,69,0.48402,0.00252,0.006409,1.18056,0.00800,89.81,-0.00780,0.00006
1779370660.6653,plane,2278,69,0.48729,0.00245,0.006280,1.06086,0.00646,89.88,0.03433,-0.00071
1779370660.7775,plane,2279,69,0.48734,0.00246,0.006290,1.17916,0.00767,89.85,0.00042,0.00005
1779370660.8735,plane,2280,69,0.48768,0.00245,0.006275,1.03252,0.00656,89.88,0.00355,-0.00006
1779370660.9693,plane,2281,69,0.48741,0.00245,0.006278,0.97550,0.00563,89.95,-0.00280,0.00001
1779370661.0660,plane,2282,69,0.48612,0.00247,0.006307,1.07376,0.00631,89.89,-0.01341,0.00015
1779370661.1777,plane,2283,69,0.48561,0.00248,0.006331,1.20235,0.00790,89.83,-0.00455,0.00011
1779370661.2723,plane,2284,69,0.48559,0.00250,0.006363,1.09247,0.00656,89.88,-0.00019,0.00019
1779370661.3687,plane,2285,69,0.48356,0.00253,0.006419,1.20606,0.00844,89.80,-0.02106,0.00028
1779370661.4656,plane,2286,69,0.48519,0.00250,0.006370,1.14224,0.00727,89.85,0.01684,-0.00025
1779370661.5767,plane,2287,69,0.48516,0.00251,0.006385,1.34274,0.00937,89.78,-0.00032,0.00009
1779370661.6730,plane,2288,69,0.48597,0.00248,0.006331,1.12997,0.00697,89.86,0.00850,-0.00031
1779370661.7705,plane,2289,69,0.49011,0.00241,0.006198,1.09095,0.00610,89.90,0.04272,-0.00073
1779370661.8658,plane,2290,69,0.48524,0.00251,0.006380,1.05092,0.00589,89.91,-0.05070,0.00100
1779370661.9770,plane,2291,69,0.48694,0.00246,0.006290,1.09278,0.00670,89.88,0.01527,-0.00043
1779370662.0728,plane,2292,69,0.48531,0.00251,0.006383,1.05351,0.00661,89.88,-0.01710,0.00053
1779370662.1679,plane,2293,69,0.49071,0.00239,0.006165,1.07225,0.00515,89.95,0.05642,-0.00123
1779370662.2615,plane,2294,69,0.48997,0.00242,0.006215,1.02780,0.00529,89.95,-0.00790,0.00032
1779370662.3700,plane,2295,69,0.48461,0.00253,0.006421,1.70991,0.01314,89.68,-0.04971,0.00098
1779370662.4727,plane,2296,69,0.48094,0.00267,0.006738,1.01240,0.00698,89.91,-0.03554,0.00138
1779370662.5686,plane,2297,69,0.47889,0.00258,0.006539,2.25875,0.01738,89.53,-0.02138,-0.00090
1779370662.6653,plane,2298,69,0.48601,0.00247,0.006305,1.03892,0.00621,89.90,0.07352,-0.00122
1779370662.7773,plane,2299,69,0.48515,0.00250,0.006358,1.15999,0.00764,89.83,-0.00767,0.00027
1779370662.8694,plane,2300,69,0.48454,0.00249,0.006344,1.24444,0.00801,89.78,-0.00664,-0.00007
1779370662.9673,plane,2301,69,0.47750,0.00262,0.006624,0.99333,0.00724,89.90,-0.07184,0.00136
1779370663.0641,plane,2302,69,0.48121,0.00256,0.006493,1.29969,0.00983,89.72,0.03830,-0.00064
1779370663.1716,plane,2303,69,0.48461,0.00251,0.006376,1.27666,0.00844,89.76,0.03158,-0.00052
1779370663.2740,plane,2304,69,0.48030,0.00256,0.006480,1.34576,0.00960,89.72,-0.04203,0.00048
1779370663.3690,plane,2305,69,0.48057,0.00260,0.006570,1.07193,0.00580,89.91,0.00280,0.00045
1779370663.4644,plane,2306,69,0.47777,0.00269,0.006787,1.10984,0.00646,89.92,-0.02938,0.00096
1779370663.5769,plane,2307,69,0.47829,0.00261,0.006583,2.34505,0.01772,89.52,0.00468,-0.00076
1779370663.6721,plane,2308,69,0.47316,0.00264,0.006675,1.09456,0.00674,89.85,-0.05365,0.00040
1779370663.7687,plane,2309,69,0.47924,0.00272,0.006865,1.19718,0.00541,89.92,0.06297,0.00084
1779370663.8640,plane,2310,69,0.47282,0.00266,0.006721,1.15473,0.00580,89.92,-0.06751,-0.00066
1779370663.9753,plane,2311,69,0.48525,0.00282,0.007063,1.00860,0.00516,89.88,0.11153,0.00143
1779370664.0729,plane,2312,69,0.47410,0.00267,0.006738,1.13573,0.00507,89.97,-0.11435,-0.00156
1779370664.1682,plane,2313,69,0.48118,0.00282,0.007019,1.07145,0.00510,89.94,0.07414,0.00160
1779370664.2633,plane,2314,69,0.49139,0.00307,0.007540,1.34950,0.00937,89.77,0.10790,0.00265
1779370664.3776,plane,2315,69,0.48282,0.00286,0.007097,1.02200,0.00525,89.89,-0.07472,-0.00184
1779370664.4758,plane,2316,69,0.49248,0.00303,0.007472,0.93015,0.00549,89.86,0.09855,0.00172
1779370664.5681,plane,2317,69,0.48341,0.00287,0.007117,1.03244,0.00507,89.90,-0.09874,-0.00174
1779370664.6650,plane,2318,69,0.48949,0.00299,0.007367,0.93066,0.00555,89.88,0.06252,0.00119
1779370664.7779,plane,2319,69,0.49063,0.00304,0.007470,0.96639,0.00655,89.78,0.01013,0.00048
1779370664.8729,plane,2320,69,0.48453,0.00286,0.007114,0.99010,0.00539,89.86,-0.06452,-0.00191
1779370664.9699,plane,2321,69,0.49369,0.00304,0.007512,1.01554,0.00572,89.87,0.09407,0.00189
1779370665.0642,plane,2322,69,0.48506,0.00288,0.007148,0.99151,0.00535,89.88,-0.09129,-0.00176
1779370665.1775,plane,2323,69,0.49317,0.00303,0.007480,0.96901,0.00549,89.86,0.07175,0.00134
1779370665.2742,plane,2324,69,0.48905,0.00295,0.007314,0.95973,0.00513,89.88,-0.04244,-0.00077
1779370665.3693,plane,2325,69,0.48794,0.00296,0.007300,0.99498,0.00535,89.90,-0.01171,0.00002
1779370665.4651,plane,2326,69,0.48676,0.00292,0.007228,1.04723,0.00531,89.88,-0.01224,-0.00038
1779370665.5777,plane,2327,69,0.48953,0.00297,0.007341,0.98440,0.00510,89.90,0.02460,0.00045
1779370665.6724,plane,2328,69,0.49109,0.00299,0.007404,0.91190,0.00519,89.89,0.01643,0.00025
1779370665.7682,plane,2329,69,0.48479,0.00289,0.007158,0.98947,0.00522,89.89,-0.06581,-0.00111
1779370665.8639,plane,2330,69,0.48632,0.00289,0.007183,1.01884,0.00557,89.88,0.01607,0.00003
1779370665.9777,plane,2331,69,0.48672,0.00290,0.007204,1.00215,0.00539,89.89,0.00350,0.00011
1779370666.0732,plane,2332,69,0.49005,0.00294,0.007304,0.97257,0.00531,89.89,0.03504,0.00040
1779370666.1692,plane,2333,69,0.48841,0.00297,0.007314,0.93305,0.00498,89.89,-0.01700,0.00024
1779370666.2651,plane,2334,69,0.49347,0.00303,0.007490,0.97603,0.00557,89.87,0.05275,0.00070
1779370666.3779,plane,2335,69,0.49082,0.00297,0.007356,0.98857,0.00521,89.89,-0.02360,-0.00055
1779370666.4741,plane,2336,69,0.48496,0.00292,0.007207,1.07758,0.00548,89.88,-0.06052,-0.00052
1779370666.5695,plane,2337,69,0.48362,0.00284,0.007070,1.07271,0.00522,89.87,-0.01414,-0.00086
1779370666.6657,plane,2338,69,0.48836,0.00292,0.007248,1.01673,0.00536,89.89,0.04943,0.00084
1779370666.7768,plane,2339,69,0.49166,0.00299,0.007390,0.93625,0.00520,89.88,0.02964,0.00062
1779370666.8731,plane,2340,69,0.49443,0.00307,0.007572,1.19241,0.00693,89.77,0.02874,0.00090
1779370666.9696,plane,2341,69,0.49571,0.00311,0.007648,1.26925,0.00876,89.76,0.01334,0.00036
1779370667.0655,plane,2342,69,0.49593,0.00311,0.007648,1.25419,0.00886,89.76,0.00224,0.00001
1779370667.1778,plane,2343,69,0.49324,0.00304,0.007504,0.96539,0.00593,89.86,-0.02389,-0.00060
1779370667.2740,plane,2344,69,0.48627,0.00294,0.007260,0.98008,0.00553,89.88,-0.07283,-0.00105
1779370667.3694,plane,2345,69,0.48395,0.00287,0.007119,1.00794,0.00509,89.88,-0.02423,-0.00077
1779370667.4655,plane,2346,69,0.48595,0.00289,0.007177,1.00494,0.00509,89.89,0.02086,0.00026
1779370667.5781,plane,2347,69,0.49050,0.00297,0.007350,0.98171,0.00522,89.89,0.04071,0.00071
1779370667.6731,plane,2348,69,0.48852,0.00294,0.007287,0.99904,0.00531,89.89,-0.02059,-0.00030
1779370667.7689,plane,2349,69,0.49046,0.00296,0.007334,0.98518,0.00514,89.90,0.02026,0.00016
1779370667.8662,plane,2350,69,0.49032,0.00296,0.007334,1.00254,0.00523,89.88,-0.00141,0.00003
1779370667.9778,plane,2351,69,0.48751,0.00293,0.007256,1.00044,0.00530,89.89,-0.02512,-0.00027
1779370668.0734,plane,2352,69,0.48767,0.00294,0.007261,1.00566,0.00519,89.89,0.00172,0.00005
1779370668.1699,plane,2353,69,0.49520,0.00306,0.007555,1.04448,0.00603,89.86,0.07838,0.00129
1779370668.2648,plane,2354,69,0.49460,0.00306,0.007551,1.05217,0.00600,89.85,-0.00632,0.00003
1779370668.3771,plane,2355,69,0.49358,0.00308,0.007575,1.85135,0.01603,89.77,-0.00905,0.00017
1779370668.4740,plane,2356,69,0.49407,0.00307,0.007555,1.01466,0.00565,89.88,0.00514,-0.00016
1779370668.5692,plane,2357,69,0.48639,0.00299,0.007339,1.15984,0.00734,89.76,-0.08019,-0.00080
1779370668.6645,plane,2358,69,0.48125,0.00288,0.007119,1.14034,0.00546,89.90,-0.05391,-0.00115
1779370668.7783,plane,2359,69,0.48333,0.00286,0.007102,1.03960,0.00517,89.88,0.01842,-0.00015
1779370668.8732,plane,2360,69,0.48326,0.00285,0.007078,1.10388,0.00525,89.88,-0.00083,-0.00017
1779370668.9694,plane,2361,69,0.48578,0.00286,0.007122,0.98024,0.00521,89.89,0.02610,0.00011
1779370669.0646,plane,2362,69,0.49376,0.00295,0.007363,0.99983,0.00538,89.88,0.08381,0.00100
1779370669.1767,plane,2363,69,0.49492,0.00303,0.007507,0.98276,0.00546,89.87,0.01038,0.00072
1779370669.2729,plane,2364,69,0.49680,0.00308,0.007607,1.06007,0.00589,89.86,0.01953,0.00048
1779370669.3687,plane,2365,69,0.49584,0.00310,0.007636,1.26954,0.00870,89.76,-0.01000,0.00023
1779370669.4640,plane,2366,69,0.49467,0.00306,0.007538,1.00756,0.00540,89.88,-0.01228,-0.00048
1779370669.5775,plane,2367,69,0.48982,0.00298,0.007363,0.93472,0.00514,89.89,-0.04278,-0.00065
1779370669.6738,plane,2368,69,0.48628,0.00293,0.007238,0.95089,0.00517,89.88,-0.03686,-0.00052
1779370669.7693,plane,2369,69,0.48616,0.00290,0.007189,0.98950,0.00518,89.89,-0.00130,-0.00036
1779370669.8645,plane,2370,69,0.48927,0.00293,0.007261,0.99160,0.00522,89.90,0.03272,0.00028
1779370669.9759,plane,2371,69,0.48959,0.00294,0.007292,0.99948,0.00536,89.89,0.00280,0.00012
1779370670.0720,plane,2372,69,0.48963,0.00299,0.007365,0.96994,0.00529,89.89,0.00049,0.00050
1779370670.1686,plane,2373,69,0.49172,0.00301,0.007424,0.98707,0.00531,89.87,0.02160,0.00024
1779370670.2637,plane,2374,69,0.49124,0.00302,0.007436,0.91592,0.00655,89.80,-0.00510,0.00009
1779370670.3773,plane,2375,69,0.49063,0.00302,0.007431,0.92608,0.00541,89.87,-0.00530,-0.00001
1779370670.4728,plane,2376,69,0.49024,0.00299,0.007370,0.98111,0.00542,89.88,-0.00412,-0.00029
1779370670.5690,plane,2377,69,0.49035,0.00298,0.007370,0.95077,0.00519,89.90,0.00112,-0.00007
1779370670.6653,plane,2378,69,0.48877,0.00299,0.007367,0.92040,0.00555,89.87,-0.01623,0.00009
1779370670.7774,plane,2379,69,0.49145,0.00299,0.007395,0.93917,0.00519,89.89,0.02395,-0.00004
1779370670.8706,plane,2380,69,0.48908,0.00296,0.007326,0.96395,0.00511,89.88,-0.02554,-0.00024
1779370670.9695,plane,2381,69,0.48974,0.00298,0.007350,0.97867,0.00525,89.89,0.00668,0.00013
1779370671.0650,plane,2382,69,0.49088,0.00298,0.007375,0.93384,0.00518,89.89,0.01193,0.00005
1779370671.1777,plane,2383,69,0.49019,0.00296,0.007324,0.97957,0.00513,89.89,-0.00617,-0.00024
1779370671.2727,plane,2384,69,0.49262,0.00299,0.007404,0.95198,0.00531,89.89,0.02538,0.00033
1779370671.3697,plane,2385,69,0.49366,0.00300,0.007438,1.08006,0.00568,89.80,0.01074,0.00017
1779370671.4653,plane,2386,69,0.49074,0.00298,0.007380,1.00369,0.00521,89.89,-0.03077,-0.00022
1779370671.5775,plane,2387,69,0.49008,0.00300,0.007390,0.94458,0.00569,89.86,-0.00577,0.00012
1779370671.6730,plane,2388,69,0.49113,0.00301,0.007424,0.93564,0.00551,89.88,0.01099,0.00018
1779370671.7693,plane,2389,69,0.49272,0.00301,0.007438,0.96101,0.00515,89.89,0.01666,-0.00003
1779370671.8638,plane,2390,69,0.49149,0.00300,0.007416,1.00587,0.00519,89.89,-0.01291,-0.00009
1779370671.9774,plane,2391,69,0.49270,0.00301,0.007431,0.98452,0.00545,89.88,0.01065,0.00006
1779370672.0730,plane,2392,69,0.49218,0.00302,0.007455,0.96477,0.00550,89.87,-0.00550,0.00013
1779370672.1696,plane,2393,69,0.49199,0.00304,0.007479,0.95310,0.00548,89.87,-0.00194,0.00018
1779370672.2650,plane,2394,69,0.49072,0.00302,0.007428,0.96896,0.00541,89.89,-0.01333,-0.00021
1779370672.3771,plane,2395,69,0.49197,0.00299,0.007407,0.97486,0.00528,89.89,0.01124,-0.00023
1779370672.4737,plane,2396,69,0.49410,0.00301,0.007465,1.01393,0.00521,89.88,0.02190,0.00022
1779370672.5692,plane,2397,69,0.49197,0.00301,0.007424,0.96930,0.00532,89.88,-0.02236,-0.00009
1779370672.6657,plane,2398,69,0.49348,0.00302,0.007458,0.97230,0.00556,89.87,0.01574,0.00011
1779370672.7778,plane,2399,69,0.49225,0.00302,0.007448,0.97577,0.00548,89.87,-0.01090,0.00002
1779370672.8729,plane,2400,69,0.49334,0.00303,0.007480,0.98579,0.00571,89.86,0.01147,0.00010
1779370672.9697,plane,2401,69,0.49271,0.00303,0.007468,0.94922,0.00558,89.87,-0.00657,-0.00002
1779370673.0654,plane,2402,69,0.49038,0.00299,0.007375,0.92205,0.00534,89.88,-0.02418,-0.00041
1779370673.1772,plane,2403,69,0.49371,0.00303,0.007489,0.98818,0.00549,89.86,0.02970,0.00040
1779370673.2727,plane,2404,69,0.49363,0.00301,0.007458,0.99751,0.00528,89.88,-0.00079,-0.00019
1779370673.3696,plane,2405,69,0.49426,0.00301,0.007462,0.95344,0.00506,89.88,0.00643,-0.00001
1779370673.4647,plane,2406,69,0.48966,0.00298,0.007351,0.93709,0.00514,89.89,-0.04826,-0.00034
1779370673.5778,plane,2407,69,0.48964,0.00297,0.007336,1.01373,0.00513,89.89,-0.00019,-0.00009
1779370673.6735,plane,2408,69,0.48792,0.00296,0.007304,0.97975,0.00513,89.88,-0.01786,-0.00008
1779370673.7689,plane,2409,69,0.49192,0.00301,0.007434,0.97731,0.00528,89.88,0.04183,0.00050
1779370673.8663,plane,2410,69,0.49345,0.00302,0.007470,0.95487,0.00592,89.84,0.01588,0.00014
1779370673.9779,plane,2411,69,0.49197,0.00303,0.007463,1.04430,0.00574,89.80,-0.01310,0.00004
1779370674.0729,plane,2412,69,0.49224,0.00303,0.007455,0.92370,0.00579,89.87,0.00275,-0.00003
1779370674.1699,plane,2413,69,0.49354,0.00304,0.007499,1.01043,0.00561,89.86,0.01347,0.00010
1779370674.2659,plane,2414,69,0.49437,0.00304,0.007519,1.01533,0.00587,89.87,0.00859,0.00006
1779370674.3767,plane,2415,69,0.49297,0.00300,0.007431,0.98207,0.00517,89.88,-0.01261,-0.00037
1779370674.4740,plane,2416,69,0.49350,0.00299,0.007423,1.00684,0.00521,89.88,0.00549,-0.00008
1779370674.5683,plane,2417,69,0.49335,0.00301,0.007453,1.02014,0.00532,89.88,-0.00150,0.00020
1779370674.6646,plane,2418,69,0.49314,0.00302,0.007455,0.99617,0.00561,89.88,-0.00219,0.00007
1779370674.7773,plane,2419,69,0.49364,0.00302,0.007475,0.98558,0.00558,89.87,0.00444,0.00004
1779370674.8730,plane,2420,69,0.49397,0.00304,0.007501,1.03507,0.00556,89.87,0.00340,0.00013
1779370674.9690,plane,2421,69,0.49133,0.00302,0.007448,0.99775,0.00545,89.88,-0.02742,-0.00015
1779370675.0655,plane,2422,69,0.48962,0.00298,0.007358,1.00363,0.00537,89.88,-0.01785,-0.00041
1779370675.1776,plane,2423,69,0.49379,0.00303,0.007489,0.91956,0.00541,89.87,0.03691,0.00046
1779370675.2724,plane,2424,69,0.49358,0.00305,0.007507,1.12650,0.00693,89.78,-0.00220,0.00013
1779370675.3695,plane,2425,69,0.49423,0.00305,0.007521,1.02441,0.00572,89.86,0.00670,-0.00001
1779370675.4653,plane,2426,69,0.49333,0.00304,0.007490,1.00264,0.00527,89.88,-0.00929,-0.00007
1779370675.5770,plane,2427,69,0.49060,0.00300,0.007389,0.98058,0.00534,89.88,-0.02448,-0.00034
1779370675.6736,plane,2428,69,0.49049,0.00298,0.007363,0.96239,0.00539,89.87,-0.00106,-0.00018
1779370675.7697,plane,2429,69,0.49388,0.00301,0.007451,0.93599,0.00541,89.87,0.03499,0.00026
1779370675.8650,plane,2430,69,0.49459,0.00301,0.007468,1.05869,0.00544,89.88,0.00749,0.00002
1779370675.9782,plane,2431,69,0.49210,0.00300,0.007423,1.01233,0.00536,89.89,-0.02221,-0.00010
1779370676.0732,plane,2432,69,0.49484,0.00303,0.007490,1.02814,0.00550,89.87,0.02849,0.00029
1779370676.1683,plane,2433,69,0.49377,0.00300,0.007446,1.03311,0.00527,89.89,-0.01117,-0.00024
1779370676.2649,plane,2434,69,0.49550,0.00305,0.007538,1.03519,0.00550,89.88,0.01785,0.00045
1779370676.3772,plane,2435,69,0.49416,0.00305,0.007521,1.05210,0.00614,89.85,-0.01195,-0.00001
1779370676.4723,plane,2436,69,0.48772,0.00300,0.007358,0.88361,0.00538,89.87,-0.06770,-0.00053
1779370676.5694,plane,2437,69,0.48792,0.00297,0.007323,0.93171,0.00514,89.89,0.00207,-0.00024
1779370676.6653,plane,2438,69,0.48870,0.00299,0.007362,0.90644,0.00598,89.87,0.00801,0.00018
1779370676.7772,plane,2439,69,0.49291,0.00302,0.007455,0.99594,0.00530,89.88,0.03766,0.00023
1779370676.8724,plane,2440,69,0.49103,0.00297,0.007355,0.97684,0.00507,89.89,-0.01971,-0.00046
1779370676.9691,plane,2441,69,0.49207,0.00301,0.007438,0.96056,0.00524,89.88,0.01078,0.00042
1779370677.0646,plane,2442,69,0.48992,0.00298,0.007355,0.91336,0.00525,89.89,-0.02259,-0.00036
1779370677.1772,plane,2443,69,0.48886,0.00295,0.007304,0.96357,0.00507,89.89,-0.00942,-0.00022
1779370677.2732,plane,2444,69,0.49182,0.00301,0.007431,1.01878,0.00548,89.89,0.03053,0.00054
1779370677.3685,plane,2445,69,0.48756,0.00296,0.007300,0.97705,0.00577,89.87,-0.04467,-0.00048
1779370677.4655,plane,2446,69,0.49234,0.00295,0.007338,0.93123,0.00512,89.89,0.04963,-0.00013
1779370677.5774,plane,2447,69,0.49546,0.00295,0.007389,0.99922,0.00540,89.88,0.02767,0.00004
1779370677.6728,plane,2448,69,0.49529,0.00301,0.007463,1.00624,0.00538,89.88,-0.00178,0.00056
1779370677.7692,plane,2449,69,0.49249,0.00299,0.007406,1.07921,0.00530,89.88,-0.02926,-0.00021
1779370677.8652,plane,2450,69,0.48626,0.00294,0.007258,1.06355,0.00527,89.87,-0.06436,-0.00044
1779370677.9775,plane,2451,69,0.49043,0.00298,0.007351,0.96540,0.00531,89.88,0.03715,0.00028
1779370678.0740,plane,2452,69,0.48870,0.00296,0.007329,0.94849,0.00524,89.88,-0.01809,-0.00012
1779370678.1696,plane,2453,69,0.49305,0.00298,0.007395,0.94341,0.00511,89.88,0.04513,0.00015
1779370678.2648,plane,2454,69,0.49385,0.00302,0.007479,1.19115,0.00681,89.78,0.00837,0.00048
1779370678.3769,plane,2455,69,0.49273,0.00298,0.007392,0.92843,0.00510,89.88,-0.01008,-0.00042
1779370678.4732,plane,2456,69,0.49225,0.00301,0.007438,0.95061,0.00525,89.89,-0.00490,0.00038
1779370678.5685,plane,2457,69,0.49248,0.00302,0.007455,0.98407,0.00540,89.88,0.00244,0.00009
1779370678.6647,plane,2458,69,0.49318,0.00303,0.007479,0.98674,0.00556,89.87,0.00724,0.00008
1779370678.7769,plane,2459,69,0.49247,0.00302,0.007453,0.96308,0.00547,89.89,-0.00629,-0.00008
1779370678.8725,plane,2460,69,0.49154,0.00302,0.007440,0.94191,0.00553,89.87,-0.00975,-0.00005
1779370678.9690,plane,2461,69,0.49210,0.00303,0.007470,0.95829,0.00537,89.88,0.00580,0.00015
1779370679.0656,plane,2462,69,0.49447,0.00304,0.007514,1.03507,0.00548,89.88,0.02453,0.00010
1779370679.1766,plane,2463,69,0.49425,0.00303,0.007499,0.99137,0.00566,89.88,-0.00197,-0.00007
1779370679.2724,plane,2464,69,0.49443,0.00304,0.007506,0.99608,0.00545,89.87,0.00183,0.00003
1779370679.3687,plane,2465,69,0.49416,0.00302,0.007473,0.99953,0.00525,89.88,-0.00274,-0.00017
1779370679.4616,plane,2466,69,0.49031,0.00298,0.007377,0.99107,0.00522,89.89,-0.04152,-0.00038
1779370679.5767,plane,2467,69,0.49402,0.00301,0.007460,1.03831,0.00537,89.88,0.03242,0.00027
1779370679.6743,plane,2468,69,0.49374,0.00303,0.007475,0.96122,0.00561,89.87,-0.00280,0.00013
1779370679.7692,plane,2469,69,0.48872,0.00294,0.007295,0.91734,0.00517,89.88,-0.05277,-0.00092
1779370679.8650,plane,2470,69,0.49165,0.00294,0.007312,0.95975,0.00506,89.88,0.03053,0.00002
1779370679.9767,plane,2471,69,0.48765,0.00297,0.007307,0.99094,0.00563,89.89,-0.03585,0.00022
1779370680.0730,plane,2472,69,0.49426,0.00303,0.007489,0.97433,0.00542,89.87,0.06867,0.00064
1779370680.1704,plane,2473,69,0.49561,0.00304,0.007523,1.01029,0.00562,89.87,0.01399,0.00014
1779370680.2655,plane,2474,69,0.49527,0.00305,0.007531,1.02354,0.00587,89.86,-0.00349,0.00005
1779370680.3774,plane,2475,69,0.49286,0.00306,0.007533,1.14665,0.00695,89.78,-0.02158,0.00015
1779370680.4734,plane,2476,69,0.49448,0.00306,0.007550,1.01604,0.00596,89.85,0.01705,0.00002
1779370680.5700,plane,2477,69,0.48715,0.00301,0.007368,0.94778,0.00540,89.88,-0.07555,-0.00054
1779370680.6649,plane,2478,69,0.48881,0.00302,0.007406,0.95732,0.00581,89.86,0.01748,0.00002
1779370680.7770,plane,2479,69,0.49139,0.00302,0.007446,1.01049,0.00583,89.80,0.02321,0.00002
1779370680.8720,plane,2480,69,0.49364,0.00304,0.007507,0.97191,0.00566,89.86,0.02348,0.00027
1779370680.9677,plane,2481,69,0.49539,0.00304,0.007517,1.04853,0.00546,89.87,0.01824,-0.00007
1779370681.0654,plane,2482,69,0.49516,0.00307,0.007573,1.04794,0.00595,89.86,-0.00228,0.00040
1779370681.1772,plane,2483,69,0.49280,0.00307,0.007536,1.07132,0.00651,89.78,-0.02104,-0.00006
1779370681.2728,plane,2484,69,0.49147,0.00303,0.007453,0.94453,0.00549,89.89,-0.01394,-0.00043
1779370681.3692,plane,2485,69,0.49284,0.00305,0.007502,0.96179,0.00564,89.87,0.01420,0.00023
1779370681.4659,plane,2486,69,0.49311,0.00304,0.007494,1.00794,0.00570,89.87,0.00284,-0.00010
1779370681.5773,plane,2487,69,0.49156,0.00303,0.007468,1.03093,0.00552,89.87,-0.01397,-0.00007
1779370681.6727,plane,2488,69,0.49376,0.00304,0.007502,1.02064,0.00564,89.86,0.02314,0.00008
1779370681.7686,plane,2489,69,0.49438,0.00305,0.007531,1.01754,0.00597,89.87,0.00648,0.00012
1779370681.8649,plane,2490,69,0.49355,0.00304,0.007512,1.12264,0.00644,89.78,-0.00866,-0.00007
1779370681.9761,plane,2491,69,0.49286,0.00303,0.007472,0.94596,0.00553,89.87,-0.00624,-0.00016
1779370682.0729,plane,2492,69,0.49305,0.00304,0.007492,0.97238,0.00575,89.86,0.00195,0.00014
1779370682.1685,plane,2493,69,0.49329,0.00301,0.007453,0.95978,0.00521,89.89,0.00249,-0.00025
1779370682.2646,plane,2494,69,0.49086,0.00300,0.007399,0.95826,0.00536,89.88,-0.02531,-0.00019
1779370682.3774,plane,2495,69,0.48961,0.00300,0.007389,0.95845,0.00625,89.81,-0.01110,0.00006
1779370682.4723,plane,2496,69,0.49041,0.00299,0.007380,0.91966,0.00561,89.88,0.00850,-0.00013
1779370682.5688,plane,2497,69,0.49256,0.00303,0.007477,1.08105,0.00663,89.77,0.02225,0.00041
1779370682.6644,plane,2498,69,0.49287,0.00301,0.007450,0.92710,0.00542,89.87,0.00327,-0.00018
1779370682.7765,plane,2499,69,0.49148,0.00300,0.007414,1.01467,0.00527,89.89,-0.01242,-0.00008
1779370682.8716,plane,2500,69,0.49349,0.00305,0.007516,1.07880,0.00653,89.78,0.02117,0.00048
1779370682.9687,plane,2501,69,0.49318,0.00305,0.007512,1.00195,0.00582,89.87,-0.00315,0.00001
1779370683.0651,plane,2502,69,0.49325,0.00302,0.007468,0.98709,0.00562,89.85,0.00078,-0.00031
1779370683.1768,plane,2503,69,0.49209,0.00299,0.007392,0.98361,0.00546,89.88,-0.01046,-0.00029
1779370683.2734,plane,2504,69,0.49166,0.00299,0.007385,0.99944,0.00522,89.88,-0.00442,-0.00002
1779370683.3691,plane,2505,69,0.49246,0.00299,0.007394,0.98068,0.00539,89.88,0.00836,-0.00001
1779370683.4643,plane,2506,69,0.49197,0.00302,0.007445,0.92566,0.00597,89.87,-0.00512,0.00041
1779370683.5756,plane,2507,69,0.49024,0.00300,0.007387,0.93876,0.00534,89.88,-0.01555,-0.00025
1779370683.6725,plane,2508,69,0.49291,0.00302,0.007458,0.96510,0.00544,89.88,0.02758,0.00027
1779370683.7684,plane,2509,69,0.49324,0.00303,0.007479,0.98210,0.00562,89.87,0.00335,0.00011
1779370683.8652,plane,2510,69,0.48300,0.00298,0.007268,1.08301,0.00562,89.85,-0.10605,-0.00057
1779370683.9770,plane,2511,69,0.49035,0.00295,0.007307,1.03917,0.00518,89.88,0.06570,-0.00026
1779370684.0733,plane,2512,69,0.49426,0.00302,0.007470,0.99582,0.00516,89.88,0.04081,0.00072
1779370684.1699,plane,2513,69,0.48989,0.00303,0.007451,1.06322,0.00691,89.77,-0.04483,0.00020
1779370684.2661,plane,2514,69,0.48542,0.00290,0.007173,0.99095,0.00514,89.89,-0.04670,-0.00145
1779370684.3763,plane,2515,69,0.48545,0.00285,0.007114,0.95206,0.00549,89.87,0.00026,-0.00037
1779370684.4736,plane,2516,69,0.48780,0.00290,0.007206,0.98575,0.00523,89.89,0.02416,0.00043
1779370684.5686,plane,2517,69,0.49402,0.00297,0.007399,0.95523,0.00529,89.88,0.06538,0.00080
1779370684.6654,plane,2518,69,0.49343,0.00300,0.007417,1.03085,0.00525,89.88,-0.00607,0.00026
1779370684.7772,plane,2519,69,0.49410,0.00303,0.007492,0.97764,0.00535,89.87,0.00590,0.00034
1779370684.8727,plane,2520,69,0.49508,0.00305,0.007541,1.04903,0.00587,89.86,0.01029,0.00019
1779370684.9697,plane,2521,69,0.49376,0.00306,0.007534,0.98821,0.00560,89.87,-0.01372,0.00007
1779370685.0695,plane,2522,69,0.49344,0.00302,0.007472,1.01577,0.00632,89.84,-0.00316,-0.00037
1779370685.1796,plane,2523,69,0.49036,0.00297,0.007348,0.92993,0.00519,89.89,-0.02801,-0.00049
1779370685.2740,plane,2524,69,0.48582,0.00290,0.007190,1.01350,0.00529,89.88,-0.04845,-0.00073
1779370685.3707,plane,2525,69,0.48579,0.00291,0.007202,1.01735,0.00528,89.89,-0.00035,0.00011
1779370685.4655,plane,2526,69,0.48904,0.00295,0.007302,0.99536,0.00517,89.89,0.03429,0.00043
1779370685.5776,plane,2527,69,0.49454,0.00300,0.007446,0.96670,0.00527,89.87,0.04903,0.00045
1779370685.6726,plane,2528,69,0.49367,0.00296,0.007375,1.02781,0.00531,89.87,-0.00911,-0.00046
1779370685.7699,plane,2529,69,0.49622,0.00305,0.007553,1.04377,0.00589,89.86,0.02621,0.00099
1779370685.8651,plane,2530,69,0.49488,0.00304,0.007511,0.98141,0.00548,89.87,-0.01412,-0.00017
1779370685.9766,plane,2531,69,0.49087,0.00298,0.007387,1.00015,0.00535,89.88,-0.03597,-0.00047
1779370686.0736,plane,2532,69,0.48804,0.00294,0.007273,1.01592,0.00526,89.88,-0.02917,-0.00048
1779370686.1698,plane,2533,69,0.48581,0.00289,0.007165,0.98880,0.00533,89.88,-0.02312,-0.00053
1779370686.2656,plane,2534,69,0.49352,0.00297,0.007392,0.99109,0.00532,89.88,0.08063,0.00088
1779370686.3778,plane,2535,69,0.49609,0.00306,0.007567,1.01254,0.00589,89.86,0.02294,0.00079
1779370686.4727,plane,2536,69,0.49407,0.00307,0.007555,1.03249,0.00603,89.86,-0.02125,0.00010
1779370686.5694,plane,2537,69,0.49384,0.00303,0.007485,0.94755,0.00553,89.86,-0.00239,-0.00039
1779370686.6646,plane,2538,69,0.49168,0.00300,0.007406,0.96608,0.00540,89.88,-0.02265,-0.00033
1779370686.7774,plane,2539,69,0.49297,0.00303,0.007463,0.94670,0.00556,89.87,0.01145,0.00022
1779370686.8736,plane,2540,69,0.49309,0.00301,0.007434,0.99428,0.00541,89.88,0.00119,-0.00022
1779370686.9694,plane,2541,69,0.49296,0.00303,0.007477,0.93039,0.00557,89.87,-0.00132,0.00027
1779370687.0659,plane,2542,69,0.49101,0.00300,0.007404,0.90932,0.00509,89.88,-0.02038,-0.00030
1779370687.1776,plane,2543,69,0.49328,0.00304,0.007501,1.00239,0.00578,89.86,0.02023,0.00034
1779370687.2722,plane,2544,69,0.49557,0.00305,0.007546,1.05920,0.00561,89.87,0.02410,0.00011
1779370687.3691,plane,2545,69,0.49478,0.00306,0.007545,1.03880,0.00574,89.87,-0.00810,0.00004
1779370687.4655,plane,2546,69,0.49297,0.00301,0.007450,0.92810,0.00542,89.87,-0.01879,-0.00043
1779370687.5774,plane,2547,69,0.49116,0.00300,0.007417,0.94371,0.00542,89.87,-0.01618,-0.00009
1779370687.6731,plane,2548,69,0.49140,0.00297,0.007356,0.99417,0.00528,89.89,0.00253,-0.00034
1779370687.7684,plane,2549,69,0.49139,0.00301,0.007438,0.98239,0.00535,89.88,-0.00012,0.00042
1779370687.8655,plane,2550,69,0.49462,0.00302,0.007484,1.03024,0.00542,89.88,0.03334,0.00013
1779370687.9773,plane,2551,69,0.49514,0.00304,0.007526,1.04373,0.00558,89.87,0.00459,0.00017
1779370688.0721,plane,2552,69,0.49190,0.00303,0.007458,0.94033,0.00574,89.87,-0.03417,-0.00017
1779370688.1690,plane,2553,69,0.49475,0.00306,0.007555,1.03538,0.00588,89.86,0.02944,0.00036
1779370688.2651,plane,2554,69,0.49523,0.00306,0.007543,1.05211,0.00575,89.86,0.00503,-0.00007
1779370688.3775,plane,2555,69,0.49368,0.00305,0.007512,1.01842,0.00552,89.86,-0.01382,-0.00009
1779370688.4728,plane,2556,69,0.49515,0.00307,0.007565,1.08087,0.00619,89.86,0.01545,0.00020
1779370688.5694,plane,2557,69,0.49411,0.00303,0.007502,0.97631,0.00581,89.86,-0.01075,-0.00031
1779370688.6644,plane,2558,69,0.49168,0.00297,0.007363,0.98718,0.00499,89.90,-0.02557,-0.00070
1779370688.7775,plane,2559,69,0.48815,0.00296,0.007304,1.00100,0.00539,89.89,-0.03120,-0.00006
1779370688.8730,plane,2560,69,0.49046,0.00297,0.007356,0.98268,0.00524,89.89,0.02414,0.00013
1779370688.9690,plane,2561,69,0.49354,0.00295,0.007358,0.98793,0.00540,89.88,0.03206,-0.00027
1779370689.0649,plane,2562,69,0.48858,0.00295,0.007287,1.00696,0.00521,89.89,-0.05166,-0.00002
1779370689.1768,plane,2563,69,0.48759,0.00295,0.007280,1.01653,0.00526,89.89,-0.00882,0.00004
1779370689.2738,plane,2564,69,0.49304,0.00298,0.007402,0.97197,0.00522,89.88,0.05623,0.00033
1779370689.3689,plane,2565,69,0.48995,0.00297,0.007341,1.02003,0.00522,89.89,-0.03245,-0.00013
1779370689.4645,plane,2566,69,0.49385,0.00304,0.007499,0.96631,0.00558,89.85,0.04079,0.00071
1779370689.5776,plane,2567,69,0.49471,0.00306,0.007550,1.00003,0.00580,89.86,0.00756,0.00020
1779370689.6728,plane,2568,69,0.49261,0.00302,0.007463,0.97852,0.00561,89.88,-0.02201,-0.00039
1779370689.7700,plane,2569,69,0.49003,0.00296,0.007333,0.97212,0.00511,89.90,-0.02655,-0.00063
1779370689.8656,plane,2570,69,0.48946,0.00296,0.007326,0.94409,0.00512,89.88,-0.00599,-0.00001
1779370689.9769,plane,2571,69,0.48889,0.00298,0.007345,0.93397,0.00522,89.89,-0.00512,0.00014
1779370690.0723,plane,2572,69,0.49185,0.00301,0.007428,0.94958,0.00556,89.89,0.03097,0.00034
1779370690.1692,plane,2573,69,0.49534,0.00304,0.007507,1.02324,0.00579,89.87,0.03604,0.00026
1779370690.2649,plane,2574,69,0.49443,0.00305,0.007524,1.02373,0.00570,89.86,-0.00952,0.00011
1779370690.3767,plane,2575,69,0.49501,0.00306,0.007548,1.02659,0.00614,89.86,0.00526,0.00009
1779370690.4736,plane,2576,69,0.48772,0.00295,0.007284,0.93354,0.00517,89.88,-0.07561,-0.00112
1779370690.5690,plane,2577,69,0.49008,0.00299,0.007385,0.93383,0.00525,89.88,0.02466,0.00049
1779370690.6652,plane,2578,69,0.49448,0.00302,0.007485,1.00533,0.00561,89.86,0.04563,0.00032
1779370690.7778,plane,2579,69,0.49491,0.00303,0.007504,0.97039,0.00555,89.86,0.00389,0.00009
1779370690.8729,plane,2580,69,0.49226,0.00303,0.007467,0.95161,0.00546,89.87,-0.02798,-0.00006
1779370690.9699,plane,2581,69,0.49448,0.00305,0.007523,1.01207,0.00552,89.86,0.02311,0.00018
1779370691.0650,plane,2582,69,0.49469,0.00305,0.007528,1.02885,0.00548,89.86,0.00220,0.00000
1779370691.1776,plane,2583,69,0.49307,0.00302,0.007467,0.98611,0.00567,89.87,-0.01436,-0.00022
1779370691.2729,plane,2584,69,0.49132,0.00300,0.007406,0.93610,0.00572,89.86,-0.01846,-0.00021
1779370691.3694,plane,2585,69,0.49241,0.00300,0.007428,0.94982,0.00540,89.87,0.01130,0.00003
1779370691.4650,plane,2586,69,0.49200,0.00303,0.007458,0.90288,0.00551,89.88,-0.00422,0.00024
1779370691.5773,plane,2587,69,0.48964,0.00300,0.007382,1.00297,0.00567,89.87,-0.02100,-0.00023
1779370691.6730,plane,2588,69,0.49063,0.00300,0.007395,0.94626,0.00568,89.87,0.01035,-0.00001
1779370691.7696,plane,2589,69,0.49320,0.00304,0.007487,0.99362,0.00531,89.88,0.02660,0.00039
1779370691.8657,plane,2590,69,0.48967,0.00296,0.007333,1.00335,0.00518,89.89,-0.03663,-0.00075
1779370691.9774,plane,2591,69,0.48861,0.00294,0.007278,0.98448,0.00508,89.89,-0.00951,-0.00024
1779370692.0729,plane,2592,69,0.49436,0.00298,0.007409,0.99270,0.00520,89.89,0.06022,0.00041
1779370692.1688,plane,2593,69,0.49268,0.00304,0.007490,0.96342,0.00542,89.87,-0.01743,0.00064
1779370692.2650,plane,2594,69,0.49349,0.00302,0.007475,0.96872,0.00547,89.88,0.00842,-0.00015
1779370692.3760,plane,2595,69,0.49160,0.00303,0.007460,0.92288,0.00560,89.86,-0.01704,0.00005
1779370692.4735,plane,2596,69,0.49124,0.00298,0.007375,0.98301,0.00531,89.89,-0.00374,-0.00047
1779370692.5692,plane,2597,69,0.48927,0.00297,0.007326,0.97326,0.00520,89.88,-0.02066,-0.00016
1779370692.6655,plane,2598,69,0.49323,0.00301,0.007456,0.94302,0.00526,89.88,0.04113,0.00047
1779370692.7762,plane,2599,69,0.48833,0.00299,0.007362,0.90741,0.00544,89.87,-0.04412,-0.00020
1779370692.8730,plane,2600,69,0.49240,0.00303,0.007472,0.97136,0.00559,89.87,0.04212,0.00037
1779370692.9689,plane,2601,69,0.49306,0.00302,0.007462,0.98206,0.00535,89.88,0.00688,-0.00006
1779370693.0642,plane,2602,69,0.49191,0.00299,0.007395,0.98199,0.00530,89.89,-0.01202,-0.00033
1779370693.1757,plane,2603,69,0.49097,0.00295,0.007333,0.97015,0.00540,89.87,-0.00846,-0.00034
1779370693.2731,plane,2604,69,0.49272,0.00302,0.007455,0.94484,0.00550,89.87,0.01803,0.00068
1779370693.3694,plane,2605,69,0.48809,0.00298,0.007328,0.97292,0.00580,89.80,-0.04804,-0.00044
1779370693.4653,plane,2606,69,0.48926,0.00300,0.007384,1.05332,0.00580,89.79,0.01217,0.00023
1779370693.5767,plane,2607,69,0.49102,0.00300,0.007406,0.94383,0.00543,89.87,0.01582,0.00003
1779370693.6729,plane,2608,69,0.49318,0.00302,0.007467,0.93838,0.00539,89.87,0.02238,0.00025
1779370693.7687,plane,2609,69,0.49209,0.00301,0.007429,0.98737,0.00543,89.89,-0.01131,-0.00020
1779370693.8651,plane,2610,69,0.48949,0.00298,0.007360,0.94844,0.00581,89.81,-0.02694,-0.00022
1779370693.9767,plane,2611,69,0.49036,0.00300,0.007397,1.00292,0.00513,89.89,0.00779,0.00012
1779370694.0730,plane,2612,69,0.48974,0.00299,0.007372,0.93267,0.00500,89.89,-0.00648,-0.00008
1779370694.1694,plane,2613,69,0.49143,0.00297,0.007365,0.90780,0.00521,89.89,0.01755,-0.00021
1779370694.2650,plane,2614,69,0.49359,0.00302,0.007463,1.00092,0.00548,89.88,0.02259,0.00054
1779370694.3773,plane,2615,69,0.49354,0.00302,0.007468,0.99074,0.00546,89.86,-0.00049,-0.00005
1779370694.4740,plane,2616,69,0.49216,0.00302,0.007445,0.96285,0.00532,89.88,-0.01432,-0.00002
1779370694.5699,plane,2617,69,0.49292,0.00301,0.007440,0.98346,0.00521,89.88,0.00792,-0.00008
1779370694.6652,plane,2618,69,0.49312,0.00300,0.007441,0.97981,0.00547,89.87,0.00205,-0.00004
1779370694.7775,plane,2619,69,0.49041,0.00299,0.007373,0.88903,0.00576,89.87,-0.02410,-0.00013
1779370694.8729,plane,2620,69,0.49096,0.00299,0.007387,0.93441,0.00547,89.87,0.00574,0.00002
1779370694.9682,plane,2621,69,0.49195,0.00300,0.007412,0.93619,0.00546,89.87,0.01041,0.00008
1779370695.0660,plane,2622,69,0.48983,0.00299,0.007370,0.95066,0.00542,89.88,-0.02190,-0.00010
1779370695.1780,plane,2623,69,0.49147,0.00300,0.007411,0.99091,0.00523,89.89,0.01449,0.00007
1779370695.2726,plane,2624,69,0.49015,0.00298,0.007365,0.94903,0.00509,89.89,-0.01387,-0.00018
1779370695.3682,plane,2625,69,0.49290,0.00301,0.007438,0.99086,0.00545,89.88,0.02892,0.00026
1779370695.4647,plane,2626,69,0.49278,0.00302,0.007453,0.92116,0.00586,89.86,-0.00120,0.00010
1779370695.5771,plane,2627,69,0.49274,0.00300,0.007416,0.95148,0.00529,89.88,-0.00035,-0.00018
1779370695.6734,plane,2628,69,0.48858,0.00296,0.007329,0.95809,0.00528,89.88,-0.04330,-0.00033
1779370695.7686,plane,2629,69,0.49091,0.00297,0.007358,0.98207,0.00527,89.89,0.02447,0.00009
1779370695.8657,plane,2630,69,0.49090,0.00298,0.007380,0.93994,0.00514,89.88,-0.00009,0.00010
1779370695.9769,plane,2631,69,0.49470,0.00305,0.007538,1.00574,0.00574,89.86,0.03403,0.00063
1779370696.0725,plane,2632,69,0.49229,0.00298,0.007395,0.95692,0.00514,89.88,-0.02520,-0.00073
1779370696.1694,plane,2633,69,0.49519,0.00300,0.007453,1.04466,0.00537,89.87,0.02991,0.00017
1779370696.2649,plane,2634,69,0.48655,0.00293,0.007246,0.99224,0.00538,89.89,-0.09037,-0.00069
1779370696.3771,plane,2635,69,0.48430,0.00294,0.007219,1.14643,0.00557,89.87,-0.02003,0.00003
1779370696.4729,plane,2636,69,0.48785,0.00292,0.007241,1.01225,0.00537,89.88,0.03711,-0.00017
1779370696.5692,plane,2637,69,0.49110,0.00298,0.007373,0.95468,0.00546,89.89,0.03361,0.00062
1779370696.6645,plane,2638,69,0.49020,0.00300,0.007395,0.93986,0.00551,89.86,-0.00944,0.00020
1779370696.7771,plane,2639,69,0.49054,0.00297,0.007348,0.96221,0.00523,89.89,0.00301,-0.00025
1779370696.8727,plane,2640,69,0.49312,0.00299,0.007421,1.03369,0.00531,89.88,0.02702,0.00023
1779370696.9686,plane,2641,69,0.49235,0.00300,0.007421,0.94667,0.00573,89.86,-0.00803,0.00009
1779370697.0645,plane,2642,69,0.49438,0.00305,0.007521,1.02216,0.00550,89.86,0.02107,0.00046
1779370697.1765,plane,2643,69,0.49461,0.00304,0.007512,1.05032,0.00554,89.87,0.00208,-0.00007
1779370697.2727,plane,2644,69,0.49399,0.00301,0.007451,0.98281,0.00546,89.87,-0.00642,-0.00034
1779370697.3690,plane,2645,69,0.49105,0.00300,0.007399,0.94004,0.00518,89.88,-0.03056,-0.00011
1779370697.4646,plane,2646,69,0.49463,0.00300,0.007448,0.96402,0.00520,89.88,0.03750,0.00006
1779370697.5763,plane,2647,69,0.49232,0.00302,0.007458,0.96585,0.00590,89.86,-0.02068,0.00016
1779370697.6730,plane,2648,69,0.49087,0.00302,0.007441,0.95666,0.00547,89.87,-0.01503,0.00001
1779370697.7689,plane,2649,69,0.49067,0.00300,0.007402,1.03333,0.00580,89.80,-0.00206,-0.00024
1779370697.8655,plane,2650,69,0.49175,0.00302,0.007440,0.94964,0.00565,89.86,0.01116,0.00018
1779370697.9771,plane,2651,69,0.49328,0.00300,0.007428,1.01383,0.00547,89.88,0.01368,-0.00014
1779370698.0730,plane,2652,69,0.48921,0.00297,0.007341,0.98740,0.00568,89.80,-0.04238,-0.00028
1779370698.1690,plane,2653,69,0.48974,0.00297,0.007350,0.94298,0.00510,89.88,0.00549,-0.00003
1779370698.2653,plane,2654,69,0.49000,0.00296,0.007323,0.97016,0.00514,89.90,0.00278,-0.00014
1779370698.3780,plane,2655,69,0.49147,0.00298,0.007370,0.97036,0.00524,89.89,0.01302,0.00020
1779370698.4739,plane,2656,69,0.49432,0.00300,0.007448,1.00586,0.00523,89.88,0.02959,0.00019
1779370698.5680,plane,2657,69,0.49366,0.00300,0.007429,0.95475,0.00530,89.87,-0.00699,-0.00002
1779370698.6655,plane,2658,69,0.49338,0.00301,0.007445,0.99157,0.00532,89.88,-0.00287,0.00016
1779370698.7774,plane,2659,69,0.49497,0.00302,0.007479,1.00580,0.00546,89.87,0.01414,0.00006
1779370698.8718,plane,2660,69,0.49109,0.00301,0.007416,0.94556,0.00553,89.87,-0.04109,-0.00007
1779370698.9697,plane,2661,69,0.49337,0.00300,0.007421,0.99788,0.00519,89.89,0.02338,-0.00015
1779370699.0658,plane,2662,69,0.49445,0.00302,0.007473,0.97438,0.00521,89.88,0.01115,0.00021
1779370699.1776,plane,2663,69,0.49061,0.00299,0.007389,0.91949,0.00533,89.87,-0.03445,-0.00022
1779370699.2740,plane,2664,69,0.49297,0.00299,0.007414,0.96467,0.00516,89.89,0.02454,-0.00003
1779370699.3697,plane,2665,69,0.49100,0.00296,0.007346,0.99325,0.00520,89.89,-0.02052,-0.00027
1779370699.4647,plane,2666,69,0.48957,0.00299,0.007367,0.97851,0.00527,89.89,-0.01502,0.00028
1779370699.5776,plane,2667,69,0.49099,0.00300,0.007406,0.95295,0.00519,89.89,0.01260,0.00007
1779370699.6735,plane,2668,69,0.49221,0.00300,0.007411,0.94890,0.00515,89.89,0.01270,-0.00002
1779370699.7692,plane,2669,69,0.49360,0.00303,0.007475,0.96331,0.00564,89.86,0.01446,0.00035
1779370699.8661,plane,2670,69,0.49346,0.00302,0.007472,0.98576,0.00543,89.86,-0.00140,-0.00008
1779370699.9775,plane,2671,69,0.49420,0.00305,0.007521,1.03102,0.00561,89.87,0.00659,0.00021
1779370700.0735,plane,2672,69,0.49338,0.00303,0.007494,0.99198,0.00548,89.87,-0.00851,-0.00013
1779370700.1688,plane,2673,69,0.49353,0.00302,0.007468,1.00870,0.00549,89.87,0.00155,-0.00017
1779370700.2647,plane,2674,69,0.49186,0.00302,0.007431,1.00157,0.00536,89.87,-0.01738,-0.00002
1779370700.3772,plane,2675,69,0.49341,0.00303,0.007475,0.95580,0.00554,89.86,0.01375,0.00011
1779370700.4733,plane,2676,69,0.49211,0.00301,0.007431,0.97552,0.00553,89.88,-0.01344,-0.00016
1779370700.5694,plane,2677,69,0.49296,0.00302,0.007463,0.94162,0.00544,89.87,0.00878,0.00012
1779370700.6650,plane,2678,69,0.49352,0.00302,0.007467,0.96397,0.00563,89.86,0.00593,-0.00003
1779370700.7778,plane,2679,69,0.49248,0.00301,0.007436,0.93081,0.00535,89.88,-0.00927,-0.00010
1779370700.8727,plane,2680,69,0.49423,0.00303,0.007492,0.97197,0.00548,89.86,0.01828,0.00023
1779370700.9693,plane,2681,69,0.49393,0.00301,0.007456,0.93194,0.00539,89.87,-0.00306,-0.00018
1779370701.0646,plane,2682,69,0.49408,0.00302,0.007479,1.03305,0.00535,89.88,0.00149,0.00011
1779370701.1767,plane,2683,69,0.49329,0.00301,0.007453,0.97259,0.00528,89.88,-0.00702,-0.00008
1779370701.2732,plane,2684,69,0.49491,0.00303,0.007506,1.03862,0.00562,89.87,0.01684,0.00018
1779370701.3690,plane,2685,69,0.49376,0.00302,0.007468,0.98772,0.00519,89.88,-0.01191,-0.00013
1779370701.4654,plane,2686,69,0.49201,0.00302,0.007451,0.97316,0.00555,89.88,-0.01821,0.00003
1779370701.5778,plane,2687,69,0.49113,0.00301,0.007417,0.90971,0.00550,89.87,-0.00786,-0.00013
1779370701.6739,plane,2688,69,0.49320,0.00304,0.007494,0.94673,0.00550,89.87,0.02168,0.00035
1779370701.7690,plane,2689,69,0.49351,0.00303,0.007477,0.98649,0.00550,89.87,0.00322,-0.00015
1779370701.8652,plane,2690,69,0.49236,0.00303,0.007458,0.92200,0.00530,89.88,-0.01189,-0.00001
1779370701.9779,plane,2691,69,0.49254,0.00304,0.007482,0.96945,0.00547,89.87,0.00159,0.00011
1779370702.0738,plane,2692,69,0.49212,0.00302,0.007441,0.97368,0.00534,89.87,-0.00434,-0.00019
1779370702.1687,plane,2693,69,0.49348,0.00302,0.007475,1.01659,0.00556,89.88,0.01431,0.00005
1779370702.2660,plane,2694,69,0.49363,0.00302,0.007465,0.98501,0.00558,89.86,0.00153,-0.00008
1779370702.3772,plane,2695,69,0.49315,0.00301,0.007448,0.97727,0.00556,89.88,-0.00430,-0.00002
1779370702.4728,plane,2696,69,0.48901,0.00299,0.007365,0.94738,0.00559,89.86,-0.04346,-0.00026
1779370702.5689,plane,2697,69,0.48914,0.00296,0.007314,0.93438,0.00535,89.89,0.00139,-0.00032
1779370702.6651,plane,2698,69,0.49350,0.00301,0.007445,0.96788,0.00539,89.87,0.04527,0.00047
1779370702.7766,plane,2699,69,0.49365,0.00302,0.007470,0.96821,0.00533,89.88,0.00135,0.00012
1779370702.8743,plane,2700,69,0.49026,0.00300,0.007397,0.96405,0.00547,89.89,-0.03494,-0.00018
1779370702.9695,plane,2701,69,0.49366,0.00302,0.007467,0.95845,0.00529,89.87,0.03533,0.00017
1779370703.0651,plane,2702,69,0.49058,0.00300,0.007389,0.99080,0.00559,89.88,-0.03214,-0.00020
1779370703.1765,plane,2703,69,0.49302,0.00303,0.007489,0.97137,0.00568,89.86,0.02197,0.00032
1779370703.2737,plane,2704,69,0.49324,0.00301,0.007448,1.00013,0.00559,89.88,0.00230,-0.00024
1779370703.3687,plane,2705,69,0.49366,0.00303,0.007485,0.96131,0.00562,89.88,0.00444,0.00025
1779370703.4656,plane,2706,69,0.49445,0.00305,0.007533,1.03888,0.00564,89.87,0.00812,0.00021
1779370703.5767,plane,2707,69,0.49469,0.00306,0.007545,1.00426,0.00575,89.86,0.00219,0.00003
1779370703.6733,plane,2708,69,0.49266,0.00303,0.007475,0.93364,0.00563,89.87,-0.02104,-0.00027
1779370703.7687,plane,2709,69,0.49361,0.00303,0.007484,1.01676,0.00543,89.88,0.01002,-0.00004
1779370703.8653,plane,2710,69,0.49182,0.00302,0.007451,1.04038,0.00553,89.87,-0.01856,-0.00007
1779370703.9776,plane,2711,69,0.49472,0.00304,0.007516,0.99210,0.00536,89.87,0.02586,0.00016
1779370704.0728,plane,2712,69,0.49149,0.00298,0.007377,0.93195,0.00522,89.88,-0.03400,-0.00061
1779370704.1700,plane,2713,69,0.49320,0.00302,0.007472,0.96718,0.00581,89.86,0.01764,0.00045
1779370704.2645,plane,2714,69,0.49108,0.00300,0.007395,0.96944,0.00557,89.81,-0.02236,-0.00031
1779370704.3773,plane,2715,69,0.48770,0.00296,0.007290,0.93681,0.00595,89.87,-0.02997,-0.00029
1779370704.4729,plane,2716,69,0.49169,0.00296,0.007346,0.99792,0.00531,89.89,0.04164,0.00003
1779370704.5688,plane,2717,69,0.49557,0.00300,0.007468,1.03259,0.00527,89.88,0.04053,0.00040
1779370704.6649,plane,2718,69,0.49330,0.00303,0.007482,1.01180,0.00590,89.87,-0.02369,0.00024
1779370704.7770,plane,2719,69,0.49463,0.00305,0.007533,1.05972,0.00586,89.86,0.01184,0.00019
1779370704.8727,plane,2720,69,0.49338,0.00300,0.007431,0.95708,0.00551,89.87,-0.01308,-0.00053
1779370704.9692,plane,2721,69,0.49343,0.00299,0.007424,0.98302,0.00521,89.89,0.00059,-0.00006
1779370705.0651,plane,2722,69,0.49225,0.00302,0.007456,0.97176,0.00575,89.86,-0.01234,0.00030
1779370705.1774,plane,2723,69,0.49420,0.00302,0.007473,1.00901,0.00546,89.88,0.01745,-0.00003
1779370705.2728,plane,2724,69,0.49018,0.00303,0.007443,1.00043,0.00585,89.80,-0.04217,0.00013
1779370705.3693,plane,2725,69,0.49334,0.00304,0.007489,0.96321,0.00573,89.86,0.03264,0.00006
1779370705.4643,plane,2726,69,0.49451,0.00303,0.007485,0.93729,0.00545,89.86,0.01233,-0.00008
1779370705.5774,plane,2727,69,0.49517,0.00301,0.007472,1.06384,0.00542,89.88,0.00587,-0.00014
1779370705.6724,plane,2728,69,0.49302,0.00300,0.007431,0.98411,0.00532,89.88,-0.02251,-0.00013
1779370705.7689,plane,2729,69,0.49343,0.00304,0.007490,0.97470,0.00544,89.87,0.00417,0.00037
1779370705.8650,plane,2730,69,0.49343,0.00302,0.007472,0.99326,0.00533,89.88,0.00001,-0.00015
1779370705.9766,plane,2731,69,0.49253,0.00302,0.007458,0.96621,0.00545,89.88,-0.00802,-0.00002
1779370706.0732,plane,2732,69,0.49396,0.00303,0.007484,1.02811,0.00543,89.87,0.01472,0.00007
1779370706.1683,plane,2733,69,0.49523,0.00304,0.007523,1.01582,0.00587,89.85,0.01343,0.00019
1779370706.2650,plane,2734,69,0.49477,0.00304,0.007514,1.03879,0.00544,89.88,-0.00475,-0.00005
1779370706.3768,plane,2735,69,0.49496,0.00305,0.007529,1.05377,0.00569,89.87,0.00164,0.00006
1779370706.4728,plane,2736,69,0.49458,0.00304,0.007523,0.99470,0.00581,89.85,-0.00390,-0.00001
1779370706.5696,plane,2737,69,0.49526,0.00306,0.007553,1.04447,0.00568,89.85,0.00696,0.00015
1779370706.6650,plane,2738,69,0.49482,0.00306,0.007555,1.03514,0.00588,89.86,-0.00459,0.00003
1779370706.7776,plane,2739,69,0.49583,0.00307,0.007582,1.07434,0.00610,89.85,0.00899,0.00007
1779370706.8729,plane,2740,69,0.49554,0.00306,0.007553,1.00474,0.00582,89.86,-0.00308,-0.00015
1779370706.9686,plane,2741,69,0.49461,0.00305,0.007531,1.01356,0.00594,89.87,-0.00970,-0.00008
1779370707.0652,plane,2742,69,0.49319,0.00307,0.007543,1.22327,0.00704,89.79,-0.01482,0.00019
1779370707.1778,plane,2743,69,0.49526,0.00307,0.007575,1.01447,0.00581,89.87,0.01840,0.00004
1779370707.2729,plane,2744,69,0.49030,0.00303,0.007434,0.97748,0.00567,89.87,-0.05215,-0.00047
1779370707.3693,plane,2745,69,0.49511,0.00306,0.007551,1.05480,0.00576,89.86,0.04990,0.00034
1779370707.4642,plane,2746,69,0.49404,0.00303,0.007492,1.01216,0.00577,89.86,-0.01126,-0.00031
1779370707.5775,plane,2747,69,0.49437,0.00306,0.007543,1.14209,0.00657,89.77,0.00293,0.00024
1779370707.6733,plane,2748,69,0.49346,0.00303,0.007487,0.95685,0.00566,89.86,-0.00958,-0.00028
1779370707.7697,plane,2749,69,0.49367,0.00305,0.007528,1.00306,0.00581,89.86,0.00222,0.00025
1779370707.8649,plane,2750,69,0.49527,0.00305,0.007543,1.05959,0.00606,89.85,0.01672,-0.00002
1779370707.9771,plane,2751,69,0.49419,0.00305,0.007528,1.02084,0.00554,89.88,-0.00965,-0.00005
1779370708.0741,plane,2752,69,0.49385,0.00307,0.007560,1.20187,0.00717,89.78,-0.00351,0.00024
1779370708.1695,plane,2753,69,0.49399,0.00304,0.007506,0.99638,0.00543,89.87,0.00148,-0.00035
1779370708.2652,plane,2754,69,0.49339,0.00305,0.007523,1.13929,0.00639,89.78,-0.00622,0.00015
1779370708.3781,plane,2755,69,0.49418,0.00305,0.007521,1.01299,0.00580,89.86,0.00698,-0.00003
1779370708.4731,plane,2756,69,0.49432,0.00306,0.007541,0.99665,0.00571,89.86,0.00147,0.00012
1779370708.5685,plane,2757,69,0.49488,0.00305,0.007543,1.03430,0.00564,89.87,0.00594,-0.00006
1779370708.6658,plane,2758,69,0.49459,0.00304,0.007516,1.01571,0.00580,89.86,-0.00305,-0.00010
1779370708.7779,plane,2759,69,0.49423,0.00305,0.007529,0.98001,0.00559,89.86,-0.00320,0.00007
1779370708.8728,plane,2760,69,0.49492,0.00306,0.007548,1.16201,0.00700,89.77,0.00729,0.00006
1779370708.9694,plane,2761,69,0.49418,0.00306,0.007548,1.06666,0.00622,89.85,-0.00766,0.00003
1779370709.0660,plane,2762,69,0.49441,0.00308,0.007585,1.18172,0.00687,89.77,0.00229,0.00023
1779370709.1768,plane,2763,69,0.49419,0.00307,0.007562,1.03008,0.00553,89.86,-0.00197,-0.00011
1779370709.2729,plane,2764,69,0.49451,0.00307,0.007558,1.21080,0.00646,89.78,0.00339,-0.00001
1779370709.3687,plane,2765,69,0.49439,0.00305,0.007533,1.00822,0.00588,89.86,-0.00133,-0.00017
1779370709.4654,plane,2766,69,0.49425,0.00305,0.007531,1.04042,0.00588,89.86,-0.00139,-0.00002
1779370709.5775,plane,2767,69,0.49068,0.00300,0.007401,0.93579,0.00535,89.88,-0.03204,-0.00046
1779370709.6737,plane,2768,69,0.49437,0.00306,0.007536,1.05939,0.00558,89.87,0.03824,0.00058
1779370709.7701,plane,2769,69,0.49262,0.00303,0.007470,0.93032,0.00559,89.87,-0.01815,-0.00025
1779370709.8656,plane,2770,69,0.49467,0.00306,0.007545,1.05233,0.00587,89.86,0.02155,0.00028
1779370709.9783,plane,2771,69,0.49544,0.00307,0.007567,1.05204,0.00638,89.85,0.00684,0.00008
1779370710.0731,plane,2772,69,0.49589,0.00307,0.007582,1.08341,0.00635,89.85,0.00466,0.00005
1779370710.1699,plane,2773,69,0.49492,0.00307,0.007570,1.18146,0.00651,89.78,-0.01011,0.00000
1779370710.2654,plane,2774,69,0.49585,0.00308,0.007587,1.05652,0.00595,89.86,0.00970,0.00005
1779370710.3767,plane,2775,69,0.49418,0.00309,0.007587,1.21040,0.00736,89.77,-0.01501,0.00010
1779370710.4735,plane,2776,69,0.49352,0.00308,0.007573,1.22530,0.00758,89.77,-0.00690,-0.00006
1779370710.5695,plane,2777,69,0.49414,0.00306,0.007546,1.04045,0.00580,89.86,0.00642,-0.00019
1779370710.6648,plane,2778,69,0.49369,0.00305,0.007524,0.97941,0.00569,89.86,-0.00471,-0.00009
1779370710.7763,plane,2779,69,0.49460,0.00306,0.007548,1.21683,0.00705,89.78,0.00818,0.00008
1779370710.8729,plane,2780,69,0.49511,0.00305,0.007528,1.07631,0.00549,89.88,0.00525,-0.00017
1779370710.9689,plane,2781,69,0.49411,0.00306,0.007536,1.02514,0.00575,89.87,-0.01045,0.00009
1779370711.0648,plane,2782,69,0.49584,0.00308,0.007601,1.01132,0.00578,89.86,0.01810,0.00027
1779370711.1778,plane,2783,69,0.49438,0.00307,0.007568,1.17854,0.00762,89.77,-0.01301,-0.00006
1779370711.2732,plane,2784,69,0.49504,0.00308,0.007594,1.20184,0.00695,89.78,0.00691,0.00012
1779370711.3695,plane,2785,69,0.49539,0.00307,0.007577,1.04630,0.00582,89.86,0.00361,-0.00015
1779370711.4647,plane,2786,69,0.49508,0.00307,0.007575,1.04883,0.00589,89.87,-0.00327,0.00003
1779370711.5773,plane,2787,69,0.49421,0.00307,0.007555,1.19266,0.00688,89.78,-0.00772,-0.00005
1779370711.6732,plane,2788,69,0.49381,0.00307,0.007562,1.26138,0.00781,89.77,-0.00412,0.00005
1779370711.7685,plane,2789,69,0.49429,0.00306,0.007540,1.04330,0.00578,89.86,0.00503,-0.00016
1779370711.8652,plane,2790,69,0.49417,0.00308,0.007572,1.19147,0.00671,89.77,-0.00129,0.00023
1779370711.9759,plane,2791,69,0.49488,0.00307,0.007563,1.04399,0.00592,89.86,0.00640,-0.00011
1779370712.0730,plane,2792,69,0.49382,0.00304,0.007512,0.98558,0.00571,89.86,-0.01087,-0.00022
1779370712.1684,plane,2793,69,0.49619,0.00307,0.007579,1.06742,0.00587,89.86,0.02474,0.00024
1779370712.2659,plane,2794,69,0.49573,0.00308,0.007589,1.09337,0.00612,89.85,-0.00477,0.00010
1779370712.3766,plane,2795,69,0.49540,0.00307,0.007580,1.08849,0.00601,89.86,-0.00295,-0.00003
1779370712.4725,plane,2796,69,0.49424,0.00307,0.007556,1.03382,0.00573,89.87,-0.01210,-0.00006
1779370712.5692,plane,2797,69,0.49512,0.00308,0.007589,1.05053,0.00600,89.86,0.00912,0.00012
1779370712.6654,plane,2798,69,0.49311,0.00307,0.007553,1.18483,0.00691,89.79,-0.02091,-0.00007
1779370712.7768,plane,2799,69,0.49495,0.00305,0.007546,1.04494,0.00573,89.86,0.01648,-0.00016
1779370712.8729,plane,2800,69,0.49520,0.00308,0.007580,1.21096,0.00669,89.78,0.00262,0.00022
1779370712.9691,plane,2801,69,0.49354,0.00306,0.007536,1.15213,0.00625,89.79,-0.01726,-0.00018
1779370713.0644,plane,2802,69,0.49479,0.00308,0.007575,1.93008,0.01680,89.75,0.01320,0.00019
1779370713.1770,plane,2803,69,0.49528,0.00306,0.007555,1.06945,0.00595,89.86,0.00434,-0.00014
1779370713.2747,plane,2804,69,0.49599,0.00306,0.007568,1.05064,0.00621,89.85,0.00737,0.00002
1779370713.3690,plane,2805,69,0.49626,0.00307,0.007594,1.07503,0.00594,89.86,0.00274,0.00012
1779370713.4659,plane,2806,69,0.49572,0.00309,0.007607,1.29621,0.00921,89.77,-0.00548,0.00013
1779370713.5863,plane,2807,69,0.49627,0.00310,0.007633,1.22965,0.00740,89.78,0.00456,0.00009
1779370713.6731,plane,2808,69,0.49568,0.00308,0.007601,1.29125,0.00880,89.76,-0.00673,-0.00020
1779370713.7690,plane,2809,69,0.49509,0.00307,0.007563,1.08313,0.00601,89.86,-0.00617,-0.00014
1779370713.8659,plane,2810,69,0.49430,0.00306,0.007546,1.00929,0.00599,89.86,-0.00822,-0.00005
1779370713.9777,plane,2811,69,0.49210,0.00304,0.007470,0.91500,0.00564,89.86,-0.01963,-0.00025
1779370714.0729,plane,2812,69,0.49456,0.00305,0.007533,1.04045,0.00573,89.86,0.02587,0.00016
1779370714.1700,plane,2813,69,0.49319,0.00306,0.007531,1.12725,0.00707,89.77,-0.01417,0.00011
1779370714.2657,plane,2814,69,0.49320,0.00307,0.007548,1.19768,0.00655,89.78,0.00007,0.00006
1779370714.3772,plane,2815,69,0.49306,0.00308,0.007556,1.14083,0.00726,89.77,-0.00127,0.00008
1779370714.4744,plane,2816,69,0.49389,0.00309,0.007589,1.15510,0.00678,89.78,0.00861,0.00012
1779370714.5704,plane,2817,69,0.49485,0.00306,0.007558,1.25231,0.00761,89.77,0.00994,-0.00025
1779370714.6646,plane,2818,69,0.49482,0.00305,0.007541,1.15547,0.00624,89.79,-0.00030,-0.00010
1779370714.7774,plane,2819,69,0.49371,0.00304,0.007509,0.96807,0.00562,89.86,-0.00985,-0.00009
1779370714.8728,plane,2820,69,0.49502,0.00305,0.007528,1.03547,0.00582,89.86,0.01366,0.00002
1779370714.9692,plane,2821,69,0.49287,0.00303,0.007484,0.98921,0.00569,89.86,-0.02220,-0.00016
1779370715.0650,plane,2822,69,0.49438,0.00302,0.007487,1.02838,0.00523,89.89,0.01586,-0.00008
1779370715.1778,plane,2823,69,0.49465,0.00303,0.007494,0.93552,0.00592,89.85,0.00236,0.00010
1779370715.2741,plane,2824,69,0.49483,0.00309,0.007587,1.10848,0.00647,89.78,0.00188,0.00053
1779370715.3697,plane,2825,69,0.49460,0.00305,0.007538,1.15578,0.00635,89.78,-0.00239,-0.00034
1779370715.4658,plane,2826,69,0.49295,0.00303,0.007490,1.01551,0.00562,89.87,-0.01711,-0.00020
1779370715.5761,plane,2827,69,0.49444,0.00303,0.007497,1.02183,0.00576,89.86,0.01358,0.00000
1779370715.6731,plane,2828,69,0.49526,0.00305,0.007534,1.05554,0.00588,89.86,0.00845,0.00018
1779370715.7692,plane,2829,69,0.49566,0.00307,0.007572,1.08984,0.00607,89.85,0.00417,0.00015
1779370715.8649,plane,2830,69,0.49472,0.00307,0.007567,1.17397,0.00713,89.78,-0.00986,0.00003
1779370715.9773,plane,2831,69,0.49485,0.00305,0.007538,0.98833,0.00574,89.86,0.00121,-0.00014
1779370716.0733,plane,2832,69,0.49393,0.00305,0.007521,1.02680,0.00595,89.85,-0.00965,-0.00004
1779370716.1684,plane,2833,69,0.49391,0.00305,0.007524,0.98415,0.00604,89.86,-0.00021,0.00002
1779370716.2645,plane,2834,69,0.49339,0.00305,0.007517,1.16130,0.00676,89.78,-0.00537,-0.00004
1779370716.3766,plane,2835,69,0.49463,0.00304,0.007523,0.98977,0.00566,89.87,0.01100,-0.00003
1779370716.4721,plane,2836,69,0.49505,0.00305,0.007543,1.03960,0.00570,89.86,0.00441,0.00009
1779370716.5685,plane,2837,69,0.49374,0.00305,0.007529,1.01800,0.00596,89.86,-0.01359,-0.00001
1779370716.6650,plane,2838,69,0.49528,0.00306,0.007560,1.05716,0.00592,89.86,0.01599,0.00009
1779370716.7771,plane,2839,69,0.49482,0.00305,0.007528,0.99094,0.00590,89.86,-0.00414,-0.00011
1779370716.8718,plane,2840,69,0.49638,0.00305,0.007558,1.02316,0.00560,89.87,0.01646,0.00002
1779370716.9702,plane,2841,69,0.49470,0.00307,0.007573,1.19905,0.00729,89.77,-0.01706,0.00023
1779370717.0653,plane,2842,69,0.49540,0.00305,0.007536,1.02854,0.00533,89.87,0.00739,-0.00028
1779370717.1770,plane,2843,69,0.49474,0.00304,0.007523,0.99756,0.00592,89.86,-0.00590,-0.00002
1779370717.2726,plane,2844,69,0.49561,0.00303,0.007521,1.01719,0.00547,89.87,0.00906,-0.00012
1779370717.3705,plane,2845,69,0.49558,0.00305,0.007536,1.03938,0.00563,89.87,-0.00033,0.00013
1779370717.4647,plane,2846,69,0.49541,0.00305,0.007538,1.05591,0.00591,89.86,-0.00170,-0.00000
1779370717.5767,plane,2847,69,0.49428,0.00306,0.007534,1.02664,0.00553,89.87,-0.01012,0.00008
1779370717.6735,plane,2848,69,0.49433,0.00305,0.007529,1.02255,0.00581,89.85,0.00046,-0.00002
1779370717.7684,plane,2849,69,0.49542,0.00307,0.007572,1.04977,0.00596,89.86,0.01149,0.00016
1779370717.8648,plane,2850,69,0.49470,0.00305,0.007540,1.01546,0.00608,89.86,-0.00743,-0.00015
1779370717.9770,plane,2851,69,0.49551,0.00306,0.007550,1.03612,0.00567,89.86,0.00722,0.00001
1779370718.0723,plane,2852,69,0.49434,0.00307,0.007567,1.22059,0.00691,89.78,-0.01233,0.00017
1779370718.1688,plane,2853,69,0.49286,0.00303,0.007487,1.01327,0.00567,89.86,-0.01532,-0.00040
1779370718.2651,plane,2854,69,0.49455,0.00304,0.007523,1.02858,0.00564,89.86,0.01755,0.00011
1779370718.3767,plane,2855,69,0.49361,0.00304,0.007497,1.00974,0.00581,89.87,-0.00839,-0.00006
1779370718.4728,plane,2856,69,0.49283,0.00299,0.007417,1.00372,0.00520,89.89,-0.00812,-0.00044
1779370718.5690,plane,2857,69,0.49298,0.00300,0.007438,0.96682,0.00525,89.88,0.00151,0.00007
1779370718.6652,plane,2858,69,0.49479,0.00304,0.007514,0.98593,0.00573,89.85,0.01877,0.00041
1779370718.7766,plane,2859,69,0.49491,0.00302,0.007489,1.02321,0.00548,89.87,0.00113,-0.00015
1779370718.8734,plane,2860,69,0.49526,0.00301,0.007465,1.03054,0.00532,89.88,0.00362,-0.00018
1779370718.9688,plane,2861,69,0.49543,0.00303,0.007502,1.06889,0.00560,89.87,0.00181,0.00025
1779370719.0648,plane,2862,69,0.49099,0.00300,0.007406,0.94918,0.00545,89.88,-0.04622,-0.00028
1779370719.1765,plane,2863,69,0.49342,0.00302,0.007462,0.93652,0.00534,89.88,0.02174,0.00015
1779370719.2728,plane,2864,69,0.49313,0.00303,0.007480,0.96216,0.00565,89.87,-0.00307,0.00011
1779370719.3689,plane,2865,69,0.49257,0.00302,0.007460,0.98242,0.00527,89.89,-0.00575,-0.00007
1779370719.4657,plane,2866,69,0.49480,0.00304,0.007517,1.05239,0.00568,89.86,0.02309,0.00016
1779370719.5770,plane,2867,69,0.49434,0.00300,0.007448,1.01890,0.00523,89.88,-0.00419,-0.00033
1779370719.6738,plane,2868,69,0.48989,0.00299,0.007377,0.95328,0.00535,89.87,-0.04571,-0.00017
1779370719.7690,plane,2869,69,0.48429,0.00297,0.007277,1.04539,0.00663,89.84,-0.05875,-0.00018
1779370719.8654,plane,2870,69,0.48418,0.00296,0.007256,1.00098,0.00615,89.80,-0.00114,-0.00007
1779370719.9766,plane,2871,69,0.48675,0.00297,0.007314,0.97886,0.00536,89.88,0.02309,0.00010
1779370720.0736,plane,2872,69,0.48888,0.00293,0.007278,1.04922,0.00579,89.81,0.02194,-0.00048
1779370720.1692,plane,2873,69,0.49128,0.00300,0.007409,0.97492,0.00587,89.86,0.02522,0.00079
1779370720.2642,plane,2874,69,0.48973,0.00300,0.007384,0.88322,0.00569,89.88,-0.01630,-0.00008
1779370720.3779,plane,2875,69,0.48964,0.00300,0.007395,0.94183,0.00519,89.89,-0.00082,0.00006
1779370720.4736,plane,2876,69,0.49253,0.00302,0.007462,0.97813,0.00536,89.87,0.03047,0.00021
1779370720.5700,plane,2877,69,0.49149,0.00301,0.007424,0.97827,0.00539,89.82,-0.01076,-0.00017
1779370720.6647,plane,2878,69,0.49238,0.00300,0.007428,0.99197,0.00582,89.80,0.00934,-0.00006
1779370720.7767,plane,2879,69,0.49455,0.00296,0.007390,1.01540,0.00530,89.89,0.01950,-0.00034
1779370720.8743,plane,2880,69,0.49551,0.00300,0.007453,0.99838,0.00515,89.88,0.00981,0.00038
1779370720.9684,plane,2881,69,0.49353,0.00302,0.007456,0.97972,0.00545,89.88,-0.02102,0.00021
1779370721.0658,plane,2882,69,0.49490,0.00305,0.007528,1.04466,0.00586,89.86,0.01410,0.00030
1779370721.1779,plane,2883,69,0.49526,0.00304,0.007514,1.06228,0.00552,89.87,0.00316,-0.00007
1779370721.2738,plane,2884,69,0.49431,0.00303,0.007495,0.99648,0.00550,89.86,-0.00981,-0.00008
1779370721.3693,plane,2885,69,0.49488,0.00303,0.007490,0.98327,0.00528,89.88,0.00593,-0.00008
1779370721.4648,plane,2886,69,0.49456,0.00302,0.007472,1.00307,0.00575,89.86,-0.00334,-0.00010
1779370721.5773,plane,2887,69,0.49430,0.00304,0.007511,1.05345,0.00574,89.86,-0.00238,0.00019
1779370721.6734,plane,2888,69,0.48894,0.00300,0.007385,0.94166,0.00561,89.86,-0.05591,-0.00038
1779370721.7698,plane,2889,69,0.49426,0.00295,0.007363,1.00668,0.00556,89.87,0.05481,-0.00055
1779370721.8653,plane,2890,69,0.49401,0.00304,0.007514,1.03756,0.00569,89.87,-0.00261,0.00100
1779370721.9783,plane,2891,69,0.49344,0.00301,0.007445,0.98051,0.00524,89.87,-0.00501,-0.00032
1779370722.0741,plane,2892,69,0.49330,0.00301,0.007446,0.96752,0.00541,89.87,-0.00153,0.00001
1779370722.1694,plane,2893,69,0.49379,0.00306,0.007531,1.15349,0.00622,89.79,0.00518,0.00050
1779370722.2661,plane,2894,69,0.49435,0.00303,0.007490,1.04732,0.00561,89.88,0.00582,-0.00031
1779370722.3774,plane,2895,69,0.49378,0.00302,0.007467,1.00161,0.00531,89.87,-0.00512,-0.00008
1779370722.4733,plane,2896,69,0.49435,0.00303,0.007490,0.98265,0.00538,89.87,0.00600,0.00012
1779370722.5693,plane,2897,69,0.49323,0.00299,0.007416,0.99877,0.00536,89.88,-0.01176,-0.00036
1779370722.6646,plane,2898,69,0.49413,0.00304,0.007497,0.99792,0.00548,89.87,0.00946,0.00046
1779370722.7776,plane,2899,69,0.49344,0.00298,0.007401,0.98886,0.00526,89.88,-0.00604,-0.00050
1779370722.8746,plane,2900,69,0.49453,0.00301,0.007460,1.04345,0.00554,89.87,0.01131,0.00028
1779370722.9698,plane,2901,69,0.49553,0.00303,0.007499,1.04524,0.00579,89.87,0.01038,0.00021
1779370723.0654,plane,2902,69,0.49137,0.00300,0.007412,0.94977,0.00553,89.88,-0.04348,-0.00023
1779370723.1781,plane,2903,69,0.49232,0.00298,0.007387,0.98014,0.00521,89.89,0.00851,-0.00021
1779370723.2741,plane,2904,69,0.49207,0.00299,0.007401,1.03520,0.00545,89.88,-0.00254,0.00011
1779370723.3694,plane,2905,69,0.49088,0.00299,0.007385,0.91208,0.00516,89.88,-0.01259,-0.00004
1779370723.4655,plane,2906,69,0.49347,0.00300,0.007443,1.02813,0.00520,89.89,0.02716,0.00014
1779370723.5787,plane,2907,69,0.49424,0.00301,0.007467,1.01452,0.00559,89.86,0.00677,0.00011
1779370723.6733,plane,2908,69,0.49351,0.00302,0.007472,0.99767,0.00590,89.85,-0.00771,0.00008
1779370723.7698,plane,2909,69,0.49460,0.00302,0.007479,1.07203,0.00568,89.87,0.01139,-0.00001
1779370723.8647,plane,2910,69,0.49395,0.00303,0.007487,1.01066,0.00557,89.87,-0.00684,0.00007
1779370723.9773,plane,2911,69,0.49411,0.00302,0.007473,0.95299,0.00544,89.86,0.00147,-0.00004
1779370724.0743,plane,2912,69,0.49138,0.00298,0.007384,0.94298,0.00524,89.89,-0.02830,-0.00040
1779370724.1703,plane,2913,69,0.49510,0.00303,0.007506,1.01706,0.00544,89.87,0.03850,0.00049
1779370724.2648,plane,2914,69,0.49641,0.00303,0.007517,1.02065,0.00553,89.87,0.01380,-0.00003
1779370724.3780,plane,2915,69,0.49492,0.00304,0.007517,1.07370,0.00557,89.86,-0.01320,0.00009
1779370724.4736,plane,2916,69,0.49424,0.00297,0.007411,1.00306,0.00529,89.88,-0.00712,-0.00067
1779370724.5692,plane,2917,69,0.49135,0.00298,0.007380,0.95721,0.00505,89.89,-0.03013,0.00010
1779370724.6658,plane,2918,69,0.49035,0.00297,0.007343,1.01478,0.00548,89.88,-0.01048,-0.00010
1779370724.7777,plane,2919,69,0.49085,0.00295,0.007326,0.99254,0.00528,89.90,0.00446,-0.00022
1779370724.8735,plane,2920,69,0.48913,0.00293,0.007273,1.00631,0.00527,89.88,-0.01796,-0.00025
1779370724.9699,plane,2921,69,0.48745,0.00293,0.007246,1.03771,0.00641,89.78,-0.01753,-0.00000
1779370725.0656,plane,2922,69,0.49375,0.00296,0.007373,1.00452,0.00521,89.89,0.06558,0.00032
1779370725.1748,plane,2923,69,0.49411,0.00301,0.007455,0.96022,0.00508,89.88,0.00327,0.00046
1779370725.2734,plane,2924,69,0.49430,0.00304,0.007507,0.99905,0.00566,89.86,0.00198,0.00031
1779370725.3709,plane,2925,69,0.49174,0.00300,0.007423,0.94068,0.00536,89.88,-0.02608,-0.00032
1779370725.4651,plane,2926,69,0.48962,0.00301,0.007401,0.96046,0.00536,89.87,-0.02254,0.00001
1779370725.5776,plane,2927,69,0.48645,0.00300,0.007350,1.05618,0.00618,89.79,-0.02836,-0.00005
1779370725.6740,plane,2928,69,0.48978,0.00298,0.007363,0.97607,0.00546,89.87,0.03448,-0.00016
1779370725.7689,plane,2929,69,0.49308,0.00303,0.007475,0.95271,0.00554,89.87,0.03470,0.00051
1779370725.8655,plane,2930,69,0.49492,0.00304,0.007506,0.98978,0.00542,89.87,0.01911,0.00003
1779370725.9782,plane,2931,69,0.49219,0.00303,0.007470,0.93158,0.00564,89.87,-0.02404,-0.00004
1779370726.0730,plane,2932,69,0.49319,0.00302,0.007470,0.98907,0.00562,89.87,0.01051,-0.00007
1779370726.1699,plane,2933,69,0.49514,0.00301,0.007472,1.04351,0.00538,89.87,0.02019,-0.00015
1779370726.2655,plane,2934,69,0.49521,0.00303,0.007511,1.00116,0.00545,89.87,0.00079,0.00023
1779370726.3777,plane,2935,69,0.49460,0.00304,0.007519,0.96858,0.00578,89.85,-0.00547,0.00008
1779370726.4740,plane,2936,69,0.49349,0.00303,0.007485,0.98941,0.00554,89.88,-0.01156,-0.00010
1779370726.5701,plane,2937,69,0.49344,0.00304,0.007499,1.10970,0.00640,89.79,-0.00052,0.00002
1779370726.6649,plane,2938,69,0.49222,0.00300,0.007419,0.95616,0.00526,89.88,-0.01291,-0.00033
1779370726.7780,plane,2939,69,0.49240,0.00303,0.007465,0.98503,0.00577,89.85,0.00159,0.00020
1779370726.8731,plane,2940,69,0.49614,0.00303,0.007511,1.09699,0.00595,89.86,0.03917,0.00002
1779370726.9693,plane,2941,69,0.49126,0.00301,0.007421,0.92605,0.00512,89.89,-0.05072,-0.00020
1779370727.0657,plane,2942,69,0.49392,0.00303,0.007492,0.98439,0.00567,89.86,0.02784,0.00025
1779370727.1773,plane,2943,69,0.49373,0.00303,0.007490,1.01810,0.00555,89.86,-0.00172,-0.00002
1779370727.2731,plane,2944,69,0.49080,0.00303,0.007456,0.94403,0.00565,89.88,-0.03060,-0.00000
1779370727.3702,plane,2945,69,0.49107,0.00301,0.007421,0.99952,0.00530,89.89,0.00285,-0.00018
1779370727.4653,plane,2946,69,0.48993,0.00299,0.007370,0.96144,0.00546,89.89,-0.01192,-0.00023
1779370727.5774,plane,2947,69,0.49666,0.00304,0.007538,1.06959,0.00554,89.87,0.06006,0.00047
1779370727.6735,plane,2948,69,0.48933,0.00302,0.007411,0.98048,0.00562,89.89,-0.07688,-0.00026
1779370727.7691,plane,2949,69,0.49144,0.00301,0.007424,0.93123,0.00558,89.87,0.02197,-0.00008
1779370727.8654,plane,2950,69,0.48863,0.00298,0.007351,0.97605,0.00558,89.88,-0.02902,-0.00028
1779370727.9787,plane,2951,69,0.49425,0.00304,0.007506,0.98077,0.00580,89.85,0.04988,0.00051
1779370728.0729,plane,2952,69,0.49519,0.00303,0.007499,0.98040,0.00547,89.87,0.00998,-0.00010
1779370728.1695,plane,2953,69,0.49057,0.00297,0.007351,0.96650,0.00537,89.89,-0.04788,-0.00058
1779370728.2660,plane,2954,69,0.49588,0.00302,0.007489,1.04551,0.00576,89.86,0.05556,0.00045
1779370728.3781,plane,2955,69,0.49465,0.00297,0.007409,0.98424,0.00535,89.88,-0.01079,-0.00040
1779370728.4730,plane,2956,69,0.49397,0.00298,0.007402,1.01330,0.00515,89.88,-0.00723,0.00004
1779370728.5695,plane,2957,69,0.49189,0.00295,0.007328,1.02644,0.00539,89.89,-0.02161,-0.00030
1779370728.6655,plane,2958,69,0.48675,0.00293,0.007238,1.01950,0.00523,89.89,-0.05337,-0.00019
1779370728.7768,plane,2959,69,0.48655,0.00296,0.007287,1.05769,0.00568,89.87,-0.00177,0.00029
1779370728.8741,plane,2960,69,0.48860,0.00296,0.007307,1.01899,0.00527,89.89,0.02115,-0.00002
1779370728.9691,plane,2961,69,0.48747,0.00295,0.007270,1.05716,0.00527,89.88,-0.01176,-0.00015
1779370729.0651,plane,2962,69,0.49081,0.00297,0.007339,1.01379,0.00537,89.89,0.03475,0.00021
1779370729.1780,plane,2963,69,0.49409,0.00301,0.007467,1.00132,0.00555,89.86,0.02928,0.00044
1779370729.2727,plane,2964,69,0.49260,0.00302,0.007450,0.96281,0.00538,89.87,-0.01573,0.00001
1779370729.3692,plane,2965,69,0.49289,0.00301,0.007438,0.95387,0.00561,89.87,0.00302,-0.00007
1779370729.4662,plane,2966,69,0.49377,0.00301,0.007455,0.97953,0.00563,89.86,0.00917,0.00002
1779370729.5774,plane,2967,69,0.49274,0.00301,0.007443,0.97255,0.00573,89.86,-0.00924,0.00001
1779370729.6740,plane,2968,69,0.49278,0.00303,0.007485,1.02565,0.00560,89.87,0.00047,0.00024
1779370729.7703,plane,2969,69,0.49553,0.00305,0.007546,1.04134,0.00574,89.87,0.02881,0.00020
1779370729.8656,plane,2970,69,0.49039,0.00302,0.007429,0.96907,0.00569,89.87,-0.05345,-0.00031
1779370729.9774,plane,2971,69,0.49398,0.00302,0.007470,0.96779,0.00523,89.88,0.03207,-0.00007
1779370730.0745,plane,2972,69,0.49528,0.00302,0.007480,1.05601,0.00545,89.87,0.01358,0.00002
1779370730.1697,plane,2973,69,0.49375,0.00305,0.007517,0.98664,0.00546,89.87,-0.01592,0.00032
1779370730.2649,plane,2974,69,0.49476,0.00308,0.007589,1.18993,0.00689,89.78,0.01062,0.00038
1779370730.3789,plane,2975,69,0.49299,0.00307,0.007543,1.09999,0.00676,89.78,-0.01565,-0.00013
1779370730.4732,plane,2976,69,0.49332,0.00304,0.007490,0.95280,0.00559,89.86,0.00350,-0.00032
1779370730.5697,plane,2977,69,0.49368,0.00305,0.007516,1.15427,0.00682,89.77,0.00376,0.00008
1779370730.6660,plane,2978,69,0.49473,0.00305,0.007528,0.98608,0.00579,89.86,0.01088,-0.00000
1779370730.7771,plane,2979,69,0.49450,0.00306,0.007534,1.02546,0.00582,89.85,-0.00201,0.00008
1779370730.8727,plane,2980,69,0.49517,0.00304,0.007514,1.05669,0.00561,89.87,0.00696,-0.00018
1779370730.9697,plane,2981,69,0.49536,0.00305,0.007534,1.02580,0.00558,89.86,0.00204,0.00012
1779370731.0655,plane,2982,69,0.49428,0.00304,0.007509,1.02083,0.00577,89.86,-0.01125,-0.00011
1779370731.1773,plane,2983,69,0.49357,0.00305,0.007512,0.97058,0.00569,89.86,-0.00637,0.00010
1779370731.2731,plane,2984,69,0.49448,0.00305,0.007526,0.97409,0.00559,89.87,0.00961,0.00001
1779370731.3698,plane,2985,69,0.48650,0.00300,0.007355,0.95304,0.00540,89.87,-0.08207,-0.00048
1779370731.4651,plane,2986,69,0.48776,0.00298,0.007333,0.96465,0.00523,89.88,0.01328,-0.00029
1779370731.5783,plane,2987,69,0.49228,0.00300,0.007426,1.00737,0.00562,89.88,0.04006,0.00024
1779370731.6738,plane,2988,69,0.49545,0.00307,0.007577,1.16167,0.00658,89.78,0.03312,0.00071
1779370731.7696,plane,2989,69,0.49377,0.00306,0.007545,1.17763,0.00680,89.78,-0.01751,-0.00008
1779370731.8656,plane,2990,69,0.49480,0.00306,0.007551,1.10847,0.00649,89.78,0.01083,-0.00000
1779370731.9775,plane,2991,69,0.49607,0.00307,0.007577,1.04618,0.00583,89.86,0.01121,0.00002
1779370732.0735,plane,2992,69,0.49542,0.00308,0.007590,1.17922,0.00657,89.78,-0.00674,0.00015
1779370732.1695,plane,2993,69,0.49296,0.00304,0.007489,0.94408,0.00565,89.87,-0.02578,-0.00046
1779370732.2657,plane,2994,69,0.49186,0.00302,0.007458,0.96412,0.00543,89.87,-0.01133,-0.00013
1779370732.3768,plane,2995,69,0.49108,0.00302,0.007448,0.97721,0.00559,89.87,-0.00702,-0.00001
1779370732.4723,plane,2996,69,0.49491,0.00305,0.007534,0.99490,0.00553,89.87,0.04026,0.00032
1779370732.5695,plane,2997,69,0.49558,0.00306,0.007555,1.04577,0.00574,89.86,0.00694,0.00004
1779370732.6651,plane,2998,69,0.49466,0.00301,0.007470,1.03275,0.00549,89.87,-0.00972,-0.00044
1779370732.7776,plane,2999,69,0.49465,0.00304,0.007519,1.05740,0.00573,89.88,-0.00003,0.00024
1779370732.8737,plane,3000,69,0.49308,0.00303,0.007480,1.04848,0.00574,89.80,-0.01629,-0.00010
1779370732.9688,plane,3001,69,0.49354,0.00301,0.007462,1.01695,0.00548,89.87,0.00488,-0.00021
1779370733.0660,plane,3002,69,0.49472,0.00304,0.007504,1.00740,0.00533,89.88,0.01219,0.00026
1779370733.1771,plane,3003,69,0.49426,0.00301,0.007460,1.00368,0.00527,89.87,-0.00409,-0.00023
1779370733.2731,plane,3004,69,0.49270,0.00302,0.007463,0.99810,0.00548,89.88,-0.01631,0.00010
1779370733.3704,plane,3005,69,0.49282,0.00303,0.007468,0.97714,0.00546,89.87,0.00129,0.00006
1779370733.4657,plane,3006,69,0.49340,0.00302,0.007465,0.98785,0.00567,89.86,0.00600,-0.00010
1779370733.5778,plane,3007,69,0.49420,0.00301,0.007456,1.00041,0.00517,89.88,0.00716,-0.00008
1779370733.6736,plane,3008,69,0.49377,0.00302,0.007468,1.06451,0.00552,89.88,-0.00445,0.00009
1779370733.7689,plane,3009,69,0.49488,0.00303,0.007506,1.03842,0.00589,89.86,0.01162,0.00017
1779370733.8642,plane,3010,69,0.49542,0.00304,0.007524,1.06206,0.00580,89.87,0.00572,0.00013
1779370733.9776,plane,3011,69,0.49280,0.00302,0.007455,0.93772,0.00550,89.88,-0.02316,-0.00021
1779370734.0735,plane,3012,69,0.49531,0.00305,0.007534,1.04572,0.00557,89.86,0.02600,0.00029
1779370734.1692,plane,3013,69,0.49341,0.00303,0.007492,1.59694,0.01274,89.78,-0.01985,-0.00016
1779370734.2655,plane,3014,69,0.49108,0.00298,0.007375,0.93102,0.00525,89.89,-0.02415,-0.00054
1779370734.3775,plane,3015,69,0.49429,0.00303,0.007504,1.01085,0.00581,89.86,0.02858,0.00048
1779370734.4728,plane,3016,69,0.49425,0.00305,0.007529,1.03123,0.00559,89.87,-0.00038,0.00016
1779370734.5694,plane,3017,69,0.49480,0.00304,0.007512,1.05473,0.00577,89.87,0.00566,-0.00014
1779370734.6653,plane,3018,69,0.49375,0.00304,0.007504,0.97877,0.00547,89.87,-0.01089,0.00003
1779370734.7767,plane,3019,69,0.48983,0.00302,0.007433,0.92027,0.00688,89.80,-0.03522,-0.00014
1779370734.8727,plane,3020,69,0.49373,0.00301,0.007462,0.98016,0.00548,89.87,0.04069,-0.00011
1779370734.9693,plane,3021,69,0.48750,0.00297,0.007311,0.99717,0.00550,89.88,-0.06447,-0.00041
1779370735.0657,plane,3022,69,0.49107,0.00302,0.007445,0.93459,0.00538,89.87,0.03717,0.00054
1779370735.1777,plane,3023,69,0.49378,0.00301,0.007456,0.97408,0.00534,89.88,0.02424,-0.00011
1779370735.2732,plane,3024,69,0.49516,0.00303,0.007497,0.99797,0.00567,89.87,0.01435,0.00018
1779370735.3692,plane,3025,69,0.49544,0.00305,0.007526,1.06764,0.00583,89.87,0.00297,0.00018
1779370735.4649,plane,3026,69,0.49048,0.00300,0.007389,0.93381,0.00554,89.87,-0.05182,-0.00051
1779370735.5772,plane,3027,69,0.49085,0.00298,0.007365,0.96543,0.00525,89.89,0.00331,-0.00015
1779370735.6730,plane,3028,69,0.49369,0.00303,0.007492,0.96872,0.00557,89.87,0.02968,0.00055
1779370735.7690,plane,3029,69,0.49325,0.00302,0.007473,0.97078,0.00556,89.88,-0.00458,-0.00009
1779370735.8651,plane,3030,69,0.49323,0.00304,0.007504,1.05114,0.00626,89.78,-0.00020,0.00017
1779370735.9767,plane,3031,69,0.49459,0.00304,0.007519,0.98356,0.00576,89.86,0.01212,0.00003
1779370736.0733,plane,3032,69,0.49524,0.00305,0.007536,1.02353,0.00578,89.86,0.00678,0.00005
1779370736.1683,plane,3033,69,0.49389,0.00300,0.007445,0.96228,0.00528,89.88,-0.01417,-0.00046
1779370736.2648,plane,3034,69,0.49420,0.00302,0.007480,1.02141,0.00565,89.86,0.00323,0.00017
1779370736.3774,plane,3035,69,0.49183,0.00303,0.007465,0.96363,0.00572,89.87,-0.02105,0.00005
1779370736.4729,plane,3036,69,0.49038,0.00301,0.007419,0.95599,0.00559,89.89,-0.01528,-0.00015
1779370736.5703,plane,3037,69,0.49430,0.00306,0.007534,0.96706,0.00564,89.86,0.03997,0.00045
1779370736.6658,plane,3038,69,0.49517,0.00305,0.007536,1.05267,0.00580,89.86,0.00908,-0.00003
1779370736.7774,plane,3039,69,0.49247,0.00302,0.007455,0.95776,0.00548,89.87,-0.02421,-0.00031
1779370736.8725,plane,3040,69,0.49368,0.00302,0.007484,1.00496,0.00558,89.87,0.01267,0.00006
1779370736.9689,plane,3041,69,0.49418,0.00301,0.007460,1.00420,0.00528,89.88,0.00517,-0.00015
1779370737.0652,plane,3042,69,0.49600,0.00303,0.007516,1.04169,0.00556,89.87,0.01888,0.00026
1779370737.1773,plane,3043,69,0.49417,0.00304,0.007511,1.03204,0.00568,89.87,-0.01628,0.00007
1779370737.2728,plane,3044,69,0.49305,0.00302,0.007465,0.96344,0.00555,89.88,-0.01176,-0.00020
1779370737.3696,plane,3045,69,0.49300,0.00299,0.007417,0.95642,0.00507,89.88,-0.00053,-0.00032
1779370737.4660,plane,3046,69,0.49251,0.00302,0.007450,0.96867,0.00569,89.86,-0.00501,0.00031
1779370737.5737,plane,3047,69,0.49303,0.00301,0.007448,0.96799,0.00553,89.87,0.00485,-0.00010
1779370737.6744,plane,3048,69,0.49384,0.00302,0.007472,0.98978,0.00536,89.88,0.00808,0.00008
1779370737.7693,plane,3049,69,0.49423,0.00300,0.007443,1.01584,0.00533,89.88,0.00405,-0.00025
1779370737.8658,plane,3050,69,0.48871,0.00297,0.007333,0.99672,0.00529,89.89,-0.05721,-0.00028
1779370737.9759,plane,3051,69,0.49126,0.00300,0.007417,1.01272,0.00529,89.89,0.02313,0.00030
1779370738.0729,plane,3052,69,0.49269,0.00302,0.007458,0.94638,0.00542,89.87,0.01478,0.00021
1779370738.1694,plane,3053,69,0.49413,0.00303,0.007487,0.99737,0.00545,89.87,0.01498,0.00005
1779370738.2632,plane,3054,69,0.49072,0.00298,0.007372,0.90118,0.00527,89.88,-0.03635,-0.00050
1779370738.3770,plane,3055,69,0.48977,0.00302,0.007423,0.90555,0.00559,89.88,-0.00828,0.00033
1779370738.4725,plane,3056,69,0.49466,0.00307,0.007560,1.33001,0.00910,89.77,0.05107,0.00051
1779370738.5697,plane,3057,69,0.48876,0.00296,0.007309,0.96102,0.00523,89.89,-0.06103,-0.00115
1779370738.6657,plane,3058,69,0.49443,0.00303,0.007494,0.95346,0.00548,89.86,0.05869,0.00078
1779370738.7775,plane,3059,69,0.49269,0.00301,0.007438,0.94250,0.00550,89.86,-0.01559,-0.00021
1779370738.8736,plane,3060,69,0.49531,0.00303,0.007499,0.99535,0.00564,89.86,0.02740,0.00023
1779370738.9676,plane,3061,69,0.49458,0.00302,0.007477,1.00946,0.00531,89.88,-0.00767,-0.00011
1779370739.0650,plane,3062,69,0.49563,0.00305,0.007538,1.07807,0.00563,89.87,0.01081,0.00031
1779370739.1783,plane,3063,69,0.49371,0.00303,0.007485,0.93924,0.00567,89.86,-0.01710,-0.00017
1779370739.2733,plane,3064,69,0.49357,0.00302,0.007463,0.98608,0.00554,89.88,-0.00146,-0.00012
1779370739.3684,plane,3065,69,0.49376,0.00306,0.007541,1.19104,0.00733,89.77,0.00202,0.00047
1779370739.4660,plane,3066,69,0.49335,0.00302,0.007472,0.94558,0.00538,89.87,-0.00422,-0.00041
1779370739.5777,plane,3067,69,0.49282,0.00303,0.007473,0.96355,0.00527,89.88,-0.00477,0.00003
1779370739.6731,plane,3068,69,0.49353,0.00300,0.007443,0.97270,0.00522,89.88,0.00749,-0.00025
1779370739.7700,plane,3069,69,0.49503,0.00303,0.007495,1.03401,0.00542,89.88,0.01558,0.00023
1779370739.8670,plane,3070,69,0.49464,0.00302,0.007480,0.98540,0.00540,89.87,-0.00394,-0.00005
1779370739.9775,plane,3071,69,0.48656,0.00300,0.007336,1.01462,0.00587,89.86,-0.07324,-0.00023
1779370740.0740,plane,3072,69,0.48687,0.00292,0.007234,1.02677,0.00532,89.89,0.00321,-0.00076
1779370740.1693,plane,3073,69,0.49485,0.00306,0.007563,1.13174,0.00637,89.78,0.08309,0.00147
1779370740.2664,plane,3074,69,0.49526,0.00307,0.007582,1.22441,0.00710,89.78,0.00421,0.00008
1779370740.3771,plane,3075,69,0.49456,0.00307,0.007556,1.05141,0.00631,89.85,-0.00628,-0.00005
1779370740.4707,plane,3076,69,0.49506,0.00306,0.007550,1.05928,0.00586,89.86,0.00532,-0.00006
1779370740.5692,plane,3077,69,0.49513,0.00303,0.007509,1.00966,0.00568,89.87,0.00073,-0.00027
1779370740.6645,plane,3078,69,0.49363,0.00304,0.007497,0.95029,0.00557,89.86,-0.01578,0.00004
1779370740.7766,plane,3079,69,0.49155,0.00305,0.007489,0.98081,0.00634,89.78,-0.01849,0.00009
1779370740.8736,plane,3080,69,0.49414,0.00304,0.007502,0.99957,0.00559,89.86,0.02675,-0.00013
1779370740.9686,plane,3081,69,0.49341,0.00303,0.007482,1.15125,0.00705,89.78,-0.00758,-0.00008
1779370741.0642,plane,3082,69,0.49453,0.00306,0.007550,1.23512,0.00749,89.78,0.01170,0.00037
1779370741.1772,plane,3083,69,0.49348,0.00304,0.007501,1.02154,0.00555,89.88,-0.00934,-0.00022
1779370741.2724,plane,3084,69,0.49405,0.00305,0.007531,1.12625,0.00638,89.80,0.00598,0.00017
1779370741.3693,plane,3085,69,0.49467,0.00306,0.007545,1.06023,0.00591,89.86,0.00639,0.00003
1779370741.4650,plane,3086,69,0.49375,0.00305,0.007523,0.97731,0.00558,89.86,-0.00957,-0.00007
1779370741.5772,plane,3087,69,0.49186,0.00304,0.007479,0.91009,0.00554,89.87,-0.01684,-0.00013
1779370741.6732,plane,3088,69,0.49503,0.00306,0.007558,1.02779,0.00650,89.85,0.03291,0.00028
1779370741.7691,plane,3089,69,0.49374,0.00307,0.007555,1.18532,0.00661,89.78,-0.01338,0.00006
1779370741.8644,plane,3090,69,0.49380,0.00306,0.007538,1.04418,0.00579,89.86,0.00055,-0.00011
1779370741.9764,plane,3091,69,0.49354,0.00307,0.007548,1.05258,0.00674,89.78,-0.00232,0.00009
1779370742.0736,plane,3092,69,0.49388,0.00304,0.007509,1.04171,0.00590,89.86,0.00348,-0.00027
1779370742.1686,plane,3093,69,0.49423,0.00304,0.007506,1.03655,0.00552,89.87,0.00369,-0.00005
1779370742.2650,plane,3094,69,0.49139,0.00303,0.007450,1.02120,0.00563,89.88,-0.02938,-0.00013
1779370742.3773,plane,3095,69,0.49203,0.00303,0.007455,0.98023,0.00562,89.87,0.00568,0.00001
1779370742.4733,plane,3096,69,0.49525,0.00306,0.007548,1.20740,0.00652,89.78,0.03341,0.00034
1779370742.5689,plane,3097,69,0.49584,0.00305,0.007533,1.04834,0.00568,89.87,0.00620,-0.00012
1779370742.6651,plane,3098,69,0.49329,0.00306,0.007524,1.10106,0.00612,89.80,-0.02650,0.00012
1779370742.7774,plane,3099,69,0.49386,0.00307,0.007548,1.13734,0.00681,89.77,0.00504,0.00008
1779370742.8736,plane,3100,69,0.49285,0.00303,0.007479,1.00893,0.00542,89.88,-0.01047,-0.00039
1779370742.9690,plane,3101,69,0.49447,0.00306,0.007548,1.03463,0.00587,89.86,0.01694,0.00035
1779370743.0647,plane,3102,69,0.49497,0.00310,0.007619,1.32749,0.00926,89.75,0.00523,0.00038
1779370743.1767,plane,3103,69,0.49517,0.00308,0.007601,1.33647,0.00944,89.76,0.00178,-0.00013
1779370743.2733,plane,3104,69,0.49510,0.00309,0.007607,1.11473,0.00654,89.85,-0.00074,0.00010
1779370743.3693,plane,3105,69,0.49512,0.00308,0.007594,1.32884,0.01001,89.76,0.00028,-0.00010
1779370743.4652,plane,3106,69,0.49569,0.00309,0.007606,1.08387,0.00635,89.85,0.00594,0.00003
1779370743.5775,plane,3107,69,0.49545,0.00307,0.007579,1.05850,0.00578,89.86,-0.00215,-0.00014
1779370743.6726,plane,3108,69,0.49479,0.00311,0.007631,1.37516,0.01018,89.74,-0.00697,0.00035
1779370743.7651,plane,3109,69,0.49548,0.00307,0.007584,1.03762,0.00582,89.86,0.00748,-0.00034
1779370743.8655,plane,3110,69,0.49530,0.00310,0.007624,1.29055,0.00990,89.75,-0.00181,0.00025
1779370743.9768,plane,3111,69,0.49468,0.00306,0.007556,1.06199,0.00644,89.84,-0.00556,-0.00030
1779370744.0733,plane,3112,69,0.49495,0.00309,0.007592,1.06933,0.00644,89.84,0.00282,0.00022
1779370744.1695,plane,3113,69,0.49330,0.00305,0.007526,1.02096,0.00585,89.86,-0.01706,-0.00033
1779370744.2646,plane,3114,69,0.49167,0.00304,0.007477,1.01116,0.00614,89.79,-0.01713,-0.00014
1779370744.3792,plane,3115,69,0.49590,0.00308,0.007597,1.04910,0.00588,89.86,0.03722,0.00037
1779370744.4739,plane,3116,69,0.49678,0.00308,0.007601,1.07562,0.00550,89.87,0.00924,-0.00006
1779370744.5694,plane,3117,69,0.49438,0.00306,0.007540,0.98673,0.00590,89.86,-0.02513,-0.00018
1779370744.6655,plane,3118,69,0.49510,0.00307,0.007568,1.18455,0.00649,89.79,0.00754,0.00009
1779370744.7785,plane,3119,69,0.49441,0.00306,0.007546,1.05017,0.00562,89.86,-0.00614,-0.00006
1779370744.8732,plane,3120,69,0.49519,0.00308,0.007582,1.24717,0.00823,89.76,0.00833,0.00015
1779370744.9706,plane,3121,69,0.49558,0.00306,0.007560,1.02817,0.00607,89.85,0.00403,-0.00015
1779370745.0655,plane,3122,69,0.49474,0.00306,0.007551,1.01698,0.00566,89.87,-0.00885,0.00002
1779370745.1774,plane,3123,69,0.49421,0.00307,0.007567,1.20625,0.00714,89.77,-0.00469,0.00010
1779370745.2740,plane,3124,69,0.49490,0.00306,0.007546,1.02759,0.00592,89.87,0.00712,-0.00019
1779370745.3702,plane,3125,69,0.49377,0.00304,0.007492,0.96708,0.00564,89.86,-0.01163,-0.00019
1779370745.4645,plane,3126,69,0.49523,0.00306,0.007550,1.05609,0.00591,89.86,0.01539,0.00022
1779370745.5775,plane,3127,69,0.49525,0.00307,0.007565,1.18706,0.00709,89.77,0.00020,0.00008
1779370745.6734,plane,3128,69,0.49463,0.00306,0.007540,1.02698,0.00572,89.86,-0.00643,-0.00012
1779370745.7689,plane,3129,69,0.49605,0.00307,0.007579,1.05384,0.00576,89.86,0.01489,0.00012
1779370745.8652,plane,3130,69,0.49613,0.00307,0.007587,1.28172,0.00786,89.77,0.00078,0.00006
1779370745.9771,plane,3131,69,0.49192,0.00303,0.007473,0.97729,0.00578,89.89,-0.03763,-0.00035
1779370746.0720,plane,3132,69,0.49364,0.00306,0.007533,1.12145,0.00634,89.78,0.01812,0.00027
1779370746.1698,plane,3133,69,0.49361,0.00306,0.007534,1.20132,0.00690,89.78,-0.00032,0.00000
1779370746.2656,plane,3134,69,0.49591,0.00305,0.007548,1.07225,0.00605,89.86,0.02406,-0.00010
1779370746.3781,plane,3135,69,0.49629,0.00306,0.007556,1.04712,0.00581,89.86,0.00334,0.00006
1779370746.4740,plane,3136,69,0.49630,0.00305,0.007555,1.02433,0.00556,89.87,0.00014,-0.00002
1779370746.5690,plane,3137,69,0.49522,0.00305,0.007548,1.02242,0.00590,89.87,-0.01129,-0.00000
1779370746.6655,plane,3138,69,0.49543,0.00306,0.007556,1.06162,0.00607,89.86,0.00217,0.00004
1779370746.7755,plane,3139,69,0.49538,0.00306,0.007556,1.06913,0.00626,89.85,-0.00038,0.00001
1779370746.8740,plane,3140,69,0.49558,0.00304,0.007514,1.04738,0.00542,89.87,0.00200,-0.00023
1779370746.9689,plane,3141,69,0.49507,0.00304,0.007516,1.02667,0.00541,89.88,-0.00541,0.00002
1779370747.0652,plane,3142,69,0.49628,0.00305,0.007551,1.02621,0.00580,89.87,0.01258,0.00013
1779370747.1776,plane,3143,69,0.49379,0.00303,0.007484,0.96251,0.00563,89.86,-0.02217,-0.00021
1779370747.2724,plane,3144,69,0.49512,0.00304,0.007524,1.02939,0.00582,89.86,0.01404,0.00015
1779370747.3694,plane,3145,69,0.49559,0.00304,0.007516,0.99917,0.00568,89.86,0.00487,-0.00007
1779370747.4663,plane,3146,69,0.49408,0.00303,0.007485,0.96296,0.00582,89.86,-0.01554,-0.00008
1779370747.5779,plane,3147,69,0.49375,0.00305,0.007517,1.05975,0.00625,89.79,-0.00294,0.00019
1779370747.6732,plane,3148,69,0.49468,0.00306,0.007553,1.15391,0.00670,89.78,0.00974,0.00014
1779370747.7688,plane,3149,69,0.49546,0.00307,0.007580,1.22960,0.00785,89.77,0.00813,0.00013
1779370747.8646,plane,3150,69,0.49488,0.00305,0.007541,1.02703,0.00571,89.85,-0.00605,-0.00021
1779370747.9780,plane,3151,69,0.49461,0.00307,0.007570,1.21426,0.00824,89.76,-0.00236,0.00016
1779370748.0737,plane,3152,69,0.49470,0.00305,0.007536,0.99176,0.00577,89.86,0.00093,-0.00020
1779370748.1690,plane,3153,69,0.49378,0.00304,0.007509,1.02882,0.00571,89.85,-0.00960,-0.00011
1779370748.2661,plane,3154,69,0.49356,0.00302,0.007480,0.97585,0.00570,89.86,-0.00233,-0.00018
1779370748.3775,plane,3155,69,0.49480,0.00301,0.007475,1.04449,0.00547,89.88,0.01105,-0.00009
1779370748.4734,plane,3156,69,0.49435,0.00302,0.007484,1.00531,0.00542,89.87,-0.00463,0.00010
1779370748.5708,plane,3157,69,0.49519,0.00305,0.007536,1.03474,0.00565,89.87,0.00870,0.00027
1779370748.6657,plane,3158,69,0.49556,0.00305,0.007548,1.08962,0.00587,89.86,0.00389,0.00005
1779370748.7769,plane,3159,69,0.49521,0.00306,0.007558,1.16721,0.00692,89.78,-0.00323,0.00008
1779370748.8731,plane,3160,69,0.49400,0.00304,0.007512,1.00973,0.00568,89.86,-0.01254,-0.00024
1779370748.9690,plane,3161,69,0.49343,0.00304,0.007499,1.08794,0.00606,89.79,-0.00599,-0.00002
1779370749.0640,plane,3162,69,0.49534,0.00304,0.007521,1.05710,0.00550,89.87,0.02015,-0.00002
1779370749.1768,plane,3163,69,0.49523,0.00305,0.007533,1.09040,0.00579,89.86,-0.00099,0.00011
1779370749.2729,plane,3164,69,0.49325,0.00306,0.007519,1.13249,0.00628,89.78,-0.02059,0.00007
1779370749.3687,plane,3165,69,0.49175,0.00302,0.007448,0.96005,0.00532,89.87,-0.01561,-0.00035
1779370749.4657,plane,3166,69,0.49263,0.00302,0.007468,1.00101,0.00564,89.87,0.00900,0.00003
1779370749.5769,plane,3167,69,0.49108,0.00301,0.007423,0.96865,0.00548,89.88,-0.01386,-0.00012
1779370749.6726,plane,3168,69,0.49340,0.00302,0.007470,0.96062,0.00528,89.86,0.02425,0.00012
1779370749.7690,plane,3169,69,0.49375,0.00301,0.007456,0.96132,0.00563,89.87,0.00361,-0.00009
1779370749.8655,plane,3170,69,0.49146,0.00300,0.007407,0.97718,0.00530,89.88,-0.02374,-0.00013
1779370749.9772,plane,3171,69,0.49211,0.00300,0.007409,1.04056,0.00548,89.87,0.00583,-0.00004
1779370750.0723,plane,3172,69,0.49560,0.00303,0.007502,1.08349,0.00539,89.87,0.03669,0.00031
1779370750.1690,plane,3173,69,0.49567,0.00302,0.007485,1.04117,0.00532,89.87,0.00075,-0.00012
1779370750.2651,plane,3174,69,0.49415,0.00301,0.007451,0.98273,0.00537,89.87,-0.01588,-0.00011
1779370750.3766,plane,3175,69,0.49469,0.00305,0.007526,1.00876,0.00602,89.84,0.00487,0.00039
1779370750.4722,plane,3176,69,0.49579,0.00306,0.007553,1.04954,0.00599,89.86,0.01149,0.00008
1779370750.5690,plane,3177,69,0.49457,0.00307,0.007563,1.17601,0.00706,89.77,-0.01253,0.00013
1779370750.6657,plane,3178,69,0.49236,0.00302,0.007463,0.97675,0.00551,89.87,-0.02297,-0.00046
1779370750.7776,plane,3179,69,0.49302,0.00304,0.007490,0.99072,0.00583,89.86,0.00582,0.00011
1779370750.8732,plane,3180,69,0.49465,0.00305,0.007533,1.04126,0.00639,89.85,0.01709,0.00016
1779370750.9690,plane,3181,69,0.49321,0.00304,0.007502,0.97712,0.00587,89.86,-0.01509,-0.00010
1779370751.0654,plane,3182,69,0.49375,0.00305,0.007524,0.98962,0.00591,89.86,0.00561,0.00011
1779370751.1774,plane,3183,69,0.49423,0.00305,0.007519,1.01350,0.00583,89.86,0.00427,-0.00007
1779370751.2740,plane,3184,69,0.49257,0.00304,0.007480,0.98563,0.00549,89.86,-0.01715,-0.00008
1779370751.3691,plane,3185,69,0.49099,0.00302,0.007446,0.94186,0.00545,89.88,-0.01663,-0.00013
1779370751.4652,plane,3186,69,0.49403,0.00305,0.007533,1.01551,0.00583,89.86,0.03162,0.00031
1779370751.5769,plane,3187,69,0.49384,0.00305,0.007514,0.97639,0.00624,89.85,-0.00172,-0.00008
1779370751.6731,plane,3188,69,0.49441,0.00305,0.007533,1.02775,0.00606,89.86,0.00593,0.00007
1779370751.7692,plane,3189,69,0.49260,0.00303,0.007463,0.94916,0.00565,89.86,-0.01882,-0.00027
1779370751.8649,plane,3190,69,0.49327,0.00304,0.007506,0.97034,0.00557,89.88,0.00701,0.00016
1779370751.9767,plane,3191,69,0.49237,0.00301,0.007438,0.93985,0.00536,89.87,-0.00801,-0.00029
1779370752.0727,plane,3192,69,0.49525,0.00306,0.007551,1.05078,0.00592,89.85,0.02997,0.00048
1779370752.1683,plane,3193,69,0.49437,0.00305,0.007533,1.06030,0.00568,89.87,-0.00920,-0.00005
1779370752.2657,plane,3194,69,0.49423,0.00306,0.007536,1.02686,0.00590,89.86,-0.00142,0.00003
1779370752.3769,plane,3195,69,0.49554,0.00307,0.007572,1.03835,0.00591,89.86,0.01182,0.00012
1779370752.4734,plane,3196,69,0.49581,0.00306,0.007562,1.03865,0.00572,89.86,0.00279,-0.00010
1779370752.5698,plane,3197,69,0.49576,0.00306,0.007565,1.02062,0.00587,89.86,-0.00049,0.00003
1779370752.6653,plane,3198,69,0.49481,0.00306,0.007553,1.10316,0.00587,89.86,-0.00993,0.00001
1779370752.7775,plane,3199,69,0.49421,0.00306,0.007540,1.11308,0.00630,89.85,-0.00538,-0.00003
1779370752.8740,plane,3200,69,0.49403,0.00305,0.007521,1.01765,0.00615,89.85,-0.00183,-0.00010
1779370752.9700,plane,3201,69,0.49140,0.00304,0.007468,0.91036,0.00580,89.87,-0.02723,-0.00012
1779370753.0650,plane,3202,69,0.49198,0.00303,0.007468,0.92597,0.00567,89.87,0.00607,-0.00003
1779370753.1769,plane,3203,69,0.49478,0.00304,0.007516,0.97397,0.00560,89.86,0.02499,0.00007
1779370753.2734,plane,3204,69,0.49458,0.00305,0.007528,1.00427,0.00587,89.86,-0.00208,0.00006
1779370753.3691,plane,3205,69,0.49236,0.00302,0.007443,0.97121,0.00532,89.88,-0.02309,-0.00032
1779370753.4649,plane,3206,69,0.49611,0.00306,0.007560,1.00413,0.00581,89.86,0.03903,0.00044
1779370753.5778,plane,3207,69,0.49541,0.00307,0.007568,1.18208,0.00807,89.76,-0.00617,0.00009
1779370753.6725,plane,3208,69,0.49515,0.00306,0.007551,0.99614,0.00572,89.86,-0.00278,-0.00010
1779370753.7696,plane,3209,69,0.49577,0.00307,0.007563,1.00470,0.00572,89.86,0.00641,0.00005
1779370753.8643,plane,3210,69,0.49660,0.00307,0.007579,1.08947,0.00635,89.85,0.00876,0.00002
1779370753.9758,plane,3211,69,0.49602,0.00305,0.007551,1.01405,0.00547,89.87,-0.00521,-0.00012
1779370754.0716,plane,3212,69,0.49572,0.00306,0.007556,1.04870,0.00586,89.86,-0.00314,0.00003
1779370754.1696,plane,3213,69,0.49650,0.00306,0.007573,1.05569,0.00630,89.85,0.00798,0.00008
1779370754.2653,plane,3214,69,0.49566,0.00305,0.007540,1.03619,0.00637,89.85,-0.00878,-0.00013
1779370754.3773,plane,3215,69,0.49327,0.00308,0.007558,1.08751,0.00707,89.77,-0.02147,0.00022
1779370754.4741,plane,3216,69,0.49528,0.00307,0.007563,1.04585,0.00600,89.86,0.02068,-0.00011
1779370754.5702,plane,3217,69,0.49384,0.00305,0.007514,1.00173,0.00598,89.85,-0.01488,-0.00017
1779370754.6660,plane,3218,69,0.49481,0.00306,0.007545,1.04248,0.00592,89.85,0.01020,0.00008
1779370754.7780,plane,3219,69,0.49524,0.00307,0.007570,1.03279,0.00566,89.87,0.00385,0.00012
1779370754.8733,plane,3220,69,0.49405,0.00305,0.007534,0.98589,0.00544,89.87,-0.01253,-0.00015
1779370754.9703,plane,3221,69,0.49355,0.00306,0.007545,1.16441,0.00651,89.78,-0.00515,0.00010
1779370755.0659,plane,3222,69,0.49434,0.00306,0.007546,1.04852,0.00605,89.85,0.00815,-0.00003
1779370755.1769,plane,3223,69,0.49473,0.00307,0.007556,1.03728,0.00578,89.86,0.00360,0.00003
1779370755.2736,plane,3224,69,0.49403,0.00306,0.007546,1.14921,0.00651,89.78,-0.00728,-0.00003
1779370755.3695,plane,3225,69,0.49498,0.00306,0.007558,1.01764,0.00575,89.86,0.00996,0.00002
1779370755.4657,plane,3226,69,0.49431,0.00306,0.007545,1.03164,0.00621,89.86,-0.00695,-0.00002
1779370755.5780,plane,3227,69,0.49383,0.00305,0.007521,0.98175,0.00593,89.85,-0.00432,-0.00010
1779370755.6735,plane,3228,69,0.49409,0.00305,0.007524,1.17647,0.00692,89.78,0.00271,-0.00001
1779370755.7685,plane,3229,69,0.49528,0.00305,0.007543,1.03965,0.00551,89.87,0.01249,0.00004
1779370755.8660,plane,3230,69,0.49461,0.00306,0.007553,1.03476,0.00570,89.86,-0.00688,0.00009
1779370755.9777,plane,3231,69,0.49467,0.00307,0.007565,1.20266,0.00734,89.77,0.00047,0.00008
1779370756.0727,plane,3232,69,0.49532,0.00308,0.007599,1.05382,0.00615,89.85,0.00681,0.00012
1779370756.1696,plane,3233,69,0.49452,0.00307,0.007568,1.00292,0.00577,89.87,-0.00821,-0.00009
1779370756.2663,plane,3234,69,0.49115,0.00304,0.007468,0.93242,0.00563,89.87,-0.03464,-0.00037
1779370756.3769,plane,3235,69,0.49256,0.00305,0.007511,0.97059,0.00565,89.87,0.01274,0.00011
1779370756.4730,plane,3236,69,0.49217,0.00303,0.007468,0.98150,0.00571,89.87,-0.00407,-0.00022
1779370756.5694,plane,3237,69,0.49378,0.00305,0.007521,0.98736,0.00575,89.85,0.01672,0.00023
1779370756.6653,plane,3238,69,0.49050,0.00304,0.007465,0.96762,0.00625,89.78,-0.03422,-0.00011
1779370756.7788,plane,3239,69,0.49187,0.00306,0.007511,0.98472,0.00586,89.85,0.01222,0.00014
1779370756.8734,plane,3240,69,0.49545,0.00307,0.007587,1.19597,0.00700,89.78,0.03732,0.00014
1779370756.9688,plane,3241,69,0.49435,0.00306,0.007553,1.17296,0.00661,89.79,-0.01158,-0.00010
1779370757.0656,plane,3242,69,0.49501,0.00306,0.007550,1.06553,0.00576,89.87,0.00698,-0.00001
1779370757.1767,plane,3243,69,0.49455,0.00305,0.007540,1.04733,0.00596,89.86,-0.00413,-0.00008
1779370757.2729,plane,3244,69,0.49414,0.00304,0.007517,1.03535,0.00567,89.87,-0.00425,-0.00007
1779370757.3694,plane,3245,69,0.49570,0.00304,0.007519,1.03269,0.00540,89.87,0.01619,-0.00007
1779370757.4655,plane,3246,69,0.49156,0.00305,0.007490,1.06334,0.00604,89.79,-0.04292,0.00013
1779370757.5772,plane,3247,69,0.49243,0.00304,0.007494,1.07766,0.00620,89.78,0.00778,-0.00008
1779370757.6736,plane,3248,69,0.49202,0.00302,0.007458,0.98191,0.00607,89.79,-0.00417,-0.00018
1779370757.7684,plane,3249,69,0.49570,0.00296,0.007394,1.04142,0.00564,89.86,0.03873,-0.00069
1779370757.8653,plane,3250,69,0.49543,0.00303,0.007521,1.05379,0.00567,89.86,-0.00276,0.00078
1779370757.9776,plane,3251,69,0.49330,0.00305,0.007519,1.16722,0.00746,89.77,-0.01906,0.00015
1779370758.0735,plane,3252,69,0.49002,0.00302,0.007419,0.97038,0.00563,89.81,-0.03424,-0.00037
1779370758.1694,plane,3253,69,0.49253,0.00301,0.007431,0.99895,0.00546,89.88,0.02616,-0.00010
1779370758.2656,plane,3254,69,0.49357,0.00302,0.007467,1.03809,0.00580,89.86,0.01081,0.00012
1779370758.3766,plane,3255,69,0.49300,0.00301,0.007440,0.95779,0.00549,89.89,-0.00513,-0.00004
1779370758.4725,plane,3256,69,0.49461,0.00304,0.007509,1.00926,0.00539,89.87,0.01683,0.00025
1779370758.5689,plane,3257,69,0.49397,0.00307,0.007553,1.02771,0.00584,89.87,-0.00663,0.00033
1779370758.6653,plane,3258,69,0.49503,0.00304,0.007529,1.01857,0.00598,89.86,0.01100,-0.00029
1779370758.7769,plane,3259,69,0.49133,0.00298,0.007377,0.98407,0.00532,89.90,-0.03315,-0.00053
1779370758.8741,plane,3260,69,0.49274,0.00303,0.007468,0.93805,0.00543,89.87,0.01466,0.00044
1779370758.9687,plane,3261,69,0.49470,0.00301,0.007472,1.01160,0.00539,89.89,0.02057,-0.00016
1779370759.0654,plane,3262,69,0.49410,0.00306,0.007548,1.56045,0.01212,89.76,-0.00625,0.00056
1779370759.1773,plane,3263,69,0.49495,0.00305,0.007538,1.02415,0.00560,89.87,0.00766,-0.00010
1779370759.2732,plane,3264,69,0.49346,0.00304,0.007506,1.01177,0.00578,89.85,-0.01556,-0.00011
1779370759.3693,plane,3265,69,0.49562,0.00304,0.007516,1.03698,0.00556,89.86,0.02248,-0.00005
1779370759.4648,plane,3266,69,0.49421,0.00304,0.007497,0.97279,0.00546,89.87,-0.01469,0.00000
1779370759.5774,plane,3267,69,0.49247,0.00305,0.007502,0.93469,0.00568,89.86,-0.01548,0.00012
1779370759.6735,plane,3268,69,0.49362,0.00304,0.007499,0.99060,0.00566,89.86,0.01196,-0.00016
1779370759.7696,plane,3269,69,0.49457,0.00304,0.007507,1.02029,0.00593,89.86,0.00982,0.00003
1779370759.8649,plane,3270,69,0.49411,0.00305,0.007517,0.97186,0.00580,89.85,-0.00480,0.00010
1779370759.9767,plane,3271,69,0.49464,0.00308,0.007575,1.25815,0.00796,89.77,0.00475,0.00027
1779370760.0731,plane,3272,69,0.49490,0.00306,0.007556,1.00594,0.00574,89.86,0.00266,-0.00014
1779370760.1696,plane,3273,69,0.49376,0.00305,0.007533,1.19070,0.00690,89.78,-0.01186,-0.00010
1779370760.2657,plane,3274,69,0.49412,0.00302,0.007482,0.98470,0.00557,89.87,0.00372,-0.00031
1779370760.3767,plane,3275,69,0.49167,0.00302,0.007450,0.94665,0.00569,89.87,-0.02208,-0.00002
1779370760.4724,plane,3276,69,0.49375,0.00305,0.007516,0.99891,0.00575,89.86,0.02179,0.00026
1779370760.5696,plane,3277,69,0.49421,0.00304,0.007501,1.00812,0.00553,89.87,0.00467,-0.00009
1779370760.6653,plane,3278,69,0.49466,0.00303,0.007487,1.01046,0.00567,89.86,0.00471,-0.00014
1779370760.7768,plane,3279,69,0.49294,0.00303,0.007470,1.02355,0.00545,89.88,-0.01539,0.00004
1779370760.8722,plane,3280,69,0.49462,0.00304,0.007506,1.14813,0.00627,89.79,0.01757,0.00008
1779370760.9697,plane,3281,69,0.49010,0.00302,0.007416,0.94138,0.00568,89.87,-0.04652,-0.00023
1779370761.0661,plane,3282,69,0.49454,0.00303,0.007485,0.97798,0.00535,89.87,0.04627,0.00013
1779370761.1775,plane,3283,69,0.49318,0.00305,0.007509,1.08801,0.00657,89.78,-0.01214,0.00016
1779370761.2727,plane,3284,69,0.49120,0.00302,0.007440,0.95409,0.00573,89.86,-0.02082,-0.00027
1779370761.3692,plane,3285,69,0.49051,0.00300,0.007389,0.99445,0.00555,89.88,-0.00715,-0.00021
1779370761.4653,plane,3286,69,0.49396,0.00303,0.007482,0.97702,0.00566,89.87,0.03567,0.00028
1779370761.5768,plane,3287,69,0.49428,0.00305,0.007526,1.13684,0.00633,89.78,0.00290,0.00019
1779370761.6740,plane,3288,69,0.49474,0.00306,0.007546,1.17142,0.00661,89.78,0.00477,0.00009
1779370761.7697,plane,3289,69,0.49502,0.00302,0.007490,1.03217,0.00563,89.86,0.00286,-0.00035
1779370761.8646,plane,3290,69,0.49520,0.00303,0.007499,1.00965,0.00562,89.88,0.00194,0.00008
1779370761.9753,plane,3291,69,0.49384,0.00304,0.007514,1.17838,0.00640,89.79,-0.01239,0.00010
1779370762.0732,plane,3292,69,0.49453,0.00304,0.007514,1.05037,0.00556,89.86,0.00708,-0.00001
1779370762.1694,plane,3293,69,0.49508,0.00305,0.007533,1.04907,0.00559,89.86,0.00573,0.00006
1779370762.2660,plane,3294,69,0.49593,0.00306,0.007560,1.00966,0.00593,89.87,0.00885,0.00012
1779370762.3776,plane,3295,69,0.49522,0.00308,0.007582,1.26425,0.00651,89.79,-0.00635,0.00016
1779370762.4734,plane,3296,69,0.49553,0.00306,0.007558,0.99079,0.00617,89.85,0.00322,-0.00018
1779370762.5702,plane,3297,69,0.49561,0.00306,0.007562,1.03759,0.00566,89.86,0.00085,0.00001
1779370762.6650,plane,3298,69,0.49454,0.00306,0.007540,1.07148,0.00619,89.85,-0.01121,-0.00006
1779370762.7768,plane,3299,69,0.49417,0.00305,0.007521,1.12045,0.00623,89.79,-0.00330,-0.00008
1779370762.8727,plane,3300,69,0.49589,0.00306,0.007553,1.02100,0.00555,89.87,0.01798,0.00010
1779370762.9693,plane,3301,69,0.49464,0.00306,0.007540,1.03807,0.00569,89.86,-0.01299,0.00002
1779370763.0654,plane,3302,69,0.49489,0.00307,0.007568,1.21317,0.00727,89.77,0.00261,0.00012
1779370763.1772,plane,3303,69,0.49477,0.00302,0.007489,1.00965,0.00548,89.88,-0.00105,-0.00039
1779370763.2739,plane,3304,69,0.49386,0.00301,0.007458,0.95749,0.00526,89.88,-0.00941,-0.00015
1779370763.3684,plane,3305,69,0.49438,0.00305,0.007528,1.03414,0.00570,89.86,0.00549,0.00040
1779370763.4658,plane,3306,69,0.49469,0.00307,0.007556,1.15942,0.00688,89.77,0.00310,0.00018
1779370763.5768,plane,3307,69,0.49500,0.00306,0.007560,1.04867,0.00587,89.86,0.00284,-0.00001
1779370763.6725,plane,3308,69,0.49453,0.00306,0.007555,1.00781,0.00562,89.86,-0.00495,-0.00001
1779370763.7699,plane,3309,69,0.49554,0.00308,0.007592,1.07611,0.00635,89.84,0.01046,0.00016
1779370763.8650,plane,3310,69,0.49526,0.00309,0.007604,1.23508,0.00810,89.77,-0.00301,0.00010
1779370763.9769,plane,3311,69,0.49588,0.00308,0.007601,1.03214,0.00595,89.86,0.00553,-0.00005
1779370764.0732,plane,3312,69,0.49523,0.00308,0.007580,1.03582,0.00583,89.86,-0.00665,-0.00007
1779370764.1709,plane,3313,69,0.49560,0.00307,0.007584,1.08367,0.00586,89.85,0.00372,-0.00001
1779370764.2650,plane,3314,69,0.49336,0.00307,0.007553,1.16162,0.00689,89.78,-0.02362,-0.00003
1779370764.3777,plane,3315,69,0.49594,0.00308,0.007592,1.04892,0.00590,89.87,0.02278,0.00004
1779370764.4730,plane,3316,69,0.49553,0.00307,0.007579,1.03738,0.00587,89.86,-0.00427,-0.00003
1779370764.5691,plane,3317,69,0.49402,0.00308,0.007572,1.22570,0.00729,89.78,-0.01568,0.00006
1779370764.6640,plane,3318,69,0.49506,0.00307,0.007567,1.03284,0.00602,89.86,0.01093,-0.00011
1779370764.7786,plane,3319,69,0.49504,0.00307,0.007568,1.08623,0.00606,89.86,-0.00018,-0.00001
1779370764.8723,plane,3320,69,0.49349,0.00307,0.007558,1.17098,0.00698,89.77,-0.01641,0.00008
1779370764.9693,plane,3321,69,0.49583,0.00307,0.007582,1.04323,0.00592,89.86,0.02419,-0.00004
1779370765.0665,plane,3322,69,0.49614,0.00307,0.007584,1.04715,0.00588,89.86,0.00312,-0.00001
1779370765.1766,plane,3323,69,0.49510,0.00308,0.007584,1.25820,0.00798,89.77,-0.00935,0.00007
1779370765.2736,plane,3324,69,0.49536,0.00306,0.007563,1.01422,0.00572,89.86,0.00276,-0.00012
1779370765.3696,plane,3325,69,0.49579,0.00306,0.007570,1.03792,0.00599,89.86,0.00449,-0.00000
1779370765.4649,plane,3326,69,0.49569,0.00307,0.007579,1.07969,0.00590,89.86,-0.00113,0.00006
1779370765.5777,plane,3327,69,0.49640,0.00307,0.007589,1.03430,0.00641,89.85,0.00637,0.00001
1779370765.6728,plane,3328,69,0.49640,0.00307,0.007587,1.06368,0.00587,89.86,-0.00002,-0.00001
1779370765.7691,plane,3329,69,0.49722,0.00309,0.007633,1.13722,0.00638,89.85,0.00848,0.00024
1779370765.8642,plane,3330,69,0.49545,0.00309,0.007606,1.09837,0.00647,89.84,-0.01867,-0.00004
1779370765.9772,plane,3331,69,0.49378,0.00307,0.007560,1.30182,0.00875,89.77,-0.01477,-0.00013
1779370766.0727,plane,3332,69,0.49418,0.00307,0.007555,0.97533,0.00571,89.87,0.00421,-0.00006
1779370766.1693,plane,3333,69,0.49430,0.00307,0.007570,1.07818,0.00648,89.86,0.00132,0.00006
1779370766.2647,plane,3334,69,0.49447,0.00308,0.007585,1.28514,0.00812,89.77,0.00169,0.00008
1779370766.3767,plane,3335,69,0.49446,0.00308,0.007580,1.18822,0.00709,89.78,-0.00003,-0.00003
1779370766.4726,plane,3336,69,0.49452,0.00309,0.007594,1.21528,0.00748,89.77,0.00064,0.00010
1779370766.5698,plane,3337,69,0.49438,0.00308,0.007572,1.18481,0.00716,89.77,-0.00152,-0.00014
1779370766.6640,plane,3338,69,0.49500,0.00307,0.007567,1.02433,0.00590,89.87,0.00658,-0.00007
1779370766.7781,plane,3339,69,0.49557,0.00307,0.007577,1.05932,0.00634,89.86,0.00505,-0.00001
1779370766.8727,plane,3340,69,0.49508,0.00309,0.007612,1.53216,0.01230,89.77,-0.00524,0.00026
1779370766.9692,plane,3341,69,0.49476,0.00307,0.007562,1.03757,0.00602,89.86,-0.00332,-0.00026
1779370767.0653,plane,3342,69,0.49452,0.00308,0.007577,1.09147,0.00633,89.79,-0.00247,0.00012
1779370767.1776,plane,3343,69,0.49501,0.00308,0.007579,1.13057,0.00624,89.79,0.00439,-0.00002
1779370767.2725,plane,3344,69,0.49528,0.00308,0.007592,1.02847,0.00581,89.87,0.00282,0.00002
1779370767.3688,plane,3345,69,0.49376,0.00307,0.007563,1.19196,0.00673,89.78,-0.01577,-0.00005
1779370767.4650,plane,3346,69,0.49431,0.00306,0.007538,1.00080,0.00588,89.86,0.00571,-0.00018
1779370767.5778,plane,3347,69,0.49484,0.00306,0.007556,1.04567,0.00585,89.86,0.00472,0.00004
1779370767.6738,plane,3348,69,0.49389,0.00305,0.007529,1.21471,0.00700,89.78,-0.00981,-0.00008
1779370767.7691,plane,3349,69,0.49573,0.00306,0.007565,1.11245,0.00624,89.85,0.01932,0.00009
1779370767.8651,plane,3350,69,0.49487,0.00307,0.007560,1.05374,0.00568,89.86,-0.00904,0.00004
1779370767.9780,plane,3351,69,0.49577,0.00309,0.007623,1.31069,0.00831,89.77,0.00792,0.00025
1779370768.0731,plane,3352,69,0.49573,0.00308,0.007597,1.08266,0.00591,89.86,-0.00039,-0.00014
1779370768.1698,plane,3353,69,0.49611,0.00309,0.007619,1.20186,0.00715,89.77,0.00392,0.00013
1779370768.2661,plane,3354,69,0.49640,0.00310,0.007631,1.20432,0.00774,89.77,0.00302,0.00004
1779370768.3771,plane,3355,69,0.49569,0.00308,0.007592,1.05604,0.00616,89.86,-0.00640,-0.00018
1779370768.4731,plane,3356,69,0.49486,0.00307,0.007562,1.03113,0.00592,89.86,-0.00869,-0.00010
1779370768.5694,plane,3357,69,0.49451,0.00304,0.007507,1.03943,0.00561,89.87,-0.00357,-0.00031
1779370768.6655,plane,3358,69,0.49246,0.00301,0.007443,0.95598,0.00545,89.87,-0.02131,-0.00024
1779370768.7778,plane,3359,69,0.49416,0.00303,0.007490,0.96419,0.00552,89.87,0.01517,0.00015
1779370768.8733,plane,3360,69,0.49535,0.00305,0.007543,1.01851,0.00589,89.85,0.01236,0.00023
1779370768.9697,plane,3361,69,0.49498,0.00308,0.007579,1.21359,0.00737,89.77,-0.00386,0.00023
1779370769.0659,plane,3362,69,0.49661,0.00308,0.007609,1.06971,0.00613,89.86,0.01704,0.00006
1779370769.1775,plane,3363,69,0.49591,0.00307,0.007580,1.07034,0.00578,89.86,-0.00625,-0.00011
1779370769.2734,plane,3364,69,0.49509,0.00308,0.007590,1.19158,0.00686,89.78,-0.00860,0.00013
1779370769.3690,plane,3365,69,0.49303,0.00306,0.007533,1.13511,0.00678,89.78,-0.02146,-0.00021
1779370769.4653,plane,3366,69,0.49021,0.00303,0.007446,0.97348,0.00609,89.79,-0.02918,-0.00033
1779370769.5773,plane,3367,69,0.49363,0.00303,0.007484,0.95115,0.00559,89.87,0.03048,0.00002
1779370769.6729,plane,3368,69,0.49482,0.00307,0.007565,1.22658,0.00755,89.77,0.01252,0.00038
1779370769.7687,plane,3369,69,0.49507,0.00308,0.007597,1.23862,0.00717,89.78,0.00256,0.00017
1779370769.8649,plane,3370,69,0.49401,0.00308,0.007577,1.06442,0.00590,89.86,-0.01098,-0.00006
1779370769.9776,plane,3371,69,0.49455,0.00307,0.007563,1.00536,0.00576,89.86,0.00474,-0.00007
1779370770.0731,plane,3372,69,0.49528,0.00312,0.007670,1.62425,0.01402,89.75,0.00764,0.00055
1779370770.1686,plane,3373,69,0.49514,0.00311,0.007636,1.80194,0.01682,89.71,-0.00138,-0.00019
1779370770.2647,plane,3374,69,0.49376,0.00304,0.007511,0.99257,0.00568,89.87,-0.01435,-0.00065
1779370770.3773,plane,3375,69,0.49140,0.00301,0.007428,0.99472,0.00529,89.89,-0.02100,-0.00026
1779370770.4731,plane,3376,69,0.48685,0.00294,0.007261,0.96808,0.00503,89.89,-0.04751,-0.00071
1779370770.5687,plane,3377,69,0.49508,0.00306,0.007546,1.00111,0.00578,89.85,0.08604,0.00118
1779370770.6653,plane,3378,69,0.49622,0.00310,0.007638,1.10574,0.00690,89.84,0.01180,0.00043
1779370770.7772,plane,3379,69,0.49562,0.00313,0.007689,1.52053,0.01316,89.70,-0.00532,0.00028
1779370770.8728,plane,3380,69,0.49508,0.00310,0.007623,1.23738,0.00779,89.76,-0.00560,-0.00029
1779370770.9692,plane,3381,69,0.49406,0.00307,0.007555,1.00895,0.00556,89.86,-0.01060,-0.00039
1779370771.0648,plane,3382,69,0.49420,0.00306,0.007543,1.21253,0.00805,89.76,0.00143,-0.00007
1779370771.1775,plane,3383,69,0.49465,0.00304,0.007526,1.00372,0.00544,89.87,0.00401,-0.00013
1779370771.2730,plane,3384,69,0.49355,0.00301,0.007462,1.11639,0.00551,89.81,-0.01150,-0.00032
1779370771.3703,plane,3385,69,0.49466,0.00305,0.007528,1.03939,0.00555,89.87,0.01139,0.00033
1779370771.4657,plane,3386,69,0.49579,0.00308,0.007592,1.06660,0.00596,89.85,0.01180,0.00033
1779370771.5769,plane,3387,69,0.49612,0.00309,0.007616,1.08620,0.00650,89.84,0.00296,0.00011
1779370771.6731,plane,3388,69,0.49207,0.00303,0.007470,0.96751,0.00562,89.87,-0.04210,-0.00061
1779370771.7690,plane,3389,69,0.49078,0.00297,0.007356,1.00543,0.00514,89.89,-0.01345,-0.00062
1779370771.8652,plane,3390,69,0.49473,0.00299,0.007428,0.99917,0.00536,89.87,0.04139,0.00013
1779370771.9771,plane,3391,69,0.48950,0.00298,0.007368,0.96915,0.00545,89.86,-0.04637,-0.00000
1779370772.0723,plane,3392,69,0.49405,0.00305,0.007514,0.98221,0.00588,89.86,0.04780,0.00066
1779370772.1688,plane,3393,69,0.49497,0.00307,0.007570,1.04884,0.00558,89.86,0.00953,0.00027
1779370772.2648,plane,3394,69,0.49687,0.00309,0.007628,1.07595,0.00603,89.87,0.01976,0.00019
1779370772.3757,plane,3395,69,0.49616,0.00309,0.007628,1.27064,0.00845,89.76,-0.00639,-0.00000
1779370772.4742,plane,3396,69,0.48880,0.00301,0.007394,0.93154,0.00568,89.87,-0.07533,-0.00080
1779370772.5695,plane,3397,69,0.49395,0.00307,0.007558,1.18482,0.00734,89.77,0.05363,0.00061
1779370772.6649,plane,3398,69,0.49645,0.00311,0.007651,1.11348,0.00742,89.84,0.02618,0.00038
1779370772.7779,plane,3399,69,0.49536,0.00313,0.007680,1.11353,0.00659,89.85,-0.00962,0.00017
1779370772.8737,plane,3400,69,0.49487,0.00309,0.007607,1.11404,0.00735,89.84,-0.00512,-0.00034
1779370772.9686,plane,3401,69,0.49546,0.00309,0.007606,1.45649,0.01194,89.76,0.00619,-0.00007
1779370773.0661,plane,3402,69,0.49481,0.00309,0.007592,1.17341,0.00718,89.78,-0.00673,-0.00002
1779370773.1777,plane,3403,69,0.49220,0.00304,0.007477,0.94794,0.00557,89.88,-0.02329,-0.00042
1779370773.2728,plane,3404,69,0.48765,0.00294,0.007270,0.95993,0.00520,89.89,-0.04774,-0.00104
1779370773.3699,plane,3405,69,0.49269,0.00296,0.007358,0.98176,0.00528,89.89,0.05241,0.00020
1779370773.4660,plane,3406,69,0.49431,0.00299,0.007434,1.02103,0.00527,89.88,0.01675,0.00035
1779370773.5772,plane,3407,69,0.49450,0.00304,0.007519,1.12933,0.00583,89.80,0.00168,0.00046
1779370773.6737,plane,3408,69,0.49403,0.00307,0.007565,1.19954,0.00670,89.78,-0.00489,0.00031
1779370773.7698,plane,3409,69,0.49578,0.00310,0.007636,1.27726,0.00891,89.75,0.01806,0.00027
1779370773.8650,plane,3410,69,0.49617,0.00312,0.007672,1.33587,0.00967,89.74,0.00406,0.00020
1779370773.9781,plane,3411,69,0.49537,0.00313,0.007672,1.22194,0.00716,89.78,-0.00706,0.00006
1779370774.0734,plane,3412,69,0.49511,0.00309,0.007614,1.01309,0.00603,89.87,-0.00270,-0.00034
1779370774.1682,plane,3413,69,0.49410,0.00307,0.007563,1.20656,0.00728,89.77,-0.01068,-0.00027
1779370774.2656,plane,3414,69,0.49536,0.00304,0.007521,1.02835,0.00593,89.86,0.01302,-0.00031
1779370774.3775,plane,3415,69,0.49462,0.00306,0.007545,1.12643,0.00648,89.78,-0.00655,0.00017
1779370774.4741,plane,3416,69,0.49355,0.00304,0.007499,1.06874,0.00558,89.87,-0.01117,-0.00020
1779370774.5691,plane,3417,69,0.49247,0.00303,0.007477,0.97964,0.00582,89.86,-0.01127,-0.00003
1779370774.6648,plane,3418,69,0.49339,0.00305,0.007519,0.99842,0.00605,89.85,0.00959,0.00020
1779370774.7769,plane,3419,69,0.49452,0.00307,0.007562,1.09784,0.00648,89.84,0.01008,0.00012
1779370774.8735,plane,3420,69,0.49492,0.00308,0.007582,1.20210,0.00666,89.79,0.00413,0.00011
1779370774.9688,plane,3421,69,0.49401,0.00308,0.007572,1.29843,0.00996,89.75,-0.00946,-0.00001
1779370775.0658,plane,3422,69,0.49504,0.00307,0.007577,1.08197,0.00592,89.86,0.01057,-0.00003
1779370775.1775,plane,3423,69,0.49401,0.00307,0.007558,1.04129,0.00569,89.87,-0.00926,-0.00002
1779370775.2736,plane,3424,69,0.49442,0.00307,0.007563,1.16767,0.00714,89.77,0.00433,0.00001
1779370775.3693,plane,3425,69,0.49381,0.00305,0.007524,0.96002,0.00577,89.86,-0.00638,-0.00020
1779370775.4666,plane,3426,69,0.49521,0.00307,0.007570,1.04831,0.00620,89.85,0.01447,0.00017
1779370775.5772,plane,3427,69,0.49531,0.00307,0.007565,1.04904,0.00602,89.86,0.00095,-0.00004
1779370775.6731,plane,3428,69,0.49652,0.00308,0.007602,1.05750,0.00604,89.86,0.01256,0.00015
1779370775.7695,plane,3429,69,0.49610,0.00308,0.007601,1.01806,0.00608,89.86,-0.00438,0.00000
1779370775.8656,plane,3430,69,0.49579,0.00309,0.007626,1.07870,0.00643,89.85,-0.00323,0.00015
1779370775.9764,plane,3431,69,0.49545,0.00309,0.007607,1.12971,0.00716,89.84,-0.00304,-0.00007
1779370776.0730,plane,3432,69,0.49601,0.00308,0.007607,1.11816,0.00667,89.85,0.00584,-0.00003
1779370776.1690,plane,3433,69,0.49588,0.00311,0.007636,1.14592,0.00722,89.77,-0.00137,0.00023
1779370776.2651,plane,3434,69,0.49440,0.00309,0.007606,1.17124,0.00762,89.77,-0.01546,-0.00012
1779370776.3773,plane,3435,69,0.49527,0.00308,0.007597,1.07081,0.00611,89.85,0.00776,-0.00010
1779370776.4730,plane,3436,69,0.49511,0.00308,0.007584,1.04530,0.00575,89.86,-0.00166,-0.00006
1779370776.5687,plane,3437,69,0.49506,0.00307,0.007579,1.04708,0.00578,89.86,-0.00054,-0.00003
1779370776.6646,plane,3438,69,0.49443,0.00307,0.007560,1.01942,0.00613,89.85,-0.00656,-0.00005
1779370776.7770,plane,3439,69,0.49425,0.00306,0.007550,1.07923,0.00623,89.78,-0.00161,-0.00003
1779370776.8728,plane,3440,69,0.49438,0.00307,0.007568,1.22163,0.00693,89.78,0.00135,0.00008
1779370776.9687,plane,3441,69,0.49429,0.00308,0.007579,1.20734,0.00719,89.77,-0.00086,0.00007
1779370777.0653,plane,3442,69,0.49581,0.00306,0.007570,1.03119,0.00572,89.86,0.01574,-0.00015
1779370777.1766,plane,3443,69,0.49612,0.00308,0.007589,1.06248,0.00576,89.87,0.00277,0.00010
1779370777.2737,plane,3444,69,0.49551,0.00306,0.007558,1.04616,0.00582,89.86,-0.00628,-0.00015
1779370777.3699,plane,3445,69,0.49423,0.00308,0.007573,1.20385,0.00663,89.79,-0.01340,0.00018
1779370777.4657,plane,3446,69,0.49589,0.00311,0.007645,1.08402,0.01218,89.83,0.01714,0.00030
1779370777.5772,plane,3447,69,0.49566,0.00308,0.007595,1.21063,0.00717,89.77,-0.00204,-0.00023
1779370777.6736,plane,3448,69,0.49287,0.00305,0.007521,1.13542,0.00663,89.78,-0.02893,-0.00028
1779370777.7693,plane,3449,69,0.49434,0.00306,0.007531,1.00710,0.00581,89.87,0.01530,0.00002
1779370777.8656,plane,3450,69,0.49569,0.00306,0.007558,1.01152,0.00563,89.86,0.01402,0.00005
1779370777.9782,plane,3451,69,0.49622,0.00306,0.007563,1.02287,0.00571,89.86,0.00476,-0.00004
1779370778.0729,plane,3452,69,0.49619,0.00308,0.007595,1.06879,0.00599,89.86,-0.00031,0.00023
1779370778.1685,plane,3453,69,0.49351,0.00308,0.007563,1.02717,0.00604,89.87,-0.02805,-0.00002
1779370778.2652,plane,3454,69,0.49506,0.00310,0.007611,1.14714,0.00687,89.79,0.01603,0.00021
1779370778.3777,plane,3455,69,0.49640,0.00309,0.007614,1.25346,0.00787,89.76,0.01194,-0.00009
1779370778.4729,plane,3456,69,0.49537,0.00309,0.007611,1.32985,0.00893,89.77,-0.01085,0.00002
1779370778.5701,plane,3457,69,0.49655,0.00307,0.007589,1.05295,0.00580,89.87,0.01228,-0.00018
1779370778.6662,plane,3458,69,0.49515,0.00308,0.007585,1.19385,0.00758,89.77,-0.01444,0.00008
1779370778.7777,plane,3459,69,0.49518,0.00309,0.007611,1.29607,0.00872,89.75,0.00026,0.00014
1779370778.8733,plane,3460,69,0.49628,0.00308,0.007609,1.09733,0.00596,89.86,0.01160,-0.00010
1779370778.9690,plane,3461,69,0.49554,0.00307,0.007589,1.03497,0.00588,89.86,-0.00770,-0.00013
1779370779.0654,plane,3462,69,0.49571,0.00306,0.007568,1.05202,0.00576,89.86,0.00169,-0.00010
1779370779.1767,plane,3463,69,0.49558,0.00307,0.007568,1.00517,0.00584,89.87,-0.00113,0.00004
1779370779.2736,plane,3464,69,0.49539,0.00309,0.007609,1.35974,0.01016,89.75,-0.00192,0.00027
1779370779.3694,plane,3465,69,0.49530,0.00308,0.007595,1.20294,0.00739,89.77,-0.00099,-0.00009
1779370779.4658,plane,3466,69,0.49595,0.00308,0.007601,1.04149,0.00573,89.86,0.00685,-0.00002
1779370779.5771,plane,3467,69,0.49712,0.00307,0.007601,1.08189,0.00622,89.86,0.01044,-0.00008
1779370779.6737,plane,3468,69,0.49673,0.00307,0.007595,1.06474,0.00585,89.86,-0.00412,0.00001
1779370779.7699,plane,3469,69,0.49609,0.00309,0.007616,1.28656,0.00778,89.77,-0.00660,0.00016
1779370779.8659,plane,3470,69,0.49540,0.00308,0.007597,1.23646,0.00757,89.77,-0.00716,-0.00008
1779370779.9771,plane,3471,69,0.49652,0.00309,0.007612,1.05572,0.00619,89.86,0.01003,0.00002
1779370780.0729,plane,3472,69,0.49663,0.00311,0.007648,1.22096,0.00737,89.79,0.00118,0.00021
1779370780.1690,plane,3473,69,0.49582,0.00308,0.007602,1.06240,0.00628,89.85,-0.00840,-0.00022
1779370780.2651,plane,3474,69,0.49452,0.00307,0.007568,1.18332,0.00694,89.78,-0.01356,-0.00012
1779370780.3777,plane,3475,69,0.49521,0.00306,0.007558,1.06402,0.00595,89.86,0.00613,-0.00010
1779370780.4734,plane,3476,69,0.49516,0.00306,0.007551,1.01241,0.00579,89.86,-0.00052,-0.00004
1779370780.5689,plane,3477,69,0.49631,0.00308,0.007592,1.01838,0.00599,89.86,0.01207,0.00018
1779370780.6651,plane,3478,69,0.49612,0.00308,0.007595,1.06085,0.00626,89.86,-0.00197,0.00001
1779370780.7771,plane,3479,69,0.49418,0.00308,0.007577,1.25645,0.00794,89.77,-0.01734,0.00004
1779370780.8736,plane,3480,69,0.49426,0.00307,0.007567,1.15568,0.00716,89.77,0.00082,-0.00006
1779370780.9695,plane,3481,69,0.49536,0.00307,0.007580,1.15605,0.00641,89.78,0.01150,-0.00001
1779370781.0644,plane,3482,69,0.49528,0.00308,0.007589,1.17702,0.00653,89.78,-0.00083,0.00005
1779370781.1771,plane,3483,69,0.49489,0.00307,0.007572,1.08597,0.00633,89.85,-0.00345,-0.00004
1779370781.2728,plane,3484,69,0.49478,0.00306,0.007540,1.01658,0.00578,89.86,-0.00121,-0.00019
1779370781.3700,plane,3485,69,0.49374,0.00305,0.007512,1.01367,0.00565,89.86,-0.01072,-0.00010
1779370781.4648,plane,3486,69,0.49631,0.00306,0.007570,1.02628,0.00576,89.86,0.02685,0.00016
1779370781.5767,plane,3487,69,0.49595,0.00307,0.007587,1.03366,0.00606,89.86,-0.00317,0.00011
1779370781.6735,plane,3488,69,0.49576,0.00305,0.007541,1.05216,0.00546,89.88,-0.00201,-0.00028
1779370781.7696,plane,3489,69,0.49487,0.00305,0.007541,1.03364,0.00565,89.88,-0.00919,0.00007
1779370781.8657,plane,3490,69,0.49658,0.00307,0.007592,1.07227,0.00598,89.86,0.01772,0.00021
1779370781.9777,plane,3491,69,0.49547,0.00307,0.007577,1.08923,0.00587,89.86,-0.01000,-0.00002
1779370782.0740,plane,3492,69,0.49364,0.00306,0.007529,0.97170,0.00582,89.87,-0.01891,-0.00015
1779370782.1695,plane,3493,69,0.49441,0.00306,0.007541,1.02800,0.00584,89.87,0.00809,0.00001
1779370782.2657,plane,3494,69,0.49555,0.00307,0.007575,1.04597,0.00596,89.86,0.01192,0.00013
1779370782.3619,plane,3495,69,0.49530,0.00308,0.007595,1.12536,0.00656,89.84,-0.00258,0.00015
1779370782.4734,plane,3496,69,0.49483,0.00306,0.007560,1.06540,0.00597,89.85,-0.00419,-0.00018
1779370782.5706,plane,3497,69,0.49461,0.00308,0.007592,1.21679,0.00751,89.78,-0.00235,0.00021
1779370782.6651,plane,3498,69,0.49485,0.00310,0.007619,1.83258,0.01807,89.73,0.00255,0.00015
1779370782.7601,plane,3499,69,0.49554,0.00310,0.007621,1.04568,0.00597,89.86,0.00727,-0.00003
1779370782.8735,plane,3500,69,0.49444,0.00307,0.007563,1.15689,0.00723,89.78,-0.00972,-0.00024
1779370782.9682,plane,3501,69,0.49200,0.00305,0.007499,1.04848,0.00582,89.81,-0.02570,-0.00024
1779370783.0645,plane,3502,69,0.49273,0.00304,0.007494,0.97939,0.00590,89.87,0.00756,-0.00006
1779370783.1618,plane,3503,69,0.49396,0.00308,0.007568,1.24187,0.00689,89.78,0.01272,0.00037
1779370783.2734,plane,3504,69,0.49467,0.00308,0.007585,1.14339,0.00644,89.78,0.00635,0.00005
1779370783.3688,plane,3505,69,0.49181,0.00303,0.007470,1.01371,0.00608,89.85,-0.02994,-0.00054
1779370783.4656,plane,3506,69,0.49561,0.00306,0.007560,1.24045,0.00734,89.77,0.03953,0.00027
1779370783.5614,plane,3507,69,0.49687,0.00305,0.007556,1.05560,0.00591,89.87,0.01307,-0.00007
1779370783.6723,plane,3508,69,0.49533,0.00308,0.007595,1.24245,0.00712,89.77,-0.01394,0.00031
1779370783.7705,plane,3509,69,0.49365,0.00307,0.007563,1.18799,0.00718,89.77,-0.01725,-0.00010
1779370783.8661,plane,3510,69,0.49468,0.00310,0.007633,1.71703,0.01515,89.73,0.01076,0.00029
1779370783.9610,plane,3511,69,0.49405,0.00308,0.007582,1.36192,0.00956,89.76,-0.00669,-0.00023
1779370784.0739,plane,3512,69,0.49494,0.00311,0.007634,1.21940,0.00782,89.77,0.00790,0.00022
1779370784.1689,plane,3513,69,0.49579,0.00312,0.007662,1.23581,0.00800,89.77,0.00897,0.00011
1779370784.2655,plane,3514,69,0.49464,0.00311,0.007629,1.15964,0.00723,89.77,-0.01196,-0.00010
1779370784.3618,plane,3515,69,0.49606,0.00308,0.007604,1.06416,0.00630,89.84,0.01480,-0.00025
1779370784.4737,plane,3516,69,0.49578,0.00308,0.007595,1.07464,0.00600,89.87,-0.00247,-0.00003
1779370784.5693,plane,3517,69,0.49637,0.00308,0.007597,1.23093,0.00663,89.79,0.00621,0.00000
1779370784.6654,plane,3518,69,0.49442,0.00306,0.007540,1.02344,0.00576,89.86,-0.02035,-0.00025
1779370784.7613,plane,3519,69,0.49476,0.00307,0.007572,1.03227,0.00627,89.85,0.00356,0.00021
1779370784.8729,plane,3520,69,0.49581,0.00308,0.007597,1.07990,0.00626,89.86,0.00941,0.00007
1779370784.9692,plane,3521,69,0.49471,0.00306,0.007550,1.05761,0.00589,89.85,-0.01143,-0.00021
1779370785.0644,plane,3522,69,0.49349,0.00306,0.007529,1.09071,0.00691,89.77,-0.01276,-0.00004
1779370785.1615,plane,3523,69,0.49551,0.00307,0.007579,1.03444,0.00578,89.86,0.02073,0.00014
1779370785.2732,plane,3524,69,0.49586,0.00308,0.007594,1.06574,0.00586,89.86,0.00319,0.00007
1779370785.3692,plane,3525,69,0.49607,0.00306,0.007570,1.03916,0.00605,89.85,0.00223,-0.00015
1779370785.4657,plane,3526,69,0.49644,0.00306,0.007575,1.02885,0.00606,89.85,0.00375,-0.00002
1779370785.5619,plane,3527,69,0.49650,0.00306,0.007562,1.03781,0.00596,89.86,0.00061,-0.00006
1779370785.6727,plane,3528,69,0.49560,0.00306,0.007546,1.05087,0.00580,89.86,-0.00803,-0.00001
1779370785.7692,plane,3529,69,0.49673,0.00306,0.007565,1.06487,0.00617,89.86,0.01167,0.00004
1779370785.8648,plane,3530,69,0.49577,0.00305,0.007548,1.04061,0.00549,89.88,-0.01003,-0.00005
1779370785.9618,plane,3531,69,0.49519,0.00308,0.007595,1.02686,0.00577,89.86,-0.00607,0.00028
1779370786.0736,plane,3532,69,0.49382,0.00302,0.007468,0.94308,0.00519,89.87,-0.01220,-0.00056
1779370786.1694,plane,3533,69,0.49491,0.00304,0.007523,1.04755,0.00564,89.88,0.01136,0.00027
1779370786.2661,plane,3534,69,0.49600,0.00300,0.007470,1.00832,0.00521,89.88,0.01136,-0.00046
1779370786.3612,plane,3535,69,0.49591,0.00305,0.007543,1.04517,0.00582,89.86,-0.00085,0.00052
1779370786.4737,plane,3536,69,0.49321,0.00305,0.007517,0.96410,0.00588,89.86,-0.02408,0.00003
1779370786.5696,plane,3537,69,0.49348,0.00303,0.007484,0.97519,0.00562,89.88,0.00285,-0.00025
1779370786.6653,plane,3538,69,0.49588,0.00307,0.007572,1.03951,0.00588,89.86,0.02495,0.00038
1779370786.7612,plane,3539,69,0.49555,0.00309,0.007612,1.22752,0.00824,89.76,-0.00345,0.00026
1779370786.8737,plane,3540,69,0.49597,0.00307,0.007585,1.05177,0.00583,89.86,0.00371,-0.00017
1779370786.9694,plane,3541,69,0.49629,0.00307,0.007585,1.03414,0.00571,89.87,0.00329,0.00002
1779370787.0652,plane,3542,69,0.49562,0.00306,0.007548,1.03833,0.00572,89.86,-0.00695,-0.00020
1779370787.1605,plane,3543,69,0.49553,0.00307,0.007562,1.04628,0.00561,89.88,-0.00095,0.00010
1779370787.2732,plane,3544,69,0.49606,0.00301,0.007480,1.04179,0.00550,89.87,0.00472,-0.00051
1779370787.3693,plane,3545,69,0.49617,0.00307,0.007573,1.04314,0.00593,89.85,0.00108,0.00061
1779370787.4654,plane,3546,69,0.49528,0.00305,0.007526,1.00420,0.00584,89.87,-0.00922,-0.00020
1779370787.5618,plane,3547,69,0.49372,0.00303,0.007490,1.07228,0.00581,89.80,-0.01617,-0.00017
1779370787.6734,plane,3548,69,0.49556,0.00305,0.007540,1.00340,0.00565,89.87,0.01653,0.00017
1779370787.7688,plane,3549,69,0.49452,0.00304,0.007516,1.06327,0.00553,89.88,-0.01095,-0.00007
1779370787.8656,plane,3550,69,0.49503,0.00308,0.007594,1.13089,0.00617,89.86,0.00531,0.00039
1779370787.9613,plane,3551,69,0.49483,0.00305,0.007538,1.03574,0.00591,89.85,-0.00206,-0.00029
1779370788.0730,plane,3552,69,0.49526,0.00304,0.007524,1.05599,0.00588,89.86,0.00386,-0.00011
1779370788.1696,plane,3553,69,0.49568,0.00301,0.007480,0.99231,0.00527,89.88,0.00434,-0.00027
1779370788.2649,plane,3554,69,0.49544,0.00306,0.007565,1.05496,0.00593,89.86,-0.00248,0.00053
1779370788.3610,plane,3555,69,0.49535,0.00307,0.007565,1.06653,0.00558,89.87,-0.00097,0.00003
1779370788.4732,plane,3556,69,0.49614,0.00299,0.007455,1.06389,0.00526,89.88,0.00701,-0.00070
1779370788.5690,plane,3557,69,0.49389,0.00305,0.007526,1.18193,0.00703,89.78,-0.02340,0.00066
1779370788.6650,plane,3558,69,0.49396,0.00304,0.007509,0.97123,0.00572,89.87,0.00068,-0.00010
1779370788.7620,plane,3559,69,0.49147,0.00298,0.007382,0.92382,0.00526,89.89,-0.02582,-0.00060
1779370788.8738,plane,3560,69,0.49384,0.00300,0.007448,0.97400,0.00520,89.88,0.02113,0.00016
1779370788.9686,plane,3561,69,0.49358,0.00305,0.007506,1.16274,0.00665,89.77,-0.00284,0.00047
1779370789.0645,plane,3562,69,0.49503,0.00306,0.007558,1.19096,0.00662,89.78,0.01522,0.00019
1779370789.1614,plane,3563,69,0.49537,0.00306,0.007558,1.12719,0.00715,89.78,0.00351,-0.00003
1779370789.2723,plane,3564,69,0.49507,0.00305,0.007529,0.99239,0.00588,89.86,-0.00270,-0.00011
1779370789.3694,plane,3565,69,0.49333,0.00305,0.007517,1.00601,0.00557,89.86,-0.01811,0.00003
1779370789.4656,plane,3566,69,0.49174,0.00299,0.007387,0.97326,0.00561,89.87,-0.01638,-0.00065
1779370789.5610,plane,3567,69,0.49580,0.00307,0.007580,1.20368,0.00658,89.78,0.04240,0.00088
1779370789.6730,plane,3568,69,0.49611,0.00304,0.007538,1.06302,0.00572,89.87,0.00280,-0.00025
1779370789.7701,plane,3569,69,0.49564,0.00307,0.007579,1.07410,0.00608,89.86,-0.00477,0.00027
1779370789.8652,plane,3570,69,0.49379,0.00307,0.007551,1.17879,0.00685,89.78,-0.01949,-0.00003
1779370789.9605,plane,3571,69,0.49525,0.00306,0.007558,1.03228,0.00578,89.86,0.01551,-0.00006
1779370790.0739,plane,3572,69,0.49524,0.00307,0.007572,1.03394,0.00575,89.86,-0.00015,0.00008
1779370790.1692,plane,3573,69,0.49322,0.00307,0.007563,1.27694,0.00775,89.78,-0.02120,0.00004
1779370790.2659,plane,3574,69,0.49106,0.00302,0.007436,0.96596,0.00532,89.87,-0.02249,-0.00059
1779370790.3621,plane,3575,69,0.49484,0.00306,0.007550,1.01118,0.00567,89.86,0.03909,0.00045
1779370790.4729,plane,3576,69,0.49423,0.00306,0.007526,1.10223,0.00694,89.77,-0.00555,-0.00005
1779370790.5704,plane,3577,69,0.49342,0.00307,0.007548,1.16016,0.00695,89.78,-0.00839,0.00013
1779370790.6649,plane,3578,69,0.49312,0.00303,0.007472,0.98119,0.00575,89.87,-0.00308,-0.00044
1779370790.7609,plane,3579,69,0.49325,0.00301,0.007450,0.97122,0.00519,89.89,0.00136,-0.00016
1779370790.8741,plane,3580,69,0.49281,0.00300,0.007433,1.00422,0.00515,89.88,-0.00391,-0.00006
1779370790.9697,plane,3581,69,0.49517,0.00302,0.007482,0.99211,0.00523,89.88,0.02441,0.00013
1779370791.0654,plane,3582,69,0.49603,0.00306,0.007560,1.09566,0.00589,89.87,0.00901,0.00045
1779370791.1622,plane,3583,69,0.49472,0.00305,0.007531,1.03019,0.00580,89.87,-0.01362,-0.00011
1779370791.2735,plane,3584,69,0.49610,0.00306,0.007572,1.05789,0.00595,89.86,0.01237,0.00014
1779370791.3694,plane,3585,69,0.49334,0.00303,0.007477,0.98855,0.00557,89.87,-0.02862,-0.00039
1779370791.4655,plane,3586,69,0.49077,0.00295,0.007326,0.96527,0.00534,89.88,-0.02695,-0.00077
1779370791.5619,plane,3587,69,0.49321,0.00298,0.007404,0.98206,0.00508,89.88,0.02509,0.00031
1779370791.6734,plane,3588,69,0.49558,0.00307,0.007580,1.07526,0.00571,89.87,0.02123,0.00080
1779370791.7708,plane,3589,69,0.49674,0.00309,0.007623,1.08024,0.00594,89.86,0.01208,0.00016
1779370791.8651,plane,3590,69,0.49577,0.00307,0.007585,1.08204,0.00624,89.85,-0.01016,-0.00018
1779370791.9616,plane,3591,69,0.49649,0.00310,0.007636,1.11170,0.00662,89.84,0.00746,0.00029
1779370792.0742,plane,3592,69,0.49377,0.00304,0.007504,0.98212,0.00573,89.86,-0.02422,-0.00052
1779370792.1690,plane,3593,69,0.48801,0.00294,0.007267,0.97203,0.00522,89.88,-0.06041,-0.00111
1779370792.2652,plane,3594,69,0.48736,0.00290,0.007202,0.98953,0.00513,89.89,-0.00672,-0.00036
1779370792.3622,plane,3595,69,0.48995,0.00292,0.007275,0.98367,0.00542,89.88,0.02685,0.00024
1779370792.4735,plane,3596,69,0.49458,0.00304,0.007524,1.01506,0.00569,89.86,0.04149,0.00108
1779370792.5698,plane,3597,69,0.49589,0.00307,0.007585,1.03347,0.00609,89.86,0.01365,0.00032
1779370792.6655,plane,3598,69,0.49493,0.00310,0.007629,1.24238,0.00813,89.77,-0.01002,0.00031
1779370792.7618,plane,3599,69,0.49557,0.00311,0.007640,1.21383,0.00857,89.76,0.00666,0.00003
1779370792.8731,plane,3600,69,0.49461,0.00306,0.007546,1.17094,0.00645,89.79,-0.00866,-0.00043
1779370792.9685,plane,3601,69,0.49309,0.00305,0.007514,0.99075,0.00588,89.87,-0.01595,-0.00010
1779370793.0651,plane,3602,69,0.49402,0.00303,0.007489,0.96831,0.00548,89.87,0.00962,-0.00018
1779370793.1603,plane,3603,69,0.48430,0.00286,0.007106,1.02386,0.00531,89.88,-0.10197,-0.00185
1779370793.2731,plane,3604,69,0.48463,0.00283,0.007072,1.00677,0.00518,89.87,0.00296,-0.00022
1779370793.3690,plane,3605,69,0.49161,0.00293,0.007304,1.03231,0.00561,89.88,0.07273,0.00107
1779370793.4654,plane,3606,69,0.49543,0.00302,0.007479,1.02739,0.00524,89.87,0.03970,0.00085
1779370793.5608,plane,3607,69,0.49682,0.00312,0.007670,1.27393,0.00890,89.74,0.01457,0.00108
1779370793.6735,plane,3608,69,0.49667,0.00313,0.007692,1.31631,0.00837,89.76,-0.00140,0.00009
1779370793.7688,plane,3609,69,0.49543,0.00318,0.007774,1.19916,0.00760,89.81,-0.01298,0.00052
1779370793.8648,plane,3610,69,0.49199,0.00298,0.007387,1.03200,0.00574,89.81,-0.03583,-0.00202
1779370793.9617,plane,3611,69,0.49635,0.00315,0.007733,1.18385,0.00705,89.82,0.04514,0.00173
1779370794.0734,plane,3612,69,0.49512,0.00307,0.007568,1.04551,0.00608,89.86,-0.01102,-0.00075
1779370794.1694,plane,3613,69,0.49762,0.00308,0.007614,1.11948,0.00607,89.86,0.02590,0.00011
1779370794.2662,plane,3614,69,0.49609,0.00317,0.007762,1.17019,0.00595,89.92,-0.01584,0.00091
1779370794.3617,plane,3615,69,0.47438,0.00269,0.006782,1.16139,0.00495,89.93,-0.22587,-0.00493
1779370794.4730,plane,3616,69,0.47916,0.00271,0.006841,1.12717,0.00605,89.91,0.04289,0.00018
1779370794.5692,plane,3617,69,0.47759,0.00352,0.008447,1.41538,0.00885,89.77,-0.01628,0.00837
1779370794.6644,plane,3618,69,0.47154,0.00269,0.006751,1.20584,0.00564,89.86,-0.06358,-0.00873
1779370794.7603,plane,3619,69,0.48877,0.00285,0.007131,0.92781,0.00508,89.92,0.17976,0.00169
1779370794.8738,plane,3620,69,0.49299,0.00324,0.007894,1.03294,0.00701,89.87,0.03737,0.00351
1779370794.9697,plane,3621,69,0.49265,0.00303,0.007484,0.98755,0.00543,89.87,-0.00355,-0.00218
1779370795.0571,plane,3622,69,0.49417,0.00310,0.007616,1.22366,0.00883,89.76,0.01732,0.00076
1779370795.1574,plane,3623,69,0.48568,0.00245,0.006273,1.10060,0.00675,89.82,-0.08529,-0.00655
1779370795.2734,plane,3624,69,0.48685,0.00291,0.007211,0.97456,0.00535,89.89,0.01007,0.00395
1779370795.3683,plane,3625,69,0.48334,0.00280,0.007009,1.04125,0.00487,89.93,-0.03703,-0.00114
1779370795.4650,plane,3626,70,0.49557,0.52417,0.575867,1.33481,0.69649,78.00,0.00000,0.00000
1779370795.5666,plane,3627,70,0.49884,0.42754,0.684258,1.15832,0.78234,71.97,0.03204,-0.94667
1779370795.5666,plane,3627,71,0.45723,0.94144,0.003201,0.12939,0.09632,88.62,0.00000,0.00000
1779370795.6766,plane,3628,70,0.49726,0.42721,0.670280,1.44311,0.66078,87.50,-0.01432,-0.00305
1779370795.6766,plane,3628,71,0.45711,0.92380,0.003445,0.13414,0.09075,89.74,-0.00116,-0.16030
1779370795.7714,plane,3629,70,0.49749,0.42839,0.668159,1.15528,0.85006,71.80,0.00247,0.01245
1779370795.7714,plane,3629,71,0.45750,0.91953,0.003450,0.32573,0.06315,89.45,0.00413,-0.04498
1779370795.8684,plane,3630,70,0.49746,0.42868,0.668028,1.24709,0.79416,80.42,-0.00038,0.00303
1779370795.8684,plane,3630,71,0.45648,0.91903,0.003418,0.13660,0.08840,88.90,-0.01048,-0.00513
1779370795.9642,plane,3631,70,0.49738,0.42864,0.668145,1.16682,0.75769,82.36,-0.00082,-0.00044
1779370795.9642,plane,3631,71,0.45691,0.91896,0.003452,0.27437,0.06427,89.54,0.00449,-0.00073
1779370796.0769,plane,3632,70,0.49746,0.42880,0.668070,1.28580,0.73023,83.44,0.00068,0.00146
1779370796.0769,plane,3632,71,0.45638,0.91894,0.003420,0.13327,0.09091,89.31,-0.00473,-0.00023
1779370796.1723,plane,3633,70,0.49754,0.42884,0.667920,1.25129,0.84771,74.39,0.00087,0.00044
1779370796.1723,plane,3633,71,0.45662,0.91936,0.003391,0.13327,0.09091,89.31,0.00252,0.00449
1779370796.2677,plane,3634,70,0.49728,0.42862,0.668293,1.29498,0.88210,70.96,-0.00268,-0.00236
1779370796.2677,plane,3634,71,0.45689,0.91978,0.003399,0.13109,0.09335,89.51,0.00276,0.00435
1779370796.3650,plane,3635,70,0.49739,0.42880,0.668308,1.26618,0.77295,83.03,0.00117,0.00190
1779370796.3650,plane,3635,71,0.45652,0.91911,0.003411,0.13327,0.09091,89.31,-0.00373,-0.00697
1779370796.4777,plane,3636,70,0.50192,0.42781,0.659081,2.39924,0.55756,89.68,0.03996,-0.00873
1779370796.4777,plane,3636,71,0.45709,0.92015,0.003294,0.15949,0.10660,2.94,0.00495,0.00924
1779370796.5722,plane,3637,70,0.50189,0.42780,0.659193,2.97909,0.60356,89.51,-0.00027,-0.00016
1779370796.5722,plane,3637,71,0.45733,0.92027,0.003301,0.19164,0.06932,89.21,0.00255,0.00122
1779370796.6689,plane,3638,70,0.50196,0.42779,0.659125,1.95846,0.54821,89.69,0.00075,-0.00003
1779370796.6689,plane,3638,71,0.45664,0.91977,0.003277,0.11720,0.11157,45.94,-0.00714,-0.00522
1779370796.7648,plane,3639,70,0.50198,0.42728,0.657264,1.41222,0.66111,88.91,0.00017,-0.00530
1779370796.7648,plane,3639,71,0.45482,0.91985,0.003062,0.34655,0.06234,89.52,-0.01890,0.00083
1779370796.8769,plane,3640,70,0.50196,0.42734,0.657388,1.55283,0.63368,88.68,-0.00017,0.00049
1779370796.8769,plane,3640,71,0.45491,0.91994,0.003064,0.34766,0.06232,89.52,0.00081,0.00082
1779370796.9728,plane,3641,70,0.50204,0.42713,0.657015,1.49479,0.63960,88.97,0.00082,-0.00210
1779370796.9728,plane,3641,71,0.45499,0.92040,0.003069,0.34071,0.06242,89.49,0.00086,0.00478
1779370797.0675,plane,3642,70,0.50208,0.42682,0.655435,1.50095,0.61968,84.95,0.00042,-0.00334
1779370797.0675,plane,3642,71,0.45450,0.91896,0.002925,0.30684,0.06255,89.42,-0.00521,-0.01533
1779370797.1646,plane,3643,70,0.50209,0.42680,0.655194,1.29977,0.70194,83.27,0.00006,-0.00020
1779370797.1646,plane,3643,71,0.45453,0.91873,0.002923,0.30284,0.06267,89.39,0.00034,-0.00231
1779370797.2764,plane,3644,70,0.50205,0.42680,0.655241,1.25015,0.69500,84.63,-0.00035,-0.00003
1779370797.2764,plane,3644,71,0.45460,0.91791,0.002918,0.25000,0.06436,89.40,0.00061,-0.00736
1779370797.3711,plane,3645,70,0.50235,0.42618,0.652378,1.50054,0.62568,89.26,0.00316,-0.00656
1779370797.3711,plane,3645,71,0.45444,0.91919,0.002818,0.30174,0.06221,89.49,-0.00167,0.01347
1779370797.4686,plane,3646,70,0.50237,0.42619,0.652420,1.32958,0.68580,90.05,0.00021,0.00018
1779370797.4686,plane,3646,71,0.45435,0.91936,0.002806,0.31168,0.06215,89.60,-0.00100,0.00182
1779370797.5623,plane,3647,70,0.50238,0.42620,0.652308,1.49590,0.65990,91.32,0.00015,0.00010
1779370797.5623,plane,3647,71,0.45434,0.91936,0.002806,0.28643,0.06281,89.58,-0.00002,-0.00006
1779370797.6764,plane,3648,70,0.50243,0.42582,0.650221,1.18149,0.77525,78.11,0.00040,-0.00333
1779370797.6764,plane,3648,71,0.45642,0.92618,0.002458,0.16459,0.06529,88.88,0.01822,0.05982
1779370797.7720,plane,3649,70,0.50241,0.42582,0.650318,1.18548,0.78532,79.93,-0.00018,0.00002
1779370797.7720,plane,3649,71,0.45564,0.92487,0.002513,0.14985,0.06662,88.82,-0.00817,-0.01368
1779370797.8698,plane,3650,70,0.50236,0.42581,0.650380,1.16645,0.81060,80.66,-0.00053,-0.00011
1779370797.8698,plane,3650,71,0.45535,0.92608,0.002460,0.13753,0.07147,88.09,-0.00294,0.01238
1779370797.9607,plane,3651,70,0.50257,0.42537,0.648383,2.11382,0.57580,89.94,0.00233,-0.00485
1779370798.0740,plane,3652,70,0.50246,0.42545,0.647529,1.69582,0.60888,90.48,-0.00096,0.00070
1779370798.1705,plane,3653,70,0.50249,0.42546,0.647256,1.40238,0.66657,88.17,0.00031,0.00002
1779370798.2651,plane,3654,70,0.50292,0.42492,0.641942,1.72006,0.62893,88.33,0.00453,-0.00565
1779370798.3612,plane,3655,70,0.50281,0.42477,0.643056,1.60202,0.60938,89.05,-0.00117,-0.00150
1779370798.4731,plane,3656,70,0.50297,0.42492,0.642651,2.01137,0.65072,90.84,0.00146,0.00132
1779370798.5702,plane,3657,70,0.50299,0.42446,0.640208,1.87279,0.64862,88.20,0.00024,-0.00474
1779370798.6645,plane,3658,70,0.50306,0.42439,0.640695,1.86909,0.61524,88.65,0.00068,-0.00073
1779370798.7622,plane,3659,70,0.50304,0.42442,0.640379,1.62598,0.67750,87.76,-0.00023,0.00028
1779370798.8736,plane,3660,70,0.50292,0.42427,0.638855,2.42692,0.56041,88.93,-0.00107,-0.00137
1779370798.9657,plane,3661,70,0.50285,0.42430,0.638736,2.43568,0.55887,88.97,-0.00076,0.00035
1779370799.0650,plane,3662,70,0.50293,0.42424,0.638901,2.21279,0.55604,88.73,0.00082,-0.00058
1779370799.1622,plane,3663,70,0.50287,0.42363,0.636810,1.49287,0.56284,90.23,-0.00058,-0.00630
1779370799.2751,plane,3664,70,0.50286,0.42366,0.636914,1.52548,0.55862,91.62,-0.00007,0.00024
1779370799.3699,plane,3665,70,0.50287,0.42366,0.636771,1.53933,0.55402,90.48,0.00011,-0.00004
1779370799.4667,plane,3666,70,0.50283,0.42278,0.634401,1.38570,0.55739,90.94,-0.00047,-0.00910
1779370799.5621,plane,3667,70,0.50284,0.42267,0.634267,1.35521,0.55966,91.52,0.00010,-0.00112
1779370799.6731,plane,3668,70,0.50280,0.42272,0.634186,1.42576,0.55886,90.02,-0.00031,0.00041
1779370799.7747,plane,3669,70,0.50262,0.41366,0.623520,3.09866,0.46968,88.69,-0.00180,-0.08997
1779370799.7747,plane,3669,72,0.73395,0.99422,0.005627,0.51690,0.00743,89.73,0.00000,0.00000
1779370799.7747,plane,3669,73,0.15293,0.98431,0.003235,0.17723,0.06355,0.00,0.00000,0.00000
1779370799.8706,plane,3670,70,0.50259,0.41371,0.623615,4.61308,0.47222,88.45,-0.00034,0.00049
1779370799.8706,plane,3670,72,0.73590,0.99423,0.005558,0.52485,0.00644,89.77,0.02017,0.00016
1779370799.8706,plane,3670,73,0.15261,0.98401,0.003238,0.16745,0.06875,0.00,-0.00340,-0.00307
1779370799.9648,plane,3671,70,0.50263,0.41363,0.623494,4.37447,0.47373,88.86,0.00045,-0.00081
1779370799.9648,plane,3671,72,0.81903,0.99385,0.004076,0.50028,0.00672,89.70,0.88247,-0.00406
1779370799.9648,plane,3671,73,0.15199,0.98395,0.003215,0.16502,0.06059,0.00,-0.00656,-0.00069
1779370800.0739,plane,3672,70,0.50286,0.41297,0.621516,3.39306,0.46975,88.93,0.00203,-0.00603
1779370800.1712,plane,3673,70,0.50285,0.41282,0.621187,3.35433,0.46856,88.93,-0.00009,-0.00161
1779370800.2667,plane,3674,70,0.50286,0.41288,0.621307,3.25936,0.46970,88.89,0.00011,0.00060
1779370800.3606,plane,3675,70,0.50297,0.42442,0.639401,2.49652,0.55433,89.00,0.00125,0.12268
1779370800.4748,plane,3676,70,0.50295,0.42438,0.639389,2.56280,0.55347,89.43,-0.00024,-0.00027
1779370800.5697,plane,3677,70,0.50296,0.42439,0.639492,2.12811,0.56153,89.05,0.00014,0.00009
1779370800.6652,plane,3678,70,0.50249,0.42505,0.646100,1.34904,0.70460,91.03,-0.00494,0.00688
1779370800.7614,plane,3679,70,0.50271,0.42522,0.644558,1.57021,0.81543,89.44,0.00234,0.00173
1779370800.8739,plane,3680,70,0.50269,0.42523,0.644641,1.46542,0.74245,88.87,-0.00024,0.00008
1779370800.9714,plane,3681,70,0.50242,0.42594,0.650396,1.18081,0.76482,81.56,-0.00277,0.00734
1779370800.9714,plane,3681,74,0.45554,0.92497,0.002518,0.17381,0.06352,88.93,0.00000,0.00000
1779370801.0689,plane,3682,70,0.50239,0.42596,0.650392,1.18874,0.77234,81.26,-0.00023,0.00016
1779370801.0689,plane,3682,74,0.45646,0.92629,0.002458,0.16432,0.06559,89.25,0.00960,0.01367
1779370801.1629,plane,3683,70,0.50243,0.42594,0.650309,1.17486,0.76504,79.82,0.00039,-0.00013
1779370801.1629,plane,3683,74,0.45617,0.92549,0.002494,0.16446,0.06544,88.86,-0.00303,-0.00853
1779370801.2731,plane,3684,70,0.50230,0.42636,0.652993,1.35158,0.66230,88.27,-0.00119,0.00381
1779370801.2731,plane,3684,74,0.45426,0.91883,0.002835,0.27158,0.06329,89.57,-0.01751,-0.06083
1779370801.3722,plane,3685,70,0.50229,0.42638,0.652983,1.45224,0.63517,89.16,-0.00012,0.00015
1779370801.3722,plane,3685,74,0.45428,0.91898,0.002826,0.27186,0.06328,89.56,0.00027,0.00153
1779370801.4686,plane,3686,70,0.50230,0.42634,0.652908,1.41660,0.64086,88.02,0.00015,-0.00033
1779370801.4686,plane,3686,74,0.45424,0.91895,0.002830,0.25892,0.06378,89.55,-0.00045,-0.00029
1779370801.5582,plane,3687,70,0.50202,0.42698,0.655528,1.19163,0.71082,84.92,-0.00310,0.00701
1779370801.5582,plane,3687,74,0.45486,0.91777,0.002957,0.21736,0.06654,89.50,0.00687,-0.01300
1779370801.6585,plane,3688,70,0.50208,0.42707,0.655406,1.31758,0.63932,85.84,0.00057,0.00086
1779370801.6585,plane,3688,74,0.45460,0.91769,0.002960,0.17314,0.07215,89.58,-0.00260,-0.00084
1779370801.7561,plane,3689,70,0.50204,0.42701,0.655280,1.34432,0.64202,86.24,-0.00036,-0.00059
1779370801.7561,plane,3689,74,0.45428,0.91748,0.002936,0.17313,0.07211,89.60,-0.00332,-0.00214
1779370801.8518,plane,3690,70,0.50203,0.42764,0.657437,1.37695,0.64562,84.73,-0.00018,0.00661
1779370801.8518,plane,3690,74,0.45524,0.91795,0.003099,0.32294,0.06304,89.54,0.01001,0.00495
1779370801.9459,plane,3691,75,0.39057,0.53774,0.086856,1.98830,0.56535,89.77,0.00000,0.00000
1779370802.0582,plane,3692,76,0.29504,0.20028,0.013838,0.19664,0.19330,134.72,0.00000,0.00000
1779370802.1568,plane,3693,77,0.33803,0.00692,0.004773,0.46575,0.04110,94.65,0.00000,0.00000
1779370802.2503,plane,3694,77,0.36187,0.00232,0.004139,0.67452,0.00536,89.96,0.25641,-0.04952
1779370802.3480,plane,3695,77,0.36136,0.00230,0.004128,0.68007,0.00504,89.94,-0.00519,-0.00015
1779370802.4578,plane,3696,77,0.48710,0.00239,0.006132,0.85678,0.00448,89.96,1.14517,0.00084
1779370802.5578,plane,3697,77,0.48429,0.00243,0.006222,0.87649,0.00526,89.91,-0.02819,0.00039
1779370802.6498,plane,3698,77,0.48144,0.00242,0.006165,0.84718,0.00527,89.93,-0.03085,-0.00012
1779370802.7456,plane,3699,77,0.46922,0.00265,0.006671,1.11558,0.00735,89.79,-0.12748,0.00242
1779370802.8577,plane,3700,77,0.46934,0.00265,0.006666,1.11721,0.00734,89.79,0.00102,-0.00003
1779370802.9536,plane,3701,77,0.46963,0.00266,0.006690,1.38669,0.00756,89.72,0.00311,0.00014
1779370803.0490,plane,3702,77,0.39407,0.03306,0.009991,0.16208,0.15990,0.00,-0.79207,0.31861
1779370803.1453,plane,3703,77,0.39472,0.03324,0.009801,0.16607,0.15775,0.00,0.00676,0.00185
1779370803.2593,plane,3704,77,0.39482,0.03284,0.009859,0.15039,0.13940,0.00,0.00090,-0.00345
1779370803.3530,plane,3705,77,0.49498,0.08310,0.041850,1.05649,0.49235,89.36,1.06906,0.53635
1779370803.4504,plane,3706,77,0.49279,0.08220,0.040409,1.06889,0.49039,89.40,-0.02255,-0.00923
1779370803.5458,plane,3707,77,0.49654,0.08266,0.041124,1.05367,0.50502,88.55,0.03929,0.00480
1779370803.6595,plane,3708,77,0.50671,0.15049,0.170668,1.00955,0.72167,88.97,0.08963,0.59788
1779370803.6595,plane,3708,78,0.45562,0.70911,0.008062,0.08389,0.08024,82.55,0.00000,0.00000
1779370803.7543,plane,3709,77,0.50588,0.15099,0.171629,1.00983,0.72448,89.09,-0.00873,0.00527
1779370803.7543,plane,3709,78,0.45491,0.70977,0.008457,0.08387,0.08003,85.15,-0.00741,0.00696
1779370803.8510,plane,3710,77,0.50684,0.15017,0.168308,1.01233,0.71220,91.74,0.00995,-0.00850
1779370803.8510,plane,3710,78,0.45494,0.70975,0.008543,0.08382,0.08031,83.40,0.00034,-0.00026
1779370803.9482,plane,3711,77,0.49311,0.21686,0.353622,4.81430,1.88547,153.31,-0.14092,0.68428
1779370803.9482,plane,3711,78,0.45381,0.70800,0.009749,0.08456,0.08092,83.96,-0.01165,-0.01795
1779370804.0604,plane,3712,77,0.49351,0.21580,0.351101,1.27172,0.98277,127.84,0.00357,-0.00946
1779370804.0604,plane,3712,78,0.45379,0.70797,0.009749,0.08455,0.08093,83.71,-0.00019,-0.00027
1779370804.1542,plane,3713,77,0.49515,0.21375,0.346776,1.57123,1.09733,139.52,0.01742,-0.02179
1779370804.1542,plane,3713,78,0.45382,0.70793,0.009749,0.08452,0.08100,84.31,0.00032,-0.00038
1779370804.2558,plane,3714,77,0.49404,0.21640,0.349726,1.34613,1.04073,136.48,-0.01096,0.02631
1779370804.2558,plane,3714,78,0.45379,0.70795,0.009759,0.08454,0.08100,83.85,-0.00022,0.00017
1779370804.3465,plane,3715,77,0.49318,0.21848,0.356817,0.99558,0.77009,94.05,-0.00943,0.02269
1779370804.3465,plane,3715,78,0.45382,0.70784,0.009771,0.08463,0.08105,82.74,0.00029,-0.00121
1779370804.4594,plane,3716,77,0.49465,0.21991,0.363359,1.13542,0.89937,115.71,0.01312,0.01272
1779370804.4594,plane,3716,78,0.45379,0.70798,0.009749,0.08454,0.08095,84.16,-0.00028,0.00131
1779370804.5546,plane,3717,77,0.49333,0.21984,0.361277,0.99781,0.76804,94.96,-0.01392,-0.00073
1779370804.5546,plane,3717,78,0.45378,0.70798,0.009759,0.08457,0.08097,83.92,-0.00005,-0.00009
1779370804.6519,plane,3718,77,0.49382,0.21437,0.345547,1.09666,0.91495,113.45,0.00505,-0.05625
1779370804.6519,plane,3718,78,0.45382,0.70804,0.009738,0.08453,0.08092,84.66,0.00037,0.00071
1779370804.7472,plane,3719,77,0.49382,0.21351,0.345225,1.15772,0.87148,117.94,0.00000,-0.00900
1779370804.7472,plane,3719,78,0.45382,0.70802,0.009742,0.08456,0.08092,84.02,-0.00003,-0.00024
1779370804.8594,plane,3720,77,0.49422,0.21486,0.347431,1.30260,0.97131,129.21,0.00355,0.01203
1779370804.8594,plane,3720,78,0.45381,0.70801,0.009737,0.08454,0.08090,83.62,-0.00002,-0.00007
1779370804.9542,plane,3721,77,0.49388,0.21401,0.345963,1.77205,1.13636,140.33,-0.00358,-0.00899
1779370804.9542,plane,3721,78,0.45377,0.70799,0.009754,0.08459,0.08094,83.59,-0.00044,-0.00025
1779370805.0506,plane,3722,77,0.49331,0.21376,0.345001,1.00329,0.78776,94.55,-0.00585,-0.00261
1779370805.0506,plane,3722,78,0.45378,0.70794,0.009755,0.08452,0.08098,84.12,0.00012,-0.00052
1779370805.1494,plane,3723,77,0.49329,0.21845,0.357707,2.59602,1.39245,148.38,-0.00025,0.04750
1779370805.1494,plane,3723,78,0.45377,0.70796,0.009757,0.08453,0.08101,84.11,-0.00011,0.00019
1779370805.2624,plane,3724,77,0.49389,0.21667,0.353563,0.99988,0.77171,94.63,0.00532,-0.01572
1779370805.2624,plane,3724,78,0.45379,0.70793,0.009759,0.08454,0.08101,83.88,0.00011,-0.00028
1779370805.3556,plane,3725,77,0.49406,0.21657,0.352161,1.08934,0.85413,110.93,0.00188,-0.00113
1779370805.3556,plane,3725,78,0.45376,0.70805,0.009766,0.08465,0.08097,83.59,-0.00027,0.00134
1779370805.4513,plane,3726,77,0.49338,0.21840,0.356008,1.08331,0.84791,110.50,-0.00713,0.01906
1779370805.4513,plane,3726,78,0.45379,0.70796,0.009764,0.08459,0.08102,84.11,0.00030,-0.00097
1779370805.5510,plane,3727,77,0.49405,0.21561,0.349986,1.70250,1.14863,143.21,0.00675,-0.02814
1779370805.5510,plane,3727,78,0.45379,0.70807,0.009752,0.08456,0.08098,84.42,0.00004,0.00109
1779370805.6595,plane,3728,77,0.49412,0.21447,0.345456,3.33786,1.50398,147.51,0.00066,-0.01039
1779370805.6595,plane,3728,78,0.45382,0.70800,0.009737,0.08452,0.08092,83.68,0.00028,-0.00065
1779370805.7545,plane,3729,77,0.49449,0.21401,0.345440,0.99844,0.76500,95.27,0.00390,-0.00486
1779370805.7545,plane,3729,78,0.45381,0.70801,0.009742,0.08453,0.08090,83.97,-0.00018,0.00014
1779370805.8512,plane,3730,77,0.49373,0.20967,0.341139,2.30753,1.28249,142.17,-0.00791,-0.04485
1779370805.8512,plane,3730,78,0.45382,0.70799,0.009740,0.08455,0.08090,84.17,0.00016,-0.00020
1779370805.9508,plane,3731,77,0.49378,0.21587,0.350120,1.15130,0.83706,115.52,0.00055,0.06237
1779370805.9508,plane,3731,78,0.45382,0.70800,0.009750,0.08457,0.08092,84.30,-0.00005,0.00011
1779370806.0596,plane,3732,77,0.49370,0.21461,0.345888,44.13738,5.50637,152.29,-0.00075,-0.01159
1779370806.0596,plane,3732,78,0.45386,0.70794,0.009755,0.08454,0.08105,83.66,0.00036,-0.00055
1779370806.1548,plane,3733,77,0.49510,0.21230,0.343628,1.18253,0.92031,120.13,0.01479,-0.02436
1779370806.1548,plane,3733,78,0.45341,0.70810,0.009722,0.08446,0.08083,87.21,-0.00465,0.00170
1779370806.2523,plane,3734,77,0.49379,0.21223,0.339483,13.68186,2.99327,150.01,-0.01344,-0.00070
1779370806.2523,plane,3734,78,0.45368,0.70797,0.009747,0.08450,0.08098,85.23,0.00267,-0.00137
1779370806.3472,plane,3735,77,0.49441,0.21542,0.350221,0.99895,0.77286,94.23,0.00658,0.03387
1779370806.3472,plane,3735,78,0.45391,0.70859,0.009693,0.08448,0.08058,82.20,0.00252,0.00654
1779370806.4589,plane,3736,77,0.49293,0.21840,0.356205,8.41856,2.44553,152.38,-0.01319,0.02655
1779370806.4589,plane,3736,78,0.45386,0.70835,0.009737,0.08461,0.08084,80.87,-0.00049,-0.00207
1779370806.5577,plane,3737,77,0.49334,0.21422,0.346649,0.99966,0.78112,94.48,0.00420,-0.04248
1779370806.5577,plane,3737,78,0.45382,0.70850,0.009713,0.08457,0.08066,82.68,-0.00042,0.00147
1779370806.6501,plane,3738,77,0.49311,0.21566,0.349899,1.09591,0.86510,112.08,-0.00248,0.01550
1779370806.6501,plane,3738,78,0.45382,0.70821,0.009750,0.08462,0.08100,82.76,0.00000,-0.00310
1779370806.7514,plane,3739,77,0.49376,0.21494,0.347670,1.26798,0.90721,123.56,0.00638,-0.00714
1779370806.7514,plane,3739,78,0.45385,0.70846,0.009716,0.08458,0.08072,81.35,0.00037,0.00247
1779370806.8597,plane,3740,77,0.49240,0.21293,0.340081,2.66730,1.28133,141.08,-0.01253,-0.01849
1779370806.8597,plane,3740,78,0.45387,0.70843,0.009710,0.08448,0.08076,81.28,0.00018,-0.00030
1779370806.9540,plane,3741,77,0.49360,0.21406,0.345774,1.00137,0.77936,94.62,0.01277,0.01196
1779370806.9540,plane,3741,78,0.45389,0.70848,0.009706,0.08445,0.08074,81.05,0.00020,0.00050
1779370807.0527,plane,3742,77,0.49358,0.21402,0.346234,0.99958,0.76965,94.08,-0.00025,-0.00037
1779370807.0527,plane,3742,78,0.45384,0.70846,0.009718,0.08454,0.08075,81.04,-0.00050,-0.00021
1779370807.1469,plane,3743,77,0.49413,0.21610,0.350303,1.22117,0.92512,123.77,0.00588,0.02211
1779370807.1469,plane,3743,78,0.45386,0.70840,0.009725,0.08455,0.08080,80.51,0.00023,-0.00060
1779370807.2583,plane,3744,77,0.49295,0.21747,0.352120,0.99556,0.73639,96.55,-0.01059,0.01232
1779370807.2583,plane,3744,78,0.45390,0.70833,0.009722,0.08448,0.08078,81.41,0.00032,-0.00065
1779370807.3546,plane,3745,77,0.49355,0.21772,0.355854,13.62177,3.07774,152.21,0.00621,0.00253
1779370807.3546,plane,3745,78,0.45385,0.70833,0.009733,0.08456,0.08093,81.80,-0.00053,-0.00002
1779370807.4512,plane,3746,77,0.49422,0.21828,0.357205,0.99671,0.76535,94.50,0.00696,0.00586
1779370807.4512,plane,3746,78,0.45386,0.70835,0.009737,0.08462,0.08088,81.14,0.00010,0.00026
1779370807.5479,plane,3747,77,0.49454,0.21472,0.348867,1.38764,1.00853,131.40,0.00328,-0.03681
1779370807.5479,plane,3747,78,0.45390,0.70844,0.009710,0.08449,0.08073,81.19,0.00044,0.00091
1779370807.6618,plane,3748,77,0.49372,0.21869,0.357417,1.10079,0.86324,112.51,-0.00713,0.03477
1779370807.6618,plane,3748,78,0.45388,0.70838,0.009733,0.08462,0.08081,80.50,-0.00018,-0.00056
1779370807.7548,plane,3749,77,0.49375,0.21408,0.346059,6.08719,2.01582,148.71,0.00029,-0.04957
1779370807.7548,plane,3749,78,0.45386,0.70844,0.009716,0.08451,0.08075,81.40,-0.00021,0.00073
1779370807.8506,plane,3750,77,0.49349,0.21386,0.345259,1.88254,1.17672,142.71,-0.00272,-0.00229
1779370807.8506,plane,3750,78,0.45388,0.70845,0.009715,0.08450,0.08075,81.71,0.00019,0.00006
1779370807.9462,plane,3751,77,0.49238,0.21179,0.338147,1.10862,0.86939,112.76,-0.01158,-0.02158
1779370807.9462,plane,3751,78,0.45386,0.70835,0.009716,0.08451,0.08073,82.42,-0.00019,-0.00103
1779370808.0594,plane,3752,77,0.49423,0.21731,0.356015,0.99367,0.74736,93.92,0.01635,0.04887
1779370808.0594,plane,3752,78,0.45388,0.70833,0.009722,0.08454,0.08074,82.33,0.00020,-0.00015
1779370808.1544,plane,3753,77,0.49410,0.21557,0.349023,2.11790,1.27007,147.66,-0.00130,-0.01829
1779370808.1544,plane,3753,78,0.45387,0.70844,0.009716,0.08452,0.08076,80.97,-0.00015,0.00109
1779370808.2534,plane,3754,77,0.49368,0.21467,0.347666,25.08805,4.24607,153.93,-0.00432,-0.00909
1779370808.2534,plane,3754,78,0.45386,0.70843,0.009718,0.08454,0.08077,81.03,-0.00010,-0.00012
1779370808.3481,plane,3755,77,0.49375,0.21520,0.347053,13.16778,3.03585,0.00,0.00080,0.00567
1779370808.3481,plane,3755,78,0.45382,0.70847,0.009715,0.08458,0.08066,82.70,-0.00040,0.00051
1779370808.4614,plane,3756,77,0.49376,0.21887,0.357073,1.26839,0.89112,122.83,0.00008,0.03230
1779370808.4614,plane,3756,78,0.45382,0.70824,0.009742,0.08460,0.08092,83.26,-0.00002,-0.00206
1779370808.5544,plane,3757,77,0.49294,0.21398,0.345378,1.08010,0.85195,109.27,-0.00878,-0.05254
1779370808.5544,plane,3757,78,0.45385,0.70830,0.009725,0.08450,0.08086,82.86,0.00029,0.00066
1779370808.6505,plane,3758,77,0.49323,0.21506,0.344159,1.92844,1.20505,145.26,0.00296,0.01130
1779370808.6505,plane,3758,78,0.45383,0.70822,0.009745,0.08457,0.08092,83.19,-0.00019,-0.00082
1779370808.7474,plane,3759,77,0.49379,0.21489,0.348904,2.72620,1.42667,149.19,0.00583,-0.00177
1779370808.7474,plane,3759,78,0.45383,0.70814,0.009742,0.08452,0.08093,83.94,-0.00003,-0.00087
1779370808.8590,plane,3760,77,0.49508,0.21567,0.351040,8.20863,2.40923,151.98,0.01152,0.00696
1779370808.8590,plane,3760,78,0.45386,0.70817,0.009735,0.08459,0.08089,83.16,0.00029,0.00029
1779370808.9569,plane,3761,77,0.49377,0.21500,0.347705,1.90635,1.15581,0.00,-0.01333,-0.00679
1779370808.9569,plane,3761,78,0.45386,0.70810,0.009749,0.08452,0.08101,83.83,-0.00003,-0.00076
1779370809.0505,plane,3762,77,0.49464,0.21689,0.353799,1.00150,0.78081,95.09,0.00935,0.02019
1779370809.0505,plane,3762,78,0.45385,0.70810,0.009747,0.08454,0.08096,84.19,-0.00007,-0.00001
1779370809.1489,plane,3763,77,0.49374,0.21520,0.348284,1.68546,1.13280,141.20,-0.00910,-0.01707
1779370809.1489,plane,3763,78,0.45388,0.70818,0.009737,0.08451,0.08094,83.64,0.00031,0.00088
1779370809.2611,plane,3764,77,0.49287,0.21130,0.339506,0.99060,0.70548,95.43,-0.00786,-0.03501
1779370809.2611,plane,3764,78,0.45387,0.70813,0.009728,0.08445,0.08091,83.36,-0.00006,-0.00042
1779370809.3549,plane,3765,77,0.49408,0.21408,0.345205,1.38814,0.97906,130.01,0.01286,0.02947
1779370809.3549,plane,3765,78,0.45384,0.70808,0.009742,0.08452,0.08096,83.97,-0.00034,-0.00057
1779370809.4500,plane,3766,77,0.49374,0.21472,0.346646,1.00067,0.77797,95.11,-0.00356,0.00669
1779370809.4500,plane,3766,78,0.45387,0.70814,0.009728,0.08447,0.08090,83.12,0.00032,0.00066
1779370809.5500,plane,3767,77,0.49260,0.21845,0.354650,1.82028,1.12275,139.64,-0.01138,0.03729
1779370809.5500,plane,3767,78,0.45386,0.70808,0.009750,0.08455,0.08100,84.17,-0.00009,-0.00063
1779370809.6593,plane,3768,77,0.49422,0.21546,0.351444,1.28828,0.98924,129.04,0.01478,-0.02739
1779370809.6593,plane,3768,78,0.45386,0.70819,0.009737,0.08454,0.08089,83.65,-0.00006,0.00100
1779370809.7579,plane,3769,77,0.49401,0.22307,0.370972,0.99474,0.75177,94.61,-0.00216,0.07716
1779370809.7579,plane,3769,78,0.45380,0.70782,0.009776,0.08467,0.08105,82.36,-0.00053,-0.00376
1779370809.8527,plane,3770,77,0.49480,0.21932,0.360682,1.04282,0.78787,103.95,0.00835,-0.03955
1779370809.8527,plane,3770,78,0.45332,0.70727,0.009789,0.08458,0.08135,83.74,-0.00513,-0.00584
1779370809.9474,plane,3771,77,0.49478,0.21621,0.352071,1.63874,1.06025,135.87,-0.00021,-0.03281
1779370809.9474,plane,3771,78,0.45370,0.70791,0.009749,0.08447,0.08102,85.84,0.00401,0.00676
1779370810.0583,plane,3772,77,0.49359,0.21765,0.354260,1.17972,0.94840,123.14,-0.01068,0.01303
1779370810.0583,plane,3772,78,0.45393,0.70808,0.009747,0.08455,0.08098,83.75,0.00207,0.00156
1779370810.1545,plane,3773,77,0.49361,0.21519,0.347402,13.17719,2.93002,0.00,0.00017,-0.02554
1779370810.1545,plane,3773,78,0.45398,0.70832,0.009718,0.08462,0.08071,81.71,0.00051,0.00246
1779370810.2514,plane,3774,77,0.49552,0.21481,0.348687,1.09939,0.86695,111.82,0.01973,-0.00398
1779370810.2514,plane,3774,78,0.45378,0.70821,0.009759,0.08458,0.08106,82.28,-0.00206,-0.00107
1779370810.3457,plane,3775,77,0.49360,0.21458,0.347373,1.09017,0.85664,110.64,-0.02047,-0.00241
1779370810.3457,plane,3775,78,0.45374,0.70807,0.009764,0.08467,0.08092,83.67,-0.00039,-0.00152
1779370810.4634,plane,3776,77,0.49342,0.21407,0.345125,1.21067,0.92566,123.25,-0.00151,-0.00435
1779370810.4634,plane,3776,78,0.45380,0.70805,0.009752,0.08453,0.08099,84.66,0.00050,-0.00019
1779370810.5539,plane,3777,77,0.49273,0.21228,0.340697,1.60579,1.07231,136.96,-0.00757,-0.01965
1779370810.5539,plane,3777,78,0.45384,0.70804,0.009738,0.08451,0.08093,83.87,0.00045,-0.00011
1779370810.6524,plane,3778,77,0.49391,0.21578,0.346688,1.10655,0.87697,114.14,0.01201,0.03555
1779370810.6524,plane,3778,78,0.45386,0.70806,0.009752,0.08462,0.08095,83.51,0.00023,0.00025
1779370810.7489,plane,3779,77,0.49408,0.21364,0.344905,1.26699,0.93885,125.89,0.00178,-0.02226
1779370810.7489,plane,3779,78,0.45382,0.70809,0.009742,0.08453,0.08089,83.71,-0.00044,0.00028
1779370810.8621,plane,3780,77,0.49413,0.21418,0.345937,1.77819,1.13544,140.44,0.00037,0.00481
1779370810.8621,plane,3780,78,0.45383,0.70811,0.009740,0.08454,0.08095,84.08,0.00004,0.00015
1779370810.9540,plane,3781,77,0.49330,0.21958,0.362349,1.22738,0.96304,125.57,-0.00900,0.05874
1779370810.9540,plane,3781,78,0.45382,0.70809,0.009764,0.08465,0.08098,83.32,-0.00003,-0.00021
1779370811.0510,plane,3782,77,0.49471,0.21742,0.359080,1.10066,0.84502,110.14,0.01450,-0.02217
1779370811.0510,plane,3782,78,0.45382,0.70808,0.009744,0.08454,0.08094,83.91,-0.00004,-0.00009
1779370811.1494,plane,3783,77,0.49409,0.21446,0.347236,2.86697,1.43505,147.12,-0.00632,-0.03019
1779370811.1494,plane,3783,78,0.45382,0.70810,0.009747,0.08451,0.08098,84.27,0.00000,0.00027
1779370811.2601,plane,3784,77,0.49400,0.21699,0.354964,1.81854,1.09419,136.12,-0.00080,0.02279
1779370811.2601,plane,3784,78,0.45381,0.70812,0.009744,0.08452,0.08091,83.74,-0.00005,0.00013
1779370811.3559,plane,3785,77,0.49344,0.21562,0.348946,1.41794,0.99873,132.19,-0.00585,-0.01424
1779370811.3559,plane,3785,78,0.45384,0.70813,0.009740,0.08451,0.08098,84.62,0.00028,0.00014
1779370811.4531,plane,3786,77,0.49428,0.22130,0.366823,0.99721,0.76307,94.48,0.00867,0.05829
1779370811.4531,plane,3786,78,0.45381,0.70807,0.009754,0.08458,0.08096,83.61,-0.00032,-0.00068
1779370811.5462,plane,3787,77,0.49438,0.21847,0.358783,0.99354,0.74853,94.29,0.00098,-0.03045
1779370811.5462,plane,3787,78,0.45380,0.70806,0.009750,0.08452,0.08095,83.95,-0.00008,-0.00002
1779370811.6607,plane,3788,77,0.49387,0.21467,0.347749,1.33791,0.91351,125.37,-0.00438,-0.03315
1779370811.6607,plane,3788,78,0.45384,0.70814,0.009730,0.08453,0.08089,84.03,0.00028,0.00063
1779370811.7561,plane,3789,77,0.49391,0.21927,0.359711,1.67180,1.12231,140.33,0.00042,0.04829
1779370811.7561,plane,3789,78,0.45382,0.70810,0.009759,0.08458,0.08100,83.59,-0.00020,-0.00043
1779370811.8519,plane,3790,77,0.49477,0.21697,0.357374,1.00343,0.76624,93.63,0.00890,-0.02391
1779370811.8519,plane,3790,78,0.45384,0.70808,0.009745,0.08455,0.08097,84.47,0.00025,-0.00015
1779370811.9475,plane,3791,77,0.49396,0.21494,0.349157,20.75145,3.78745,0.00,-0.00849,-0.02121
1779370811.9475,plane,3791,78,0.45386,0.70813,0.009737,0.08453,0.08090,83.71,0.00023,0.00054
1779370812.0580,plane,3792,77,0.49367,0.21750,0.354735,0.99806,0.77661,94.56,-0.00258,0.02312
1779370812.0580,plane,3792,78,0.45386,0.70814,0.009738,0.08450,0.08095,83.98,-0.00005,0.00007
1779370812.1550,plane,3793,77,0.49372,0.21522,0.348675,1.55771,1.05870,136.02,0.00048,-0.02350
1779370812.1550,plane,3793,78,0.45385,0.70808,0.009745,0.08452,0.08098,84.19,-0.00012,-0.00068
1779370812.2503,plane,3794,77,0.49432,0.21604,0.349909,1.09438,0.85883,111.77,0.00632,0.00860
1779370812.2503,plane,3794,78,0.45385,0.70815,0.009735,0.08448,0.08093,83.81,0.00005,0.00079
1779370812.3455,plane,3795,77,0.49387,0.22100,0.364858,1.12698,0.86266,113.92,-0.00470,0.05208
1779370812.3455,plane,3795,78,0.45378,0.70818,0.009761,0.08460,0.08101,82.93,-0.00071,0.00035
1779370812.4584,plane,3796,77,0.49393,0.21439,0.346095,1.00102,0.77973,94.57,0.00051,-0.05858
1779370812.4584,plane,3796,78,0.45380,0.70810,0.009745,0.08452,0.08092,83.91,0.00014,-0.00078
1779370812.5548,plane,3797,77,0.49326,0.21260,0.341315,1.00176,0.78217,94.06,-0.00700,-0.01863
1779370812.5548,plane,3797,78,0.45388,0.70817,0.009727,0.08451,0.08086,83.36,0.00082,0.00078
1779370812.6506,plane,3798,77,0.49375,0.21442,0.346836,1.08637,0.85538,110.06,0.00513,0.01897
1779370812.6506,plane,3798,78,0.45386,0.70820,0.009727,0.08449,0.08088,83.30,-0.00022,0.00029
1779370812.7460,plane,3799,77,0.49341,0.21709,0.354757,1.41358,0.98437,129.52,-0.00359,0.02799
1779370812.7460,plane,3799,78,0.45383,0.70808,0.009750,0.08455,0.08095,83.95,-0.00024,-0.00121
1779370812.8605,plane,3800,77,0.49263,0.21218,0.341717,0.99446,0.75554,92.98,-0.00677,-0.04298
1779370812.8605,plane,3800,78,0.45384,0.70815,0.009733,0.08456,0.08090,83.73,0.00001,0.00059
1779370812.9572,plane,3801,77,0.49195,0.21160,0.339162,1.07832,0.84532,109.11,-0.00706,-0.00594
1779370812.9572,plane,3801,78,0.45383,0.70810,0.009742,0.08452,0.08095,84.20,-0.00003,-0.00050
1779370813.0514,plane,3802,77,0.49453,0.21652,0.353090,2.87444,1.43068,147.98,0.02751,0.05238
1779370813.0514,plane,3802,78,0.45381,0.70817,0.009740,0.08461,0.08089,83.56,-0.00022,0.00068
1779370813.1473,plane,3803,77,0.49424,0.21699,0.353521,12.76520,3.01801,0.00,-0.00301,0.00489
1779370813.1473,plane,3803,78,0.45383,0.70815,0.009747,0.08464,0.08089,83.72,0.00019,-0.00017
1779370813.2586,plane,3804,77,0.49401,0.21451,0.347087,1.31267,0.95950,128.17,-0.00213,-0.02229
1779370813.2586,plane,3804,78,0.45385,0.70820,0.009742,0.08454,0.08098,82.54,0.00015,0.00048
1779370813.3557,plane,3805,77,0.49348,0.21445,0.347193,1.39451,1.01289,132.42,-0.00543,-0.00065
1779370813.3557,plane,3805,78,0.45385,0.70811,0.009740,0.08454,0.08094,84.32,-0.00002,-0.00093
1779370813.4513,plane,3806,77,0.49387,0.21454,0.346785,1.06373,0.81923,107.32,0.00415,0.00095
1779370813.4513,plane,3806,78,0.45382,0.70812,0.009742,0.08458,0.08092,83.57,-0.00025,0.00004
1779370813.5487,plane,3807,77,0.49425,0.21597,0.351056,1.16574,0.91734,119.26,0.00389,0.01464
1779370813.5487,plane,3807,78,0.45385,0.70807,0.009738,0.08453,0.08091,84.21,0.00031,-0.00046
1779370813.6616,plane,3808,77,0.49369,0.21570,0.350706,1.35267,1.00077,130.91,-0.00500,-0.00239
1779370813.6616,plane,3808,78,0.45384,0.70807,0.009740,0.08453,0.08093,84.06,-0.00013,-0.00003
1779370813.7540,plane,3809,77,0.49411,0.21549,0.351049,1.16741,0.91029,119.50,0.00457,-0.00230
1779370813.7540,plane,3809,78,0.45384,0.70808,0.009752,0.08457,0.08098,84.33,-0.00000,0.00018
1779370813.8508,plane,3810,77,0.49307,0.21939,0.359539,1.30279,0.99936,129.57,-0.01086,0.04041
1779370813.8508,plane,3810,78,0.45381,0.70811,0.009747,0.08454,0.08096,84.27,-0.00028,0.00029
1779370813.9459,plane,3811,77,0.49433,0.21523,0.349974,1.08451,0.84825,109.93,0.01328,-0.04361
1779370813.9459,plane,3811,78,0.45382,0.70815,0.009737,0.08455,0.08092,84.15,0.00013,0.00042
1779370814.0615,plane,3812,77,0.49404,0.21743,0.353482,6.88946,2.15794,0.00,-0.00249,0.01905
1779370814.0615,plane,3812,78,0.45386,0.70823,0.009728,0.08453,0.08085,83.77,0.00031,0.00067
1779370814.1549,plane,3813,77,0.49354,0.21901,0.355786,3.52051,1.61332,152.84,-0.00536,0.01691
1779370814.1549,plane,3813,78,0.45380,0.70827,0.009740,0.08457,0.08089,83.70,-0.00058,0.00044
1779370814.2508,plane,3814,77,0.49440,0.21704,0.353207,2.08993,1.24532,145.77,0.00891,-0.02063
1779370814.2508,plane,3814,78,0.45379,0.70819,0.009745,0.08458,0.08093,83.70,-0.00010,-0.00084
1779370814.3461,plane,3815,77,0.49344,0.21400,0.346430,0.98780,0.70186,95.32,-0.00999,-0.03177
1779370814.3461,plane,3815,78,0.45384,0.70823,0.009725,0.08451,0.08084,83.10,0.00054,0.00040
1779370814.4590,plane,3816,77,0.49413,0.21557,0.352975,1.00077,0.76673,94.38,0.00611,0.01394
1779370814.4590,plane,3816,78,0.45380,0.70810,0.009750,0.08459,0.08093,83.36,-0.00039,-0.00111
1779370814.5559,plane,3817,77,0.49378,0.21647,0.351791,0.99638,0.76544,94.23,-0.00362,0.00922
1779370814.5559,plane,3817,78,0.45384,0.70812,0.009745,0.08452,0.08099,84.55,0.00043,0.00018
1779370814.6532,plane,3818,77,0.49404,0.21993,0.357171,0.99634,0.79185,94.45,0.00266,0.03560
1779370814.6532,plane,3818,78,0.45381,0.70811,0.009752,0.08454,0.08098,84.29,-0.00034,-0.00010
1779370814.7467,plane,3819,77,0.49395,0.21781,0.356199,0.98869,0.73388,93.99,-0.00098,-0.02257
1779370814.7467,plane,3819,78,0.45384,0.70811,0.009740,0.08452,0.08094,83.86,0.00034,0.00000
1779370814.8580,plane,3820,77,0.49338,0.21597,0.349141,158.69666,10.36288,153.32,-0.00503,-0.01649
1779370814.8580,plane,3820,78,0.45383,0.70809,0.009749,0.08460,0.08094,84.08,-0.00009,-0.00024
1779370814.9550,plane,3821,77,0.49337,0.21360,0.345345,0.99505,0.75452,94.20,-0.00019,-0.02449
1779370814.9550,plane,3821,78,0.45385,0.70807,0.009738,0.08458,0.08088,83.82,0.00024,-0.00012
1779370815.0502,plane,3822,77,0.49374,0.21147,0.338304,1.66313,1.00071,132.15,0.00393,-0.02233
1779370815.0502,plane,3822,78,0.45386,0.70809,0.009732,0.08446,0.08091,83.64,0.00006,0.00020
1779370815.1469,plane,3823,77,0.49369,0.21462,0.347897,1.15014,0.91681,118.43,-0.00047,0.03252
1779370815.1469,plane,3823,78,0.45385,0.70809,0.009744,0.08453,0.08097,84.16,-0.00012,-0.00005
1779370815.2580,plane,3824,77,0.49399,0.21988,0.362130,1.40971,1.02070,132.99,0.00264,0.04740
1779370815.2580,plane,3824,78,0.45385,0.70810,0.009757,0.08464,0.08099,83.57,0.00004,0.00009
1779370815.3539,plane,3825,77,0.49446,0.21800,0.355781,1.10657,0.88445,114.05,0.00496,-0.01964
1779370815.3539,plane,3825,78,0.45379,0.70801,0.009747,0.08459,0.08090,83.73,-0.00068,-0.00087
1779370815.4516,plane,3826,77,0.49395,0.21641,0.351532,1.78385,1.12489,139.88,-0.00531,-0.01631
1779370815.4516,plane,3826,78,0.45371,0.70792,0.009749,0.08451,0.08094,84.13,-0.00074,-0.00095
1779370815.5494,plane,3827,77,0.49447,0.21401,0.345656,2.93186,1.45103,148.18,0.00538,-0.02455
1779370815.5494,plane,3827,78,0.45385,0.70810,0.009727,0.08453,0.08085,84.29,0.00138,0.00183
1779370815.6611,plane,3828,77,0.49359,0.21558,0.347731,1.00025,0.78046,95.68,-0.00786,0.01404
1779370815.6611,plane,3828,78,0.45387,0.70823,0.009718,0.08449,0.08081,83.29,0.00023,0.00117
1779370815.7557,plane,3829,77,0.49363,0.21730,0.353587,1.10454,0.83797,111.61,0.00039,0.01821
1779370815.7557,plane,3829,78,0.45378,0.70833,0.009740,0.08460,0.08088,82.92,-0.00095,0.00106
1779370815.8516,plane,3830,77,0.49397,0.21390,0.347075,1.10342,0.86730,112.11,0.00350,-0.03538
1779370815.8516,plane,3830,78,0.45382,0.70815,0.009740,0.08456,0.08093,83.94,0.00033,-0.00192
1779370815.9492,plane,3831,77,0.49353,0.21735,0.354726,1.82125,1.17446,143.65,-0.00443,0.03537
1779370815.9492,plane,3831,78,0.45380,0.70816,0.009754,0.08459,0.08096,83.73,-0.00018,0.00015
1779370816.0611,plane,3832,77,0.49442,0.21314,0.344815,2.41221,1.29713,143.59,0.00793,-0.03754
1779370816.0611,plane,3832,78,0.45379,0.70794,0.009749,0.08449,0.08097,83.70,-0.00011,-0.00203
1779370816.1536,plane,3833,,,,,,,,,
1779370816.2489,plane,3834,,,,,,,,,
1779370816.3443,plane,3835,,,,,,,,,
1779370816.4590,plane,3836,,,,,,,,,
1779370816.5522,plane,3837,,,,,,,,,
1779370816.6491,plane,3838,,,,,,,,,
1779370816.7462,plane,3839,,,,,,,,,
1779370816.8569,plane,3840,,,,,,,,,
1779370816.9524,plane,3841,,,,,,,,,
1779370817.0484,plane,3842,,,,,,,,,
1779370817.1466,plane,3843,,,,,,,,,
1779370817.2571,plane,3844,,,,,,,,,
1779370817.3539,plane,3845,,,,,,,,,
1779370817.4492,plane,3846,,,,,,,,,
1779370817.5459,plane,3847,,,,,,,,,
1779370817.6561,plane,3848,,,,,,,,,
1779370817.7529,plane,3849,,,,,,,,,
1779370817.8484,plane,3850,,,,,,,,,
1779370817.9450,plane,3851,,,,,,,,,
1779370818.0567,plane,3852,,,,,,,,,
1779370818.1526,plane,3853,,,,,,,,,
1779370818.2501,plane,3854,,,,,,,,,
1779370818.3448,plane,3855,,,,,,,,,
1779370818.4559,plane,3856,,,,,,,,,
1779370818.5529,plane,3857,,,,,,,,,
1779370818.6510,plane,3858,,,,,,,,,
1779370818.7457,plane,3859,,,,,,,,,
1779370818.8564,plane,3860,,,,,,,,,
1779370818.9541,plane,3861,,,,,,,,,
1779370819.0503,plane,3862,,,,,,,,,
1779370819.1478,plane,3863,,,,,,,,,
1779370819.2593,plane,3864,,,,,,,,,
1779370819.3527,plane,3865,,,,,,,,,
1779370819.4500,plane,3866,,,,,,,,,
1779370819.5475,plane,3867,79,0.55074,0.51699,0.551876,1.45690,0.60576,85.79,0.00000,0.00000
1779370819.5475,plane,3867,80,0.40609,0.59648,0.004183,0.05488,0.05291,84.46,0.00000,0.00000
1779370819.6611,plane,3868,79,0.52102,0.43873,0.764086,2.40234,0.51192,87.69,-0.26123,-0.68790
1779370819.6611,plane,3868,81,0.45101,0.92778,0.002835,0.13413,0.07634,91.52,0.00000,0.00000
1779370819.7565,plane,3869,79,0.50276,0.43455,0.694841,10.16286,0.50462,88.31,-0.19138,-0.04379
1779370819.8562,plane,3870,79,0.50203,0.43900,0.681107,3.72868,0.51794,86.76,-0.00727,0.04466
1779370819.9470,plane,3871,79,0.50208,0.44470,0.680900,2.92255,0.48309,92.45,0.00051,0.06275
1779370820.0601,plane,3872,79,0.50196,0.44744,0.680983,9.55765,0.49197,90.92,-0.00110,0.02430
1779370820.1554,plane,3873,79,0.50229,0.44682,0.675600,2.04414,0.52131,87.94,0.00352,-0.00654
1779370820.2508,plane,3874,79,0.50215,0.44696,0.675627,1.94211,0.52493,89.97,-0.00143,0.00140
1779370820.3474,plane,3875,79,0.50221,0.44691,0.675517,2.06283,0.52642,89.29,0.00060,-0.00052
1779370820.4660,plane,3876,79,0.50233,0.44653,0.674271,1.95060,0.52488,89.79,0.00096,-0.00318
1779370820.5551,plane,3877,79,0.50236,0.44648,0.674233,2.14171,0.52871,89.42,0.00035,-0.00053
1779370820.6510,plane,3878,79,0.50248,0.44652,0.673750,1.99875,0.51218,89.76,0.00129,0.00033
1779370820.7497,plane,3879,79,0.50263,0.39309,0.606703,1.75060,0.47752,88.44,0.00147,-0.54338
1779370820.7497,plane,3879,82,0.50891,0.96347,0.063405,1.91225,0.11259,92.29,0.00000,0.00000
1779370820.8589,plane,3880,79,0.47643,0.48823,0.161162,4.63086,0.99244,0.05,-0.23902,0.86798
1779370820.8589,plane,3880,83,0.43954,0.67156,0.007653,0.07466,0.07185,86.19,0.00000,0.00000
1779370820.9536,plane,3881,82,0.54636,0.99372,0.010410,1.21397,0.01029,90.00,0.39545,0.31941
1779370820.9536,plane,3881,83,0.45078,0.69767,0.009132,0.08191,0.07822,83.29,0.11875,0.27569
1779370821.0510,plane,3882,83,0.45377,0.70525,0.009471,0.08329,0.07975,82.09,0.03069,0.07785
1779370821.1454,plane,3883,83,0.45379,0.70715,0.009481,0.08335,0.07984,81.18,0.00014,0.02013
1779370821.2605,plane,3884,83,0.45379,0.70713,0.009474,0.08329,0.07982,82.36,-0.00001,-0.00021
1779370821.3538,plane,3885,83,0.45383,0.70717,0.009584,0.08385,0.08022,81.97,0.00050,0.00044
1779370821.4506,plane,3886,83,0.45385,0.70717,0.009584,0.08386,0.08017,82.59,0.00017,0.00001
1779370821.5455,plane,3887,83,0.45384,0.70719,0.009591,0.08388,0.08022,81.77,-0.00013,0.00018
1779370821.6586,plane,3888,83,0.45383,0.70719,0.009667,0.08431,0.08046,80.04,-0.00004,0.00007
1779370821.7540,plane,3889,83,0.45381,0.70734,0.009657,0.08425,0.08038,81.22,-0.00019,0.00153
1779370821.8511,plane,3890,83,0.45385,0.70734,0.009672,0.08431,0.08049,79.98,0.00034,-0.00003
1779370821.9468,plane,3891,83,0.45393,0.70809,0.009644,0.08414,0.08038,80.99,0.00089,0.00783
1779370821.9468,plane,3891,84,0.48692,0.00237,0.005953,0.90945,0.00582,90.04,0.00000,0.00000
1779370822.0603,plane,3892,83,0.45391,0.70822,0.009647,0.08416,0.08036,81.56,-0.00019,0.00113
1779370822.0603,plane,3892,84,0.48485,0.00253,0.006395,0.92895,0.00514,89.96,-0.01821,0.00143
1779370822.1587,plane,3893,83,0.45389,0.70820,0.009642,0.08417,0.08033,81.45,-0.00025,-0.00017
1779370822.1587,plane,3893,84,0.47666,0.00290,0.007034,0.93402,0.00882,89.85,-0.08322,0.00374
1779370822.2524,plane,3894,85,0.52280,0.50132,0.847497,4.76543,0.54669,89.66,0.00000,0.00000
1779370822.2524,plane,3894,86,0.36986,0.51282,0.002260,0.04695,0.03365,138.84,0.00000,0.00000
1779370822.3473,plane,3895,85,0.51744,0.49573,0.883648,2.24829,0.58354,89.93,-0.05633,-0.05867
1779370822.4637,plane,3896,85,0.50338,0.50255,0.817123,5.99316,0.99029,0.03,-0.12110,0.05876
1779370822.5580,plane,3897,85,0.50130,0.43781,0.682868,4.12144,0.50263,87.18,-0.02202,-0.68597
1779370822.6542,plane,3898,85,0.50130,0.43775,0.682705,7.30478,0.50680,87.36,0.00002,-0.00056
1779370822.7476,plane,3899,85,0.50132,0.43773,0.682587,5.80813,0.50999,87.35,0.00017,-0.00027
1779370822.8630,plane,3900,85,0.50132,0.43731,0.680532,1.91755,0.55434,89.84,-0.00003,-0.00365
1779370822.9561,plane,3901,85,0.50132,0.43735,0.680691,2.38383,0.55907,89.58,0.00001,0.00043
1779370823.0509,plane,3902,85,0.50135,0.43724,0.681096,2.06669,0.55329,89.95,0.00033,-0.00111
1779370823.1491,plane,3903,85,0.50134,0.43732,0.680510,1.90491,0.55526,90.16,-0.00005,0.00082
1779370823.2600,plane,3904,85,0.50127,0.43725,0.680620,1.91472,0.55368,89.33,-0.00064,-0.00069
1779370823.3553,plane,3905,85,0.50132,0.43726,0.680320,1.82403,0.56204,89.58,0.00049,0.00016
1779370823.4522,plane,3906,85,0.50129,0.43725,0.680447,1.85084,0.56000,90.07,-0.00033,-0.00011
1779370823.5483,plane,3907,85,0.50130,0.43727,0.680364,1.86009,0.54828,88.83,0.00016,0.00019
1779370823.6582,plane,3908,85,0.50132,0.43723,0.680349,1.82097,0.56237,89.39,0.00012,-0.00037
1779370823.7593,plane,3909,85,0.50131,0.43734,0.680534,1.98477,0.55094,89.32,-0.00004,0.00112
1779370823.8549,plane,3910,85,0.50132,0.43728,0.680476,2.14926,0.54042,89.50,0.00003,-0.00069
1779370823.9491,plane,3911,85,0.50133,0.43726,0.680405,2.02347,0.57156,90.34,0.00013,-0.00013
1779370824.0603,plane,3912,85,0.50131,0.43724,0.680361,2.01308,0.54463,89.18,-0.00013,-0.00020
1779370824.1584,plane,3913,85,0.50131,0.43733,0.680561,1.85902,0.55951,90.29,-0.00001,0.00091
1779370824.2547,plane,3914,85,0.50130,0.43725,0.680479,1.98935,0.54754,90.27,-0.00012,-0.00082
1779370824.3492,plane,3915,85,0.50133,0.43727,0.680342,1.94142,0.55321,89.52,0.00027,0.00022
1779370824.4603,plane,3916,85,0.50132,0.43729,0.680537,2.07214,0.56885,90.79,-0.00007,0.00016
1779370824.5563,plane,3917,85,0.50132,0.43725,0.680267,1.90463,0.55488,90.37,-0.00003,-0.00043
1779370824.6558,plane,3918,85,0.50134,0.43728,0.680317,2.13244,0.54043,90.54,0.00018,0.00034
1779370824.7488,plane,3919,85,0.50133,0.43732,0.680396,1.98694,0.54666,90.12,-0.00007,0.00040
1779370824.8598,plane,3920,85,0.50134,0.43735,0.680369,2.16462,0.54785,90.23,0.00013,0.00026
1779370824.9556,plane,3921,85,0.50149,0.43731,0.680705,2.18291,0.54735,89.43,0.00149,-0.00038
1779370825.0525,plane,3922,85,0.50140,0.43730,0.680218,1.85716,0.55608,89.17,-0.00090,-0.00013
1779370825.1473,plane,3923,85,0.48182,0.44030,0.213057,6.79606,0.98932,0.02,-0.20705,0.03169
1779370825.1473,plane,3923,87,0.43790,0.66704,0.008865,0.08702,0.07188,154.76,0.00000,0.00000
1779370825.2583,plane,3924,85,0.44202,0.54729,0.140266,7.48062,0.98877,0.03,-0.35816,0.96277
1779370825.2583,plane,3924,87,0.44051,0.67611,0.007714,0.07504,0.07200,86.25,0.02353,0.08166
1779370825.3543,plane,3925,87,0.45362,0.70576,0.009467,0.08306,0.08001,87.53,0.13640,0.30849
1779370825.3543,plane,3925,88,0.33373,0.12211,0.015432,0.20897,0.20429,134.58,0.00000,0.00000
1779370825.4519,plane,3926,87,0.45384,0.70801,0.009443,0.08329,0.07961,80.86,0.00224,0.02310
1779370825.4519,plane,3926,88,0.41148,0.00240,0.004061,0.68665,0.00735,90.10,0.79782,-1.22835
1779370825.5466,plane,3927,87,0.45383,0.70810,0.009447,0.08329,0.07959,81.40,-0.00017,0.00088
1779370825.5466,plane,3927,88,0.38626,0.00238,0.003903,0.63543,0.00639,90.07,-0.26599,-0.00015
1779370825.6591,plane,3928,87,0.45384,0.70803,0.009445,0.08328,0.07964,80.96,0.00016,-0.00063
1779370825.6591,plane,3928,88,0.39569,0.00233,0.003715,0.61574,0.00653,90.08,0.08390,-0.00051
1779370825.7535,plane,3929,87,0.45384,0.70806,0.009447,0.08327,0.07963,81.26,-0.00003,0.00040
1779370825.7535,plane,3929,88,0.39452,0.00233,0.003718,0.61332,0.00660,90.06,-0.01242,0.00004
1779370825.8497,plane,3930,87,0.45391,0.70808,0.009574,0.08379,0.08008,82.56,0.00069,0.00017
1779370825.8497,plane,3930,88,0.48550,0.00249,0.006292,0.91501,0.00550,89.99,0.94684,0.00164
1779370825.9452,plane,3931,87,0.45393,0.70814,0.009569,0.08374,0.08007,81.40,0.00021,0.00063
1779370825.9452,plane,3931,88,0.48614,0.00252,0.006376,0.99152,0.00584,89.97,0.00661,0.00035
1779370826.0578,plane,3932,87,0.45388,0.70806,0.009567,0.08372,0.08008,82.26,-0.00041,-0.00066
1779370826.0578,plane,3932,88,0.48537,0.00247,0.006226,0.94045,0.00613,90.00,-0.00683,-0.00045
1779370826.1576,plane,3933,87,0.45391,0.70817,0.009640,0.08415,0.08031,81.94,0.00034,0.00108
1779370826.1576,plane,3933,88,0.47866,0.00287,0.006966,0.88834,0.00799,89.91,-0.06723,0.00395
1779370826.2498,plane,3934,87,0.45388,0.70741,0.009654,0.08417,0.08040,81.02,-0.00035,-0.00827
1779370826.3453,plane,3935,87,0.45338,0.70446,0.009733,0.08430,0.08107,82.25,-0.00529,-0.03082
1779370826.4574,plane,3936,87,0.45301,0.70402,0.009879,0.08494,0.08184,82.60,-0.00324,-0.00395
1779370826.5547,plane,3937,87,0.45246,0.70344,0.010361,0.08659,0.08394,85.83,-0.00570,-0.00589
1779370826.6518,plane,3938,87,0.45248,0.70338,0.010364,0.08657,0.08396,85.19,0.00024,-0.00068
1779370826.7450,plane,3939,87,0.45340,0.70440,0.009740,0.08433,0.08110,81.58,0.00982,0.01097
1779370826.8575,plane,3940,87,0.45340,0.70442,0.009749,0.08446,0.08107,80.80,-0.00000,0.00014
1779370826.9528,plane,3941,87,0.45340,0.70438,0.009740,0.08434,0.08110,81.34,-0.00000,-0.00036
1779370827.0500,plane,3942,87,0.45341,0.70441,0.009745,0.08437,0.08108,81.59,0.00015,0.00030
1779370827.1454,plane,3943,87,0.45342,0.70438,0.009740,0.08437,0.08109,81.41,0.00013,-0.00029
1779370827.2566,plane,3944,87,0.45339,0.70452,0.009747,0.08434,0.08119,82.36,-0.00031,0.00119
1779370827.3524,plane,3945,87,0.45340,0.70438,0.009747,0.08445,0.08107,80.84,0.00009,-0.00137
1779370827.4486,plane,3946,87,0.45340,0.70443,0.009742,0.08431,0.08109,81.90,0.00002,0.00047
1779370827.5475,plane,3947,87,0.45338,0.70454,0.009737,0.08426,0.08117,82.54,-0.00023,0.00114
1779370827.6580,plane,3948,87,0.45341,0.70444,0.009749,0.08437,0.08108,81.86,0.00032,-0.00094
1779370827.7533,plane,3949,87,0.45343,0.70443,0.009757,0.08442,0.08115,81.56,0.00018,-0.00010
1779370827.8488,plane,3950,87,0.45340,0.70438,0.009745,0.08442,0.08108,80.95,-0.00026,-0.00051
1779370827.9464,plane,3951,87,0.45338,0.70436,0.009754,0.08447,0.08109,81.31,-0.00027,-0.00024
1779370828.0591,plane,3952,87,0.45351,0.70439,0.009749,0.08449,0.08106,81.37,0.00119,0.00031
1779370828.1545,plane,3953,87,0.45339,0.70461,0.009750,0.08433,0.08121,82.67,-0.00130,0.00230
1779370828.2512,plane,3954,87,0.45339,0.70434,0.009749,0.08443,0.08109,81.38,-0.00003,-0.00286
1779370828.3471,plane,3955,87,0.45342,0.70442,0.009747,0.08440,0.08107,81.44,0.00035,0.00083
1779370828.4596,plane,3956,89,0.49622,0.55050,0.012114,0.11209,0.07837,50.41,0.00000,0.00000
1779370828.5564,plane,3957,89,0.49623,0.55067,0.012112,0.11002,0.07860,51.77,0.00010,0.00169
1779370828.6490,plane,3958,89,0.49619,0.55070,0.012114,0.11167,0.07844,50.77,-0.00040,0.00041
1779370828.7466,plane,3959,89,0.49622,0.55075,0.012124,0.11281,0.07824,50.33,0.00030,0.00043
1779370828.8590,plane,3960,89,0.49615,0.55079,0.012107,0.11148,0.07830,51.04,-0.00060,0.00037
1779370828.9564,plane,3961,89,0.49621,0.55071,0.012119,0.11144,0.07845,50.76,0.00058,-0.00081
1779370829.0506,plane,3962,89,0.49624,0.55059,0.012126,0.10880,0.07870,51.42,0.00035,-0.00121
1779370829.1480,plane,3963,89,0.49613,0.55076,0.012105,0.11104,0.07837,51.89,-0.00110,0.00167
1779370829.2592,plane,3964,89,0.49645,0.55351,0.012070,0.10854,0.07911,53.22,0.00286,0.02470
1779370829.3543,plane,3965,89,0.49645,0.55347,0.012078,0.10886,0.07914,55.19,-0.00002,-0.00037
1779370829.4548,plane,3966,89,0.49650,0.55459,0.012044,0.10876,0.07924,54.94,0.00055,0.01118
1779370829.4548,plane,3966,90,0.48012,0.00251,0.006285,0.95383,0.00615,89.98,0.00000,0.00000
1779370829.5479,plane,3967,89,0.49649,0.55458,0.012053,0.10884,0.07928,54.83,-0.00015,-0.00011
1779370829.5479,plane,3967,90,0.48365,0.00258,0.006499,1.45141,0.01368,89.72,0.03788,0.00079
1779370829.6603,plane,3968,89,0.49648,0.55461,0.012056,0.10884,0.07936,55.01,-0.00008,0.00020
1779370829.6603,plane,3968,90,0.47821,0.00279,0.006858,1.23832,0.01122,89.70,-0.04860,0.00186
1779370829.7547,plane,3969,90,0.47903,0.00278,0.006834,0.92686,0.00809,89.84,0.00868,-0.00006
1779370829.7547,plane,3969,91,0.45042,0.76064,0.453735,5.88129,0.32248,99.86,0.00000,0.00000
1779370829.8497,plane,3970,89,0.50535,0.49919,0.988329,8.07733,0.98905,0.04,0.09335,-0.58353
1779370829.9461,plane,3971,89,0.50535,0.49919,0.988313,9.73194,0.98862,0.05,0.00008,0.00002
1779370830.0587,plane,3972,89,0.50542,0.49917,0.988181,6.67716,0.98994,0.02,0.00059,-0.00021
1779370830.1560,plane,3973,89,0.50542,0.49917,0.988181,6.67716,0.98994,0.02,0.00000,0.00000
1779370830.2510,plane,3974,89,0.50541,0.49917,0.988196,7.69374,0.98913,0.01,-0.00008,0.00003
1779370830.3454,plane,3975,89,0.50547,0.49916,0.988090,5.60783,0.99095,0.03,0.00057,-0.00014
1779370830.4580,plane,3976,89,0.50547,0.49916,0.988093,5.58674,0.99098,0.03,-0.00002,0.00001
1779370830.5546,plane,3977,89,0.50546,0.49916,0.988096,5.60819,0.99095,0.03,-0.00002,0.00002
1779370830.6530,plane,3978,89,0.50551,0.49915,0.987995,6.56569,0.98957,0.03,0.00052,-0.00008
1779370830.7459,plane,3979,89,0.50552,0.49915,0.987991,6.69233,0.98944,0.03,0.00002,0.00002
1779370830.8612,plane,3980,89,0.50552,0.49915,0.987993,6.57760,0.98955,0.03,-0.00001,-0.00003
1779370830.9551,plane,3981,89,0.50552,0.49915,0.987986,6.70565,0.98942,0.03,0.00004,0.00001
1779370831.0535,plane,3982,89,0.50552,0.49915,0.987986,6.70565,0.98942,0.03,0.00000,0.00000
1779370831.1503,plane,3983,89,0.50552,0.49915,0.987986,6.70565,0.98942,0.03,0.00000,0.00000
1779370831.2613,plane,3984,89,0.50556,0.49916,0.987900,7.55003,0.98869,0.03,0.00039,0.00004
1779370831.3561,plane,3985,89,0.50556,0.49916,0.987908,7.44424,0.98878,0.03,-0.00004,0.00003
1779370831.4538,plane,3986,89,0.50556,0.49916,0.987901,7.47695,0.98876,0.03,0.00003,0.00002
1779370831.5484,plane,3987,89,0.50565,0.49915,0.987730,8.69640,0.98802,0.03,0.00090,-0.00014
1779370831.6585,plane,3988,89,0.50549,0.45281,0.895738,1.39347,0.63210,84.72,-0.00138,-0.42121
1779370831.6585,plane,3988,92,0.45559,0.96967,0.006100,0.12291,0.05556,89.77,0.00000,0.00000
1779370831.7601,plane,3989,89,0.50591,0.42512,0.837819,3.34665,0.48523,88.90,0.00406,-0.27331
1779370831.7601,plane,3989,92,0.45562,0.94249,0.011581,0.12287,0.09564,88.66,0.00023,-0.26825
1779370831.8571,plane,3990,89,0.50625,0.41666,0.816588,1.95627,0.48906,90.69,0.00353,-0.08712
1779370831.8571,plane,3990,92,0.45591,0.92197,0.011219,0.21922,0.10284,0.64,0.00306,-0.21119
1779370831.8571,plane,3990,93,0.55136,0.99446,0.008884,1.03811,0.01360,90.07,0.00000,0.00000
1779370831.9481,plane,3991,89,0.50626,0.41564,0.814577,1.65074,0.50283,90.33,0.00013,-0.01122
1779370831.9481,plane,3991,92,0.45594,0.92014,0.011247,0.15823,0.10441,177.88,0.00025,-0.02005
1779370831.9481,plane,3991,93,0.54883,0.99333,0.011091,0.65276,0.03850,0.00,-0.02786,-0.01237
1779370832.0613,plane,3992,89,0.50623,0.41561,0.814553,1.41846,0.51307,90.93,-0.00024,-0.00019
1779370832.0613,plane,3992,92,0.45592,0.92014,0.011251,0.15786,0.10445,177.87,-0.00014,0.00001
1779370832.0613,plane,3992,93,0.54838,0.99333,0.011093,1.12848,0.01561,90.24,-0.00394,-0.00005
1779370832.1598,plane,3993,89,0.50652,0.41549,0.812890,1.45041,0.49866,88.75,0.00288,-0.00126
1779370832.1598,plane,3993,92,0.45599,0.92015,0.011191,0.13792,0.10856,1.16,0.00074,0.00005
1779370832.1598,plane,3993,93,0.54567,0.99371,0.010418,1.02302,0.01788,90.02,-0.02780,0.00394
1779370832.2548,plane,3994,89,0.50652,0.41547,0.812937,1.57126,0.49889,89.48,0.00008,-0.00026
1779370832.2548,plane,3994,92,0.45602,0.92013,0.011186,0.13549,0.08546,89.34,0.00025,-0.00018
1779370832.2548,plane,3994,93,0.54532,0.99371,0.010429,1.08027,0.01399,90.03,-0.00365,-0.00005
1779370832.3493,plane,3995,89,0.50647,0.41548,0.813005,1.50911,0.49515,89.14,-0.00058,0.00018
1779370832.3493,plane,3995,92,0.45602,0.92013,0.011186,0.13549,0.08546,89.34,0.00000,0.00000
1779370832.3493,plane,3995,93,0.54445,0.99371,0.010439,1.25408,0.01158,90.07,-0.00917,-0.00002
1779370832.4626,plane,3996,89,0.50705,0.41359,0.804977,5.02943,0.46464,89.76,0.00511,-0.01665
1779370832.4626,plane,3996,92,0.45601,0.92014,0.011185,0.13109,0.08872,89.36,-0.00007,0.00007
1779370832.4626,plane,3996,93,0.55650,0.99425,0.009255,2.00848,0.00697,89.98,0.10577,0.00474
1779370832.5580,plane,3997,89,0.50706,0.41356,0.804755,5.12679,0.46448,89.76,0.00009,-0.00029
1779370832.5580,plane,3997,92,0.45602,0.92013,0.011186,0.13549,0.08546,89.34,0.00008,-0.00008
1779370832.5580,plane,3997,93,0.55638,0.99421,0.009321,3.17976,0.00567,89.99,-0.00121,-0.00036
1779370832.6525,plane,3998,89,0.50706,0.41357,0.804916,2.79916,0.47004,89.61,-0.00003,0.00007
1779370832.6525,plane,3998,92,0.45602,0.92013,0.011186,0.13549,0.08546,89.34,0.00000,0.00000
1779370832.6525,plane,3998,93,0.55708,0.99421,0.009311,1.42625,0.00635,90.02,0.00738,0.00002
1779370832.7477,plane,3999,89,0.50674,0.41295,0.800727,3.12108,0.46502,89.30,-0.00336,-0.00649
1779370832.7477,plane,3999,92,0.45590,0.91995,0.011146,0.22651,0.06410,89.64,-0.00119,-0.00188
1779370832.8609,plane,4000,89,0.50672,0.41304,0.800944,4.13344,0.46276,89.62,-0.00012,0.00082
1779370832.8609,plane,4000,92,0.45594,0.92002,0.011159,0.21458,0.06498,89.64,0.00033,0.00058
1779370832.8609,plane,4000,94,0.29624,0.99590,0.003325,0.51988,0.00533,90.19,0.00000,0.00000
1779370832.9564,plane,4001,89,0.50677,0.41309,0.801119,2.48904,0.46967,89.18,0.00047,0.00056
1779370832.9564,plane,4001,92,0.45593,0.92000,0.011156,0.22441,0.06425,89.65,-0.00009,-0.00017
1779370832.9564,plane,4001,94,0.29734,0.99578,0.003471,0.52298,0.00547,90.21,0.01143,-0.00120
1779370833.0523,plane,4002,89,0.51457,0.36808,0.701806,2.89832,0.48905,88.21,0.08148,-0.47029
1779370833.0523,plane,4002,92,0.45586,0.91987,0.011122,0.25833,0.06202,89.64,-0.00075,-0.00139
1779370833.1499,plane,4003,89,0.51188,0.37542,0.719754,3.20149,0.48054,88.76,-0.02754,0.07519
1779370833.1499,plane,4003,92,0.45586,0.91987,0.011122,0.26047,0.06193,89.64,-0.00000,0.00000
1779370833.2636,plane,4004,89,0.51449,0.36869,0.703279,2.37901,0.45912,88.74,0.02299,-0.05919
1779370833.2636,plane,4004,92,0.45585,0.91985,0.011119,0.24129,0.06282,89.65,-0.00007,-0.00015
1779370833.3570,plane,4005,92,0.45574,0.91978,0.011078,0.14436,0.07330,88.59,-0.00115,-0.00078
1779370833.3570,plane,4005,95,0.66915,0.24987,0.345069,0.99283,0.32667,101.30,0.00000,0.00000
1779370833.3570,plane,4005,96,0.18093,0.11437,0.002077,0.07458,0.03722,98.52,0.00000,0.00000
1779370833.4536,plane,4006,92,0.45578,0.91983,0.011095,0.12483,0.08753,87.44,0.00042,0.00058
1779370833.4536,plane,4006,95,0.66299,0.25040,0.352714,1.18109,0.32715,100.29,-0.06372,0.00550
1779370833.5531,plane,4007,92,0.45571,0.91980,0.011078,0.12918,0.08367,88.00,-0.00079,-0.00037
1779370833.5531,plane,4007,95,0.66982,0.24940,0.342668,1.13063,0.32530,98.84,0.06913,-0.01008
1779370833.6610,plane,4008,92,0.45570,0.91921,0.010942,0.11603,0.10978,163.07,-0.00003,-0.00540
1779370833.6610,plane,4008,97,0.82871,0.19062,0.132172,0.79609,0.23839,109.75,0.00000,0.00000
1779370833.7576,plane,4009,92,0.45555,0.91755,0.010908,0.13641,0.08302,89.71,-0.00157,-0.01719
1779370833.7576,plane,4009,95,0.75712,0.33273,0.004627,0.11142,0.05338,109.58,0.90248,0.86140
1779370833.7576,plane,4009,97,0.85220,0.17574,0.101283,0.56529,0.23280,111.44,0.24285,-0.15382
1779370833.8522,plane,4010,92,0.45555,0.91755,0.010908,0.13641,0.08302,89.71,0.00000,0.00000
1779370833.8522,plane,4010,95,0.75441,0.33312,0.005256,0.11466,0.05963,116.41,-0.02862,0.00410
1779370833.8522,plane,4010,97,0.85330,0.18174,0.106752,0.90461,0.25129,110.51,0.01158,0.06333
1779370833.9495,plane,4011,92,0.45582,0.91948,0.011012,0.12761,0.08169,91.10,0.00279,0.01977
1779370833.9495,plane,4011,97,0.91565,0.19007,0.010052,0.23961,0.09240,117.44,0.64014,0.08553
1779370833.9495,plane,4011,98,0.93048,0.05727,0.002511,0.06548,0.03545,126.36,0.00000,0.00000
1779370834.0597,plane,4012,92,0.45554,0.91970,0.011002,0.19188,0.06344,90.47,-0.00260,0.00202
1779370834.1562,plane,4013,92,0.45545,0.91979,0.010990,0.36170,0.06032,89.51,-0.00085,0.00094
1779370834.2528,plane,4014,92,0.45546,0.91973,0.010978,0.37017,0.06021,89.52,0.00012,-0.00061
1779370834.3492,plane,4015,92,0.45552,0.91948,0.010937,0.30008,0.06133,89.63,0.00054,-0.00262
1779370834.4596,plane,4016,92,0.45554,0.91950,0.010930,0.29820,0.06133,89.60,0.00022,0.00015
1779370834.5565,plane,4017,92,0.45574,0.91828,0.010746,0.15052,0.10410,1.71,0.00210,-0.01254
1779370834.6520,plane,4018,99,0.50597,0.49916,0.987088,5.85846,0.98953,0.03,0.00000,0.00000
1779370834.7500,plane,4019,92,0.45578,0.91980,0.011098,0.12629,0.08663,87.56,0.00032,0.01546
1779370834.7500,plane,4019,99,0.50544,0.41457,0.820021,2.95042,0.47577,88.73,-0.00533,-0.86118
1779370834.7500,plane,4019,100,0.52257,0.98975,0.013206,3.77423,0.07555,89.67,0.00000,0.00000
1779370834.8602,plane,4020,92,0.45581,0.91988,0.011107,0.13756,0.07715,87.58,0.00031,0.00067
1779370834.8602,plane,4020,99,0.50566,0.42374,0.833359,1.69257,0.63100,90.51,0.00197,0.08333
1779370834.9540,plane,4021,99,0.50597,0.49916,0.987088,5.85846,0.98953,0.03,0.00327,0.80313
1779370835.0507,plane,4022,99,0.50597,0.49915,0.987081,5.90176,0.98946,0.03,0.00004,-0.00003
1779370835.1483,plane,4023,99,0.50597,0.49916,0.987088,5.85846,0.98953,0.03,-0.00003,0.00003
1779370835.2592,plane,4024,99,0.50597,0.49916,0.987088,5.85846,0.98953,0.03,0.00000,0.00000
1779370835.3567,plane,4025,99,0.50597,0.49915,0.987086,5.73140,0.98972,0.03,0.00001,-0.00005
1779370835.4502,plane,4026,99,0.50604,0.49916,0.986944,7.26245,0.98793,0.03,0.00076,0.00004
1779370835.5482,plane,4027,99,0.50603,0.49916,0.986964,7.11230,0.98806,0.03,-0.00010,0.00003
1779370835.6585,plane,4028,99,0.50603,0.49916,0.986959,7.14999,0.98803,0.03,0.00002,-0.00001
1779370835.7569,plane,4029,99,0.50615,0.49915,0.986718,7.39875,0.98754,0.05,0.00122,-0.00007
1779370835.8509,plane,4030,99,0.50616,0.49916,0.986710,7.38531,0.98748,0.05,0.00004,0.00006
1779370835.9463,plane,4031,99,0.50615,0.49915,0.986718,7.50302,0.98743,0.05,-0.00004,-0.00005
1779370836.0595,plane,4032,99,0.50641,0.49917,0.986181,3.26436,0.57369,89.87,0.00228,0.00019
1779370836.1547,plane,4033,99,0.50641,0.49916,0.986199,3.81808,0.99447,0.07,0.00001,-0.00012
1779370836.2502,plane,4034,99,0.50641,0.49919,0.986165,3.39835,0.57180,89.89,-0.00004,0.00025
1779370836.3484,plane,4035,99,0.50660,0.49966,0.985007,2.13011,0.58217,91.83,0.00192,0.00483
1779370836.4594,plane,4036,99,0.50660,0.49967,0.984984,2.08658,0.58443,91.93,0.00001,0.00009
1779370836.5561,plane,4037,99,0.50659,0.49966,0.985002,2.09661,0.58419,91.90,-0.00002,-0.00008
1779370836.6527,plane,4038,99,0.50718,0.50059,0.982771,1.29561,0.63170,98.86,0.00608,0.00959
1779370836.7479,plane,4039,99,0.50718,0.50059,0.982756,1.41205,0.61255,97.97,-0.00000,0.00001
1779370836.8580,plane,4040,99,0.50717,0.50058,0.982793,1.37823,0.60407,99.06,-0.00010,-0.00009
1779370836.9544,plane,4041,99,0.50756,0.50095,0.981717,2.44222,0.59032,90.35,0.00400,0.00383
1779370837.0523,plane,4042,99,0.50756,0.50095,0.981715,2.43324,0.58858,90.02,0.00000,-0.00001
1779370837.1472,plane,4043,99,0.50756,0.50095,0.981718,2.42493,0.59006,90.10,0.00004,-0.00003
1779370837.2605,plane,4044,99,0.50759,0.50097,0.981613,2.08934,0.60038,90.55,0.00027,0.00018
1779370837.3553,plane,4045,99,0.50759,0.50096,0.981610,1.65322,0.63153,90.87,-0.00001,-0.00004
1779370837.4505,plane,4046,99,0.50759,0.50096,0.981608,2.08277,0.59971,90.66,0.00003,-0.00000
1779370837.5477,plane,4047,99,0.50762,0.50099,0.981552,1.56450,0.64226,90.88,0.00024,0.00025
1779370837.6592,plane,4048,99,0.50762,0.50100,0.981511,2.00541,0.60042,91.14,0.00000,0.00010
1779370837.7557,plane,4049,99,0.50761,0.50100,0.981525,2.04929,0.59802,90.99,-0.00006,0.00001
1779370837.8510,plane,4050,99,0.50761,0.50100,0.981539,2.05430,0.59755,90.67,-0.00002,-0.00003
1779370837.9495,plane,4051,99,0.50760,0.50098,0.981578,2.15643,0.59250,90.65,-0.00008,-0.00022
1779370838.0587,plane,4052,99,0.50761,0.50100,0.981532,1.65972,0.63068,91.50,0.00008,0.00019
1779370838.1570,plane,4053,99,0.50761,0.50099,0.981542,2.03662,0.59834,90.94,-0.00003,-0.00006
1779370838.2519,plane,4054,99,0.50760,0.50098,0.981579,2.11590,0.59501,90.58,-0.00003,-0.00016
1779370838.3464,plane,4055,99,0.50759,0.50099,0.981562,2.18399,0.59074,90.74,-0.00011,0.00011
1779370838.4591,plane,4056,99,0.50676,0.49998,0.984165,1.79146,0.58746,93.00,-0.00738,-0.00897
1779370838.5570,plane,4057,99,0.50677,0.49995,0.984190,1.75496,0.58941,92.83,0.00007,-0.00024
1779370838.6508,plane,4058,99,0.50678,0.49998,0.984143,1.78911,0.58779,92.78,0.00009,0.00030
1779370838.7485,plane,4059,99,0.50672,0.49991,0.984336,1.43098,0.63954,93.90,-0.00054,-0.00069
1779370838.8596,plane,4060,99,0.50672,0.49989,0.984383,1.34497,0.67162,94.89,-0.00007,-0.00022
1779370838.9549,plane,4061,99,0.50673,0.49992,0.984333,1.44120,0.64008,93.33,0.00011,0.00027
1779370839.0529,plane,4062,99,0.50673,0.49990,0.984339,1.41085,0.64502,94.03,0.00001,-0.00012
1779370839.1486,plane,4063,99,0.50672,0.49989,0.984375,1.37946,0.65704,94.53,-0.00009,-0.00013
1779370839.2611,plane,4064,99,0.50673,0.49990,0.984350,1.42240,0.63341,94.89,0.00009,0.00010
1779370839.3582,plane,4065,99,0.50672,0.49992,0.984348,1.46305,0.62507,94.50,-0.00012,0.00014
1779370839.4547,plane,4066,99,0.50671,0.49989,0.984394,1.34594,0.67144,94.91,-0.00007,-0.00031
1779370839.5488,plane,4067,99,0.50672,0.49991,0.984351,1.41818,0.64886,93.28,0.00011,0.00021
1779370839.6654,plane,4068,99,0.50672,0.49991,0.984356,1.42220,0.64771,93.22,-0.00000,-0.00002
1779370839.7579,plane,4069,99,0.50672,0.49989,0.984372,1.34371,0.66913,95.07,0.00004,-0.00021
1779370839.8553,plane,4070,99,0.50671,0.49990,0.984383,1.40997,0.64719,94.13,-0.00011,0.00014
1779370839.9480,plane,4071,99,0.50672,0.49991,0.984344,1.76410,0.60044,92.32,0.00008,0.00014
1779370840.0599,plane,4072,99,0.50673,0.49990,0.984339,1.41191,0.64505,93.87,0.00007,-0.00009
1779370840.1574,plane,4073,99,0.50671,0.49989,0.984387,1.33297,0.68202,94.41,-0.00017,-0.00013
1779370840.2539,plane,4074,99,0.50672,0.49990,0.984360,1.45101,0.63293,94.56,0.00011,0.00005
1779370840.3471,plane,4075,99,0.50671,0.49989,0.984395,1.37082,0.65397,95.61,-0.00014,-0.00002
1779370840.4602,plane,4076,99,0.50671,0.49988,0.984417,1.74023,0.59022,93.87,-0.00001,-0.00012
1779370840.5575,plane,4077,99,0.50672,0.49989,0.984385,1.37168,0.65588,95.58,0.00010,0.00006
1779370840.6543,plane,4078,99,0.50671,0.49989,0.984404,1.36969,0.65435,95.63,-0.00009,0.00003
1779370840.7502,plane,4079,99,0.50671,0.49990,0.984378,1.35882,0.67060,94.01,0.00004,0.00006
1779370840.8646,plane,4080,99,0.50672,0.49989,0.984377,1.35897,0.65992,95.49,0.00004,-0.00003
1779370840.9592,plane,4081,99,0.50672,0.49991,0.984365,1.41617,0.64577,94.03,-0.00003,0.00022
1779370841.0550,plane,4082,99,0.50671,0.49991,0.984380,1.42308,0.64970,93.15,-0.00005,-0.00005
1779370841.1494,plane,4083,99,0.50671,0.49986,0.984448,1.33913,0.67973,94.28,0.00003,-0.00049
1779370841.2608,plane,4084,99,0.50670,0.49990,0.984407,1.35796,0.66767,95.10,-0.00010,0.00034
1779370841.3558,plane,4085,99,0.50672,0.49988,0.984383,1.36122,0.65725,95.62,0.00019,-0.00016
1779370841.4550,plane,4086,99,0.50672,0.49990,0.984373,1.33421,0.66597,94.84,-0.00005,0.00019
1779370841.5486,plane,4087,99,0.50672,0.49991,0.984367,1.43440,0.63678,94.33,0.00001,0.00005
1779370841.6591,plane,4088,99,0.50670,0.49990,0.984406,1.66481,0.61696,92.65,-0.00011,-0.00011
1779370841.7565,plane,4089,99,0.50672,0.49990,0.984368,1.42758,0.63557,94.73,0.00016,0.00008
1779370841.8523,plane,4090,99,0.50672,0.49988,0.984407,1.77242,0.58915,93.47,-0.00004,-0.00026
1779370841.9497,plane,4091,99,0.50671,0.49989,0.984397,1.37197,0.65504,95.46,-0.00003,0.00012
1779370842.0608,plane,4092,99,0.50671,0.49989,0.984404,1.36704,0.65967,95.26,-0.00004,-0.00001
1779370842.1571,plane,4093,99,0.50671,0.49989,0.984402,1.78503,0.58796,93.47,0.00004,0.00005
1779370842.2510,plane,4094,99,0.50671,0.49989,0.984409,1.35591,0.66774,95.06,-0.00006,-0.00002
1779370842.3474,plane,4095,99,0.50655,0.50000,0.969593,1.78723,0.58625,92.91,-0.00165,0.00117
1779370842.4588,plane,4096,99,0.50655,0.50003,0.964874,1.81540,0.58683,92.68,-0.00000,0.00024
1779370842.5564,plane,4097,99,0.50657,0.50002,0.962136,1.77657,0.58891,93.06,0.00023,-0.00010
1779370842.6516,plane,4098,99,0.50658,0.50006,0.960975,1.75271,0.59008,92.82,0.00013,0.00036
1779370842.7475,plane,4099,99,0.50656,0.50005,0.960186,1.77380,0.58808,92.77,-0.00019,-0.00011
1779370842.8580,plane,4100,99,0.50657,0.50006,0.959329,1.73892,0.58147,93.86,0.00009,0.00012
1779370842.9543,plane,4101,99,0.50660,0.50008,0.958423,1.78068,0.58502,93.08,0.00025,0.00020
1779370843.0515,plane,4102,99,0.50661,0.50011,0.957536,1.73688,0.59251,93.01,0.00010,0.00030
1779370843.1484,plane,4103,99,0.50663,0.50014,0.957048,1.68525,0.58297,94.29,0.00025,0.00031
1779370843.2589,plane,4104,99,0.50661,0.50011,0.957016,1.73852,0.57869,94.21,-0.00018,-0.00023
1779370843.3553,plane,4105,99,0.50663,0.50013,0.956735,1.72421,0.57939,94.10,0.00021,0.00016
1779370843.4529,plane,4106,99,0.50662,0.50018,0.956306,1.69456,0.58255,94.20,-0.00008,0.00059
1779370843.5476,plane,4107,99,0.50661,0.50013,0.956933,1.72013,0.59134,93.34,-0.00013,-0.00061
1779370843.6584,plane,4108,99,0.50657,0.50012,0.957530,1.74526,0.59021,93.22,-0.00037,-0.00008
1779370843.7545,plane,4109,99,0.50658,0.50009,0.958179,1.72866,0.59296,92.98,0.00005,-0.00026
1779370843.8507,plane,4110,99,0.50656,0.50005,0.958778,1.68438,0.58646,94.22,-0.00013,-0.00038
1779370843.9465,plane,4111,99,0.50656,0.50005,0.959466,1.82430,0.58453,92.72,-0.00006,-0.00009
1779370844.0572,plane,4112,99,0.50655,0.50003,0.961239,1.81840,0.58479,92.87,-0.00006,-0.00019
1779370844.1558,plane,4113,99,0.50653,0.50004,0.963238,1.81145,0.58566,92.81,-0.00026,0.00011
1779370844.2500,plane,4114,99,0.50652,0.49999,0.968898,1.82334,0.58478,92.80,-0.00004,-0.00052
1779370844.3470,plane,4115,99,0.50676,0.50004,0.984056,1.81566,0.58663,92.84,0.00247,0.00056
1779370844.4582,plane,4116,99,0.50667,0.49985,0.984539,1.76357,0.60882,92.32,-0.00083,-0.00169
1779370844.5541,plane,4117,99,0.50666,0.49986,0.984507,1.78280,0.60171,92.72,-0.00006,0.00011
1779370844.6496,plane,4118,99,0.50667,0.49986,0.984531,1.75878,0.60905,92.34,0.00006,-0.00008
1779370844.7471,plane,4119,99,0.50667,0.49986,0.984529,1.75912,0.60918,92.30,0.00002,0.00002
1779370844.8586,plane,4120,99,0.50675,0.49986,0.973278,1.78129,0.59947,92.99,0.00068,-0.00001
1779370844.9563,plane,4121,99,0.50674,0.49985,0.973314,1.82995,0.59320,93.18,-0.00005,-0.00010
1779370845.0519,plane,4122,99,0.50674,0.49987,0.973275,1.79691,0.60076,92.77,-0.00005,0.00028
1779370845.1460,plane,4123,99,0.50626,0.49931,0.973302,1.75545,0.60883,92.45,-0.00506,-0.00602
1779370845.2563,plane,4124,,,,,,,,,
1779370845.3532,plane,4125,,,,,,,,,
1779370845.4495,plane,4126,,,,,,,,,
1779370845.5453,plane,4127,,,,,,,,,
1779370845.6586,plane,4128,,,,,,,,,
1779370845.7541,plane,4129,,,,,,,,,
1779370845.8495,plane,4130,,,,,,,,,
1779370845.9461,plane,4131,,,,,,,,,
1779370846.0568,plane,4132,,,,,,,,,
1779370846.1523,plane,4133,,,,,,,,,
1779370846.2492,plane,4134,,,,,,,,,
1779370846.3922,plane,4135,,,,,,,,,
1779370846.4556,plane,4136,,,,,,,,,
1779370846.5532,plane,4137,101,0.68331,0.54897,0.002028,0.06412,0.05806,17.30,0.00000,0.00000
1779370846.6491,plane,4138,101,0.68336,0.54899,0.002023,0.06519,0.06120,27.45,0.00043,0.00018
1779370846.7452,plane,4139,101,0.66000,0.54586,0.007645,0.07531,0.07102,86.21,-0.24268,-0.03249
1779370846.8571,plane,4140,101,0.66001,0.54569,0.008016,0.07697,0.07291,85.80,0.00003,-0.00154
1779370846.9533,plane,4141,101,0.66004,0.54566,0.008016,0.07712,0.07283,84.38,0.00037,-0.00028
1779370847.0492,plane,4142,101,0.65998,0.54571,0.008031,0.07709,0.07294,84.61,-0.00064,0.00048
1779370847.1448,plane,4143,101,0.66003,0.54566,0.008279,0.07823,0.07406,84.71,0.00056,-0.00049
1779370847.2573,plane,4144,101,0.65999,0.54565,0.008286,0.07822,0.07410,84.54,-0.00037,-0.00010
1779370847.3529,plane,4145,101,0.66000,0.54563,0.008277,0.07816,0.07409,84.33,0.00003,-0.00024
1779370847.4489,plane,4146,101,0.66004,0.54562,0.008421,0.07883,0.07489,83.35,0.00049,-0.00002
1779370847.5451,plane,4147,101,0.65998,0.54571,0.008430,0.07884,0.07493,83.29,-0.00060,0.00092
1779370847.6574,plane,4148,101,0.65995,0.54571,0.008442,0.07894,0.07498,83.59,-0.00030,-0.00000
1779370847.7525,plane,4149,101,0.65991,0.54568,0.008574,0.07944,0.07559,84.49,-0.00039,-0.00030
1779370847.8492,plane,4150,101,0.65994,0.54568,0.008572,0.07945,0.07557,84.98,0.00024,-0.00002
1779370847.9457,plane,4151,101,0.65994,0.54567,0.008572,0.07939,0.07562,84.89,0.00002,-0.00013
1779370848.0571,plane,4152,101,0.65994,0.54557,0.008689,0.08004,0.07616,83.65,0.00004,-0.00089
1779370848.1533,plane,4153,101,0.65995,0.54561,0.008686,0.08004,0.07613,83.05,0.00005,0.00038
1779370848.2493,plane,4154,101,0.65999,0.54559,0.008684,0.07997,0.07614,83.04,0.00046,-0.00021
1779370848.3450,plane,4155,101,0.65998,0.54571,0.008801,0.08042,0.07660,83.99,-0.00008,0.00135
1779370848.4571,plane,4156,101,0.65998,0.54567,0.008804,0.08041,0.07667,83.28,-0.00001,-0.00039
1779370848.5528,plane,4157,101,0.65998,0.54557,0.008804,0.08040,0.07669,83.33,-0.00006,-0.00101
1779370848.6491,plane,4158,101,0.65995,0.54563,0.008894,0.08085,0.07709,82.26,-0.00024,0.00056
1779370848.7453,plane,4159,101,0.65996,0.54561,0.008894,0.08089,0.07707,82.18,0.00009,-0.00019
1779370848.8562,plane,4160,,,,,,,,,
1779370848.9525,plane,4161,,,,,,,,,
1779370849.0482,plane,4162,,,,,,,,,
1779370849.1443,plane,4163,,,,,,,,,
1779370849.2568,plane,4164,,,,,,,,,
1779370849.3522,plane,4165,,,,,,,,,
1779370849.4481,plane,4166,,,,,,,,,
1779370849.5445,plane,4167,,,,,,,,,
1779370849.6561,plane,4168,,,,,,,,,
1779370849.7525,plane,4169,,,,,,,,,
1779370849.8505,plane,4170,102,0.00657,0.53565,0.012582,0.55522,0.02174,0.24,0.00000,0.00000
1779370849.8505,plane,4170,103,0.65990,0.54595,0.009015,0.08135,0.07773,80.41,0.00000,0.00000
1779370849.8505,plane,4170,104,0.33401,0.00213,0.003645,0.78133,0.01025,89.53,0.00000,0.00000
1779370849.9461,plane,4171,102,0.08075,0.41024,0.016442,0.13304,0.13247,0.00,0.77672,-1.31314
1779370849.9461,plane,4171,103,0.65988,0.54595,0.009009,0.08137,0.07764,80.82,-0.00027,0.00000
1779370850.0600,plane,4172,102,0.00656,0.53761,0.012527,0.56651,0.02018,0.15,-0.65063,1.11688
1779370850.0600,plane,4172,103,0.65987,0.54590,0.008998,0.08138,0.07759,79.96,-0.00009,-0.00048
1779370850.0600,plane,4172,104,0.32697,0.00274,0.003764,0.73534,0.01807,89.61,-0.06169,0.00529
1779370850.1538,plane,4173,103,0.65996,0.54582,0.009216,0.08227,0.07852,79.76,0.00103,-0.00080
1779370850.1538,plane,4173,105,0.09261,0.37611,0.018648,0.16579,0.16526,135.24,0.00000,0.00000
1779370850.2503,plane,4174,103,0.65999,0.54571,0.009221,0.08234,0.07849,80.16,0.00023,-0.00122
1779370850.2503,plane,4174,105,0.09042,0.37782,0.018506,0.18327,0.18327,135.23,-0.02272,0.01771
1779370850.3456,plane,4175,103,0.65997,0.54587,0.009215,0.08225,0.07854,79.94,-0.00021,0.00168
1779370850.3456,plane,4175,105,0.09318,0.37553,0.018680,0.17365,0.17276,135.23,0.02897,-0.02407
1779370850.4575,plane,4176,103,0.65995,0.54573,0.009362,0.08298,0.07916,81.13,-0.00018,-0.00122
1779370850.4575,plane,4176,105,0.15264,0.34066,0.021593,0.32384,0.30167,45.77,0.53162,-0.31172
1779370850.5541,plane,4177,103,0.65996,0.54575,0.009367,0.08302,0.07917,81.56,0.00019,0.00021
1779370850.5541,plane,4177,105,0.15251,0.34067,0.021595,0.30042,0.28199,45.68,-0.00132,0.00004
1779370850.6500,plane,4178,103,0.65992,0.54573,0.009362,0.08295,0.07918,80.98,-0.00046,-0.00021
1779370850.6500,plane,4178,105,0.15253,0.34065,0.021595,0.29873,0.28061,45.66,0.00018,-0.00018
1779370850.7461,plane,4179,103,0.65997,0.54580,0.009508,0.08370,0.07972,81.21,0.00055,0.00075
1779370850.7461,plane,4179,105,0.24792,0.27722,0.027403,4.17481,1.50998,0.00,0.99391,-0.66094
1779370850.8581,plane,4180,103,0.65995,0.54581,0.009510,0.08366,0.07978,81.59,-0.00017,0.00007
1779370850.8581,plane,4180,105,0.25242,0.27468,0.027724,2.41042,1.05017,105.78,0.04016,-0.02265
1779370850.9540,plane,4181,103,0.65997,0.54584,0.009494,0.08367,0.07963,80.76,0.00016,0.00032
1779370850.9540,plane,4181,105,0.24209,0.28019,0.027003,5.23752,1.67112,0.00,-0.10771,0.05754
1779370851.0502,plane,4182,103,0.65998,0.54569,0.009666,0.08426,0.08039,78.86,0.00015,-0.00157
1779370851.0502,plane,4182,106,0.42098,0.17622,0.070209,1.09979,0.69730,90.27,0.00000,0.00000
1779370851.1467,plane,4183,103,0.66000,0.54575,0.009674,0.08426,0.08048,79.88,0.00018,0.00064
1779370851.1467,plane,4183,106,0.42094,0.17656,0.070163,1.10803,0.69258,88.49,-0.00041,0.00356
1779370851.2586,plane,4184,103,0.66000,0.54571,0.009684,0.08424,0.08059,79.94,-0.00002,-0.00040
1779370851.2586,plane,4184,106,0.42041,0.17698,0.069792,1.10687,0.70338,89.04,-0.00475,0.00374
1779370851.3538,plane,4185,103,0.66000,0.54561,0.009917,0.08541,0.08152,80.83,0.00004,-0.00101
1779370851.3538,plane,4185,106,0.49385,0.18425,0.255946,0.99743,0.73963,89.44,0.77282,0.07648
1779370851.4504,plane,4186,103,0.65994,0.54565,0.009894,0.08535,0.08142,81.69,-0.00065,0.00037
1779370851.4504,plane,4186,106,0.49282,0.18180,0.244532,0.99645,0.73773,89.34,-0.01060,-0.02537
1779370851.5469,plane,4187,103,0.65996,0.54561,0.009910,0.08544,0.08147,81.27,0.00019,-0.00034
1779370851.5469,plane,4187,106,0.49426,0.18384,0.254883,0.99674,0.74202,90.64,0.01500,0.02121
1779370851.6576,plane,4188,107,0.50213,0.33720,0.636342,1.23488,1.03049,132.23,0.00000,0.00000
1779370851.7538,plane,4189,107,0.50153,0.34401,0.652218,1.17083,0.94925,123.00,-0.00627,0.07097
1779370851.8506,plane,4190,107,0.50085,0.34405,0.650677,1.11491,0.90162,117.59,-0.00697,0.00045
1779370851.9464,plane,4191,108,0.49973,0.49842,0.998532,3.70505,0.54191,90.05,0.00000,0.00000
1779370852.0575,plane,4192,108,0.50003,0.49698,0.995589,3.00314,0.60387,91.36,0.00277,-0.01287
1779370852.1539,plane,4193,108,0.49999,0.49741,0.996448,7.11836,0.56317,90.97,-0.00044,0.00437
1779370852.2498,plane,4194,108,0.49951,0.49913,1.000000,1.00000,0.56250,0.00,-0.00500,0.01797
1779370852.3456,plane,4195,108,0.49951,0.49913,1.000000,1.00000,0.56250,0.00,0.00000,0.00000
1779370852.4573,plane,4196,108,0.49960,0.49982,0.998622,12.54766,0.55907,89.97,0.00076,0.00615
1779370852.5538,plane,4197,108,0.50120,0.50003,0.995660,1.28949,0.67925,97.69,0.01662,0.00215
1779370852.6498,plane,4198,108,0.50112,0.50004,0.995848,1.26183,0.71673,97.36,-0.00081,0.00010
1779370852.7455,plane,4199,108,0.49951,0.49913,1.000000,1.00000,0.56250,0.00,-0.01680,-0.00943
1779370852.8576,plane,4200,108,0.49951,0.49913,1.000000,1.00000,0.56250,0.00,0.00000,0.00000
1779370852.9538,plane,4201,108,0.49951,0.49913,1.000000,1.00000,0.56250,0.00,0.00000,0.00000
1779370853.0494,plane,4202,108,0.49951,0.49913,1.000000,1.00000,0.56250,0.00,0.00000,0.00000
1779370853.1454,plane,4203,108,0.49951,0.49913,1.000000,1.00000,0.56250,0.00,0.00000,0.00000
1779370853.2580,plane,4204,108,0.49951,0.49913,1.000000,1.00000,0.56250,0.00,0.00000,0.00000
1779370853.3535,plane,4205,108,0.49951,0.49913,1.000000,1.00000,0.56250,0.00,0.00000,0.00000
1779370853.4495,plane,4206,108,0.49951,0.49913,1.000000,1.00000,0.56250,0.00,0.00000,0.00000
1779370853.5456,plane,4207,108,0.49951,0.49913,1.000000,1.00000,0.56250,0.00,0.00000,0.00000
1779370853.6573,plane,4208,108,0.49951,0.49913,1.000000,1.00000,0.56250,0.00,0.00000,0.00000
1779370853.7540,plane,4209,108,0.49951,0.49913,1.000000,1.00000,0.56250,0.00,0.00000,0.00000
1779370853.8499,plane,4210,108,0.49951,0.49913,1.000000,1.00000,0.56250,0.00,0.00000,0.00000
1779370853.9456,plane,4211,108,0.49951,0.49913,1.000000,1.00000,0.56250,0.00,0.00000,0.00000
1779370854.0578,plane,4212,108,0.49951,0.49913,1.000000,1.00000,0.56250,0.00,0.00000,0.00000
1779370854.1531,plane,4213,108,0.49951,0.49913,1.000000,1.00000,0.56250,0.00,0.00000,0.00000
1779370854.2495,plane,4214,108,0.49951,0.49913,1.000000,1.00000,0.56250,0.00,0.00000,0.00000
1779370854.3459,plane,4215,108,0.49951,0.49913,1.000000,1.00000,0.56250,0.00,0.00000,0.00000
1779370854.4578,plane,4216,108,0.49951,0.49913,1.000000,1.00000,0.56250,0.00,0.00000,0.00000
1779370854.5534,plane,4217,108,0.49951,0.49913,1.000000,1.00000,0.56250,0.00,0.00000,0.00000
1779370854.6493,plane,4218,108,0.49951,0.49913,1.000000,1.00000,0.56250,0.00,0.00000,0.00000
1779370854.7456,plane,4219,108,0.49951,0.49913,1.000000,1.00000,0.56250,0.00,0.00000,0.00000
1779370854.8583,plane,4220,108,0.49951,0.49913,1.000000,1.00000,0.56250,0.00,0.00000,0.00000
1779370854.9537,plane,4221,108,0.49951,0.49913,1.000000,1.00000,0.56250,0.00,0.00000,0.00000
1779370855.0494,plane,4222,108,0.49951,0.49913,1.000000,1.00000,0.56250,0.00,0.00000,0.00000
1779370855.1460,plane,4223,108,0.49951,0.49913,1.000000,1.00000,0.56250,0.00,0.00000,0.00000
1779370855.2574,plane,4224,108,0.49951,0.49913,1.000000,1.00000,0.56250,0.00,0.00000,0.00000
1779370855.3535,plane,4225,108,0.49951,0.49913,1.000000,1.00000,0.56250,0.00,0.00000,0.00000
1779370855.4494,plane,4226,108,0.49951,0.49913,1.000000,1.00000,0.56250,0.00,0.00000,0.00000
1779370855.5456,plane,4227,108,0.49951,0.49913,1.000000,1.00000,0.56250,0.00,0.00000,0.00000
1779370855.6579,plane,4228,108,0.49951,0.49913,1.000000,1.00000,0.56250,0.00,0.00000,0.00000
1779370855.7537,plane,4229,108,0.49951,0.49913,1.000000,1.00000,0.56250,0.00,0.00000,0.00000
1779370855.8498,plane,4230,108,0.49951,0.49913,1.000000,1.00000,0.56250,0.00,0.00000,0.00000
1779370855.9455,plane,4231,108,0.49951,0.49913,1.000000,1.00000,0.56250,0.00,0.00000,0.00000
1779370856.0574,plane,4232,108,0.49951,0.49913,1.000000,1.00000,0.56250,0.00,0.00000,0.00000
1779370856.1535,plane,4233,108,0.49951,0.49913,1.000000,1.00000,0.56250,0.00,0.00000,0.00000
1779370856.2494,plane,4234,108,0.49951,0.49913,1.000000,1.00000,0.56250,0.00,0.00000,0.00000
1779370856.3454,plane,4235,108,0.49951,0.49913,1.000000,1.00000,0.56250,0.00,0.00000,0.00000
1779370856.4583,plane,4236,108,0.49841,0.35382,0.677139,1.62228,1.22595,145.36,-0.00977,-1.28873
1779370856.5537,plane,4237,108,0.49873,0.35100,0.669840,1.31502,1.08078,133.20,0.00334,-0.02954
1779370856.6492,plane,4238,108,0.49828,0.35994,0.691176,2.15928,1.52882,161.67,-0.00466,0.09352
1779370856.7460,plane,4239,109,0.47949,0.17106,0.201965,0.98720,0.68177,87.50,0.00000,0.00000
1779370856.7460,plane,4239,110,0.65995,0.54567,0.009854,0.08516,0.08121,79.50,0.00000,0.00000
1779370856.8584,plane,4240,109,0.47889,0.17365,0.209576,0.98606,0.69174,87.37,-0.00530,0.02304
1779370856.8584,plane,4240,110,0.65995,0.54569,0.009861,0.08513,0.08130,79.77,-0.00000,0.00018
1779370856.9548,plane,4241,109,0.47530,0.17309,0.197406,0.98572,0.69152,87.18,-0.03718,-0.00577
1779370856.9548,plane,4241,110,0.65997,0.54572,0.009855,0.08514,0.08123,79.43,0.00014,0.00024
1779370857.0503,plane,4242,109,0.43465,0.17204,0.080882,1.08921,0.69601,88.36,-0.42506,-0.01107
1779370857.0503,plane,4242,110,0.65998,0.54568,0.009711,0.08449,0.08069,80.94,0.00018,-0.00042
1779370857.1466,plane,4243,109,0.43208,0.17222,0.082182,1.08588,0.72715,90.62,-0.02671,0.00194
1779370857.1466,plane,4243,110,0.65998,0.54564,0.009727,0.08459,0.08074,81.12,-0.00004,-0.00038
1779370857.2578,plane,4244,109,0.43289,0.17321,0.079400,1.09305,0.69287,88.69,0.00728,0.00885
1779370857.2578,plane,4244,110,0.65998,0.54569,0.009733,0.08460,0.08077,81.57,-0.00004,0.00049
1779370857.3538,plane,4245,109,0.32179,0.22504,0.037452,1.66358,1.03427,115.21,-1.15973,0.54103
1779370857.3538,plane,4245,110,0.65994,0.54565,0.009583,0.08393,0.08015,80.28,-0.00037,-0.00043
1779370857.4506,plane,4246,110,0.66009,0.54434,0.009583,0.08410,0.07994,81.01,0.00156,-0.01356
1779370857.4506,plane,4246,111,0.06498,0.31261,0.024631,0.11358,0.10995,45.66,0.00000,0.00000
1779370857.4506,plane,4246,112,0.96673,0.05835,0.008599,0.29511,0.11033,135.01,0.00000,0.00000
1779370857.5470,plane,4247,110,0.66012,0.53920,0.009289,0.08384,0.07774,85.52,0.00031,-0.05330
1779370857.5470,plane,4247,112,0.96983,0.06394,0.007960,0.18439,0.05517,0.00,0.03212,0.05795
1779370857.5470,plane,4247,113,0.00502,0.54444,0.010079,0.52028,0.02263,0.46,0.00000,0.00000
1779370857.5470,plane,4247,114,0.04110,0.05142,0.005354,0.10245,0.04675,0.00,0.00000,0.00000
1779370857.6587,plane,4248,110,0.66010,0.53910,0.009208,0.08330,0.07750,84.33,-0.00018,-0.00090
1779370857.6587,plane,4248,112,0.98543,0.03640,0.002004,0.06196,0.02705,0.00,0.13985,-0.24686
1779370857.6587,plane,4248,113,0.00518,0.61621,0.008348,0.44183,0.01910,0.38,0.00138,0.64321
1779370857.7541,plane,4249,109,0.23470,0.31230,0.023283,0.90193,0.60669,0.00,-0.91153,0.91337
1779370857.7541,plane,4249,110,0.66007,0.54545,0.009528,0.08365,0.07984,81.36,-0.00036,0.06648
1779370857.8504,plane,4250,109,0.25443,0.29615,0.024870,0.98515,0.66312,0.00,0.20565,-0.16829
1779370857.8504,plane,4250,110,0.65996,0.54574,0.009523,0.08366,0.07989,81.30,-0.00112,0.00299
1779370857.9460,plane,4251,109,0.20395,0.32397,0.017878,0.19202,0.18811,0.00,-0.52608,0.28988
1779370857.9460,plane,4251,110,0.65997,0.54591,0.009435,0.08331,0.07943,80.20,0.00006,0.00177
1779370858.0576,plane,4252,109,0.20728,0.32344,0.017924,0.23046,0.22423,0.00,0.02989,-0.00472
1779370858.0576,plane,4252,110,0.65997,0.54584,0.009438,0.08331,0.07948,79.48,0.00007,-0.00060
1779370858.1538,plane,4253,109,0.20300,0.32803,0.017714,0.20713,0.20412,0.00,-0.04446,0.04763
1779370858.1538,plane,4253,110,0.65998,0.54583,0.009440,0.08332,0.07949,79.21,0.00004,-0.00011
1779370858.2504,plane,4254,109,0.22138,0.29606,0.014896,0.17207,0.16788,0.00,0.19045,-0.33129
1779370858.2504,plane,4254,110,0.65992,0.54581,0.009403,0.08308,0.07938,80.51,-0.00061,-0.00020
1779370858.3462,plane,4255,109,0.21846,0.30121,0.015062,0.16829,0.16468,0.00,-0.03037,0.05360
1779370858.3462,plane,4255,110,0.65993,0.54583,0.009401,0.08308,0.07936,80.40,0.00017,0.00020
1779370858.4577,plane,4256,109,0.22128,0.29846,0.014869,0.16313,0.16247,0.00,0.02529,-0.02472
1779370858.4577,plane,4256,110,0.65993,0.54582,0.009405,0.08309,0.07938,80.14,-0.00004,-0.00012
1779370858.5543,plane,4257,109,0.24953,0.25036,0.012912,0.24683,0.23654,45.63,0.29201,-0.49710
1779370858.5543,plane,4257,110,0.65999,0.54573,0.009366,0.08295,0.07917,81.14,0.00059,-0.00084
1779370858.6499,plane,4258,109,0.25230,0.24805,0.012917,0.13724,0.13719,0.00,0.02895,-0.02411
1779370858.6499,plane,4258,110,0.65987,0.54580,0.009328,0.08300,0.07919,81.20,-0.00126,0.00072
1779370858.7458,plane,4259,109,0.25017,0.24599,0.012890,0.13895,0.13834,0.00,-0.02227,-0.02155
1779370858.7458,plane,4259,110,0.65993,0.54584,0.009362,0.08299,0.07913,81.98,0.00071,0.00041
1779370858.8579,plane,4260,110,0.65935,0.54713,0.008289,0.08281,0.07890,80.93,-0.00526,0.01151
1779370858.8579,plane,4260,115,0.33813,0.07231,0.009286,0.20482,0.19024,46.62,0.00000,0.00000
1779370858.9538,plane,4261,110,0.65905,0.54765,0.008208,0.08278,0.07889,80.80,-0.00307,0.00540
1779370858.9538,plane,4261,115,0.31665,0.10542,0.010011,0.26726,0.24509,46.76,-0.22330,0.34424
1779370859.0492,plane,4262,110,0.65937,0.54686,0.008279,0.08287,0.07883,80.32,0.00336,-0.00825
1779370859.0492,plane,4262,115,0.33825,0.07274,0.009255,0.16205,0.15523,45.91,0.22655,-0.34272
1779370859.1454,plane,4263,110,0.65831,0.54825,0.006166,0.08273,0.07879,79.84,-0.01102,0.01445
1779370859.1454,plane,4263,115,0.34383,0.06566,0.009045,0.24872,0.22637,46.97,0.05789,-0.07356
1779370859.2573,plane,4264,110,0.65805,0.54829,0.006104,0.08277,0.07876,81.22,-0.00231,0.00031
1779370859.2573,plane,4264,115,0.35086,0.05815,0.008860,0.18965,0.17821,133.47,0.06289,-0.06715
1779370859.3538,plane,4265,110,0.65784,0.54868,0.005978,0.08270,0.07877,80.14,-0.00223,0.00408
1779370859.3538,plane,4265,115,0.34766,0.06310,0.008998,1.28832,0.45830,115.14,-0.03318,0.05134
1779370859.4497,plane,4266,110,0.65985,0.54610,0.008957,0.08259,0.07869,79.91,0.02098,-0.02690
1779370859.4497,plane,4266,116,0.23177,0.28315,0.013377,0.19937,0.19779,44.82,0.00000,0.00000
1779370859.5457,plane,4267,110,0.65959,0.54632,0.008808,0.08256,0.07868,79.49,-0.00274,0.00230
1779370859.5457,plane,4267,116,0.22504,0.29152,0.013840,0.19916,0.19823,0.00,-0.07021,0.08727
1779370859.6573,plane,4268,110,0.65957,0.54603,0.009013,0.08262,0.07864,79.13,-0.00016,-0.00262
1779370859.6573,plane,4268,116,0.22385,0.29256,0.013889,0.19842,0.19637,44.96,-0.01061,0.00929
1779370859.7536,plane,4269,110,0.65973,0.54620,0.008908,0.08266,0.07873,80.42,0.00169,0.00181
1779370859.7536,plane,4269,116,0.22787,0.28994,0.013601,0.19827,0.19595,44.96,0.04168,-0.02713
1779370859.8497,plane,4270,110,0.65980,0.54591,0.009104,0.08262,0.07880,79.59,0.00074,-0.00308
1779370859.8497,plane,4270,116,0.22106,0.29644,0.013736,0.24248,0.23737,45.02,-0.07081,0.06758
1779370859.9457,plane,4271,110,0.65985,0.54578,0.009145,0.08260,0.07869,80.85,0.00052,-0.00136
1779370859.9457,plane,4271,116,0.18065,0.31146,0.012733,0.21096,0.20667,45.10,-0.42153,0.15669
1779370860.0580,plane,4272,110,0.65957,0.54600,0.008899,0.08259,0.07865,80.21,-0.00252,0.00201
1779370860.0580,plane,4272,116,0.22336,0.29499,0.013841,0.21042,0.20685,45.00,0.38020,-0.14662
1779370860.1542,plane,4273,110,0.65990,0.54607,0.009018,0.08266,0.07870,79.54,0.00344,0.00071
1779370860.1542,plane,4273,116,0.23207,0.28305,0.013511,0.18655,0.18497,44.87,0.09047,-0.12408
1779370860.2498,plane,4274,110,0.65939,0.54632,0.008745,0.08259,0.07873,79.60,-0.00540,0.00258
1779370860.2498,plane,4274,116,0.22909,0.28962,0.013592,0.19863,0.19513,45.03,-0.03109,0.06866
1779370860.3457,plane,4275,110,0.65969,0.54614,0.008979,0.08261,0.07864,78.67,0.00319,-0.00185
1779370860.3457,plane,4275,116,0.22317,0.29578,0.014041,0.20725,0.20541,44.78,-0.06174,0.06426
1779370860.4576,plane,4276,110,0.65963,0.54627,0.008925,0.08254,0.07881,79.65,-0.00052,0.00114
1779370860.4576,plane,4276,116,0.22717,0.28980,0.013746,0.24214,0.23265,45.40,0.03569,-0.05341
1779370860.5533,plane,4277,110,0.65963,0.54612,0.008806,0.08267,0.07876,80.03,-0.00009,-0.00151
1779370860.5533,plane,4277,116,0.22772,0.29039,0.013648,0.19331,0.19251,44.76,0.00584,0.00620
1779370860.6494,plane,4278,110,0.65969,0.54598,0.009071,0.08268,0.07861,80.33,0.00068,-0.00154
1779370860.6494,plane,4278,116,0.22885,0.28865,0.013704,0.18152,0.18026,44.82,0.01172,-0.01819
1779370860.7456,plane,4279,110,0.65976,0.54589,0.009020,0.08264,0.07871,80.61,0.00069,-0.00094
1779370860.7456,plane,4279,116,0.22613,0.28989,0.013770,0.18815,0.18709,0.00,-0.02830,0.01297
1779370860.8574,plane,4280,110,0.65956,0.54614,0.008794,0.08255,0.07870,80.05,-0.00180,0.00229
1779370860.8574,plane,4280,116,0.23145,0.28277,0.013502,0.22705,0.22107,45.20,0.04760,-0.06373
1779370860.9537,plane,4281,110,0.65976,0.54609,0.008899,0.08256,0.07864,79.78,0.00212,-0.00052
1779370860.9537,plane,4281,116,0.22862,0.28715,0.013536,0.21183,0.20858,45.00,-0.02937,0.04544
1779370861.0492,plane,4282,110,0.65952,0.54600,0.008964,0.08261,0.07861,79.88,-0.00256,-0.00099
1779370861.0492,plane,4282,116,0.22427,0.29458,0.013899,0.19829,0.19735,44.78,-0.04551,0.07781
1779370861.1454,plane,4283,110,0.65942,0.54631,0.008728,0.08265,0.07858,79.29,-0.00097,0.00321
1779370861.1454,plane,4283,116,0.22703,0.29206,0.013733,0.21180,0.20917,44.93,0.02866,-0.02617
1779370861.2574,plane,4284,110,0.65992,0.54600,0.009181,0.08269,0.07870,80.48,0.00445,-0.00275
1779370861.2574,plane,4284,116,0.22543,0.29233,0.013840,0.22411,0.22096,44.92,-0.01423,0.00235
1779370861.3537,plane,4285,110,0.65952,0.54614,0.008882,0.08266,0.07863,79.51,-0.00412,0.00148
1779370861.3537,plane,4285,116,0.22527,0.29222,0.013843,0.19949,0.19719,44.98,-0.00165,-0.00113
1779370861.4500,plane,4286,110,0.65973,0.54616,0.008898,0.08248,0.07868,80.74,0.00213,0.00017
1779370861.4500,plane,4286,116,0.23485,0.27598,0.013306,0.25395,0.24456,45.26,0.09934,-0.16850
1779370861.5453,plane,4287,110,0.65959,0.54623,0.008730,0.08249,0.07859,79.70,-0.00146,0.00081
1779370861.5453,plane,4287,116,0.23507,0.27616,0.013236,0.22809,0.22147,45.24,0.00238,0.00190
1779370861.6574,plane,4288,110,0.65953,0.54635,0.008823,0.08265,0.07857,79.97,-0.00055,0.00104
1779370861.6574,plane,4288,116,0.22841,0.28941,0.013769,0.22022,0.21716,44.86,-0.05952,0.11823
1779370861.7535,plane,4289,110,0.65975,0.54584,0.009020,0.08256,0.07877,80.86,0.00234,-0.00536
1779370861.7535,plane,4289,116,0.23148,0.28345,0.013528,0.22417,0.22136,44.81,0.03210,-0.06215
1779370861.8497,plane,4290,110,0.65953,0.54618,0.008747,0.08266,0.07871,79.79,-0.00228,0.00355
1779370861.8497,plane,4290,116,0.23129,0.28248,0.013611,0.20079,0.19834,44.86,-0.00201,-0.01008
1779370861.9453,plane,4291,110,0.65987,0.54593,0.009172,0.08243,0.07877,80.36,0.00355,-0.00262
1779370861.9453,plane,4291,116,0.22548,0.29212,0.013897,0.20390,0.20159,44.91,-0.06093,0.10103
1779370862.0584,plane,4292,110,0.65976,0.54609,0.008989,0.08261,0.07863,79.31,-0.00097,0.00144
1779370862.0584,plane,4292,116,0.22650,0.29126,0.013808,0.22146,0.21684,45.04,0.00907,-0.00761
1779370862.1534,plane,4293,110,0.65961,0.54636,0.008823,0.08264,0.07867,80.36,-0.00155,0.00280
1779370862.1534,plane,4293,116,0.21953,0.29979,0.014179,0.21075,0.21072,44.64,-0.07283,0.08922
1779370862.2497,plane,4294,110,0.65935,0.54663,0.008628,0.08255,0.07859,79.29,-0.00278,0.00282
1779370862.2497,plane,4294,116,0.22601,0.29169,0.013745,0.19075,0.18870,44.92,0.06717,-0.08391
1779370862.3454,plane,4295,110,0.65955,0.54642,0.008760,0.08268,0.07857,79.58,0.00211,-0.00222
1779370862.3454,plane,4295,116,0.23181,0.28299,0.013501,0.21174,0.20733,45.08,0.06054,-0.09104
1779370862.4572,plane,4296,110,0.65952,0.54608,0.008942,0.08262,0.07868,80.20,-0.00022,-0.00302
1779370862.4572,plane,4296,116,0.22968,0.28593,0.013658,0.21147,0.20919,44.84,-0.01905,0.02638
1779370862.5536,plane,4297,110,0.65992,0.54609,0.009115,0.08263,0.07864,79.75,0.00416,0.00008
1779370862.5536,plane,4297,116,0.22897,0.28712,0.013679,0.22153,0.21722,44.99,-0.00735,0.01237
1779370862.6500,plane,4298,110,0.65988,0.54590,0.009208,0.08259,0.07863,80.21,-0.00040,-0.00191
1779370862.6500,plane,4298,116,0.22831,0.28883,0.013653,0.19043,0.18837,44.91,-0.00680,0.01769
1779370862.7455,plane,4299,110,0.65969,0.54581,0.009032,0.08264,0.07863,79.87,-0.00208,-0.00098
1779370862.7455,plane,4299,116,0.23367,0.28076,0.013435,0.22123,0.21642,45.08,0.05623,-0.08471
1779370862.8578,plane,4300,110,0.65957,0.54592,0.008879,0.08259,0.07869,80.05,-0.00104,0.00094
1779370862.8578,plane,4300,116,0.22625,0.29051,0.013850,0.21939,0.21643,44.93,-0.06600,0.08663
1779370862.9535,plane,4301,110,0.65983,0.54597,0.009076,0.08263,0.07863,79.81,0.00271,0.00058
1779370862.9535,plane,4301,116,0.22641,0.29072,0.013863,0.20669,0.20549,44.76,0.00176,0.00217
1779370863.0496,plane,4302,110,0.65982,0.54615,0.009167,0.08264,0.07869,79.92,-0.00009,0.00182
1779370863.0496,plane,4302,116,0.22807,0.28685,0.013684,0.18951,0.18935,44.71,0.01721,-0.04011
1779370863.1454,plane,4303,110,0.65966,0.54628,0.008954,0.08265,0.07869,80.13,-0.00162,0.00139
1779370863.1454,plane,4303,116,0.22408,0.29496,0.013947,0.20471,0.20193,45.00,-0.04172,0.08481
1779370863.2580,plane,4304,110,0.65982,0.54597,0.009193,0.08270,0.07876,80.98,0.00136,-0.00277
1779370863.2580,plane,4304,116,0.22215,0.29823,0.014009,0.19289,0.19225,44.73,-0.01714,0.02893
1779370863.3538,plane,4305,110,0.65971,0.54583,0.009074,0.08260,0.07879,81.09,-0.00116,-0.00146
1779370863.3538,plane,4305,116,0.22608,0.29274,0.013479,0.18312,0.17969,45.20,0.04111,-0.05738
1779370863.4499,plane,4306,110,0.65959,0.54601,0.008940,0.08255,0.07861,79.92,-0.00126,0.00194
1779370863.4499,plane,4306,116,0.22863,0.28717,0.013652,0.22468,0.21966,45.14,0.02648,-0.05787
1779370863.5461,plane,4307,110,0.65956,0.54630,0.008772,0.08266,0.07869,79.84,-0.00027,0.00300
1779370863.5461,plane,4307,116,0.15540,0.33392,0.012210,0.18426,0.18375,44.64,-0.76239,0.48677
1779370863.6578,plane,4308,110,0.65981,0.54558,0.008984,0.08261,0.07881,79.47,0.00224,-0.00642
1779370863.6578,plane,4308,116,0.22916,0.29718,0.013273,0.17658,0.17496,44.98,0.65935,-0.32847
1779370863.7533,plane,4309,110,0.65963,0.54627,0.008884,0.08253,0.07860,79.56,-0.00190,0.00723
1779370863.7533,plane,4309,116,0.22758,0.28949,0.013828,0.18760,0.18681,44.84,-0.01656,-0.08064
1779370863.8497,plane,4310,110,0.65957,0.54620,0.008869,0.08261,0.07865,80.08,-0.00066,-0.00070
1779370863.8497,plane,4310,116,0.22464,0.29370,0.013887,0.23147,0.22568,45.12,-0.03044,0.04367
1779370863.9486,plane,4311,110,0.65978,0.54588,0.009094,0.08262,0.07873,79.64,0.00215,-0.00327
1779370863.9486,plane,4311,116,0.22903,0.28720,0.013670,0.23860,0.23179,45.10,0.04456,-0.06604
1779370864.0597,plane,4312,110,0.65974,0.54589,0.009069,0.08260,0.07868,80.21,-0.00030,0.00005
1779370864.0597,plane,4312,116,0.22841,0.29019,0.013441,0.20161,0.19797,45.09,-0.00555,0.02691
1779370864.1559,plane,4313,110,0.65964,0.54610,0.008981,0.08262,0.07873,79.96,-0.00105,0.00220
1779370864.1559,plane,4313,116,0.22846,0.28856,0.013697,0.20911,0.20484,45.08,0.00043,-0.01708
1779370864.2544,plane,4314,110,0.65958,0.54596,0.009009,0.08260,0.07862,79.54,-0.00069,-0.00144
1779370864.2544,plane,4314,116,0.22804,0.28732,0.013733,0.19337,0.19166,44.86,-0.00419,-0.01254
1779370864.3514,plane,4315,117,0.29151,0.77777,0.136405,1.60705,0.51011,92.70,0.00000,0.00000
1779370864.4609,plane,4316,118,0.49412,0.42689,0.765205,8.50519,0.50201,87.84,0.00000,0.00000
1779370864.4609,plane,4316,119,0.45689,0.94526,0.003810,0.13126,0.09359,89.21,0.00000,0.00000
1779370864.5572,plane,4317,118,0.49407,0.43067,0.764711,3.94151,0.56511,89.49,-0.00046,0.03927
1779370864.6517,plane,4318,118,0.49419,0.42881,0.760390,2.07124,0.64520,89.51,0.00131,-0.01976
1779370864.6517,plane,4318,119,0.45734,0.92125,0.003442,0.13705,0.08870,89.02,0.00481,-0.25508
1779370864.7475,plane,4319,118,0.49419,0.42879,0.760442,1.95821,0.62132,87.77,-0.00003,-0.00020
1779370864.7475,plane,4319,119,0.45745,0.92138,0.003437,0.28173,0.06449,89.65,0.00109,0.00130
1779370864.8599,plane,4320,118,0.49419,0.42878,0.760293,1.99981,0.67887,89.23,0.00001,-0.00010
1779370864.8599,plane,4320,119,0.45738,0.92128,0.003442,0.13664,0.08852,89.33,-0.00057,-0.00082
1779370864.9556,plane,4321,118,0.49419,0.42878,0.760359,2.23240,0.69189,88.26,-0.00007,-0.00000
1779370864.9556,plane,4321,119,0.45745,0.92121,0.003433,0.13664,0.08852,89.33,0.00067,-0.00075
1779370865.0500,plane,4322,118,0.49419,0.42881,0.760396,2.23290,0.63799,88.52,0.00006,0.00034
1779370865.0500,plane,4322,119,0.45740,0.92127,0.003437,0.13705,0.08870,89.02,-0.00054,0.00056
1779370865.1472,plane,4323,118,0.49419,0.42876,0.760361,1.76291,0.66177,88.57,-0.00001,-0.00049
1779370865.1472,plane,4323,119,0.45752,0.92134,0.003433,0.13235,0.09297,89.01,0.00127,0.00073
1779370865.2596,plane,4324,118,0.49418,0.42877,0.760344,1.89542,0.64290,89.60,-0.00008,0.00007
1779370865.2596,plane,4324,119,0.45737,0.92138,0.003447,0.13664,0.08852,89.33,-0.00135,0.00041
1779370865.3556,plane,4325,118,0.49419,0.42876,0.760310,1.67750,0.70797,87.72,0.00009,-0.00017
1779370865.3556,plane,4325,119,0.45737,0.92125,0.003438,0.13705,0.08870,89.02,0.00005,-0.00139
1779370865.4525,plane,4326,118,0.49433,0.42810,0.758226,2.48083,0.60008,90.36,0.00142,-0.00679
1779370865.4525,plane,4326,119,0.45674,0.91984,0.003318,0.13147,0.08669,86.69,-0.00650,-0.01457
1779370865.5474,plane,4327,118,0.49432,0.42804,0.758146,3.17625,0.61713,89.47,-0.00009,-0.00058
1779370865.5474,plane,4327,119,0.45689,0.91989,0.003320,0.14318,0.07870,87.57,0.00156,0.00049
1779370865.6579,plane,4328,118,0.49432,0.42809,0.758189,2.74471,0.58322,89.91,0.00000,0.00038
1779370865.6579,plane,4328,119,0.45687,0.91989,0.003323,0.13095,0.08770,87.19,-0.00022,0.00007
1779370865.7538,plane,4329,118,0.49435,0.42760,0.756688,2.06692,0.77620,87.48,0.00029,-0.00507
1779370865.7538,plane,4329,119,0.45503,0.91800,0.003084,0.31348,0.06350,89.65,-0.01915,-0.01973
1779370865.8505,plane,4330,118,0.49436,0.42759,0.756663,1.85575,0.61965,87.89,0.00015,-0.00014
1779370865.8505,plane,4330,119,0.45494,0.91799,0.003079,0.35492,0.06257,89.53,-0.00099,-0.00011
1779370865.9469,plane,4331,118,0.49437,0.42757,0.756660,2.07031,0.60516,87.35,0.00006,-0.00016
1779370865.9469,plane,4331,119,0.45489,0.91811,0.003079,0.35556,0.06256,89.53,-0.00044,0.00121
1779370866.0593,plane,4332,118,0.49572,0.42657,0.753040,1.35613,0.64265,86.39,0.01205,-0.00894
1779370866.0593,plane,4332,119,0.45489,0.91767,0.002969,0.17384,0.07196,89.56,-0.00003,-0.00386
1779370866.1549,plane,4333,118,0.49581,0.42656,0.752865,1.23162,0.70843,84.01,0.00095,-0.00009
1779370866.1549,plane,4333,119,0.45506,0.91795,0.002970,0.21939,0.06636,89.52,0.00182,0.00292
1779370866.2498,plane,4334,118,0.49579,0.42658,0.752877,1.35657,0.63107,86.38,-0.00020,0.00024
1779370866.2498,plane,4334,119,0.45493,0.91791,0.002970,0.21771,0.06649,89.52,-0.00135,-0.00048
1779370866.3489,plane,4335,118,0.49838,0.42626,0.746587,1.14108,0.64558,86.41,0.02606,-0.00328
1779370866.3489,plane,4335,119,0.45434,0.91930,0.002809,0.28425,0.06288,89.58,-0.00599,0.01404
1779370866.4608,plane,4336,118,0.49835,0.42621,0.746555,1.20581,0.62351,87.91,-0.00024,-0.00041
1779370866.4608,plane,4336,119,0.45434,0.91936,0.002806,0.28643,0.06281,89.58,0.00003,0.00055
1779370866.5565,plane,4337,118,0.49834,0.42619,0.746570,1.17792,0.62874,87.97,-0.00006,-0.00018
1779370866.5565,plane,4337,119,0.45434,0.91935,0.002806,0.28425,0.06288,89.58,-0.00002,-0.00005
1779370866.6507,plane,4338,118,0.50061,0.42560,0.741677,1.25994,0.62296,84.78,0.02411,-0.00627
1779370866.6507,plane,4338,119,0.45636,0.92663,0.002440,0.17203,0.06413,89.34,0.02147,0.07742
1779370866.7512,plane,4339,118,0.50062,0.42561,0.741674,1.31732,0.62873,84.46,0.00013,0.00002
1779370866.7512,plane,4339,119,0.45555,0.92496,0.002514,0.17411,0.06352,88.87,-0.00805,-0.01655
1779370866.8603,plane,4340,118,0.50064,0.42555,0.741579,1.17243,0.63692,84.36,0.00013,-0.00054
1779370866.8603,plane,4340,119,0.45541,0.92633,0.002450,0.14011,0.06982,88.66,-0.00132,0.01257
1779370866.9549,plane,4341,118,0.50072,0.42513,0.739546,1.41184,0.56457,88.90,0.00087,-0.00439
1779370867.0514,plane,4342,118,0.38084,0.46595,0.074597,1.39852,0.63470,90.17,-1.24405,0.42359
1779370867.1454,plane,4343,120,0.26544,0.23264,0.014569,0.22754,0.22015,45.13,0.00000,0.00000
1779370867.2565,plane,4344,,,,,,,,,
1779370867.3521,plane,4345,,,,,,,,,
1779370867.4491,plane,4346,,,,,,,,,
1779370867.5457,plane,4347,,,,,,,,,
1779370867.6562,plane,4348,,,,,,,,,
1779370867.7544,plane,4349,,,,,,,,,
1779370867.8493,plane,4350,,,,,,,,,
1779370867.9448,plane,4351,,,,,,,,,
1779370868.0561,plane,4352,,,,,,,,,
1779370868.1538,plane,4353,,,,,,,,,
1779370868.2501,plane,4354,,,,,,,,,
1779370868.3446,plane,4355,,,,,,,,,
1779370868.4562,plane,4356,,,,,,,,,
1779370868.5525,plane,4357,,,,,,,,,
1779370868.6492,plane,4358,,,,,,,,,
1779370868.7444,plane,4359,,,,,,,,,
1779370868.8567,plane,4360,,,,,,,,,
1779370868.9534,plane,4361,,,,,,,,,
1779370869.0494,plane,4362,,,,,,,,,
1779370869.1457,plane,4363,,,,,,,,,
1779370869.2563,plane,4364,,,,,,,,,
1779370869.3541,plane,4365,,,,,,,,,
1779370869.4491,plane,4366,,,,,,,,,
1779370869.5454,plane,4367,,,,,,,,,
1779370869.6570,plane,4368,,,,,,,,,
1779370869.7545,plane,4369,,,,,,,,,
1779370869.8486,plane,4370,,,,,,,,,
1779370869.9461,plane,4371,,,,,,,,,
1779370870.0567,plane,4372,,,,,,,,,
1779370870.1545,plane,4373,,,,,,,,,
1779370870.2496,plane,4374,,,,,,,,,
1779370870.3462,plane,4375,121,0.40372,0.00205,0.002460,0.42491,0.00426,90.04,0.00000,0.00000
1779370870.4576,plane,4376,122,0.49951,0.49913,1.000000,1.00000,0.56250,0.00,0.00000,0.00000
1779370870.5551,plane,4377,122,0.49951,0.49913,1.000000,1.00000,0.56250,0.00,0.00000,0.00000
1779370870.6521,plane,4378,122,0.49951,0.49913,1.000000,1.00000,0.56250,0.00,0.00000,0.00000
1779370870.7462,plane,4379,122,0.49951,0.49913,1.000000,1.00000,0.56250,0.00,0.00000,0.00000
1779370870.8607,plane,4380,122,0.49951,0.49913,1.000000,1.00000,0.56250,0.00,0.00000,0.00000
1779370870.9551,plane,4381,122,0.49951,0.49913,1.000000,1.00000,0.56250,0.00,0.00000,0.00000
1779370871.0498,plane,4382,122,0.49951,0.49913,1.000000,1.00000,0.56250,0.00,0.00000,0.00000
1779370871.1458,plane,4383,122,0.49952,0.49913,0.999988,1.27381,0.90257,90.18,0.00006,-0.00006
1779370871.2576,plane,4384,122,0.49952,0.49913,0.999988,1.27381,0.90257,90.18,0.00000,0.00000
1779370871.3537,plane,4385,122,0.49952,0.49913,0.999988,1.27381,0.90257,90.18,0.00000,0.00000
1779370871.4498,plane,4386,122,0.50134,0.49972,0.996326,3.12730,1.00574,0.31,0.01899,0.00618
1779370871.5456,plane,4387,122,0.50130,0.49971,0.996411,3.20231,1.00518,0.28,-0.00044,-0.00011
1779370871.6574,plane,4388,122,0.50134,0.49970,0.996331,3.11773,1.00594,0.35,0.00036,-0.00010
1779370871.7534,plane,4389,122,0.50445,0.49908,0.990133,7.97931,0.99122,179.95,0.03236,-0.00639
1779370871.8496,plane,4390,122,0.50445,0.49908,0.990129,8.17480,0.99111,179.95,0.00002,-0.00001
1779370871.9458,plane,4391,122,0.50444,0.49909,0.990143,7.66615,0.99143,179.95,-0.00007,0.00005
1779370872.0576,plane,4392,122,0.50360,0.49884,0.984043,8.96145,0.99023,180.00,-0.00747,-0.00219
1779370872.1534,plane,4393,122,0.50361,0.49885,0.984066,9.02524,0.99020,180.00,0.00007,0.00006
